en	es	fr	it	de	nl	sv	fi	ru	cs	hu	tr	mk	id	bg	ca	da	et	he	no	pl	pt	ro	sk	sl	uk	el	hr
i	puedo	je	sinceramente	ich	ik	jag	olen	понимаю	jsem	tudom	demiştiniz	кажав	saya	разбирам	entenc	jeg	arvan	הבנתי	jeg	chciałbym	eu	postez	°°°°	iw	думаю	κατάλαβες	misliš
you	puedo	vous	potresti	willst	je	jag	viitsitä	скажите	vám	szeretnétek	söylediğinizi	#и	saya	почнеш	vulguis	jeg	teeksin	אתה	jeg	wiem	posso	♪	spýtam	praviš	мене	μπορούσατε	misliš	
he	él	il	egli	er	hij	han	hän	он	když	ő	kendisi	тој	ia	той	ell	han	ta	כשאביו	han	powrocie	ele	el	neodišiel	je	він	απ´όπου	navršio	
we	quisiéramos	devrions	permettiamo	wir	we	vi	meillä	ведь	prostě	szerintünk	olmadığımızı	сфатите	melihatmu	помислим	volguéssim	jeg	olemegi	באמת	vi	trzeba	deveriamos	descurajăm	nebavíme	mislim	думаємо	αγαπιόμαστε	slažemo	
they	éstos	ils	loro	sie	ze	inte	mutta	они	ale	ők	onlar	тие	mereka	които	aquests	ikke	nad	הם	men	jednak	eles	dar	∴	so	вони	δεν	oni	
this	esto	ce	questo	es	dit	förtydligandet	tämä	это	takovéhle	ez	bu	овој	ini…	това	aquesta	denne	see	כאן	denne	właśnie	essa	respectivul	opakujem	brišete	вікіпосилання	αυτό	ovo	
that	que	que	che	dass	dat	faktiskt	että	что	že	hogy	olmayabileceğini	дека	bahwa	че	que	ikke	et	כי	at	że	que	că	že	da	що	ότι	da	
here	aquí	ici	ripeto	hier	hier	jag	tosiaan	вот	tady	gondolom	yorumumda	приметивте	silahkan	отнякъде	aquí	jeg	yhe	כאן	her	tutaj	aqui	♪	°°°°	copyvio	розумію	εδώ	♫	
there	hay	existe	siccome	es	er	finnas	minullakin	есть	existují	ilyen	bulunmamalı	постои	ada	имало	encara	der	olemas	יש	men	istnieją	há	există	nenachádzam	obstaja	існує	υπάρχει	postojidu	
who	quien	qui	lui	selbst	wie	själv	heistä	талантливый	kteří	aki	kendisi	братанец	seorang	когото	qui	eksmand	kes	שאביו	selv	utalentowany	quem	care	ktorí	izkušeni	досвідчений	αξιοσέβαστος	koji	
what	qué	pourquoi	cosa	denn	wat	vad	mitä	ведь	opravdu	miért	söylediğin	сфаќаш	apa	какво	doncs	hvad	nojah	באמת	hva	naprawdę	aquilo	altcumva	hocičo	kaj	зрозуміло	τι	»što	
where	donde	où	dove	dort	waar	där	missä	где	kde	ahol	orada	каде	mana	където	on	hvor	kus	שבו	hvor	gdzie	onde	unde	kde	kjer	де	όπου	gdje	
when	cuando	quand	quando	sofort	wanneer	när	kun	когда	když	amikor	geldiğinde	кога	ketika	когато	quan	da	siis	כאשר	da	gdy	quando	când	keď	ko	коли	όταν	kada	
how	cómo	comment	capire	warum	hoe	hur	miten	понять	jak	hogyan	nasıl	сфатите	bagaimana	как	entendre	hvordan	kuidas	איך	hvordan	podpowiedzieć	realmente	înțeleagă	nedokážem	kako	наскільки	πώς	kako	
not	no	pas	non	nicht	niet	inte	muutenkaan	если	není	nem	olmadığın	не	tidak	не	no	ikke	mitte	לא	ikke	nie	não	dacă	nie	ne	не	δεν	ne	
all	todos	tous	tutti	alle	alle	alla	kaikki	все	všechny	minden	tüm	сите	semua	всички	totes	alle	kõik	כל	alle	wszystkie	todos	inclusiv	všetkých	vseh	всіх	όλες	svi	
many	muchos	nombreux	molti	viele	vele	flera	monia	многие	mnohé	sok	birçok	многу	berbagai	много	molts	mange	mitmedki	רבים	mange	wiele	muitos	multe	mnohé	mnogoštevilne	багато	πολλές	mnoge	
some	algunos	certaines	alcuni	einige	sommige	några	joitain	некоторые	některé	sok	bazı	некои	beberapa	някои	alguns	nogle	mitmedki	כמה	mange	wiele	alguns	unele	niektoré	nekatere	деякі	κάποιες	neki	
few	pocos	quelques	parecchi	wenige	enkele	några	muutamia	несколько	několik	néhány	birkaç	неколку	beberapa	няколко	poques	nogle	mõnikümmend	כמה	mange	kilka	poucos	câteva	niekoľké	nekaj	кілька	λίγες	nekoliko	
other	otros	autres	altre	anderen	andere	dessa	kuten	других	například	más	diğer	кои	lainnya	други	altres	andre	näiteks	אחרים	andre	innych	outros	alte	∴	nekatere	інших	άλλα	i	
one	uno	deux	uno	drei	één	tio	kaksi	один	jeden	két	iki	еден	dua	само	tres	tre	üks	אחד	fem	jeden	três	cele	šesť	pet	вісім	δύο	jedan	
two	dos	deux	due	zwei	twee	tre	kaksi	пять	šest	két	iki	три	dua	три	tres	tre	kaks	שלושה	tre	sześć	três	două	šesť	osem	шість	δύο	šest	
three	tres	trois	tre	drei	drie	tre	neljä	пять	pět	három	üç	пет	dua	четири	tres	tre	kaks	שלושה	fem	sześć	três	patru	šesť	osem	шість	πέντε	pet	
four	cuatro	quatre	quattro	vier	vier	fyra	neljä	шесть	šest	négy	dört	пет	empat	четири	vuit	fire	kaks	שישה	fem	sześć	quatro	patru	šesť	šest	шість	έξι	šest	
five	cinco	cinq	cinque	fünf	vijf	fem	viisi	пять	pět	nyolc	dört	пет	delapan	шест	vuit	seks	kaheksa	שישה	fem	sześć	cinco	cinci	osem	osem	вісім	έξι	pet	
big	big	big	big	big	big	big	big	большой	big	óriási	big	големa	big	„големият	little	big	suur	גדול	big	big	big	big	big	»velika	великий	μεγάλε	veliki	
long	larga	longue	lunga	lange	lange	lång	pitkä	длинный	dlouhé	hosszú	uzun	долга	berpanjang	дълъг	llarga	lange	pikk	ארוך	lang	długie	longa	lungă	dlhé	dolgo	довгі	μακρύ	dugi	
wide	amplia	large	ampia	breite	breed	bred	kapea	широкий	široké	széles	geniş	широк	beragam	широк	àmplia	bredt	lai	רחב	bredt	szeroki	ampla	largă	široké	širok	широкий	ευρύ	širok	
thick	gruesas	épais	spessa	dicken	dik	tjocka	paksu	толщиной	tmavošedé	vastag	kalınlıkta	подебели	tebalnya	дебел	gruixudes	tyk	paksud	עבה	tykke	grubościenne	espesso	groase	hrubší	belkaste	завтовшки	πριονωτά	duguljasto	
heavy	pesada	lourde	pesante	schweren	zware	tunga	raskasta	тяжёлый	těžkými	nehéztüzérség	hafif	тешки	heavy	тежки	pesats	tungt	rasked	כבדה	tunge	ciężkie	pesadas	grele	tankery	težke	важкий	βαρύ	teški	
small	pequeño	petites	piccole	kleinen	kleine	liten	pieni	небольшие	malé	kis	küçük	мали	kecil	малки	petita	lille	väike	קטן	liten	małe	pequena	mici	malé	majhni	невеликий	μικρό	mali	
short	corto	courte	corto	kurzen	korte	korta	lyhyt	короткий	krátký	rövid	kısa	кратки	pendek	кратки	curt	korte	lühike	קצר	korte	krótkie	curta	scurtă	krátke	kratke	короткий	σύντομη	kratke	
narrow	angosta	étroit	frastagliata	schmalen	smalle	smal	kapea	узкие	úzké	keskeny	dar	тесен	sempit	тесен	ample	brede	kitsas	צר	smal	wąskie	estreita	îngustă	strmšie	ozko	вузький	στενό	široka	
thin	delgadas	mince	sottile	dünnen	dunne	tunn	ohut	тонкие	tenké	vékony	ince	долгнавесто	setipis	слоеста	gruixut	tynde	õhuke	עבה	tynne	cienkie	espesso	fibroasă	hrubšie	luskasto	тонкі	ημιδιαφανές	bjelkasto	
woman	mujer	femme	donna	frau	vrouw	kvinna	nainen	женщина	žena	asszony	kadını	жена	wanita	жена	dona	kvinde	naine	אישה	kvinne	kobieta	mulher	femeie	žena	ženska	жінка	γυναίκα	žena	
man	hombre	homme	uomo	mann	man	mannen	mies	старик	muž	fiatalember	adam	човек	man	човек	home	mand	mees	האיש	mann	mężczyzna	homem	omul	muž	starec	людина	άνθρωπος	čovjek	
child	niño	enfant	bambino	kind	kind	barnet	lapsi	ребёнок	dítě	gyermek	çocuğun	дете	anak	дете	nen	barn	lapse	הילד	barn	dziecko	criança	copil	dieťa	otrok	дитина	παιδί	dijete	
wife	esposa	épouse	moglie	ehefrau	echtgenote	hustru	vaimo	жена	manželka	felesége	karısı	сопруга	istrinya	съпруга	esposa	steddatter	abikaasa	אשתו	kone	żona	esposa	soția	manželka	žena	дружина	σύζυγο	supruga	
husband	marido	époux	marito	ehemann	echtgenoot	hustru	vaimonsa	жена	manželkou	felesége	karısı	сопруг	istrinya	съпруг	marit	kone	abikaasa	בעלה	ektemann	żona	marido	soțul	manželka	žena	чоловіка	σύζυγο	suprugove	
mother	madre	mère	madre	mutter	moeder	mor	äiti	мать	matka	anyja	annesi	мајка	ibunya	майка	mare	mor	ema	אמו	mor	matka	mãe	mama	matka	mati	прабабуся	μητέρα	majka	
father	padre	père	padre	vater	vader	far	isänsä	отец	otec	apja	babası	татко	ayahnya	баща	pare	far	isa	אביו	far	ojciec	pai	tatăl	otec	oče	батько	πατέρας	otac	
animal	animal	animaux	animali	tiere	dieren	djuren	eläinten	животных	zvířat	állati	hayvan	животни	hewan	животни	animals	dyr	loomade	מבויתות	dyr	zwierząt	animais	animale	zvierat	živali	тварин	ζώα	životinja	
fish	pescados	poissons	pesci	fische	vis	fisk	kalaa	рыбы	ryby	édesvízi	balık	риби	ikan	риба	marisc	fisk	kalad	דגים	fisk	ryby	peixes	pești	ryby	ribe	риби	ψάρια	riba	
bird	pájaro	oiseau	uccelli	vögel	vogel	fåglar	lintu	птица	pták	madár	kuş	птица	burung	птици	ocell	fuglen	lind	ציפור	fugleunger	ptak	pássaros	păsări	vtáčik	ptica	птах	πτηνό	ptica	
dog	perro	chien	cane	hund	hond	hund	koira	собака	pes	kutya	köpek	куче	anjing	куче	gos	hund	koer	כלב	hund	pies	cachorro	câine	pes	prašiček	собака	κυνηγόσκυλα	pasa	
louse	parasitar	tique	pidocchi	ektoparasiten	ziekteverwekker	värddjuret	käärmekaulat	паразитов	toxocara	kullancs	paraziti	дебелоклуната	strepsirrhini	плезиозаври	ectoparàsits	stinkdyr	ussilakk	יתושי	nebbdyret	pasożytami	parasito	insectivor	vakomyš	caenorhabditis	комаха	πλατύποδας	gmazove	
snake	serpiente	serpent	serpente	schlangenart	slang	sköldpaddan	käärmekaulat	змея	hadů	háromfejű	yılan	змија	snake	змия	escamandre	kvælerslanger	kobra	נחש	slange	węża	serpente	peștișorul	klinochvost	kače	крокодила	τερατόμορφο	zmijoliko	
worm	gusano	suceur	worm	würmer	slijmerige	havslevande	heinäsirkka	червь	parazit	giliszta	solucan	инсект	cacing	червейници	cucs	skrubtudse	putukas	תולעת	kleptoparasitter	głowonogi	verme	viermele	červovitý	črve	хробаки	σαλιγκάρι	virusa	
tree	árbol	arbre	albero	baum	boom	träd	köynnöskasvi	дерево	stromu	fák	ağacı	дрво	pohon	дървета	arbre	træet	puu	עץ	treet	drzewa	árvore	copac	stromu	dreves	дерево	δέντρο	stablo	
forest	bosque	forêt	foresta	wälder	bos	skogen	metsä	леса	lesa	erdő	ormanı	шума	hutan	горите	bosc	skoven	metsapuude	היער	furuskogen	lasu	floresta	pădure	lesa	gozd	ліс	δάσος	šuma	
stick	agarrar	balancer	bastoncino	fingern	vastpakken	slagträ	pyöräyttää	палку	trsátko	csavarni	kabza	стапчето	menggesekkan	плюене	estirar	modhager	näppu	להקפיץ	kjefte	nogami	esticar	prindeți	kľude	žogice	пальцем	ακουμπήσουν	udarati	
fruit	fruta	fruits	frutti	früchte	vruchten	frukter	hedelmiä	плодов	plody	gyümölcs	meyve	овошјата	buahan	плодове	fruits	frugter	luuviljad	פירות	frukt	owoce	frutas	fructe	plody	sadeže	плодів	φρούτα	sjemenki	
seed	semilla	seed	seeding	seed	azarenka}}	seed	kier	семена	semena	seed	seed	берер	seed	семена	cîrstea	seed	seemnetaimed	זרע	seed	nasiona	seed	text_qf	rd	mandlíková	насіння	βλαστούς	sjemenja	
leaf	hojas	feuilles	foglie	blattnarben	bladeren	blad	luumarja	листьев	větévek	lombja	yaprakları	лиснат	epifit	листа	fulles	løvblade	lehetupp	עלים	laurbærblader	liści	folhas	frunziș	okvetie	listna	листя	φύλλωμά	stabljikama	
root	raíz	racines	radice	wurzel	wortelstokken	fältgrenarna	r_i	корня	kořenového	q^	kök	корен	akar	корени	arrel	smårødder	⌜	שורש	henvisning	korzenia	raiz	rădăcină	∂	koreni	кореня	ρίζα	korijenu	
bark	troncos	écorce	muschio	rinde	boomschors	växtsaft	neulasia	древесина	jehličí	fakéreg	kozalakları	дрвенест	pepagan	дървесината	tiges	træagtig	puukoort	עלים	kvister	drewniejące	casca	coajă	steblá	olesenelih	листя	άοσμα	stabljikama	
flower	flor	fleurs	fiori	blüten	bloemen	blommor	kukka	цветочные	květ	virágok	çiçekleri	цветчиња	bunga	цветчета	flors	blomster	õisik	פרח	blomster	kwiaty	flores	flori	kvet	cvet	квіткова	άνθη	cvijete	
grass	hierba	herbe	erba	grasen	gras	trädrötter	nurmikoilla	травы	tráva	talajú	otlaklar	трева	rumputan	трева	gespa	græs	muru	דשא	gress	trawy	grama	iarbă	trávy	trav	трави	αγκαθωτούς	trava	
rope	sogas	corde	corda	seil	touwen	ståltråd	köysi	верёвку	provazu	kötélen	halatla	јажето	tali	въжето	corretges	stålwire	nööri	מוט	kjetting	liny	corda	parâmă	skrutku	vrvjo	мотузка	σχοινί	užad	
skin	piel	peau	pelle	haut	huid	huden	iho	кожи	kůže	bőr	deride	кожата	kulitnya	кожата	pell	hud	nahk	העור	hud	skóry	pele	pielii	pokožky	kože	шкіри	δέρμα	kože	
meat	carne	viande	carne	fleisch	vlees	kött	lihaa	мясо	maso	hús	eti	месо	daging	месо	carn	kød	liha	בשר	kjøtt	mięsa	carne	carne	mäso	meso	ясо	κρέας	mesa	
blood	sangre	sang	sangue	blut	bloed	blod	verta	кровь	krev	vér	kan	крв	darah	кръвта	sang	blod	vere	דם	blod	krwi	sangue	sânge	krv	krvi	кров	αίμα	krvi	
bone	hueso	osseuse	osso	knochen	schedelbeenderen	skelettet	luuta	кости	kosti	csontok	kemik	коскен	tulang	кости	ossos	knogle	luude	לעצמות	kjevebeinet	kości	osso	osoasă	kostí	kosti	кістки	οστών	kostiju	
fat	grasa	graisseux	grasso	fat	vetten	fett	rasvainen	жира	lecitin	zsírtartalma	kabız	масно	lemak	тлъсто	greix	fedt	rasv	שומן	fettvev	szpik	gordura	gras	hlien	maščoba	жиру	λίπος	masni	
egg	huevo	œufs	uova	eier	ei	ägg	munia	яйца	vejce	tojásos	yumurta	јајцеклетката	telur	яйца	ous	æg	muna	ביצים	egg	jaja	ovo	sticluțe	žĺtok	jajčne	яйця	αυγά	jaja	
horn	cuerno	horn	corno	horn	hoorn	horn	poikkihuilu	вибрафон	roh	üstdob	korno	пијано	harpsichord	тромпета	contrafagot	horn	vibrafon	קסילופון	horn	fisharmonia	clavinete	trompete	tamburína	trobenta	флейта	πιάνο	gudača	
tail	cola	queue	coda	schwanz	staart	vingspetsar	siivenkärjet	хвост	ocas	farok	kuyruksokumu	опашката	ekor	опашката	cua	halefjer	sabaots	זנב	haleroten	ogona	cauda	coadă	chvost	repna	хвоста	πτερύγιο	rep	
feather	plumas	oiseau	piume	haarschopf	veren	stjärtfjädrarna	höyheniä	перья	peří	gallér	gökgerdan	пердувест	berleher	препаска	plomes	strudsfjer	hoosuled	נוצות	pelshår	piór	brincos	coada	nozdry	perje	криючі	φτερά»	perje	
hair	pelo	cheveux	capelli	haare	wenkbrauwen	hår	hiukset	волосы	vlasy	szőrzet	saç	кошулка	rambut	косата	cabell	hår	juuksekarva	שיער	hodehår	włosy	cabelo	părul	vlasy	nohta	волосся	μαλλιά	kosu	
head	cabeza	tête	capo	kopf	hoofd	huvud	apulaisvalmentaja	голова	hlava	feje	baş	главата	kepala	главата	capdavant	spidsen	abidirektor	ראש	hode	głowy	cabeça	fruntea	hlavou	glavak	голова	κεφάλι	čelo	
ear	nariz	oreille	orecchio	ohr	trommelvlies	munnen	kaulan	кончик	hrudník	szemgolyó	kulak	непцето	telinga	ноздрите	llavi	langefinger	silmalaud	באוזניים	øret	ucha	orelha	pleoapa	brucha	ušesa	вушні	λάρυγγα	noktiju	
eye	ojo	œil	occhio	auge	oog	ögat	silmä	глаз	oko	szem	gözü	око	mata	очите	ull	øje	silm	העיניים	øye	oko	olho	ochi	okom	očes	очей	μάτι	oka	
nose	nariz	nez	muso	nase	neus	nosen	jalat	подбородка	bříško	orr	burun	ноздри	hidung	задницата	panxell	næsen	ninasõõrmed	גחונו	nesen	nosa	nariz	nasul	ňufáku	sprednje	підборіддя	μυτερό	nosni	
mouth	embocadura	embouchure	bocca	mündung	monding	mynningen	suuta	протоки	řeky	torkolata	ağzında	голта	mulut	устието	boca	munding	suue	הנשפך	munningen	ujścia	boca	gurii	ústia	usta	гирло	στόμιό	ušću	
tooth	diente	mâchoire	denti	zähne	tanden	skelettet	raajapari	зуба	zubu	redő	kemik	коскести	rahang	зъбите	premaxil·lar	hugtænder	õlavarreluu	והשיניים	tennene	szczęki	dentes	mandibulă	kostí	nohta	зуби	δόντια	zubi	
tongue	mejilla	épiglotte	mento	zunge	gehemelte	struphuvudet	koukkumainen	язычок	jazylky	szájpad	ağızı	непцето	lidah	небцето	paladar	sproglyde	keeleluu	חך	kroppsspråket	języczek	lábios	flexiunea	jazylky	jeziček	язик»	μυτερό	noktima	
fingernail	dedos	doigts	polpastrello	fingernägeln	vingernagels	naglarna	sormen	кончик	škrábání	kézfej	deriyi	подлактицата	rahangnya	лапички	ungles	læberne	sõrmlaud	באצבעות	fingertuppene	podbródku	pescoço	pieptenele	prstoklad	prstih	нігті	δάχτυλα	noktiju	
foot	pies	pied	piedi	fuß	voet	fot	jalkaa	отвесной	metry	láb	yüksekliğinde	стапалото	kaki	крака	peu	fod	jalg	רגל	foten	stóp	pé	picioare	lakťa	metrov	футів	πόδια	stopalu	
leg	pierna	jambe	caviglia	sprunggelenk	benen	armbågen	nilkan	лодыжку	kotník	lábában	ayağın	ногата	pergelangan	крака	genoll	knæet	jalaluu	קרסולו	kneet	nogi	perna	gleznă	lakťa	kolena	ноги	πόδι	gležanj	
knee	tobillo	genou	ginocchio	knie	schouderblessure	armbågen	jalkansa	бедра	kotníku	térdsérülés	sakatlanma	зглобот	lutut	коляното	genoll	knæskade	jalaluu	בקרסול	kneet	kolana	joelho	gleznă	koleno	kolena	травму	γόνατο	ozljeda	
hand	mano	main	mano	hand	hand	händerna	kädessään	рукой	ruce	kézzel	parmağına	рака	tangannya	ръка	mà	hånd	käega	וביד	hånden	ręką	mão	mâna	ruky	roko	руку	χέρι	ruka	
wing	ala	aile	ala	flügel	vleugel	vingen	siiven	крыла	křídlo	szárnya	kanat	крило	sayap	крило	ala	højrefløjen	tiiva	כנף	vingen	skrzydła	asa	aripă	krídlu	krilo	крило	πτέρυγα	krila	
belly	vientre	ventre	ventre	bauch	buik	stjärten	jalat	брюхо	břicho	mellkasa	bacaklarında	опашката	pipinya	краката	ventre	bagkroppen	sabaots	והחזה	buken	brzuchu	queixo	picioarele	brucho	trebuh	тулуба	κοιλιά	trbuh	
guts	devorar	mordre	mostriciattoli	lecken	smijten	käft	raatoja	пожирает	bestie	szörnyeteggé	düşmanım	мрша	kumakan	изял	reptació	gnasty	lihasööjad	זולל	bite	wysysa	coices	enerveze	hlupákov	mesojedih	померти	νύχια	gaara	
neck	cuello	cou	collo	hals	nek	halsen	kaula	шеи	krku	nyakán	boynun	вратот	leher	главата	canell	hals	ninamik	ובצוואר	nakken	tułów	pescoço	pieptul	krku	vratu	шиї	λαιμό	vratu	
back	volver	revenir	indietro	zurück	terug	tillbaka	takaisin	обратно	zpátky	visszamenni	geri	назад	ke	обратно	enrere	tilbage	tagasi	אחורה	tilbake	wrócić	voltar	înapoi	späť	nazaj	назад	ξαναβγεί	natrag	
breast	mamarias	pancréas	mammella	brustkrebs	borstkanker	bröstcancer	rintasyövän	железы	prsu	mellrák	göğüste	тироидната	payudara	гърдата	cabellut	brystkræft	rinnanäärme	סרטן	brystkreft	piersi	mamária	canceroase	pŕs	dojke	пухлина	στήθους	dojke	
heart	corazón	cœur	cuore	herz	hart	hjärta	sydän	сердца	srdce	szív	kalp	срце	hati	сърцето	cor	hjerte	südame	הלב	hjerte	serca	coração	inima	srdca	srce	серця	καρδιά	srce	
liver	hígado	foie	fegato	nieren	lever	levern	munuaisten	печени	ledvin	májbetegség	karaciğer	бубрезите	ginjal	дроб	fetge	blodsygdom	vereringeelundite	בכבד	blodkreft	wątroby	fígado	rinichiul	žalúdka	hemolimfo	печінки	ήπαρ	jetre	
drink	bebida	boire	bere	trinken	drinken	dricka	juomaa	напитки	nápoje	italt	içecekler	пијалокот	minuman	напитки	beure	drikke	keeda	משקה	drikke	napoje	bebida	băutură	mäsu	napitek	напої	φαγητό	piće	
eat	comer	manger	mangiare	verzehren	eten	äta	syödä	съесть	jíst	enni	yiyebilir	јаде	makan	изядат	menjar	spise	süüa	לאכול	spise	spożywać	comer	mănâncă	skonzumovať	pojedo	їсти	τρώνε	pojesti	
bite	mordida	mordre	morso	gebissen	bijten	kräkas	pureman	укусить	kousnutí	harapni	ısırık	брадавицата	gigit	захапване	mossegar	knurhår	hammusta	לנשוך	bite	ugryzienia	mordidas	mușcă	obštipkávať	ugriznejo	укус	τσίμπημα	ugrize	
suck	succionar	sucer	succhiare	saugen	zuigen	svälja	sylkeä	тереть	pročistit	szívni	ısırarak	голтаат	menghisap	смучат	remenar	sluge	närida	להזיע	sprute	wysysa	entupido	umfle	zožerie	nabiramo	чистити	ρουφάει	pljuvati	
spit	comerla	jetée	spiaggia	meeresarm	zandbank	skölja	suustaan	косы	vychladnout	morzsa	çamurla	песочниот	pantat	заливка	polp	sandbanke	maasäär	המיצר	sprut	mielizna	escorrer	limanul	zátoky	plitvina	порізати	ποταμάκι	fliš	
vomit	vomitar	vomir	vomitare	schlucken	braaksel	kräkas	oksentaa	рвоту	pozřít	belélegzése	kaşıntı	голта	kencing	сдъвкване	orinar	indånder	kõhuvalu	להקיא	svette	mdłości	espirrar	înghite	preháňadla	vdihava	ковтати	αιμόπτυση	nasmijati	
blow	golpearse	souffler	colpirlo	schlag	klap	skaka	räjähtäisi	удар	zatáhnout	gyújtani	vurmak	удар	menghantamnya	ударила	colpejar	ødelægge	pikselöögist	מקליע	blåse	uderzy	arrebentar	lovește	uhasiť	pretresen	ударити	χτύπημα	udariti	
breathe	respirar	respirer	respirare	atmen	ademen	andas	hengittää	дышать	dýchat	lélegezni	solumak	дишат	bernapas	диша	respirar	indånder	hingata	לנשום	puste	oddychać	respirar	respira	dýchať	dihati	дихати	αναπνέει	disanje	
laugh	reír	rire	sorridere	lachen	lachen	skratta	huudahtaa	смеяться	smát	nevetni	fısıldar	слушнеш	tertawa	шегуваш	riure	drille	naerdes	ולבכות	latterlig	śmiech	rir	prostesc	zbláznim	nasmejal	сміятися	χαμογελάσει	nasmijati	
see	ver	voir	vedere	nachschauen	zie	tycker	katso	добавлю	vidím	megnézed	mesela	разгледајте	lihat	„вижте	veure	se	kuskilt	תציין	se	wstawiasz	ver	linkurile	pozrieš	glej	глянути	δείτε	vidjet	
hear	oír	entendre	ascoltare	hören	luisteren	höra	kuulla	слышать	poslechnout	megszólalni	seslenmek	слушнеш	mendengarkan	чуят	escoltar	høre	kuulda	לשמוע	høre	słyszeć	ouvir	auzi	počúvať	poslušam	вислухати	ακούνε	čuti	
know	preguntarme	pense	capire	weißt	denk	vet	tiedä	знаете	říct	megmondani	bilmediğin	разбирам	mengerti	разбереш	coneixes	hvad	teaks	יודע	vet	wiem	dizer	știu	opýtať	razumeš	знати	καταλαβαίνετε	shvaćaš	
think	creo	pense	penso	denke	denk	tycker	minusta	думаю	myslím	gondolom	söylemiyorum	мислам	saya	мисля	crec	jeg	nojah	חושב	jeg	myślę	acho	cred	nesledujem	mislim	думаю	νομίζω	mislim	
smell	olor	odeur	odore	riechen	ruiken	lukt	hajun	запах	zápachu	szagok	kokusunda	мирис	seduhan	миризмите	olor	lugt	lõhnad	ריח	lukten	zapach	cheiro	mirosul	dráždivé	vonj	запах	οσμή	mirisa	
fear	miedo	crainte	paura	furcht	angst	rädsla	pelko	страх	strachu	félelem	umutsuzluk	страв	ketakutan	страх	temor	frygt	hirmust	פחד	frykt	strach	medo	frica	strachu	maščevalnost	ненависть	φόβο	straha	
sleep	dormir	sommeil	sonno	schlaf	slaap	sömnen	nukkua	бодрствования	spánku	alvás	uyku	неспиење	tidur	съня	dormir	søvnparalyse	söömishäire	לישון	søvn	snu	dormir	somn	spánku	spanje	сну	αϋπνία	spavanje	
live	live	live	live	live	live	live	live	жить	live	élő	canlı	живо	live	живо	live	live	live	לחיות	live	live	vivo	live	živé	živi	жити	ζωντανά	uživo	
die	die	die	die	sterben	menschlichen	die	sehnsucht	умереть	tragödie	letzten	deinem	лудендорф	französischen	берлихинген	die	die	aufl	למות	daß	betrachtungen	die	hochzeit	die	menschheit	померти	πεθάνει	zeit	
kill	matar	tuer	uccidere	töten	vermoorden	hämnas	tappaa	убить	zabít	megölni	öldürmek	убие	membunuh	убие	matar	dræbe	tappa	להרוג	drepe	zabić	matar	ucide	zabiť	ubije	вбити	σκοτώσει	ubiti	
fight	luchar	combat	combattere	kampf	vechten	slåss	taisteluaan	бой	bojovat	harc	dövüşerek	борбата	pertarungannya	битка	lluitar	kæmpe	võitlemas	להילחם	kjempe	walka	lutar	lupta	bojovať	boj	бій	πολεμάει	borbe	
hunt	hunt	hunt	cacciatore	jagd	jacht	jakt	hunt	охота	lovec	vadászata	avcısı	лов	pemburu	лов	cacera	jagte	hunt	לצוד	jakte	hunt	caçar	vânător	hogg	lov	полювання	ελαφοκυνηγός	lov	
hit	hit	touché	hit	hit	hit	förstaplatsen	hitti	хит	hit	telitalálat	hit	топ	hit	хит	disparat	hit	hitti	ללהיט	billboard	przebojem	hit	hit	hit	zavihtela	хіт	αστόχησε	hit	
cut	cortar	coupées	tagliata	weggeschnitten	weggesneden	skära	leikattu	вырезать	odstřihnout	vágták	kesilen	исече	dipotong	отрязаните	tallar	overskåret	vaheltlõiked	שנחתכו	kutte	wycięte	cortar	tăiat	rozrezaný	zarezan	вирізаний	προεξείχαν	odreže	
split	separarse	scission	scissi	aufgeteilt	gesplitste	splittrades	kahtia	разделено	rozdělen	szétváltak	bölünmüş	поделен	digabung	разделени	separar	splittes	jagatuna	פיצול	splittet	rozdzielone	dividir	separase	rozdelení	razdelitvijo	розділено	διαχωρίστηκαν	podijeljena	
stab	apuñalar	poignarder	pugnalarlo	kopfschuss	verwondt	såra	haavoittaa	ножом	bodne	sebet	yaralamak	прободе	menusuk	прободе	apunyalar	selvmorderisk	tulistada	לדקור	såret	zastrzelić	esfaqueá	rănească	postrelí	ustreliti	пораненого	τραυματίσει	ubojite	
scratch	trabajarlo	retravailler	scratch	scratch	wikificeren	mjukvaran	väsätä	заново	vylepšovat	inkscape	geliştirebilir	подобрам	scratch	перце	empastar	scrap	lihvida	העתק/הדבק	finpusse	ulepszać	scratching	stearga	odznovu	lotiš	витирати	ξεκινήσαμε	doraditi	
dig	excavar	fouiller	scavare	auszugraben	opgraven	gräva	kaivaa	копать	vykopat	ásni	kazmak	ископаат	menggali	изкопаят	excavar	udgraver	uuristada	לחפור	grave	wykopać	escavar	scoate	vykopať	izkopal	копати	σκάψει	iskopati	
swim	nadar	nager	nuotare	schwimmen	zwemmend	simma	uinti 	плавать	plavat	úszni	yüzmek	пливање	berenang	плуване	nedar	svømme	ujuda	שחייה	svømme	pływać	nadar	înoată	plávať	plavanje	пірнати	κολυμπήσουν	plivati	
fly	volar	décollant	volare	fliegen	vliegen	flyga	lentää	взлетать	létat	repülni	uçmak	лет	terbang	лети	volar	flyve	lenda	לטוס	fly	latać	voar	zbura	letieť	leteti	злітати	πτήσει	letjeti	
walk	caminar	promener	camminare	spazieren	wandelen	åka	kävellä	прогуляться	ujít	sétálni	parkurda	трчаа	menyusuri	разходката	passejar	overnatte	kõndida	הליכה	spasere	przejażdżkę	caminhar	plimbă	prechádzka	sprehajalno	покататися	περπατάνε	šetati	
come	venir	venir	arrivino	kommen	komen	komma	mennä	прийти	přijít	eljönni	geldik	доаѓаш	datang	дойдат	venir	komme	jõudsime	ללכת	komme	przyjdą	vir	merge	prichádzať	prihajamo	прийдуть	έρθουν	dolaziš	
lie	hallarse	bornés	giacciono	liegen	liggen	genomskåda	kumpua	простираются	zdvíhá	fekszenek	çevrel	пресекуваат	melingkupinya	лежат	topològicament	sørme	hulknurga	המישור	væren	euklidesowa	intersectar	delimitează	neležia	ležijo	лежать	εφάπτονται	presijecaju	
sit	sentarse	promener	sedersi	sitzen	plaatsnemen	sitta	istua	сидеть	sedět	ülni	oturmak	седеа	duduk	седят	seure	sidde	kõndida	לשבת	sitte	usiąść	sentar	canapea	sedieť	stopalo	сидіти	κάθονται	sjesti	
stand	sentarse	battre	stare	stehen	staan	stå	mainostaa	стоять	padnout	felállni	kalabilecek	стоиш	stand	стаия	parèixer	stå	seise	לעמוד	stå	pozwólcie	fazer	cușcă	sedieť	pokonci	стояти	καθίσει	dosuditi	
turn	inclinarse	tourner	lentamente	lenken	afschudden	vända	kääntyä	повернуть	tak	aztán	dönüşüp	придвижи	mengarahkannya	постепенно	girar	bevæge	niiöelda	להתגלגל	bevege	zadziałać	virar	iar	naháňať	tako	вправо	στροφή	tako	
fall	caída	chute	caduta	fallen	vallen	faller	pudota	падают	pádu	őszre	düşmesi	падне	jatuh	есента	caiguda	falde	langeda	והקיץ	falle	upadek	cair	căderea	páde	pade	падають	πτώση	pada	
give	dar	donner	dare	geben	geven	ge	antaa	дать	dát	adni	vermek	даде	memberikan	даде	donar	give	anda	לתת	gi	dać	dar	dă	dať	priskrbijo	надати	δώσει	dati	
hold	sostenerse	tenir	tenere	halten	houden	hålla	ottaa	держать	držet	tartani	elinde	подаде	merapatkan	положат	sostenir	beholde	kõigutada	להחזיק	holde	posiadać	levantar	ține	držať	pritisnila	тримати	κατέλθουν	održati	
squeeze	empujar	squeeze	tappare	stopfen	gaatje	bubbling	pretender	опустить	zahodit	minimalizálni	throttle	свиткаат	squeeze	приплъзване	inflar	klemme	pingutada	המלכודת	fingers»	tight	espremer	spare	bootsy	pritisnemo	перевернути	τρύπημα	stisnuti	
rub	rub	frotter	strofinare	beißen	smeren	slicka	puristaa	салфетки	nalepí	mosni	muk	каиш	dipipihkan	изцежда	humitejar	røv	nahka	להתלכלך	tygge	rub	esfregar	murdăria	bilirubín	prhljaj	кладуть	φουσκώσει	ošit	
wash	limpiarse	laver	lavare	waschen	insmeren	tvättas	kuivataan	мыть	vysušit	tisztítani	yıkamak	измие	mencucinya	налива	rentar	vaske	mõdu	מטפטפים	vaske	mycia	lavar	spălând	čistiť	čistilih	миття	στεγνώσει	čistimo	
wipe	destruir	anéantir	distruggersi	auszulöschen	vernietigen	förstöra	pyyhkiä	стереть	vyhladit	pusztítani	temizlemek	уништи	menghancurkannya	избие	destruir	ødelægge	hävida	להשמיד	ødelegge	zniszczyć	exterminar	distruge	zničiť	izbrizga	знищити	καθαρίσει	uništiti	
pull	engancharse	enfoncer	trascinare	schieben	duwen	dra	työntää	потянуть	natáhnout	csavarni	sallamak	свиткаат	menggerakkannya	издърпва	estirar	skubbe	keerata	לדחוף	dytte	wsadzić	puxar	manevrează	natiahnuť	povleči	потягнути	σπρώξει	uskočiti	
push	empujar	freiner	spingere	positionieren	duwen	dra	työntää	протолкнуть	tlačit	fékezni	kaydırmak	притисне	menggerakan	повлече	empènyer	skubbe	liigutada	ולדחוף	stoppe	przesuwać	empurrar	balanseze	posúvať	pritisniti	розвернути	σπρώξιμο	pritišće	
throw	tirar	lancer	tirare	werfen	gooien	kasta	heittää	бросить	přehodit	lökni	silkmede	фрлања	melempar	хвърлянето	tirar	kaste	visata	ובזריקת	kaste	rzucając	arremessá	aruncare	skočiť	zgrabi	влучити	τρεξίματα	bacanje	
tie	desempate	prolongations	pareggio	elfmeterschießen	playoff	dubbelmötet	otteluparin	победную	duelu	idegenbeli	uzatmalarında	победија	#babak	полуфиналните	empatada	kvartfinalepuljerne	penaltiseerias	המפסידות	hjemme/borte	przegrany	desempate	manșa	remízou	finalno	двоматчевому	ισοπαλία	utakmica	
sew	tejer	tricoter	cucire	nähen	naaien	fläta	kenkiä	вышивкой	vyšívání	varrni	dikişsiz	ткае	menjahit	обуват	brodar	syer	õmmelda	לתפור	tøy	bieliznę	costurar	cusut	ručne	oblekico	шити	χαρτωσιά	skuhati	
count	conde	comte	conte	graf	graaf	pfalzgreve	kreivi	граф	dolnolotrinský	őrgróf	kont	грофот	count	бройх	comte	greve	krahv	והדוכס	greve	hrabia	conde	conte	vojvoda	grof	герцог	κόμης	grof	
say	decirnos	crois	dire	gesagt	inderdaad	verkligen	sanoa	сказать	říct	mondani	söylemiyorum	сфатиш	katakan	мисля,че	considerarem	jeg	ütleksime	להגיד	mene	powiedzieć	dizer	spuneai	povedať	rečeš	сказати	καταλαβαίνεις	misliti	
sing	cantar	chanter	cantare	singen	zingen	sjunga	laulaa	петь	zpívat	énekelni	seslenmek	пее	menyanyikannya	пее	cantar	synge	laulda	לשיר	synge	śpiewać	cantar	cântă	spievať	zapojejo	заспівати	τραγουδούν	otpjevati	
play	jugar	jouer	giocare	mitspielen	spelen	spela	pelata	играть	hrát	játszani	oynamak	играј	bermain	играе	jugar	spille	mängi	לשחק	spille	zagrać	jogar	juca	hrať	igra	грати	παίξει	igrati	
float	flotar	flottant	galleggiare	float	luchtbelletjes	flytkraft	pohjassa	перевернуть	float	lebegve	yüzen	лебди	mengambang	изплуват	flotar	flyde	rippuda	לצוף	flyte	odpływy	flutuar	plutind	plávajú	lebdijo	перевернути	πλωτήρα	plutati	
flow	flujo	écoulement	flusso	abfließen	uitstromen	flöde	virtaus	потока	proudění	vízmennyiség	akış	водотекот	mengalirkan	потока	flux	vandstrømme	voolava	זרימת	vanngjennomstrømning	przepływ	fluxo	debitul	tok	pretoka	протіканні	ροή	protok	
freeze	congelarse	geler	congela	einfrieren	bevriezen	fryser	jäähtyy	заморозить	zmrazit	lehűtik	dondurucu	замрзне	membeku	замразява	congelar	fryses	külmu	להקפאה	fryse	zamrożenie	congelar	înghețe	prehriatie	namoči	заморожування	αδιαβροχοποίηση	zamrzavanje	
swell	soplar	gonflent	ingrossamento	blasen	zwellen	sväller	myrskyjä	ветром	praskání	megduzzad	aşındırır	℃	mengerut	издутини	fluixos	afkølende	kuhjub	להתאדות	cumulonimbus	sztormy	escorrência	umflătură	opadávajú	navlaži	припливи	ανυψωθεί	kapke	
sun	sol	soleil	sole	sonne	zon	solen	auringon	солнце	slunce	merkúr	güneş	сонцето	sun	слънцето	sol	sol	päikese	השמש	sun	słońca	sol	soarele	slnko	sonca	сонце	ήλιος	sunce	
moon	luna	lune	luna	mond	maan	månen	kuun	луна	jupiteru	hold	güneş	месечината	moon	луната	lluna	månes	päikesetuul	הירח	månen	księżyca	lua	soarele	mesiac	lunin	місяця	σελήνη	sunca	
star	estrella	étoiles	stella	stern	sterren	stjärna	tähti	звездой	hvězdy	csillagpor	yıldızı	ѕвезда	star	звезда	estrella	stjerne	täht	כוכב	stjerne	gwiazda	estrela	star	hviezda	zvezdo,	зірка	αστέρα»	zvijezda	
water	agua	eau	acqua	wasser	water	vatten	vesi	воды	vody	víz	suyun	вода	air	вода	aigua	vand	vihmavee	מים	vann	wody	água	apei	vody	vodo	води	νερό	voda	
rain	lluvia	pluie	pioggia	regen	regen	regn	sateinen	дождя	deště	esőzés	yağmur	дождовите	hujan	дъжд	pluja	regn	vihmase	גשם	regn	deszcze	chuva	ploaie	daždivých	padavina	дощ	βροχή	kiše	
river	río	rivière	fiume	fluss	rivier	floden	joen	реки	řeky	folyócska	nehri	реката	sungai	река	riu	floden	jõe	נהר	elven	rzeki	rio	râul	rieky	reke	річки	ποταμού	rijeke	
lake	lago	lac	lago	lake	lake	sjö	järvi	озеро	jezero	tó	gölü	езерото	danau	езерото	llac	søen	kalajärv	אגם	lake	jeziora	lago	lacul	jazera	jezero	озера	λίμνη	jezera	
sea	mar	mer	mare	meer	zee	hav	meren	море	moře	tenger	deniz	море	laut	морето	mar	havet	mere	הים	havet	morza	mar	mării	morom	morje	моря	θάλασσα	morem	
salt	sal	sel	salato	salt	zout	salt	kalsiumkarbonaatti	соли	solí	szénsavas	tuz	сол	garam	сол	sal	salt	soolvesi	מלח	salt	soli	sal	sare	perlit	soli	сіль	αλάτι	natrijevog	
stone	piedra	pierres	pietra	stein	stenen	stenblock	kivi	камень	kamene	faragott	taş	камен,	stone	каменна	pedra	stenmure	kivist	מאבנים	steintårn	kamienia	pedra	piatră	kameňa	kamen	камінь	πέτρα	kamena	
sand	rocas	sable	sabbia	sand	zand	sand	hiekka	песка	písku	iszapos	kum	песокта	pasir	пясък	sorra	sand	liivaaugu	הורבדה	sand	piaszczysty	areia	nisip	pieskov	peščene	пісок	βράχια	pješčanim	
dust	polvo	poussière	polvere	staub	stofdeeltjes	solstrålningen	pölyä	пыли	prachu	por	toz	прашина	debu	прах	pols	støv	pilvekiht	אבק	støv	pyłowych	poeira	praf	prachu	prah	пилу	σκόνη	prašine	
earth	planeta	planète	pianeta	erde	aarde	jorden	maapallon	планеты	planety	bolygónkat	gezegenler	планетава	bumi	планетата	planeta	jordens	päikesesüsteemist	המגנטוספירה	jorden	planety	planeta	planeta	zeme	zemljino	планетою	πλανήτη	planeta	
cloud	nube	nuage	nubi	cloud	cloud	molnet	pilven	облаке	cloud	felhő	bulut	облак	cloud	облака	núvol	skyer	pilve	הענן	nettskyen	chmurze	nuvem	cloud	medzihviezdneho	oblaku	хмарне	νέφος	oblake	
fog	niebla	brouillard	nebbia	nebel	bewolking	dimma	lumisade	облачности	bouřky	felhős	buzlar	магла	kabut	мъгла	boira	tåge	udu	ערפל	tåke	mgłę	nevoeiro	ceață	sneženie	megla	тумані	ομίχλης	magle	
sky	cielo	ciel	sky	sky	sky	sky	taivaansininen	небо	sky	sky	sky	небото	sky	небето	cel	sky	taevas	השמיים	sky	sky	sky	cerul	sky	nebo	неба	ουρανό	neba	
wind	viento	vent	vento	wind	wind	vind	tuuli	ветра	větru	szél	rüzgar	ветерот	angin	вятъра	vent	blæser	tuul	רוחות	vind	wiatru	vento	vânt	vetra	veter	вітру	ανέμους	vjetra	
snow	nieve	neige	neve	schnee	sneeuw	snö	lumi	снега	sníh	havas	kar	снег	salju	сняг	neu	sne	lumi	שלג	snø	śniegiem	neve	zăpadă	snehu	sneg	сніг	χιόνι	snijegom	
ice	hielo	glace	ghiaccio	eis	ijs	ishockeyn	jääkiekko	лёд	lední	jég	buz	мраз	es	лед	gel	ice	jäähoki	קרח	isen	lodzie	gelo	gheață	ľadový	ledu	льодова	χόκεϊ	ledu	
smoke	humo	fumée	fumo	rauch	rook	bläcket	palavat	дым	kouře	füstöt	duman	запаллив	asap	пушек	fum	røg	põleda	עשן	røyk	dymu	fumaça	fum	dymí	hlapi	диму	καπνό	dima	
fire	fuego	feu	fuoco	feuer	vuur	eld	tulipaloa	пожар	oheň	tűz	ateş	оган	kebakaran	пожар	foc	ild	tulekahi	אש	ild	ogień	fogo	incendiul	krupobitie	ogenj	вогонь	φωτιά	vatra	
ashes	cenizas	cendres	ceneri	asche	grafkist	aska	tuhkat	прах	pohřbeného	hamvadó	veda	пепел	abunya	гробищата	cendres	begraves	surnuist	מגופות	begravde	prochy	cinzas	îngropa	pohrebov	truplom	попіл	αποτεφρώθηκαν	pepeo	
burn	quemar	brûler	bruciare	verbrennen	verbranden	bränna	polttaa	сжигать	spálit	elégetni	yakmak	запаллива	membakar	изгори	cremar	brænde	põleda	שורפת	brenne	spalić	queimar	arde	zrútiť	zažiganje	спалювати	καίγοντας	zapaljenje	
road	carretera	route	strada	road	asfaltweg	landsvägen	tie	шоссе	silnici	út	karayolunu	автопатот	jalan	пътят	carretera	landevejen	maantee	כביש	sykkelveien	droga	estrada	drum	križovatke	cesta	дорога	δρόμος	cesta	
mountain	montaña	montagne	montagna	gebirgsstock	berg	berg	vuori	горы	hory	hegy	dağ	планине	pegunungan	планината	muntanya	bjergene	mägedes	ההר	fjellene	górskie	montanha	muntele	pohoria	gorski	гірський	βουνό	planina	
red	roja	rouge	rosso	roten	rode	röda	punainen	красный	červená	vörös	kırmızı	црвена	merah	червени	vermell	røde	punane	אדום	røde	czerwony	vermelho	roșie	červený	rdeče	червоний	κόκκινο	crveni	
green	verde	vert	verde	grüne	groene	grön	vihreä	зелёный	zelený	zöld	yeşil	зелен	hijau	зелени	verd	grønne	roheline	ירוק	grønn	zielone	verde	verde	zelený	zelene	зелені	πράσινος	zelena	
yellow	amarillo	jaune	giallo	gelben	gele	gula	oranssinkeltainen	жёлтый	žlutá	sárga	sarı	жолтозелени	kuning	жълтозелени	groc	gul	kollane	צהוב	gul	pomarańczowo	amarela	galben	žltá	rumene	жовтий	κίτρινο	žute	
white	blanco	blanc	bianco	weißen	zwarte	vita	valkoinen	белые	bílé	fehér	beyaz	бели	white	бели	blanc	hvide	valge	שחור	hvite	białe	branca	albe	biely	bele	білі	λευκό	bijele	
black	negro	noir	nero	schwarzen	zwarte	svarta	musta	чёрные	černá	fekete	siyah	црни	hitam	черни	negre	sort	musta	שחור	svart	czarny	negro	neagră	čierna	črn	чорний	μαύρο	bijele	
night	noche	nuit	notte	nacht	nacht	kvällen	illan	ночью	noci	éjszaka	gece	ноќта	malam	вечер	nit	natten	õhtu	הלילה	natten	nocy	noite	noapte	noc	ponoči	ніч	νύχτα	noći	
day	día	dimanche	giorno	tag	dag	dagen	päivä	день	den	napon	gün	ден	hari	ден	dia	dagen	päeva	יום	dagen	dzień	dia	ziua	deň	dan	день	μέρα	dan	
year	año	année	anno	jahr	jaar	månad	vuoden	год	rok	év	yıl	месеци,	tahun	годината	any	år	aasta	שנה	året	rok	ano	anului	rok	leto	рік	έτος	godinu	
warm	cálida	froids	caldo	warmen	warme	varma	lämmin	прохладным	chladné	hideg	sıcak	топли	hangat	студени	càlida	varme	sooja	קריר	varm	ciepłe	quente	călduroasă	teplé	toplem	теплим	ζεστό	topliji	
cold	fría	froide	fredda	kalten	koude	kall	kylmä	холодной	studené	hideg	soğuk	студена	dingin	студена	freda	kolde	külm	קר	kalde	zimne	fria	rece	studenej	hladna	холодні	ψυχρό	hladni	
full	completo	complète	pieno	volle	volledige	full	täyden	полный	plné	teljes	full	полна	penuh	пълна	completa	fuld	täielik	מלאה	full	pełna	full	disponibila	plný	polni	т,повний	πλήρη	puni	
new	nueva	nouvelle	nuova	new	new	nya	uusi	новые	nové	új	yeni	нов	new	нова	nova	new	new	חדש	new	nowy	nova	new	nové	nove	новий	νέα	nova	
old	viejo	vieux	vecchio	alte	oude	gammal	vanha	старый	starý	régi	eski	стари	old	стария	vell	gamle	vana	מהעתיקים	gamle	stary	antigo	vechi	starý	stari	старе	παλιό	stari	
good	buen	bonne	buon	gute	goede	bra	hyvä	хороший	dobré	jó	gerçektende	добра	bagus	добро	bona	god	hea	טוב	god	dobre	bom	bună	dobré	dober	гарний	καλή	dobro	
bad	mal	mauvaise	brutto	schlechte	vervelende	dåliga	pahoillani	плохой	špatné	rossz	kötü	лоша	bad	лошо	mala	dårlige	halb	גרוע	dårlig	złe	mau	rău	zlé	prehudo	погані	κακή	loše	
rotten	rotten	tomatoes	rotten	tomatoes	rotten	tomatoes	tomatoes	rotten	rottentomatoes	rotten	tomatoes	„rotten	rotten	rottentomatoes	tomatoes	tomatoes	seeing	rotten	rotten	tomatoes	rotten	rotten	metacritic	metacritic	помідор»	κριτικών rotten	tomatoes	
dirty	sucio	sale	sporchi	schmutzige	vuile	smutsiga	likainen	грязными	špinavý	piszkos	kirli	валкана	scaredy	мръсно	estúpides	beskidte	räpane	מלוכלכות	skitne	brudne	suja	murdar	bloody	umazani	брудний	αστραφτερά	prljavi	
straight	recta	serré	obliquamente	gerader	voorovergebogen	raka	neljännesfinaaliin	вперед	stosurovou	egyenesben	arkaya	потскокнувајќи	gandabelakang	напред	rectes	runderne	sirgelt	ואחורה	forover	gładko	viradas	rostru	trojbodový	navzpred	вгору	ευθεία	produžecima	
round	ronda	finales	semifinali	runde	ronde	omgången	pudotuspelikierroksella	раунд	čtvrtfinále	fordulóban	finaller_şampiyonu	четвртфиналето	putaran	четвъртфинален	ronda	runde	kaheksandikfinaali	שבסיבוב	runde	ćwierćfinałowe	quartas	semifinalei	kolo	četrtfinala	півфінальний	γύρο	doigravanja	
sharp	afilada	aiguisée	tagliente	scharfe	scherpe	påfallande	terävä	резкий	ostrý	éles	keskin	зашилен	tajam	остър	estrident	skarpe	kõverdunud	חדה	skarp	niewyraźny	aveludado	ascuțite	podlhovasté	ostriker	дугоподібний	αιχμηρές	zaobljenu	
dull	lustroso	terne	arruffata	blassen	dof	klarröda	ruskehtava	черновато	špinavě	élénkpiros	renklidir	прошаран	pucat	жълтеникаво	fosc	håragtig	roostepruun	חיוור	glinsende	ciemnobrunatne	maçante	negricioasă	hnedastý	rjavkaste	чорнуваті	γκριζωπή	tamnosmeđim	
smooth	suave	lisse	liscia	glatter	gladde	släta	teräväkärkinen	гладкую	hladkými	görbülő	pürüzsüzdür	издолжи	halus	гладка	suau	glat	sile	פחוס	glatt	gładkiej	suave	lamelele	podlhovasté	gladke	гладкі	οξύληκτα	glatku	
wet	húmedo	humide	umido	nassen	natte	våta	kostea	влажной	vlhké	nedves	nemli	влажни	basah	влажни	humit	fugtige	niiske	ויבשים	fuktig	deszczowych	úmida	umed	teplé	vlažno	перезволоження	υγρασία	vlažne	
dry	seco	humide	asciutte	trocken	droge	torrt	kosteaa	влажной	vlhké	száraz	nemli	влажни	kering	прохладен	humit	tørt	niiske	ויבשים	tørr	wilgotności	úmido	uscată	teplé	vlažne	вологий	υγρασία	vlažne	
correct	correcta	correct	corretto	korrekte	correcte	korrekt	virheellisin	правильно	správné	helytelen	yanlışın	проверам	perhatikan	правилно	correcte	forkert	õigesti	מדוייק	riktige	poprawne	correta	corect	správne	preverljivo	правильно	σωστή	ispravno	
near	cerca	près	vicino	nahe	nabij	utkanten	lähellä	вблизи	poblíž	közelében	yakınlarında	близина	didekat	близост	prop	nærheden	lähedal	בקרבת	nærheten	niedaleko	perto	apropiere	blízko	blizu	поблизу	κοντά	nedaleko	
far	lejos	loin	lontano	weit	heel	betydligt	kaukana	далеко	daleko	messze	daha	далеку	jauh	далеч	lluny	langt	kaugemalegi	שרחוק	langt	gdzieś	longe	mai	ďaleko	daleč	далеко	πέρα	daleko	
right	derecha	gauche	destra	rechten	rechts	höger	oikealla	левой	pravo	bal	sağ	деснак	right	десният	esquerre	højre	vasakule	ימין	venstre	lewa	direita	stângul	ľavý	desno	правий	αριστερή	desno	
left	left	gauche	lasciato	left	achterblijver	lämnade	vasemman	остался	levý	bal	align	лево	left	ляв	esquerre	venstre	vasakule	ימין	align	pozostał	deixado	stânga	nevrátil	desno	зліва	αριστερό	lijevoga	
at	en	où	dove	an	bij	vid	siellä	на	u	ahol	ndaki	хсбц	di	където	prop	ved	piccadilly	,	ved	na	na	la	uk,	na	на	λίγο	na	
in	en	dans	nel	im	in	i	.	в	v	a	da	во	di	в	a	i	.	,	i	w	em	în	v	v	у	στην	u	
with	con	avec	con	mit	met	med	kanssa	с	s	szal	ile	со	dengan	с	amb	med	koos	עם	med	z	com	cu	s	z	з	με	s	
and	y	et	e	und	en	samt	ja	и	a	és	ve	и	dan	и	i	og	ja	,	og	i	e	și	a	in	і	και	i	
if	si	sinon	se	wenn	indien	ifall	jos	если	pokud	ha	eğer	ако	jika	ако	si	hvis	siis	אם	hvis	jeśli	não	dacă	ak	če	якщо	αν	ako	
because	porque	parce	perché	weil	omdat	eftersom	koska	потому	protože	mert	yüzden	бидејќи	karena	защото	perquè	fordi	sest	משום	fordi	dlatego	porque	deoarece	pretože	ker	оскільки	επειδή	jer	
name	nombre	nom	nome	namen	naamnaam	namnet	nimi	названия	jméno	név	ismi	името	nama	името	nom	navn	nimi	השם	navnet	nazwę	nome	numele	názov	ime	назви	όνομα	ime	
