ability	schopnost	Match	['aptitude', 'talent', 'schopnost', 'schopnosti']
accomplished	nastartoval	Incorrect	['splněno', 'splněna']
angry	rozzuřen	Found close match: ['rozzlobený']	['rozhněvaný', 'zlostný', 'mad_season', 'vztek', 'hněv', 'angriness', 'kay_starr', 'rozzlobený', 'naštvaná', 'naštvaný', 'press_to_play', 'zlost']
apartment	bytu	Found close match: ['byt']	['apartmán', 'bytových_domů', 'garsoniéra', 'apartmá', 'byt', 'apartment', 'kvartýr', 'bytová_jednotka', 'garsonka']
applause	potlesk	Match	['potleskem', 'potlesk', 'aplaus', 'tleskání_ruky', 'applause', 'tleskat', 'tleskání']
argument	protiargument	Found close match: ['argument', 'argumenty', 'logický_argument']	['vstupní_argument', 'hádka', 'disceptation', 'soutěžní_debata', 'logický_argument', 'prohlášení', 'linii', 'vstup_metody', 'debata', 'diskuse', 'vstup_funkce', 'literární_argumentem', 'vstupní_parametr', 'kontroverze', 'argument_metody', 'hudební_argument', 'logického_argumentu', 'spory', 'spor', 'debatní_společnost', 'politické_debaty', 'argumentace', 'argument', 'parametr_funkce', 'soutěžení', 'argumentovat', 'parametr', 'vstup', 'argumenty', 'šikmé_argument', 'kontroverzní', 'parametr_metody', 'argumentační_teorie']
art	umění	Match	['grafiky', 'beaux_arts_architektury', 'nontextual_záležitost', 'výtvarné_umění', 'fine_art', 'grafička', 'uměleckého_vyjádření', 'výtvarník', 'krásná_umění', 'umělecké_tvorby', 'art', 'statečnost', 'grafika', 'krásné_umění', 'beauxarts_stylu', 'člen', 'fineart', 'beaux_arts', 'kumšt', 'výtvarného_umění', 'určitý_člen', 'umělecké', 'grafik', 'umění', 'neurčitý_člen', 'umělecká_díla', 'grafické', 'android_runtime', 'článek', 'beauxarts_architektury', 'dni']
attitude	postoje	Found close match: ['postoj', 'postoji']	['způsoby', 'sociální_chování', 'mentální_postoj', 'poloha_těla', 'attitude', 'orientace', 'doings', 'malpresentation', 'poloha', 'sklon', 'přístup', 'vystupování', 'jednání', 'prostorové_orientace', 'náchylnost', 'reload', 'postoji', 'náklonnost', 'orientaci', 'eulerových_úhlů', 'držení_těla', 'nekontrolovatelný', 'eulerův_úhel', 'dispozice', 'baletní_terminologie_a_prvky', 'sezení', 'tendence', 'sociálního_chování', 'eulerovy_úhly', 'chování', 'nevychovanost', 'postoj']
bag	pytle	Found close match: ['pytel']	['cestovní_taška', 'šálek_čaje', 'vemene', 'bag', 'multiset', 'tašce', 'taška', 'ukrást', 'multimnožina', 'multisets', 'kufřík', 'pytel', 'krást', 'kabelky', 'kabelka', 'kufr', 'tašku', 'vak', 'stará_bába', 'vemeno', 'plná_taška', 'papírový_sáček', 'muid']
ball	míč	Match	['strajk', 'kouli', 'glob', 'tenisák', 'míč', 'ples', 'tenisový_míček', 'kulovité', 'koncentrické_koule', 'slimáka', 'varle', 'kulka', 'mušketa_koule', 'sféra', 'testes', 'mičuda', 'vejce', 'strike_zone', 'koule', 'bordel', 'povrch_koule', 'varlata', 'ballock', 'kulová_plocha', 'zóny_stávky', 'bál', 'míček', 'lucille_ballová', 'testis', 'strike', 'fotbal', 'polokulovitý', 'klubko', 'teste', 'sférická_plocha', 'vajíčko', 'testikulární', 'ball', '2koule', 'tenisový_míč', 'lucille_ball', 'john_ball']
bar	bar	Match	['beta2_receptoru', 'tyč', 'hospoda_znamení', 'farnesoid_x_receptor', 'předtaktí', 'barline', '◌̷', 'antivari', 'bar', 'prevenci', 'výčep', 'salónní_brankář', 'patronymické_příjmení', 'rakouskobavorština', 'šikmá_čárka', 'otcovské_jméno', 'krčma', 'šenkéř', '◌̶', 'tah', 'patronymum', 'millibars', 'pothouse', 'beta2_receptor', 'country_inn', 'kohoutku_pivovaru', 'patronymická_příjmení', 'prevence', 'hospod', 'očestvo', 'mbar', 'boarisch', 'opatření', '◌̵', 'hospůdka', 'auftakt', 'advokátní_komora', 'seznam_bázových_adres', 'hospodská_jídla', 'právnická_komunita', 'beta2_adrenergních_receptorů', 'baru', 'gin_mlýn', 'foobar', 'taverna', 'otčestvo', 'mělčinu', 'příjmení', 'prut', 'advocatus', 'písčin', 'bavorština', 'přeškrtnutí', 'taphouse', 'hejno', 'klepněte_na_dům', 'příjmeními', '◌̸', 'právní_profese', 'patrynomic', 'browning_automatická_puška', 'milibar', 'ginmill', 'veřejné_domy', 'hostinec', 'takt', 'barroom', 'vryp', 'hospoda', 'patronymics', 'patronymic', 'patronym', 'hudební_takt', 'pruh', 'foo', 'pohostinství']
bear	medvěd	Match	['medvědí', 'medvěd', 'bear', 'porodit', 'webelos', 'ursidae', 'obsahovat', 'medvědi', 'komunitě_medvědí', 'mike_brown', 'vystát', 'platit', 'medvědovitého', 'méďa', 'šelmy_medvědovité', 'vydržet', 'tolerovat', 'rodit', 'tupolev_tu95', 'medvědovití', 'mít', 'snášet', 'tu95']
beat	uhrál	Incorrect	['tep', 'rytmus', 'obchůzka', 'poetický_metr', 'beatnik', 'bít', 'hudební_rytmus', 'porazit', 'nepřízvučná_doba', 'zázněj', 'přízvučná_doba', 'lehká_doba', 'těžká_doba', 'prozódie', 'metr', 'rytmy', 'doba', 'težká_doba', 'siteswap', 'offbeat', 'kvantitativní_metr', 'bušit', 'kvantitativní_verš', 'puls', 'beat']
bed	koupelny	Incorrect	['řečiště', 'koryto_říční', 'dno', 'bed', 'šukat', 'postel', 'postele', 'prcat', 'jebat', 'posteli', 'lůžko', 'koryto', 'dno_toku', 'záchvatovité_přejídání', 'šev', 'šoustat', 'mrdat', 'koryta', 'záhon', 'souložit', 'ložisko', 'říční_dno', 'sloj']
beer	piva	Match	['pivní', 'průmysl_pivovarský', 'ale', 'beer', 'vynucení_zásad_na_aplikační_vrstvě', 'piva', 'pivo', 'pivko', 'pivovarnictví']
big	big	Match	['bjarke_ingels_group', 'velká', 'ovoce', 'big', 'velké', 'tělo', 'mineralitou', 'stypsis', 'dospělý', 'velký', 'suché', 'norm_nixon']
bird	pták	Match	['ptačí', 'ženská', 'vztyčený_prostředník', 'vypískat', 'zdvižený_prostředník', 'ptáci', 'mikuni_shimokawa', 'yardbird_parker', 'kohout', 'aves', 'avafauna', 'opeřenci', 'prst', 'pták', 'ptáček', 'charlie_parker', 'avifauna', 'bird_parker', 'zdvižený_prostředníček', 'bird', 'děvče', 'ptáků', 'pérák', 'kočka', 'roosting', 'bronx_cheer', 'razzing', 'charles_christopher_parker', 'ptactvo', 'razz', 'boo']
blood	krev	Match	['hematologické', 'původu', 'blood', 'víno_bordeaux', 'linie', 'okysličené_krve', 'rakehell', 'genetického_dědictví', 'bordeaux', 'krev', 'roue', 'krvi', 'vs', 'dědičnosti', 'persistence_of_time', 'specifická_hmotnost_krve', 'collective_soul', 'the_black_parade', 'bordeaux_víno', 'lidské_krve', 'okysličenou_krev', 'krevní_linie', 'getting_away_with_murder', 'krve']
body	tělo	Match	['mrtvé_tělo', 'kombinézu', 'reálné_těleso', 'trup_člověka', 'coachbuilder', 'tranzistorů_řízených_polem', 'trupu', 'zdechlina', 'truncus', 'suché', 'polytopes', 'fyzické_struktury', 'makroskopické_těleso', 'publicistický_styl', 'karosérie', 'polem_tranzistorů', 'objekt', 'fyzikální_objekt', 'ovoce', 'catsuit', 'dveře', 'nebožka', 'pt', 'novinky_ze_světa', 'stypsis', 'velikost_bodu', 'umrlec', 'poletranzistor_účinku', 'unipolární_tranzistor', 'nepružné_těleso', 'typografický_bod', 'karoserie', 'kastle', 'text_zprávy', 'plastické_těleso', 'fet', 'kadáver', 'organická_struktura', 'nebožtík', 'auto_těla', 'fyzické_tělo', 'torzo', 'novinový_článek', 'soundbox', 'kapalné_těleso', 'bod', 'mrtvol', 'mrtvoly', 'přesunout_ukazatel', 'trup', 'unitard', 'mrtvý', 'mineralitou', 'plynné_těleso', 'elastické_těleso', 'tranzistor_řízený_polem', 'kočičí_oblek', 'tělesa', 'neelastické_těleso', 'body', 'těla', 'trikot', 'mrtvola', 'zpravodajský_článek', 'fyzikální_těleso', 'článek', 'tělo', 'článek_v_časopise', 'oblek', 'teairra_marí', 'přijímač', 'eubstance', 'catsuitu', 'těleso', 'pevné_těleso', 'polytope', 'pružné_těleso', 'cat_suit', 'lidská_mrtvola']
brain	mozku	Match	['encefalon', 'duševní_obsah', 'hlavu', 'banks', 'mozková_tkáň', 'nús', 'brian_mantia', 'inteligence', 'velký_šéf', 'mysli', 'brain', 'funkce_mozku', 'encephalon', 'uvažování', 'bryan_mantia', 'genialita', 'psychika', 'schopnost_učit_se', 'mozku', 'génius', 'rozum', 'mysl', 'duševních_schopností', 'intelekt', 'le_cerveau', 'lidské_mysli', 'brainiac', 'mozku_savců', 'mozková', 'mozek', 'nous', 'psyché']
broken	rozbité	Match	['ms_kelly', 'rozbité', 'rozbitý', '12_stones', 'winterhearts_guild', 'plastic_beach', 'vadný', 'the_best_of_bruce_dickinson', 'echo', 'delta_machine', 'chybný', 'zlomené', 'zlomený', 'broken', 'zlomená']
building	budova	Match	['dům', 'stavění', 'stavební_práce', 'stavení', 'výstavba', 'veřejná_budova', 'budov', 'budovy', 'veřejné_budovy', 'veřejných_budov', 'stavba', 'budování', 'stavebnictví', 'staveniště', 'budova']
burn	spálit	Match	['fc_dallas', 'erytém_solare', 'plamen', 'plameny', 'potok', 'popáleniny_třetího_stupně', 'burn', 'tekoucí_voda', 'vodoteč', 'kyneta', 'popáleniny', 'tan', 'druhý_stupeň_vypálit', 'planoucí', 'spálit', 'přerušovaný_proud', 'tok_vodní', 'spáleniny', 'druhého_stupně_popálení', 'spálenina', 'hořet', 'proudu', 'ruisseau', 'vypálit_značku', 'vodní_tok', 'upálit', 'pálení', 'pálit', 'popálenina', 'opálení', 'kineta', 'oheň', 'popálení', 'třetí_stupeň_hoří', 'požáry']
business	podnikání	Match	['podnik', 'společnost', 'obchodní_systém', 'práce', 'povolání', 'prodejce', 'proziskové', 'klientela', 'etapa_podnikání', 'nezávislí_dodavatelé', 'obchodní_vědy', 'úloha', 'obchodní_podnik', 'obchod', 'zákazník', 'business', 'klient', 'podniků', 'klientelu', 'činnost', 'byplay', 'práci', 'volné_místo', 'podnikatelský', 'pracovní_pozice', 'byznys', 'firem_právo', 'obchodní_organizace', 'obchodní', 'živnostník', 'obchodní_firma', 'obchodní_smyčka', 'nezávislý_dodavatel', 'zaměstnání', 'obchodní_obavy', 'osvč', 'řada_prací', 'podnikatelský_sektor', 'podnikání', 'profese', 'obchodní_společnost', 'osoba_samostatně_výdělečně_činná']
camera	kamery	Match	['kameru', 'filmová_kamera', 'the_back_room', 'motionpicture_kamera', 'kamera', 'foťák', 'televizní_kamery', 'fotoaparát', 'kamery', 'televizní_kamera', 'camera', 'filmovací_kamera', 'fotografický_přístroj']
carefully	pečlivěji	Found close match: ['pečlivě']	['obav', 'pečlivě', 'starost', 'opatrně']
challenge	vyhrát	Incorrect	['výzva', 'challengeresponse', 'výzvaodpověď_ověřování', 'výzvu', 'výzvaodpověď', 'napadat']
charity	charitativní	Match	['dobročinnost', 'láska', 'veřejná_charita', 'bratrská_láska', 'charitativní', 'charitativní_organizace', 'polemonium_caeruleum', 'polemonium_vanbruntiae', 'charitu', 'polymonium_caeruleum_vanbruntiae', 'křesťanská_láska', 'charita', 'charity', 'láska_k_bližnímu', 'láska_v_křesťanství', 'charitativní_status', 'registrovaná_charita', 'jirnice_modrá']
charming	okouzlující	Match	['okouzlující']
clothes	oblečení	Match	['šaty', 'oděvy', 'oděv', 'oblečení', 'dámskou', 'odívání', 'roucho', 'oblek', 'oděvů', 'oblékání', 'ošacení', 'šat', 'článek_oblečení', 'ucházející']
cockroach	parazit	Incorrect	['švábi', 'blattaria', 'cockroach', 'švába', 'blattodea', 'podřád_blattodea', 'podřád_blattaria', 'šváb', 'šváby']
code	kód	Match	['kodex', 'rekodifikace', 'kódu', 'kódy', 'kód', 'programovat', 'řád', 'kodifikace', 'zašifrovat', 'počítačový_kód', 'plánovat', 'zákoník', 'dekodifikace']
collection	sbírky	Match	['hawkwind', 'shromažďování', 'sbírka', 'sbírky', 'inkaso', 'sada', 'uměleckých_sbírek', 'akon', 'kontejneru', 'montáž', 'agregace', 'knižní_série', 'sklizeň', 'množina', 'vztah', 'joe_sample', 'kompilace', 'série_knih', 'kompendium', 'sběrný', 'collection', 'kolekce_agentury', 'vymáhání_pohledávek', 'the_charlatans', 'sběr', 'the_offspring_collection', 'muzejní_sbírka', 'kontejner', 'inkasování', 'kolekce', 'kostelní_sbírka', 'sbírkách', 'výběrčí_dluhů']
computer	počítačové	Found close match: ['počítačová', 'počítač', 'počítači']	['počítače', 'tvorba_hudby_počítačem', 'odhad', 'computer', 'počítačový_systém', 'počítači', 'informační_systém_zpracování', 'kalkulačka', 'elektronický_počítač', 'výpočetní_zařízení', 'digitální_počítač', 'komputer', 'výpočetní_techniky', 'počítač', 'součásti_počítače', 'sčítač', 'digitálních_počítačů', 'figurer', 'počítačem_generované_hudby', 'výpočetní_stroj', 'kompl', 'počítačová', 'zpracovatel', 'počítačové_hudby']
construction	výstavby	Found close match: ['výstavba', 'stavba']	['tarského_definice_pravdy', 'stavební_práce', 'výstavba', 'isomorfismus_struktur', 'soudního_výkladu', 'budování', 'izomorfismus_struktur', 'duševní_syntéza', 'konstrukce', 'model_teorie', 'staveniště', 'gramatické_konstrukce', 'runescape', 'ohodnocení_proměnných', 'isomorfismus_modelů', 'model_jazyka', 'struktura', 'izomorfismus_modelů', 'stavba', 'výraz', 'model', 'stavebnictví']
cook	cook	Match	['frederick_cook', 'kuchařka', 'frederick_albert_cook', 'šéfkuchař', 'cook', 'james_cook', 'kuchaři', 'kuchař', 'vaøit', 'připravit', 'captain_cook', 'souschef', 'kuchtička', 'vařit', 'kapitán_james_cook', 'krátké_aby_kuchař', 'kuchtík', 'uvařit']
counting	zaokrouhlování	Incorrect	['číselná_soustava', 'numerický_systém', 'počítání', 'výčet', 'počítám', 'číselné_soustavy', 'počítat', 'počet', 'seznam', 'výčtu', 'počítací', 'zápisy_čísel', 'číslování']
crazy	mámy	Incorrect	['šílenství', 'blázen', 'crazy', 'šílený', 'because_of_you', 'usher', 'šílená', 'podivín', 'playing_with_fire', 'famous_last_words', 'looney', 'erika_jayne', 'bláznivý', 'loca', 'cvok', '(you_drive_me)_crazy', 'dar_od_boha', 'the_red_album', 'praštěný']
damage	poškození	Match	['škodu', 'náhrada_nemajetkové_újmy', 'újma_na_zdraví', 'škůdce', 'odčinění', 'zařízení_nehoda', 'odškodné', 'damage', 'škoda', 'pluralita_škůdců', 'náhrada_újmy', 'aukční_cena', 'dělená_odpovědnost', 'cena_světová', 'burzovní_cena', 'právní_zranění', 'cena_dumpingová', 'cena_smluvní', 'kilogramová_cena', 'cena_tržní', 'ceny', 'náhrada_škody', 'solidární_odpovědnost', 'reprodukční_cena', 'cena_konkursní', 'subrogační_regres', 'cena_pořizovací', 'smluvní_cena', 'poškození', 'cena_pořízení', 'cena', 'odpovědnost_za_škodu', 'škoda_velkého_rozsahu', 'cena_kapitálu', 'větší_škoda', 'škody', 'cena_práce', 'světová_cena', 'odpovědnost_za_újmu', 'odškodnění', 'značná_škoda', 'škoda_nikoli_nepatrná', 'tržní_ceny', 'ušlý_zisk', 'cena_historická', 'cena_burzovní', 'konkursní_cena', 'znetvořit', 'cena_aukční', 'tržní_cena', 'pořizovací_cena', 'újma', 'dumpingová_cena', 'zhoršit', 'cena_reprodukční', 'škoda_nikoli_malá', 'cena_kilogramová']
dance	taneční	Match	['taneční', 'tanec', 'tančit', 'tancování', 'taneční_pro_mládež_v_čr', 'taneční_hudba', 'dance', 'tance', 'hands_up', 'tancovat', 'dancé', 'taneční_párty', 'tanečník', 'dance_dance', 'oliver_heldens', 'taneční_hudby', 'handz_up', 'plesati', 'waterloo', 'italo_dance', 'postdisco']
dangerous	nebezpečné	Match	['riskantní', 'nebezpečná', 'dangerous', 'nebezpečný', 'its_hard', 'nebezpečné']
deceive	předstírat	Incorrect	['mystifikátorka', 'mystifikátor', 'darebáctví', 'nepoctivost', 'klamné', 'mystifikace', 'oklamat']
dedication	chvále	Incorrect	['věnování', 'oddanost', 'dedication']
deliberately	záměrně	Match	['úmyslně', 'záměrně']
delivery	doručení	Match	['vysvobození', 'narozením_dítěte', 'doručení', 'zcizitelný', 'nadhoz', 'dopravní_infrastruktury', 'přenos', 'transport', 'doprava_a_přeprava__obecná_charakteristika', 'rodička', 'delivery', 'dodávka', 'narození', 'dodání', 'podání', 'doručování', 'porod', 'porodu', 'anekdota', 'blade', 'blade_the_series', 'odcizení', 'zrození', 'nabídka', 'dodávky_do_domácností', 'zcizení_věci', 'právní_převod', 'slehnutí', 'žertu', 'veselý', 'doprava', 'accouchement', 'přeprava', 'poslíček', 'způsob_mluvení', 'vaginální_porod', 'fór', 'osobní_doprava', 'zachránit', 'vtipů', 'vtipkovat', 'porodní', 'vtipy', 'vtip', 'zcizovaná']
dessert	těstoviny	Incorrect	['desert', 'dezertů', 'dezertní_víno', 'dezertní_vína', 'dezerty', 'moučník', 'zákusek', 'dezert']
device	přístroj	Found close match: ['stroj', 'stroje']	['mobilní_zařízení', 'mobilní_komunikace', 'device', 'mobilní_komunikační', 'hardware', 'stroje', 'mobilní_telefony', 'bezdrátový_telefon', 'počítačového_hardwaru', 'mobilní', 'mobil', 'mobilní_telefon', 'configsys', 'celulárních_komunikačních', 'zařízení', 'počítačový_hardware', 'stroj', 'mobilních_telefonů', 'strojní_zařízení']
dig	vykopat	Found close match: ['kopat']	['kopání', 'rýt', 'bodnutí', 'posmívat_se', 'rozumět', 'kopat', 'smrt_přírodovědce', 'dig', 'archeologické_naleziště']
dinner	večírek	Found close match: ['večeři', 'večeře']	['čas_na_čaj', 'šálek_čaje', 'večeře_s_oslavou', 'čaj', 'oběd', 'odpolední_čaj', 'večeře', 'tiffin', 'dejeuner', 'šlichta', 'krmení', 'večeři', 'teatime', 'žrádlo', 'svačině']
disease	onemocnění	Match	['zánět_pohrudnice', 'begowal', 'nemoci', 'morbidita', 'pleuritida', 'nákaza', 'onemocnění', 'choroba', 'nemoce', 'morbidní', 'pleuritis', 'nemoc', 'unwellness', 'choroby', 'zdravotní_stav', 'zdravotní_poruchy']
dissolve	rozpustit	Match	['prolínání_skladeb', 'rozpustit']
disturb	nerušit	Found close match: ['rušit']	['rušit']
do	nechcete	Not found	[]
doctor	doktor	Match	['doktorské_tituly', 'odborný_lékař', 'doktorka', 'odborná_lékařka', 'druhý_doktor', 'pohotovostní_zdravotnický_hologram', 'učitel_církve', 'doktor', 'doctor', 'devátý_doktor', 'doktorský_titul', 'rude_boy', 'doktorské', 'řezník', 'lékař', 'doktorát', 'chirurg', 'pán_času', 'rude_boys', 'dr', 'profesionální_doktorát', 'eliza', 'pohotovostní_velící_hologram', 'dvanáctý_doktor', 'provozní_chirurg', 'jedenáctý_doktor', 'doktoráty', 'loïc_nottet', 'doctorat', 'první_doktor', 'falzifikovat', 'felčar', 'pvh', 'doktorát_výzkumu', 'doktore', 'lékařka', 'lékařem', 'doctor_ecclesiae', 'lékaři', 'učitelé_církve', 'lékařů_církve', 'doctor_who', 'spravit', 'opravit', 'doktorské_studium', 'lékař_církve', 'vyšší_doktorát']
dog	pes	Match	['psa', 'wienerwurst', 'věcička', 'firedog', 'familiaris', 'psí_maso', 'mrzutý_člověk', 'psovité', 'pejsek', 'canis_familiarus_domesticus', 'párek_v_rohlíku', 'aretace', 'pes', 'západka', 'canis_familiaris', 'šelmy_psovité', 'hot_dog', 'aretací', 'rodina_canidae', 'párek', 'stopovat', 'psovití', 'canids', 'psí', 'domácí_pes', 'párky_v_rohlíku', 'dogiron', 'železný_kozlík', 'sledovat', 'fena', 'pes_domácí', 'canidae', 'canis_lupus_f_familiaris', 'psa_domácího', 'duck_hunt', 'canis_lupus_familiaris', 'andiron', 'hnát', 'hotdog', 'psovité_šelmy', 'lump', 'hafík', 'honit', 'pronásledovat']
dressing	převlékání	Found close match: ['oblékání']	['nadívačka', 'oblékat', 'obvaz', 'ošacení', 'bandážování', 'článek_oblečení', 'obvazový', 'šaty', 'oblékání', 'nadívání', 'šat', 'oblečení', 'zálivka', 'odívání', 'oplodnění', 'ucházející', 'oděvy', 'oděv', 'dámskou', 'oblek', 'nádivkou']
driver	spolujezdec	Incorrect	['číslo_jedna_dřevo', 'ovladač', 'chauffer', 'řidička', 'wälder', 'truckerů', 'motorista', 'jízdě_kolečka', 'driver_san_francisco', 'pilot', 'dřevo', 'ovladač_tiskárny', 'cowcatcher', 'nákladních_aut', 'řidič_kamionu', 'les', 'řízení_nákladních_aut', 'ovladače_zařízení', 'řidičem', 'ovladač_zařízení', 'řidič', 'šofér', 'driver', 'řidiči', 'jehličnatého_lesa', 'řidiče', 'lesy', 'lese', 'trucker', 'lesa']
economy	ekonomiky	Match	['walden', 'úspornost', 'hospodárnost', 'ekonomický_systém', 'reálnou_ekonomiku', 'hospodářský_systém', 'míru_úspor', 'politický_ekonom', 'národního_hospodářství', 'úspora', 'politické_ekonomii', 'ekonomické_vědy', 'walden_či_život_v_lesích', 'hospodářské_činnosti', 'spoření', 'národní_hospodářství', 'ekonomických_systémů', 'ekonomicky', 'hospodářství', 'spoření_a_úspory', 'úspory', 'ekonomický_subjekt', 'ekonomie', 'politická_ekonomie', 'walden_čili_život_v_lesích', 'ekonomický_sektor', 'ekonomické', 'economy', 'hospodářství_venkova', 'ekonomika', 'politické_ekonomie', 'walden_aneb_život_v_lesích', 'ekonomiky', 'ekonom']
election	voleb	Found close match: ['volební', 'volby', 'volba']	['volebního_procesu', 'soudní_příkaz_voleb', 'přímá_volba', 'volby', 'volební_politiky', 'election', 'zvolení', 'znovuzvolení', 'lidovým_hlasováním', 'přímé_volby', 'demokraticky_zvoleného', 'elektorát', 'volič', 'volební', 'volba']
electron	elektronu	Found close match: ['elektron', 'elektrony', 'electron']	['elektronové', 'electron', 'elektrony', 'negatron', 'částice_beta', 'elektron', 'e']
elegance	elegance	Match	['elegantní', 'elegance', 'matematickou_eleganci', 'karlgeorg_hoefer', 'dekorativní', 'klasické_krásy', 'krasavice', 'krása', 'matematické_krásy']
emotion	emoce	Match	['cit', 'emocionální_chování', 'emotion', 'emoce', 'emocionální', 'lidské_emoce', 'emocí', 'human_after_all']
emotionally	emocionálně	Match	['cit', 'citově', 'emocionální_chování', 'emoce', 'emocionální', 'lidské_emoce', 'emocí', 'emocionálně']
engine	motor	Match	['železničního_motorem', 'software_motor', 'lokomotiva_engine', 'motoru', 'motorem_videohry', 'modul', 'ray_alder', 'herní_engine', 'softwarový_engine', '3d_engine', 'lokomotiva', 'lokomotivy', 'engine', 'motory', 'železniční_motoru', 'motor']
event	událost	Match	['jistý_jev', 'posluchač', 'závěr', 'efekt', 'jevové_pole', 'úplný_systém_jevů', 'následek', 'neslučitelné_jevy', 'nemožný_jev', 'výsledek', 'stisknutí_klávesy', 'účinek', 'případě', 'výsledkem', 'jev', 'obslužná_rutina_události', 'zpracování_událostí', 'akce', 'klávesy', 'jevový_prostor', 'náhodný_jev', 'události', 'důsledek', 'případ', 'elementární_jev', 'eventualita', 'vliv', 'událost', 'stisk_klávesy', 'sluchátko']
experiment	experiment	Match	['experimentování', 'vědecký_experiment', 'experimentovat', 'experiment', 'the_experiment', 'vědeckého_experimentu', 'lokomotiva_experiment', 'seznam_slavných_experimentů', 'experimenty', 'experimentální_výzkum', 'experimentální_vědy', 'experimentální', 'experimentální_skupiny', 'pokus', 'experimentu']
extremely	velmi	Match	['nesmírně', 'mimořádně', 'velmi', 'nadmíru', 'extrémně']
feeling	pocit	Match	['taktilní_vjem', 'cit', 'hmatové', 'hmatovou_zpětnou_vazbu', 'somatosensory_systému', 'somatosensory', 'pocity', 'tón', 'dojem', 'touch_pocit', 'intuitivní_pocit', 'ducha', 'pocit', 'smysl_pro_dotek']
fight	bojovat	Match	['proti', 'zápasit', 'bojovník', 'bitva', 'konflikt', 'bitvy', 'boj', 'ozbrojeného_boje', 'bojovat', 'konkurenceschopnost', 'bít_se', 'zápas', 'bojového_výcviku', 'zapojení', 'potyčky', 'bojování', 'fight']
fish	ryby	Match	['ryby', 'měkký_paprsek', 'fish', 'ryby_a_rybovití_obratlovci', 'fluorescenční_in_situ_hybridizace', 'go_fish', 'mořských_ryb', 'rybičky', 'rybařit', 'seznam_pokerových_výrazů', 'plůdek', 'rybovití_obratlovci', 'ploutvovci', 'kvarteto', 'ichtyofauny', 'friendly_interactive_shell', 'potravinové_ryby', 'ryb', 'pisces', 'pterygiophore', 'pokerové_výrazy', 'ryby_jsou_ryby', 'rybí', 'phish', 'ryba', 'elver', 'fingerling']
flow	proudění	Match	['hydrodynamické', 'proudová_čára', 'hydraulika', 'rapu', 'hydraulické', 'tekoucí', 'rap', 'menstruace', 'rapper', 'maximální_tok_v_síti', 'tok', 'čmýra', 'průtoku', 'proudění_tekutin', 'mechanika_kapalin_a_plynů', 'proudové_vlákno', 'rapový_umělec', 'hydraulický_tlak', 'měsíčky', 'toky_v_sítích', 'grail', 'mechanika_tekutin', 'průtok', 'maximální_tok', 'tekutina_dynamicist', 'young_money_entertainment', 'gravity_recovery_and_interior_laboratory', 'florent_mothe', 'flow', 'mechaniky_tekutin', 'nestacionární_proudění', 'catamenia', 'objemový_průtok', 'plynout', 'emceeing', 'ustálené_proudění', 'rapování', 'mcing', 'proudnice', 'zlepšující_cesty', 'proudění', 'toku', 'tok_v_síti', 'protorap', 'síť', 'raper', 'neustálené_proudění', 'objemový_tok', 'old_school_hip_hop', 'hranová_kapacita', 'stacionární_proudění', 'proudová_trubice', 'menses', 'menstruovat', 'vrcholová_kapacita', 'rapperů', 'rapping', 'menzes', 'hydraulicky', 'hydrauliky']
food	potravinu	Found close match: ['potraviny', 'potravina', 'potrava']	['makroživin', 'potraviny', 'makronutrientů', 'intelektuální_výživa', 'živina', 'k_zamyšlení', 'jídlo', 'živiny', 'jídla', 'živin', 'lidská_potrava', 'kirby', 'potravinářských_výrobků', 'potrava', 'pevnou_stravu', 'potravina']
garbage	odpadky	Match	['komunálního_odpadu', 'šrot', 'potravinového_odpadu', 'zbytkový_komunální_odpad', 'domovního_odpadu', 'odpady_domovní', 'komunální_odpad', 'odpad', 'odpady_kovové', 'odpadní_látky', 'withering_to_death', 'odpadků', 'železný_šrot', 'odpadky', 'reprezentativní_vzorek_odpadu', 'odpady', 'odmítnout', 'smetí', 'garbage', 'zápisy', 'kovový_šrot']
gold	zlato	Match	['multiplatinové', 'open_beta', 'aurum', 'platinovou_desku', 'zlatou_medaili', 'prealfa', 'beta_verze', 'alpha_software', 'gold', 'kvalifikované_zlato', 'moonlighting_the_anthology', 'beta_software', 'zlaté', 'platinovou_certifikaci', 'dvojitá_platina', 'alfa_verze', 'beta_tester', 'abba_gold__greatest_hits', 'zlatá', 'zlatého_medaili', 'certifikace_prodeje_na_hudebních_trzích', 'olympijskou_zlatou_medaili', 'zlato', 'životním_cyklu_softwaru', 'wanna_one', 'alfa_testu', 'the_island_years', 'zlatých_medailí', 'testování_beta_verze', 'zlatou_certifikaci', 'platinové_album', 'zlatou_desku', 'platina', 'trojitá_platina', 'zlatá_barva', 'lode_zlato', 'bobby_brown', 'release_candidate', 'abba_gold', 'the_heist', 'release_to_manufacturing', 'beta_test', 'silver_disk', 'shooting_star', 'zlatý', 'nativní_zlato', 'sonicflood', 'atomové_číslo_79', 'vydaná_verze', 'the_velvet_underground_story', 'e_175', 'young_lust_the_aerosmith_anthology', 'zlatá_medaile', 'anthology', 'beta_verzi']
great	velké	Found close match: ['velký']	['skvělý', 'illustriousness', 'velikosti', 'velký', 'super']
gun	ráže	Incorrect	['puška', 'zbraně', 'obchodě_se_zbraněmi', 'pistolníci', 'hitman', 'zbraň', 'gunfighting', 'pistolník', 'pistole', 'malé_rameno', 'hit_muže', 'palná_zbraň', 'conventional_weapons', 'gun', 'tukgun', 'těžká_zbraň', 'střelná_zbraň', 'plynový_pedál', 'plynového_pedálu', 'najal_zbraň', 'louder_than_love', 'triggerman', 'pistolníků', 'pistole_k_pronájmu', 'palné_zbraně']
hair	vlasy	Match	['chlup', 'látka_z_velbloudí_srsti', 'hair', 'srst', 'hairsšířka', 'ochlupení', 'chlupatý', 'vlasy', 'hairsbreadth', 'vlasů', 'chlupy']
help	pomohu	Found close match: ['pomoc', 'pomoct', 'pomoci']	['humanitárních_pracovníků', 'pomocník', 'pomozte', 'the_help', 'asistence', 'napomáhat', 'humanitární_pomoc', 'asistovat', 'pomocnice', 'slouží', 'asistent', 'pomoc_v_nouzi', 'help', 'pomáhali', 'pomoc_humanitární', 'humanitární_pracovník', 'pomůže', 'pomoci', 'pomoc', 'pomáhat', 'servírovat', 'pomoct', 'asistentka', 'humanitární_pomoci', 'přisluhování', 'podávat', 'využít', 'nápověda']
hurting	naštvat	Not found	[]
ignorance	neznalosti	Found close match: ['neznalost']	['avidždžá', 'l’ignorance', 'avidjá', 'nevědomost', 'nevědomosti', 'avidya', 'neznalost', 'ignorance']
illness	nemoci	Match	['nemoci', 'morbidita', 'onemocnění', 'choroba', 'nemoce', 'morbidní', 'unwellness', 'nemoc', 'choroby', 'zdravotní_stav', 'zdravotní_poruchy']
impress	předvést	Incorrect	['tiskové_gangy', 'impressment', 'zapůsobit', 'dojem']
invention	vynález	Match	['inovací', 'vynálezců', 'vynálezu', 'vynález', 'inovativní', 'inovační_procesy', 'invent', 'vynálezy', 'vynálezů', 'technologické_inovace', 'invence', 'vynalézat', 'inovace']
investigation	vyšetřování	Match	['akademický_výzkum', 'prošetření', 'původní_výzkum', 'výzkumných_metod', 'průzkum', 'výzkum', 'vyšetřování', 'šetření']
invisible	neviditelné	Match	['neviditelné', 'neviditelnost', 'holy_diver', 'floored', 'elevate', 'invisible', 'neviditelní', 'taylor_swift', 'podlahou', 'sound_of_white_noise', 'neviditelný', 'neviditelná', 'dream_evil', 'neviditelnosti', 'nenápadný', 'evilized']
job	zaměstnáním	Found close match: ['zaměstnání', 'zaměstnanců', 'zaměstnat']	['kniha_job', 'práce', 'povolání', 'problémy', 'úloha', 'zaměstnat', 'pracovního_života', 'činnost', 'zaměstnanců', 'úkolem', 'práci', 'pracovní_poměr', 'volné_místo', 'pracovní_pozice', 'kniha_jób', 'fuška', 'řízení_úloh', 'zaměstnání', 'job', 'problém', 'předběžné_zápasník', 'řada_prací', 'podnikání', 'profese', 'řízení_práce', 'úkol', 'jób', 'job_román_prostého_člověka']
jungle	džungli	Match	['džungli', 'oldschool_džungle', 'shine_a_little_love', 'out_of_the_blue', 'jungle', 'džungle', 'hobo_camp']
kindness	dobrotu	Incorrect	['forgivingness', 'přejícnost', 'laskavost']
king	král	Match	['magnáta', '♚', 'korunovaná_hlava', 'billie_jean_moffitt_král', 'šachový_král', 'magnátů', 'reverend_horton_heat', 'b_b_král', 'průmyslník', 'worldšlehač', 'rex', 'monarchický', 'billie_jean_king', 'panovnice', 'bb_king', 'monarchické', 'martin_luther_king', 'george_king', 'vládnoucí', 'vládce', 'králi', 'top_executive', 'obchodní_magnát', 'b_b_king', 'průmyslníků', 'kingcom', 'charles_bird_king', 'velký_podnikatel', 'martin_luther_king_jr', 'magnát', 'riley_b_král', 'král', 'king_ov_hell', 'king', 'monarcha', 'riley_king', '♔', 'suverénní', 'samec_monarcha', 'panovník', 'monarchie', 'královského_majestátu', 'přepravní_magnát', 'krále', 'billie_jean_kingová', 'obchodní_vedoucí', 'velmož', 'dáma']
lady	paní	Match	['virgin', 'název_respektu', 'čestná_dáma', 'madam', 'panna_marie', 'dámy', 'peeress', 'titul', 'marie', 'lady', 'svatá_maria', 'maria', 'šlechtična', 'peerka', 'lady_a_tramp', 'paní', 'blahoslavená_panna', 'styl', 'mary', 'panenka_marie', 'panna_maria', 'ušlechtilá_žena', 'gentlewoman', 'marie_panna', 'the_lady', 'tituly', 'lady_and_the_tramp', 'dame', 'dáma', 'forma_adresy']
land	pozemky	Match	['zemědělství', 'terra_firma', 'feudální_domény', 'pozemek', 'edwin_herbert_land', 'půda', 'oblasti', 'přistál_majitele', 'věc_nemovitá', 'státní_území', 'spolková_země', 'teritorium', 'majetek', 'realitní', 'land', 'přistál_majitel', 'národy', 'stát', 'politické_společnosti', 'státy', 'spolkové_země_německa', 'pevný', 'nemovitost', 'pozemkový_majetek', 'národní', 'národ', 'din_land', 'suverénních_států', 'země', 'pevná_zem', 'mexickém_státě', 'odvětví_nemovitostí', 'pozemky', 'přistávat', 'státní_útvar', 'přistát', 'trhu_s_nemovitostmi', 'území', 'panství', 'parcely', 'zemi', 'suverénní_stát', 'administrativní_dělení_německa', 'realitní_kancelář', 'tělo_rozvážný', 'res_publica', 'státu', 'spolkové_země_v_německu', 'německé_spolkové_země', 'nemovitosti', 'deklarativní_teorie_státnosti', 'vládní', 'akrů', 'suché_půdy', 'samostatný_stát', 'území_státu', 'nemovitá_věc']
laugh	smát	Match	['veselý', 'smíchu', 'smích', 'fór', 'smát', 'vtipů', 'žertu', 'vtipkovat', 'anekdota', 'vtipy', 'vtip']
law	právní	Match	['m72_law', 'canon_právník', 'psané_právo', 'bezpečnostní_síly', 'právní_služby', 'heteronomní_právo', 'neoprávněného_praxi_práva', 'fyzikální_zákon', 'vrozené_právo', 'vrozená_práva', 'právní_věda', 'legislativa', 'bezpečnostních_sil', 'církevní_právo', 'zákon_přírody', 'objektivní_právo', 'profesor_práva', 'přirozenoprávní_teorie', 'subjektivní_a_objektivní_právo', 'právní_institut', 'právo_vrozené', 'právo_na_ochranu_života_bezpečí_a_majetku', 'právní_teorie', 'kanonické_právo', 'církevního_práva', 'zákoník', 'právní', 'přirozené_právo', 'zákony_fyziky', 'autonomní_právo', 'teorie_přirozených_práv', 'práva', 'policejní_ochranou', 'student_práv', 'kanonického_práva', 'přirozeného_práva', 'práva_přirozená', 'law', 'iurisprudentia', 'policejní', 'právní_bitva', 'pravidlo', 'jurisprudence', 'přírodní_zákon', 'právnická_fakulta', 'prf', 'práva_vrozená', 'tvorby_právních_předpisů', 'police', 'právní_filozof', 'hmotné_a_procesní_právo', 'přirozená_práva', 'praxe_práva', 'luo', 'právo', 'právní_vědy', 'zákon', 'teorie_přirozeného_práva', 'praxi_práva', 'psaným_právem', 'právo_přirozené', 'policejní_oddělení', 'právo_na_život_bezpečí_a_majetek', 'fyzikální_zákony', 'policie', 'earthling', 'jusnaturalismus', 'ozbrojené_policejní', 'právní_filozofie']
left	levý	Match	['levicový_socialista', 'levice', 'levičáctví', 'levá', 'politická_levice', 'levičák', 'levicové', 'levicový', 'levá_opozice', 'levé', 'kolektivistické', 'levá_ruka', 'levicové_politice', 'venstre', 'vlevo', 'levé_křídlo', 'levičáky', 'esquerra_republicana_de_catalunya', 'levý', 'kolektivistický', 'doleva', 'levicová_politika']
level	úrovni	Match	['vyrovnat', 'fázi', 'bodu', 'patro', '1_np', 'adema', 'urovnat', 'zamířit', 'úrovni', 'úrovně', 'zkušenostní_limit', 'zkušenosti_bod', 'etáž', 'přízemí', 'podlahové_číslování', 'vodorovná_plocha', 'první_nadzemní_podlaží', 'suterén', 'stupně', 'patře', '1np', 'evoluční_stupeň', 'plochý', 'hladina', 'level', 'vodováhu', 'levél', 'rovinný', 'rovný', 'podlaží', 'úroveň', 'hrejcz', 'vodováha', 'libela', 'posunout_ukazatel', 'zkušenostní_body']
liar	nepravdu	Incorrect	['lyry', 'so_far_so_good_so_what', 'louder_now', 'lhář', 'prevaricator', 'glory', 'lyra', 'so_far_so_good…_so_what', 'liar', 'lháři', 'liră', 'republic']
light	světlo	Match	['lehké', 'světlý', 'okna', 'lampa', 'lehký', 'okno', 'elektrické_lampy', 'světla', 'světelný_zdroj', 'zapalovač', 'světle', 'vnitřní_světlo', 'odraz_světla', 'team17', 'pyrotechnického_iniciátor', 'viditelné_záření', 'osvětlovat', 'zapalovače', 'zapálit', 'kira', 'light_v_rámci', 'viditelné_světlo', 'světelné_vlny', 'roznětka', 'light_jagami', 'luminance', 'okna_do_plochých_střech', 'kristus_v_rámci', 'lehčí', 'světelný_paprsek', 'úroveň_jasu', 'zažehnout', 'luminousness', 'žárovka', 'osvětlit', 'světlo', 'light', 'light_yagami', 'jasu', 'odpojit', 'paprsek_světla', 'zářivost', 'raito_yagami', 'lampy', 'jas']
magic	magické	Found close match: ['magic', 'magie']	['znamení_zla', 'alagaësia', 'iluzionizmus', 'černá_magie', 'kouzlo', 'dračí_jezdec', 'hadím_jazykem', 'řád_dračích_jezdců', 'magic', 'eldunarí', 'kouzelné', 'kiri_te_kanawa', 'kouzelnický_trik', 'make_a_scene', 'axel_rudi_pell', 'čáry', 'dračí_jezdci', 'eskamotér', 'bílá_magie', 'omáčka_ohóohó', 'artefakt', 'proměnění', 'divotvůrce', 'moderní_magie', 'jednocestným_zrcadlem', 'octarine', 'zábavná_magie', 'thaumaturg', 'te_kanawa', 'kouzelník_stádia', 'driving_rain', 'lektvary_z_knih_harry_potter', 'secret_time', 'iluzionismus', 'dame_kiri_te_kanawa', 'eskamotérství', 'zeměplocha', 'iluzionisty', 'kouzla', 'wonderworking', 'mačkadlice', 'runovládci', 'octiron', 'planeswalker', 'alagaësie', 'magie_v_harry_potterovi', 'mnoholičný_lektvar', 'magicthe_gathering', 'thaumaturgic', 'odkaz_dračích_jezdců', 'thaumaturgus', 'kouzelnictví', 'mtg', 'take_me_home', 'magie', 'justin_timberlake', 'ilusionismus', 'zvěromág', 'magic_the_gathering', 'eskamotáž', 'pluto', 'thaumaturgy', 'dame_kiri_te_kanawa_janette', 'nitrobranu', 'thaumaturgie']
marriage	manželství	Match	['ženitba', 'muž_a_žena', 'svaz', 'svatbu', 'stav', 'manželské_páry', 'manželský_stav', 'svatby', 'manželství', 'uzavření_sňatku', 'svatební_obřad', 'hymeneals', 'svatební', 'manželský_svazek', 'manželský_pár', 'sjednocení', 'novomanžel', 'manželské_vztahy', 'sňatek', 'svatba', 'stejnopohlavní_manželství', 'manželé', 'civilní_svatbu', 'uzavření_manželství', 'vdavky', 'nihility', 'vzít', 'neplatnosti', 'unie', 'manželské', 'závazek_obřad', 'ślub']
material	materiál	Match	['physicalism', 'látka', 'materialismus', 'materiálu', 'hadr', 'tkanina', 'textilie', 'materialistické', 'fyzikalismus', 'quantum_paper', 'materiál', 'textilní', 'materialista', 'tkaniny', 'textílie', 'materialismu', 'textil', 'material_design', 'věcí', 'věci', 'materialisté']
mathematical	matematické	Match	['matematika', 'mathematika', 'matematice', 'matematické', 'matematický', 'matematicky']
mechanism	mechanismus	Match	['mechanismus', 'chemické_mechanismus', 'hnutí', 'reakční_mechanismus', 'stroje', 'mechanismus_reakce', 'zařízení', 'stroj', 'reakční_mechanizmus', 'hodinový_stroj', 'strojní_zařízení']
medication	antidepresiva	Incorrect	['farmaceutických_drog', 'farmakum', 'léčivo', 'senzace_drogy', 'farmaceutické', 'aktivní_farmaceutická_substance', 'léků', 'version_20', 'farmaka', 'léčiva', 'léky', 'lék', 'rescue']
money	peníze	Match	['history_past_present_and_future_book_i', 'peněz', 'history', 'peace', 'money', 'prachy', 'stříbro', 'portamento', 'peněžní_prostředky', 'peněžnictví', 'peníze']
mountain	hory	Match	['muckle', 'hodně', 'uklizené_součet', 'hory', 'hora', 'mickle', '482', 'dobrý_obchod', 'mountain', 'zabil', 'šarže', 'horu', 'passel', 'docela_málo', 'sahtu']
movement	hnutí	Match	['umělecký_směr', 'umělecké_hnutí', 'movement', 'vyprazdňování', 'exkrement', 'vyplývá_pohyb', 'pohyb', 'kálení', 'hovno', 'lokomoce_živočichů', 'defecated', 'pohyb_živočichů', 'sociální_hnutí', 'kakání', 'she_wolf', 'vyprázdnění_se', 'vyprazdňování_stolice', 'mechanický_pohyb', 'hovínko', 'věta', 'výkaly', 'vyprázdnění', 'ptačí_trus', 'pohyb_střev', 'fekálie', 'dav', 'stolice', 'féces', 'defekace', 'vyprázdnit', 'hodinový_stroj', 'lejno', 'sociálních_hnutí', 'pohyby', 'hnutí', 'faeces', 'lokomoce', 'sraní', 'pohybové_aktivity', 'uměleckých_hnutí', 'filozofické_hnutí', 'pohybu', 'skupinová_akce', 'the_pillows', 'výkal', 'trus', 'motorika_člověka', 'exkrementy', 'trusu', 'zřejmý_pohyb', 'prdel']
movie	filmu	Match	['motionpicture_zobrazit', 'motion_picture', 'filmová', 'fullmotion_video', 'filmy', 'hlavní_film', 'film', 'filmů', 'pohyblivý_obraz', 'filmování', 'divadelní_film', 'obrázek_zobrazit', 'celovečerní_film', 'motionpicture', 'kites', 'pohyblivého_obrazu_zobrazit', 'pohyblivý_obrázek', 'filmu', 'velkou_obrazovku']
music	hudby	Found close match: ['hudbu', 'hudba', 'hudební']	['the_music', 'music', 'eufonie', 'hudbu', 'hudební', 'prehistorické_hudbě', 'country_rock', 'muzika', 'hudba']
nation	národ	Match	['státní_území', 'spolková_země', 'discworld', 'národy', 'stát', 'politické_společnosti', 'státy', 'spolkové_země_německa', 'národní', 'národ', 'suverénních_států', 'země', 'národa', 'zeměplocha', 'carry_nation', 'mexickém_státě', 'úžasná_zeměplocha', 'státní_útvar', 'suverénní_stát', 'zemi', 'administrativní_dělení_německa', 'kendrick_lamar', 'tělo_rozvážný', 'res_publica', 'státu', 'spolkové_země_v_německu', 'německé_spolkové_země', 'nation', 'deklarativní_teorie_státnosti', 'pokračujte_amelia_moore_nation', 'vládní', 'samostatný_stát', 'území_státu']
news	zpravodajství	Match	['novinky_program', 'novinářská', 'reportáž', 'slovo', 'ženy_zobrazit', 'news', 'novinky', 'zprávy', 'noviny', 'poselství', 'zpravodajství', 'zpravodajský_pořad']
noise	slyšitelné	Incorrect	['odrušovací', 'akustické_vlnění', 'stochasticita', 'mikrovlnné_záření_na_pozadí', 'reliktní_záření', 'zvuk', 'atmosférický_statické', 'noise_music', 'rušení', 'atmosférické_poruchy', 'elementary_os', 'akustické_vlny', 'náhodný_šum', 'kosmického_záření_na_pozadí', 'kosmické_mikrovlnné_záření_na_pozadí', 'elektronický_šum', 'noisecore', 'práh_bolestivosti', 'hlasitost', 'kosmického_mikrovlnného_pozadí', 'cmb', 'brum', 'kosmické_mikrovlnné_pozadí', 'audio', 'akustická_vlna', 'hluk', 'noise', 'zvuky', 'výška_zvuku', 'průmyslový_hluk', 'noize', 'zvuk_znečištění', 'zvuková_vlna', 'hlukové_znečištění', 'šíření_zvuku', 'haphazardness', 'zvukové_vlnění', 'barva_zvuku', 'šum', 'cbr', 'zvukové_vlny', 'elektrický_šum', 'intenzita_zvuku', 'cmbr', 'hluku']
obligation	povinnost	Match	['osvědčení_o_zadluženosti', 'povinnosti', 'slib', 'závazkové_právo', 'dluhového_nástroje', 'právo_závazkové', 'závazek', 'dlužní_úpis', 'odpovědnost', 'obligační_právo', 'dluhopisů', 'závazky', 'povinnost', 'zodpovědnost', 'příslib', 'závazkového_práva']
pain	bolest	Match	['bolest_v_zadku', 'otrava', 'pain', 'bolí', 'akutní_bolesti', 'king_of_da_ghetto', 'vnímání_bolesti', 'forever', 'bolestivé_pocity', 'bolest', 'bolesti', 'games_pain']
personality	osobnost	Match	['personality', 'osobnost', 'osobnosti']
philosophy	filozofie	Match	['filosofický_systém', 'politická_doktrína', 'doktríny', 'filozofii', 'myšlenkový_směr', 'školy', 'doktrína', 'filozofka', 'dogmatické', 'filozofický', 'škola', 'ismus', 'filosofie', 'filozofie', 'filosofka']
picture	fotografii	Match	['slovoobraz', 'mentálních_obrazů', 'znamení_zla', 'představa', 'malířů', 'ilustrace', 'scény', 'hadím_jazykem', 'film', 'cobol', 'image', 'pohyblivý_obraz', 'kreslířka', 'filmování', 'obrázek_zobrazit', 'celovečerní_film', 'motionpicture', 'pohyblivého_obrazu_zobrazit', 'pohyblivý_obrázek', 'obrázek_účtu', 'obrázek', 'obraz', 'slovo_obrázek', 'proměnění', 'zobrazení', 'fotografie', 'malba', 'ilustrovaných_knih', 'wordpainting', 'filmů', 'fotografii', 'obrázky', 'malířství', 'umělecká_malba', 'avatar', 'lektvary_z_knih_harry_potter', 'představovat', 'velkou_obrazovku', 'fotka', 'motionpicture_zobrazit', 'kreslíř', 'klasické_malby', 'motion_picture', 'obrazy', 'hlavní_film', 'vyobrazením', 'kresba', 'divadelní_film', 'ilustrovaná_literatura', 'malířka', 'mentální_obraz', 'ilustrátor', 'ilustrovaný', 'filmu', 'magie_v_harry_potterovi', 'vyobrazení', 'mnoholičný_lektvar', 'kreslení', 'kiss', 'ilustrátorka', 'snímek', 'filmy', 'zvěromág', 'vidět', 'nitrobranu']
pig	vepř	Match	['divoká_prasata', 'vrh_podsvinčat', 'bachyně', 'čuně', 'kanec', 'divoká_svině', 'čuník', 'špindíra', 'divoké_prase', 'svině', 'prase_divoké', 'prasata', 'vepř', 'divoke_prase', 'zasít', 'pigging', 'scrofa', 'policajt', 'divočák', 'flákač', 'nunva', 'černá_zvěř', 'prasnice', 'conjoiner', 'sele', 'shoat', 'vepřové_maso', 'tlusťoch', 'prasátko', 'pašík', 'vepřové', 'pudge', 'sus_scrofa_f_domestica', 'shote', 'conjoiners', 'prase', 'prase_domácí', 'hltat_zhltnout', 'prase_postel', 'kňour', 'nedbalý_člověk', 'volně_žijících_prasat', 'sus_scrofa', 'sus_scrofa_domestica', 'domácí_prase', 'porc']
plan	plán	Match	['kresby', 'řízení_programu', 'plány', 'program_management', 'projektová_dokumentace', 'námořnictvo_čínské_lidové_republiky', 'plánu', 'plan', 'plán', 'programu', 'program', 'naplánovat', 'plánovat', 'architektonické_plánování', 'architektonický_plán', 'manažer_programu']
plant	rostlinka	Found close match: ['rostlina', 'rostlin', 'rostliny']	['flóra', 'plantae', 'práce', 'druhy_rostlinné', 'rostlinstvo', 'trigun', 'druhů_rostlin', 'faktorie', 'primoplantae', 'závod_průmyslový', 'rostlinného', 'továrna', 'vegetabilia', 'factorij', 'rostliny', 'manufaktura', 'flóry', 'životnost_elektrárny', 'závod', 'výrobní_linka', 'továrny', 'tovární_dělník', 'výrobních_závodů', 'fabryka', 'výroba', 'květena', 'průmyslový_závod', 'archaeplastida', 'rostlina', 'montážní_linky', 'montážní_linka', 'feitoria', 'výrobní_linky', 'volavka', 'vytvořit', 'výrobní_závod', 'plant', 'fabrika', 'typ_bytosti', 'flora', 'produkční_linka', 'rostlin']
play	hrát	Match	['play', 'divadelní_hra', 'android_market', 'hazardní_hra', 'stageplay', 'hrajte', 'dovádění', 'manévr', 'vůle', 'divadelní_hru', 'google_play_store', 'hazardní_hry', 'hrát', 'spustit', 'drama', 'play_framework', 'dramata', 'google_play', 'dramatické_umění', 'šerm', 'vsadit', 'doba_hry', 'přehrávání_období', 'divadelních_her', 'rozpustilost', 'třpyt', 'činoherec', 'gaming', 'přinést', 'divadelní_hry', 'dramatická_hra', 'hru', 'vsadit_se', 'hrát_si', 'činohra', 'play_store', 'volnou_ruku', 'karban', 'hry', 'dramatická_forma', 'google_store', 'hra', 'přehrát', 'sázení', 'hráčům']
pleasure	potěšení	Match	['sondre_lerche', 'semisonic', 'potěšení', 'rozkoš', 'pleasure_p']
poor	špatné	Found close match: ['špatný']	['nízkými_příjmy', 'chudoby', 'špatný', 'zbídačení', 'slib_chudoby', 'chudáky', 'chudina', 'chudí', 'chudoba_jako_sociální_událost', 'chudák', 'chudý', 'relativní_chudoby', 'městské_chudoby', 'bída', 'chudoba', 'opuštěný', 'míra_chudoby']
prison	vězení	Match	['minimální_bezpečnostní', 'káznice', 'vězeň', 'věznicích', 'tom_robinson', 'nápravně_výchovný_ústav', 'jailhouse', 'věznění', 'vězení', 'pokey', 'uvěznění', 'věznice_pro_mladistvé', 'středně_bezpečnostní', 'žalář', 'uvězněn', 'šatlava', 'nvú', 'vězeňství', 'kriminál', 'těsný', 'uvěznit', 'věznice']
professional	profesionální	Match	['profesionální', 'profisport', 'znalec', 'expert', 'odborník', 'profesní', 'profesionální_sport', 'profesionálního_sportu', 'profesionál', 'profesionalitu', 'mistr']
protection	ochranu	Match	['protection', 'bezpečí', 'ochranu', 'zabezpečení', 'ochranný_kryt', 'ochrana', 'ochrana_zahraničního_obchodu', 'záštita', 'bezpečnost', 'bezpečnosti']
quality	kvalita	Match	['kvalita', 'kvality', 'výměnu', 'kvalitní', 'timbral', 'vlastnost', 'charakter', 'témbr', 'kvalitu', 'barva_zvuku', 'jakost', 'tón', 'barva_tónu', 'zabarvení', 'quality']
reaction	reakce	Match	['chemické_reakce', 'chemická_reakce', 'chemickou_reakci', 'reaction', 'chemicky', 'akce_a_reakce', 'třetí_newtonův_zákon', 'chemická_změna', 'chemický_proces', '3_newtonův_zákon', 'zákon_akce_a_reakce', 'reakční', 'reakce', 'chemický_děj']
read	číst	Match	['četba', 'studovat', 'čtení', 'přečíst', 'read', 'čtěte', 'číst', 'se']
relationship	vztah	Match	['příbuzenství_a_sestup', 'příbuzná', 'germanita', 'společnost', 'příbuznost', 'lidského_vztahu', 'příbuzní', 'lidské_interakce', 'dlouhodobém_vztahu', 'příbuzný', 'příbuzenstvo', 'vztah', 'známost', 'interpersonální_vztahy', 'relace', 'vztahu', 'interpersonální_vztah', 'filiace', 'mezilidských_vztahů', 'mezilidské_vztahy', 'příbuzenství', 'lidských_vztahů', 'interpersonální', 'příbuzenský_vztah', 'vztahy', 'mezilidský_vztah', 'dlouhodobý_vztah', 'připojení']
religious	náboženské	Match	['náboženská', 'duchovní', 'náboženské', 'mnich', 'náboženský', 'klerik', 'řeholník']
residence	rezidence	Match	['domácnost', 'dům', 'panský_dům', 'sídlo', 'domov', 'obyvatel', 'residencia', 'rezidence', 'bydliště', 'obytný_dům', 'habitant', 'místo', 'obydlí']
road	silnici	Match	['the_road', 'hráze', 'silniční', 'cesta', 'silnice', 'road', 'silnici', 'pryč_hra', 'new', 'silnice_hra']
sad	smutno	Found close match: ['smutný', 'smutné', 'smutná']	['smutek', 'smutné', 'lost_dogs', 'sadhe', 'sezónní_afektivní_poruchy', 'smutný', 'sezonní_afektivní_porucha', 'smutná', 'žal']
science	vědy	Match	['věda', 'empirické_vědy', 'vědy', 'vědecké_disciplíny', 'vědecká_disciplína', 'tradiční_věda', 'hlavního_proudu_vědy', 'dovednosti', 'science', 'vědecké']
seafood	potravina	Not found	[]
sell	prodat	Match	['prodej', 'prodat', 'prodávat', 'obchodník', 'nákupu', 'povolání', 'kupec', 'zradit', 'obchodování', 'komerce', 'obchod', 'kšeft', 'sell']
sew	vyšívání	Incorrect	['šít', 'stitchery', 'krejčovství', 'šití']
sexy	sexy	Match	['sexy', 'elephunk']
shape	tvar	Match	['vrchní_velitelství_spojeneckých_sil_v_evropě', 'pigmentace_kůže', 'stav', 'hmotné_tělo', 'lidské_pleti', 'hudební_útvar', 'hudební_forma', 'určit', 'lidské_anatomii', 'lidské_fyziologie', 'tvar_tělesa', 'masa', 'postava', 'tvaru', 'anatomická_variabilita', 'lekářská_fyziologie', 'tvar', 'lidský_organizmus', 'fyzické_tělo', 'forma', 'pleti', 'hudební_útvary', 'fotbalové_rozestavení', 'bod', 'fyziologie_člověka', 'lidské_tělo', '433', 'shape', 'těla', 'obrys', 'primitivní', 'vzor']
ship	loď	Match	['lodi', 'poslat', 'loď', 'lodě']
show	show	Match	['stanovit', 'ukazovat', 'dokázat', 'hazardní_hra', 'aby', 'zemědělské_výstavy', 'show', 'ukazují', 'hazardní_hry', 'veletrzích_kraje', 'prokázat', 'představení', 'svědčit', 'představení_zábavné', 'zobrazit', 'gaming', 'vyjádřit', 'karban', 'ukázat', 'sázení', 'hráčům']
sign	podepsat	Match	['dům', 'grafémů', 'nonnegativní', 'klinické_příznaky', 'symbol', 'brown_eyed_girls', 'kladné_číslo', 'souhvězdí', 'vývěsní_štít', 'sémiotika', 'elektronegativita', 'grapheme', 'grafický_symbol', 'znak', 'electropositive', 'hvězdné_znamení', 'ukazatel_směru', 'věštění', 'znamení', 'značení', 'zvířetníková_souhvězdí', 'augurie', 'signalizace', 'star_sign', 'předzvěst', 'podepsané', 'semiology', 'preindication', 'podepsat', 'záštitou', 'znamení_zvěrokruhu', 'lékařské_znamení', 'pokyn', 'elektronegativní', 'elektronegativní_prvek', 'signál', 'astrologické_znamení', 'digraf', 'signage', 'semiotika', 'auspicie', 'klinický_příznak', 'planetární_dům', 'zodiakální_souhvězdí', 'sémiologie', 'auguria', 'podpis', 'polaritu', 'sémiotiky', 'nezáporné', 'jazykový_znak', 'sémiotické', 'signalizační', 'značka', 'sémiotik', 'signalizaci', 'auspicia', 'grafém', 'trigraf', 'znaménko', 'foretoken']
silly	tohle	Incorrect	['nonsensicality', 'nonsensová_literatura', 'hloupý', 'hloupé', 'nesmyslný', 'nonsens', 'pošetilý', 'nesmyslné', 'pošetilé', 'silly', 'nesmysl']
sin	hříchu	Match	['hříšnost', 'sinhálština', 'hřešit', 'funkce_sinus', 'sin', 'sinhálec', 'hřích', 'hříšné', 'letiště_singapurchangi', 'šin', 'sinhala', 'hříchy', 'letiště_changi', 'hříšník', 'přestoupit', 'hříchu', 'sinhalština', 'zhřešit', 'su´en', 'nanna', 'sín', 'sinusoida', 'shin', 'nanar', 'sinus', 'jazyce_sinhala']
skin	kůže	Match	['duševní_instituce', 'day_for_night', 'téma', 'tištěný_spoj', 'pleť', 'almost_human', 'psychiatrické_nemocnice', 'neodermis', 'ray_of_light', 'osemení', 'vzhled', 'obvod_karty', 'tegument', 'modul_plugin', 'skin', 'kůže', 'australské_domorodé_příbuzenství', 'psychiatrická_léčebna', 'blender', 'plošný_spoj', 'deska_plošných_spojů', 'cutis', 'addin', 'zásuvný_modul', 'skinovatelný', 'pokožka', 'pluginy', 'šlupka', 'kožní', 'slupka', 'blázinec', 'kůži', 'barva_pleti', 'deska', 'r_kelly', 'robert_sylvester_kelly', 'plugin']
smart	smart	Match	['inteligencí', 'píchnutí', 'smart', 'chytrý', 'nestoudný', 'technologie_smart', 'bystrý', 'nestydatý', 'zpravodajská_služba', 'drzý', 'smart_metoda', 'rozvědka', 'inteligentní', 'chytré', 'inteligence', 'chytrá']
smiling	políbil	Not found	[]
solution	řešení	Match	['odpověď', 'homogenní_směs', 'řešení', 'rozpuštěných_látek', 'výsledku', 'výsledek', 'roztok', 'rovnice_řešení', 'solution', 'stejnorodá_směs', 'homogenní_soustavy', 'řešení_problémů']
soul	duše	Match	['soulové_hudby', 'duši', 'člověk', 'nesmrtelné_duše', 'oduševnělosti', 'jedinec', 'soul', 'aiúa', 'smrtelný', 'osoba', 'smrtelník', 'jednotlivci', 'někdo', 'jednotlivce', 'duší', 'duše', 'soulová_hudba']
sound	zvuk	Match	['znít', 'sluchové_vnímání', 'telefon', 'akustické_vlnění', 'zvuk', 'řečový_zvuk', 'zvukem', 'akustické_vlny', 'hlasitost', 'zdravý', 'průliv', 'audio', 'akustická_vlna', 'zvuky', 'tecnocumbia', 'výška_zvuku', 'mořská_úžina', 'zvuková_vlna', 'šíření_zvuku', 'úžina', 'zvukové_vlnění', 'hlásky', 'barva_zvuku', 'zvuku', 'zvukové_vlny', 'intenzita_zvuku', 'hláska', 'řeči_zvuk']
spoke	mluvil	Match	['řeč', 'ústní_sdělení', 'hlasová_komunikace', 'jazyk', 'hlasové_komunikace', 'loukoť', 'loukoťové_kolo', 'hovořil', 'mluvení', 'mluva', 'rundle', 'mluvený_jazyk', 'paprskové_kolo', 'mluví_komunikace', 'řečové_komunikace', 'spoke', 'paprsky', 'lidské_řeči', 'paprsek', 'řeči', 'kolo_promluvil', 'mluvil']
star	hvězdy	Match	['filmová_hvězda', 'kouzelník', 'hvězdička', 'estelle', 'herec_v_hlavní_roli', 'vedoucí_herec', 'mavin', 'hlavní_role', 'ilean_almaguer', 'steroidů_akutní_regulační_protein', 'pětihvězdičkový_hotel', 'hvězdy_polygonu', 'vznik_hvězdy', 'headliner', 'odbornice', 'hvězdiček', 'mág', 'hvězdy', 'hrát', 'filmových_hvězd', 'expert', 'vznik_hvězd', 'estelle_fanta_swaray', 'adept', 'eso', 'superstar', 'targz', 'the_star', 'celebrity', 'hvězda', 'maven', 'zánik_hvězdy', 'wiz', 'slavná_osoba', 'zběhlý', 'svištět', 'celebrita', 'bcg_matice', 'hvězdicová_topologie', 'herečka_v_hlavní_roli', 'star', 'asterisk', 'parmice', 'popstar', 'the_lamb', 'xerox_star', 'mediální_osobnost', 'the_rise_and_fall_of_ziggy_stardust_and_the_spiders_from_mars', 'hvězd', 'zánik_hvězd', 'odborník', 'hvězda_graf', 'druhy_hvězd', 'televizní_osobnost', 'estelle_swaray', 'tar']
student	studentů	Found close match: ['student', 'studenti', 'studentka']	['učenec', 'učený_člověk', 'bookman', 'knihkupec', 'knihkupců', 'studenti', 'studentka', 'študák', 'student', 'študent', 'prvního_ročníku', 'studující', 'knihkupectví', 'žák', 'educatee', 'knižního', 'studentská', 'christ_church_cathedral', 'william_sealy_gosset', 'christ_church']
stupid	tohle	Incorrect	['stupe', 'pillock', 'hloupý_člověk', 'hlupák', 'hloupý', 'blbý', 'blbost', 'pudink_hlava', 'pudden_hlava', 'špatná_ryby', 'hloupost', 'ravensymone', 'stupidita', 'hlouposti']
successful	úspěšné	Match	['úspěšná', 'úspěšný', 'úspěšně', 'successful', 'úspěšné']
sugar	vanilky	Incorrect	['kostky_cukru', 'sugar', 'glassheart', 'simoleons', 'dinero', 'moolah', 'batman_navždy', 'glycidy', 'gelt', 'cukr', 'stolní_cukr', 'uhlohydráty', 'cukrů', 'škeble', 'bílý_cukr', 'batman_forever', 'mamon', 'cukrů_ve_víně', 'glycid', 'moučkový_cukr', 'karbohydrát', 'sacharidů', 'rafinovaný_cukr', 'sacharidy', 'cukry', 'hladiny_cukru', 'cukru', 'sacharid', 'uhlovodany', 'uhlohydrát', 'lotů', 'uhlovodan', 'karbohydráty']
suspect	podezřele	Found close match: ['podezřelý', 'podezřelá', 'podezřelých']	['podezřelá', 'podezřívat', 'žalovaná', 'podezřelých', 'podezření', 'podezřelý', 'robert_crais', 'pachatel', 'obžalovaný', 'žalovaný', 'nedůvěra', 'podezřelého', 'podezírat', 'odpůrce']
table	tabulky	Match	['tabulová_hora', 'atribut_prvku', 'značka_html', 'tabulkové_pole', 'lookup_tabulky', 'iframe', 'pozdržet', 'xml_prvek', 'značka_xhtml', 'stolek', 'html_prvek', 'tag', 'html_elementu', 'datový_list', 'vyhledávání', 'tabulky', 'vztah', 'tabulce', 'vyhledávací_tabulky', 'element_xml', 'tabulkové', 'lookup_table', 'prvek_xml', 'soundboard', 'xhtml_značka', 'sgml_prvek', 'atribut_tagu', 'databázové_tabulky', 'stůl', 'html_atribut', 'html_značka', 'href', 'mesa', 'element_xhtml', 'element_html', 'odložit', 'tabulka_v_databázi', 'tabulka', 'atribut_značky', 'značka', 'náhorní', 'prvek_xthml', 'xml_značka', 'databázová_tabulka', 'xml_element', 'prvek_html', 'sgml_element', 'lut', 'guyota', 'rezonanční_desky', 'stolová_hora', 'náhorní_plošiny', 'značka_xml', 'html_element']
taste	chuť	Match	['umělé_aroma', 'látka_zvýrazňující_chuť', 'vkus', 'chuťové_vnímání', 'sklon', 'chuťové_senzace', 'chutnat', 'přírodní_aroma', 'chuťové_modalita', 'základní_chuť', 'půvab', 'taste', 'chuťový_vjem', 'cítit', 'preference', 'ochutnat', 'chuti', 'vášeň', 'agent_příchuti', 'chuťové', 'nowhere', 'umělé_látky_určené_k_aromatizaci', 'vychutnat', 'degustace', 'chuť', 'preferencí']
team	tým	Match	['tým', 'rockových_kapel', 'rockové_skupiny', 'kapela', 'pracovní_buňka', 'sólový_umělec', 'instrumentální_soubor', 'skupina', 'team', 'hudební_skupina', 'hudební_soubor', 'bar_kapely', 'sportovní_tým', 'týmu', 'týmový', 'kolektivní_hra', 'týmový_sport', 'kolektivní_sport', 'rocková_skupina', 'pop_rocková_kapela', 'mužstvo', 'hudební_těleso', 'kolektivní_sporty', 'rocková_kapela', 'sólový_projekt']
texture	textura	Match	['mapu_textury', 'textura', 'makrostruktury', 'pocit_úst', 'mouthfeel', 'texturování', 'textury', 'strukturu', 'mapování_textur']
time	čas	Match	['timeless', 'taktu', 'futurum', 'timecom', 'časový_interval', 'in_my_own_words', 'bulb', 'scatmans_world', 'budoucí_čas', 'time_magazine', 'hodinové_cykly', 'časový_rámec', 'metrum', '44_taktu', 'time_inc', 'místo_v_čase', 'vznik_a_vývoj_vesmíru', 'časopis_time', 'jednoduchém_čase', 'napjatý', '24_čas', 'polymeter', 'krmných_čase', 'systémový_čas', 'y_not', '128_taktu', '68_taktu', 'čas', 'taktovací_frekvence', 'xkcd_1190', 'vznik_vesmíru', 'hudební_taktu', 'lhůtě', 'čtvrtý_rozměr', 'metr', 'doba', 'anastacia', 'hypnotica', 'duple', 'krát', 'hudební_metrum', 'sled_událostí', 'časy', 'smartstop', 'slovesný_čas', 'taktování', 'pacific_ocean_blue', 'čas_minulý', 'čas_t', '44', 'časovač', 'žárovka', 'časů', 'hodinový_signál', 'takt_procesoru', 'time', 'systémové_hodiny', 'minulý_čas', 'době', 'rozpínání_vesmíru', 'hodinovém_cyklu', 'dob', 'hodinových_cyklů', 'raném_vesmíru', 'vývoj_vesmíru', 'hodiny_hraní', 'trestu_odnětí_svobody']
tool	nástroj	Match	['nástrojů_pro_vývoj_softwaru', 'kláda', 'nádobíčko', 'nástroj', 'nástroje', 'programátorský_nástroj', 'péro', 'vývojářský_nástroj', 'tool', 'lofas', 'pták', 'programovací_nástroj', 'chuj', 'softwarových_nástrojů', 'čurák', 'nářadí', 'šulin', 'ocas', 'softwarový_vývojový_nástroj', 'kokot', 'loutka', 'softwarový_nástroj']
toy	hračku	Found close match: ['hračky', 'hračka', 'hračička']	['hračka', 'měňavý', 'hračička', 'plyšový_pejsek', 'toy', 'dřevěné_hračky__historie', 'hrát_si', 'erotické_pomůcky', 'chatoyancy', 'dětská_hračka', 'yello', 'toyline', 'erotická_pomůcka', 'hračky', 'psík', 'dětské_hračky']
tree	stromu	Found close match: ['strom', 'stromů', 'stromy']	['koncový_uzel', 'tree', 'charlotte_brontë', 'kořenový_uzel', 'vnitřní_uzel', 'stromová_struktura', 'posvátný_strom', 'kult_stromů', 'nadřazený_uzel', 'strom', 'stromek', 'stromů', 'stromy', 'les', 'podstrom', 'charlotte_brontéová', 'zakořeněný_strom', 'charlotte_brontëová', 'uzel_typu_list', 'strom_datová_struktura', 'stromu_uctívání', 'strom_diagram', 'podstromu', 'kořenový_strom', 'nadřazeného_uzlu', 'sir_herbert_beerbohm_tree', 'herbert_beerbohm_tree', 'charlotte_bronte']
trial	obžalobě	Found close match: ['žaloba']	['soudní_řízení', 'ⅲ', 'správní_žaloba', 'civilní_řízení', 'žaloval', 'žaloba', 'paucal', 'trojka', 'iii', 'příčinnost', 'sporu', 'kauzalita', 'tercet', 'fyzikální_kauzalita', 'triál', '➂', 'číslo', 'trojné_číslo', 'dvojkaace', 'kausalita', 'občanskoprávní_věci', '3', 'občanské_soudní_řízení', 'gyrátor', 'tři', 'proces', 'právní_spor', 'soužení', 'ústavní_žaloba', 'proces_soudní', 'transformátor', 'trigon', 'soudní_spor', 'příčiny', 'číslo_dohoda', 'gramatické_číslo', 'terzetto', 'soudní_proces', 'přelíčení', 'litigace', '❸', 'vyšetřovací', 'kauzální', 'zkouška', 'čísla', 'soudní_řízení_o_věcech_občanskoprávních', 'zkušební_provoz', 'strany_sporu', 'actio', '③', 'zkušební', 'civilní_proces', 'test', 'experimentu', 'soud', 'ternion', 'trojice', 'právního_sporu', 'soudní_pře', 'občanskoprávní_řízení', 'civilní_soudní_řízení', 'případ', 'snažil', 'testu', 'mluvnické_číslo', 'trojí', 'causa', '➌']
tried	pokusil	Found close match: ['zkusil', 'zkusila']	['soudní_řízení', 'přelíčení', 'litigace', 'proces_soudní', 'snažil', 'zkoušel', 'zkoušela', 'zkusil', 'soudní_proces', 'zkusila', 'zkoušeli', 'soud']
typical	typické	Match	['typická', 'typický', 'typické']
unaware	neprozradí	Not found	[]
usable	použitelné	Match	['funkční', 'snadné_použití', 'použitelný', 'použitelnost', 'uživatelsky_přívětivé', 'použitelná', 'snadnost_použití', 'uživatelská_přítulnost', 'použitelné']
useless	nepoužitelné	Incorrect	['zbytečné', 'useless', 'zbytečná']
vacation	prázdninové	Found close match: ['prázdniny']	['dovolenou', 'prázdniny', 'dovolená', 'dovolené']
war	války	Match	['vojna', 'válek', 'the_war', 'válčení', 'vojenský_konflikt', 'boj', 'válečný_stav', 'all_or_nothing', 'válku', 'ares', 'válce', 'ozbrojené_konflikty', 'ozbrojený_konflikt', 'ozbrojeného_konfliktu', 'válečný_konflikt', 'waraywaray_jazyk', 'ozbrojených_konfliktů', 'válka', 'belligerence', 'war', 'války', 'strom_snů', 'warajština']
wash	vysušit	Incorrect	['vymývání', 'buried', 'mytí', 'arroyo', 'lavírovaná_kresba', 'the_wash', 'lavation', 'washables', 'prát', 'zahrnování', 'lavírování', 'unearthed', 'čínské_prádelny', 'scan', 'umýt', 'závětří', 'praní', 'suché_mytí', 'pradlena', 'lost_dogs', 'mýt', 'navlhčit', 'prádelna']
weak	slabé	Match	['slabá', 'svalové_slabosti', 'slabý', 'slabé', 'the_sea', 'slabost']
wear	nosit	Match	['šaty', 'odolnost_proti_opotřebení', 'oděvy', 'oděv', 'nosit', 'článek_oblečení', 'opotřebení', 'dámskou', 'odívání', 'přehození', 'oblek', 'oblékání', 'ošacení', 'šat', 'oblečení', 'wear', 'mechanické_opotřebení', 'ucházející']
weather	počasí	Match	['povětrnostní_podmínky', 'počasí', 'předpověď_počasí', 'počasí_výhled', 'weather', 'povětrnost', 'atmosférické_podmínky']
willingly	dobrovolně	Match	['dobrovolně', 'ochotně']
word	slovo	Match	['náboženského_textu', 'řetězec', 'winword', 'biblia', 'scriptura_sacra', 'syn', 'čestné_slovo', 'hesla', 'word_pro_windows', 'biblické', 'dobrý_book', 'syna', 'christian_bible', 'ms_word', 'password', 'křesťanské_bible', 'křesťanských_písmech', 'microsoft_word', 'slovo', 'svatá_písma', 'slov', 'slib', 'datové_slovo', 'heslo', 'loga', 'poselství', 'diskuse', 'kniha_knih', 'bibli', 'word', 'bible', 'scriptura_sancta', 'posvátný_text', 'biblí', 'boží_slovo', 'svatá_kniha', 'písmo_svaté', 'náboženský_text', 'příslib', 'diskuze', 'posvátných_textů', 'doc', 'logos', 'biblia_sancta']
