ability	sposobnost	Match	['talent', 'mogućnost', 'sposobnost', 'nadarenost', 'moć', 'prirođena_sklonost', 'sposobnosti']
accomplished	uspješan	Incorrect	['ostvaren', 'postigao']
angry	naljuti	Found close match: ['ljut', 'ljuta']	['mad_season', 'ljuta', 'ljut', 'angriness', 'kay_starr', 'ljutnja', 'press_to_play']
apartment	restorana	Found close match: ['stan']	['stambenoj_zgradi', 'vila_blok', 'apartmanskom_naselju', 'stan', 'apartment', 'apartman', 'blok_stanova', 'vrt_apartman']
applause	publike	Incorrect	['pljesak', 'pljȇsak', 'aplauz', 'applause', 'pljeskanje', 'handclaps', 'aplàuz']
argument	argumentu	Found close match: ['argument', 'argumenti', 'argumente']	['disceptation', 'nagnute_argument', 'rasprava', 'glagol_argument', 'argumentacija', 'logičkog_argumenta', 'govora_i_rasprava', 'kontroverzi', 'prijepor', 'debata', 'logičan_argument', 'kontroverza', 'pobijanje', 'kontroverze', 'tvrdeći', 'obrazlaganje', 'linija_razmišljanja', 'argumente', 'parametar', 'argumentacije', 'dokazivanje', 'polemika', 'diskusija', 'argument', 'argumentiranje', 'političke_debate', 'argumenti', 'književni_argument', 'izjava', 'liniju', 'raspraviti']
art	umjetnosti	Match	['ilustracije', 'likovnih_umjetnosti', 'umijeće', 'umjetnica', 'fino_umjetnik', 'članak', 'agouti_vezane_peptid', 'umjetničkog_izražavanja', 'grafičko_oblikovanje', 'umjetnička_produkcija', 'lijepa_umjetnost', 'junaštvo', 'umješnost', 'art', 'nontextual_stvar', 'grafika', 'grafike', 'umjetnost', 'beauxarts_arhitekture', 'beaux_arts', 'umjetnosti', 'beaux_arts_arhitekture', 'grafički', 'likovne_umjetnosti', 'umjetnik', 'grafičarka', 'beauxarts_stilu', 'grafičar', 'umjetničko_stvaralaštvo', 'član', 'dni']
attitude	stav	Match	['nepodopštinu', 'vladanje', 'težnja', 'raspolaganja', 'društveno_ponašanje', 'attitude', 'malpresentation', 'stav', 'ponašanje', 'društvenog_ponašanja', 'ponašanja', 'dispozicija', 'držanje', 'bijesan', 'reload', 'ponašanju', 'ophođenje', 'prostorne_orijentacije', 'djela', 'uvjerenje', 'orijentacija', 'mentalni_stav', 'položaj', 'euler_kutova', 'tendencija', 'nedolično_ponašanje', 'usmjerenje', 'položaju', 'sklonost', 'poza']
bag	vrećica	Match	['otuđiti', 'torbica', 'krasti', 'torba_za_kupovinu', 'bag', 'kartonska_vrećica', 'multiset', 'torbu', 'taška', 'vime', 'kofer', 'putna_torba', 'koveeg', 'škarnicl', 'šalica_čaja', 'papirnata_vrećica', 'multisets', 'stara_torba', 'baza', 'torba', 'ukrasti', 'pokrasti', 'otuđivati', 'vreća', 'vimena', 'kesica', 'kufer', 'puna_torba', 'kovčeg', 'vrećica', 'plastična_vrećica', 'torbe', 'izbočiti_se', 'kesa']
ball	lopta	Match	['tane', 'gruda', 'loptu', 'glob', 'puščanim_loptu', 'nogometna_lopta', 'mušketa_lopte', 'metak', 'zrno', 'blok', 'jagodica', 'okruglasti', 'sjemenik', 'ballock', 'teniska_loptica', 'bal', 'sfera', 'puščano_zrno', 'sjemenici', 'kugla', 'testis', 'komad', 'jaja', 'testisa', 'teste', 'testisi', 'nogomet', 'teniske_loptice', 'tenisku_lopticu', 'cjevčica', 'ball', 'polukuglu', 'štrajk_zona', 'mudo', 'lucille_ball', 'loptica', 'lopta', 'john_ball', 'grumen']
bar	marble	Found close match: ['barline', 'mbar']	['začepljivati', 'sandbars', 'petronimika', 'patronimik', 'prevenciju', 'krčma', 'sprud', 'protjerati', 'pruga', 'zabarikadirati', 'mbar', 'kafić', 'taverna', 'pub_grub', 'gin_mlin', 'pivovare_slavinu', 'ogreb', 'isključiti', 'izopćiti', 'bavarski', 'prepriječiti', 'bar', 'dotaknite_kuću', 'salun', 'zatvoriti', 'pub_hranu', 'začepiti', 'pivnica', 'štand', 'advocatus', 'salon_čuvar', 'bife', 'javne_kuće', 'zakrčiti', 'okoliš', 'barline', 'mašina_za_pročišćavanje_pamuka', 'beta2_receptora', 'pab', 'pub_znak', 'prevenciji', 'plićak', 'country_inn', 'bavarski_jezik', 'letvica', 'prevencija', 'beta2_adrenergičke_receptore', 'odvjetnička_komora', 'foobar', 'šipka', 'rešetka', 'mikrobar', 'konoba', 'jata', 'hostelry', 'pub', 'pult_s_hranom_i_pićem', 'patronymics', 'antibari', 'pult', 'blokirati', 'bojkotirati', 'farnesoid_x_receptor', 'browning_automatska_puška', 'antivari', 'gostionica', 'bara', 'pravna_struka', 'zatvarati', 'letva', 'milibara', 'pravni_zajednica', 'bár', 'baru', 'oštarija', 'šank', 'prognati', 'očevo', 'patrynomic', 'patronim', 'točionica', 'takt', 'preča', 'isključivati', 'prečka', 'foo']
bear	medvjed	Match	['nositi', 'roditi', 'držati', 'tupoljev_tu96', 'stajati', 'probavljati', 'bear', 'medvjeda', 'doprinijeti', 'medo', 'držati_se', 'medvjed', 'poròditi', 'webelos', 'podnositi', 'prinositi', 'probaviti', 'doprinositi', 'izdržavati', 'prinijeti', 'ursidae', 'podnašati', 'tu96', 'porađati', 'donijeti', 'ponašati_se', 'mike_brown', 'imati', 'uroditi', 'sadržati', 'tupoljev_tu95', 'trpjeti', 'sadržavati', 'podnijeti', 'medvjedi', 'rađati', 'izdržati', 'tu114', 'pridonositi', 'medvjeđi', 'davati', 'iščekivati', 'očekivati', 'donositi', 'otrpjeti', 'dati', 'poroditi', 'tolerirati', 'medvjeda_zajednice', 'čuvati', 'ponijeti_se', 'durati', 'obnašati', 'izdurati', 'vladati_se', 'pridonijeti', 'uzeti', 'tu95']
beat	pobijedivši	Found close match: ['pobijediti', 'promiješati']	['preneraziti', 'biti', 'zadrhtati', 'mlatiti', 'beatnik', 'smetati', 'zbunjivati', 'drhtati', 'udariti', 'kucati', 'udarati', 'čekićati', 'zabezeknuti', 'preneražavati', 'glazbeni_ritam', 'zapanjivati', 'tući', 'isprebijati', 'treperiti', 'nadmudriti', 'otkucati', 'zaprepašćivati', 'frapirati', 'smesti', 'pulsirati', 'otkucavati', 'zatitrati', 'doba', 'promiješati', 'zaprepastiti', 'ritmička_jedinica', 'puls', 'titrati', 'zbuniti', 'siteswap', 'premostiti', 'lupati', 'offbeat', 'klepnuti', 'bubnjati', 'zatreperiti', 'zgranuti', 'odbiti', 'pobijediti', 'klepetati', 'bitnik', 'lepetati', 'pjesničkog_metra', 'istući', 'ritam', 'zadiviti', 'ritmova', 'isčekićati', 'zapanjiti', 'začuditi', 'metar', 'zgranjivati', 'beat']
bed	krevet	Match	['karati_se', 'postelja', 'krevet', 'seksati_se', 'voditi_ljubav', 'ležaj', 'gredica', 'dno', 'bed', 'ići_na_spavanje', 'općiti', 'red', 'ići_u_krevet', 'poševiti', 'jebati', 'krevetu', 'potoka', 'creek_krevet', 'spavati', 'ševiti', 'lijeha', 'ševiti_se', 'potok_krevet', 'naslaga', 'šav', 'jebati_se', 'poremećaja_prehrane', 'sloj']
beer	pića	Found close match: ['piva']	['ale', 'beer', 'piva', 'pivo', 'pive', 'pivu']
big	veliki	Match	['zreo', 'samohvalisav', 'velikodušan', 'velika', 'čuven', 'obiman', 'velik', 'velike', 'bjarke_ingels_group', 'voća', 'stypsis', 'jak', 'plemenit', 'istaknut', 'krupan', 'sazreo', 'znamenit', 'veliko', 'snažan', 'bouquet', 'širokogrudan', 'big', 'glasovit', 'ugledan', 'mineralnost', 'tijelo', 'veliki', 'buke', 'odrastao', 'norm_nixon']
bird	ptica	Match	['meso_peradi', 'ptica', 'yardbird_parker', 'charlie_parker', 'charles_christopher_parker', 'razzing', 'ptice', 'avifauna', 'razz', 'bird_parker', 'zviždati', 'bird', 'djevojka', 'avafauna', 'prst', 'aves', 'loptica', 'bronx_razveseliti', 'roosting', 'mikuni_shimokawa']
blood	krvi	Match	['obitelj', 'blood', 'soj', 'ljudskom_krvlju', 'rakehell', 'loza', 'genetskog_nasljeđivanja', 'bordeaux_vino', 'potomstvo', 'kisikom_krvi', 'krv_linija', 'bordeaux', 'kainah', 'porod', 'hematoloških', 'krvi', 'vs', 'rod', 'nasljeđe', 'nasljedstvo', 'persistence_of_time', 'biološkog_nasljeđivanja', 'naslijeđe', 'bordeaux_vina', 'loze', 'ljudske_krvi', 'raskalašnik', 'collective_soul', 'sanguis', 'the_black_parade', 'krv', 'getting_away_with_murder']
body	tijela	Match	['trȗp', 'točke_veličine', 'oličavati', 'vijest', 'fizičko_tijelo', 'suptilno_tijelo', 'hulahopke', 'coachbuilder', 'fizički_objekt', 'dosljednost', 'članak', 'novinski_članak', 'leševa', 'fizikalno_tijelo', 'polytopes', 'skup', 'točka', 'karoserija', 'catsuit', 'voća', 'mrtvac', 'zajednica', 'fizička_struktura', 'stypsis', 'truplo', 'telo', 'tranzistora_s_efektom_polja', 'učinkom_polja_tranzistora', 'skupina', 'prijemnik', 'tranzistor_s_učinkom_polja', 'fet', 'mrtvo_tijelo', 'tȍrzo', 'torzo', 'leš', 'kadaver', 'bouquet', 'soundbox', 'tijela', 'lješ', 'prtljažniku', 'trup', 'strvina', 'grupa', 'unipolarni_tranzistori', 'mačka_odijelo', 'tijelo_odijelo', 'body', 'tranzistor_s_efektom_polja', 'kadavera', 'mineralnost', 'posmrtni_ostatci', 'teairra_marí', 'organska_struktura', 'bodysuit', 'karoserije', 'eubstance', 'tijelo', 'buke', 'polytope', 'vrata', 'unitard']
brain	moždana	Incorrect	['encefalon', 'pamet', 'genij', 'banks', 'ljudskog_uma', 'genije', 'razmišljanje', 'razlog', 'um', 'mentalnog_sadržaja', 'mentalni_kapacitet', 'brain', 'mozga', 'encephalon', 'bryan_mantia', 'psiha', 'intelekt', 'glavu', 'mentalitet', 'bistrina', 'mozak', 'brainiac', 'uma', 'sisavaca_mozga', 'inteligencija', 'razbor', 'razum', 'brainpower', 'nous', 'sposobnost_učenja']
broken	zavezanih	Incorrect	['razoren', 'razlomljen', 'ms_kelly', '12_stones', 'winterhearts_guild', 'plastic_beach', 'csi_miami', 'slomljena', 'slomljen', 'the_best_of_bruce_dickinson', 'echo', 'delta_machine', 'slomljeno', 'broken', 'slomljeni']
building	zgrada	Match	['građevinskoj_industriji', 'konstruiranje', 'građevina', 'gradilištu', 'građevinarstvo', 'građenje', 'izrada', 'izgradnja', 'javnih_zgrada', 'javne_zgrade', 'zgrada', 'izgrađivanje', 'zgradi', 'izrađivanje', 'grade', 'gradnja', 'građevinska_industrija', 'zdanje', 'zgrade']
burn	zapaljenje	Incorrect	['eritem_solare', 'fc_dallas', 'ispaliti', 'zapaliti', 'spaljivati', 'izgori', 'vodotok', 'plamtjeti', 'vodeni_tok', 'potoci', 'plamen', 'potpaljivati', 'užeći', 'spali_trag', 'spržiti', 'drugi_stupanj_spali', 'spaliti', 'potok', 'tok', 'burn', 'upaliti', 'ispaljivati', 'izgarati', 'požar', 'tan', 'žeći', 'sažeći', 'ugristi', 'goreći', 'sažigati', 'sagorijevati', 'izgorjeti', 'opeći_se', 'treći_stupanj_spali', 'potpaliti', 'opeklina', 'žgati', 'zapaljivati', 'opekotina', 'opržiti', 'spali', 'užgati', 'opeći', 'gori', 'vatra', 'sažgati', 'opekline_trećeg_stupnja', 'ruisseau', 'gorjeti', 'potocima', 'ubosti', 'preplanulost', 'opekline', 'sagorjeti', 'pržiti', 'kiptjeti', 'kauterizirati', 'paliti', 'potočić', 'zapaliti_se', 'upaljivati']
business	poslovni	Match	['posao', 'glavni_cilj', 'dan_posao', 'poslovni_put', 'poslovna', 'zadobit', 'poslovni_briga', 'točka', 'business', 'poslovno', 'klijentela', 'poslovanje', 'poslovni', 'epizoda', 'poslovanja', 'poslovni_petlja', 'zanimanje', 'poduzeće', 'za_profit', 'linija_rada', 'faza_poslovnog', 'poduzetništvo', 'trgovac', 'biznis', 'tvrtka', 'poslovni_sustav', 'samostalni_poduzetnici', 'poslovne', 'klijentelu', 'poslovna_organizacija', 'kupca', 'poslovnom_sektoru', 'poslovni_sektor', 'branša']
camera	kamera	Match	['kameru', 'the_back_room', 'motionpicture_kamera', 'filmsku_kameru', 'fotokamera', 'televizijska_kamera', 'kamera', 'fotoaparat', 'fotografska_kamera', 'cinekamera', 'fotić', 'kinokamera', 'tv_kamera', 'kamere', 'camera']
carefully	pažljivo	Match	['uzrujavanje', 'brìžljivo', 'pȏmno', 'muka', 'brige', 'iritiranje', 'pòmnjivo', 'briga', 'pažljivo', 'brinuti']
challenge	pobijediti	Found close match: ['pobijati', 'pobiti', 'proturječiti']	['sporiti', 'izazvati', 'izazivati', 'proturječiti', 'osporavati', 'pobijati', 'propitivanje', 'izazovodgovor', 'izazov', 'izazovi', 'pobiti', 'protusloviti']
charity	dobrotvorna	Found close match: ['dobrotvorni', 'dobrotvorne', 'javna_dobrotvorna']	['ljubavi', 'dobrotvorna_ustanova', 'charity', 'dobrotvorni', 'milost', 'milosrđe', 'ljubav', 'ljubav_prema_bližnjem', 'bratska_ljubav', 'ljubav_prema_bližnjemu', 'polemonium_kombibruntiae', 'dobrotvorne_organizacije', 'dobrotvorne', 'polemonium_caeruleum', 'javna_dobrotvorna', 'polymonium_caeruleum_kombibruntiae', 'dobročinstvo', 'dobrotvorstvo', 'dobrotvorna_organizacija', 'status_dobrotvorne', 'registrirana_dobrotvorna']
charming	snalažljiv	Incorrect	['šarmantan']
clothes	odjeću	Match	['podesan_za_nošenje', 'odjeće', 'odjevni_predmet', 'odjevnoj_industriji', 'odjevni', 'žensku', 'odjeću', 'ruho', 'odijelo', 'odjeća', 'nošnja']
cockroach	kukca	Incorrect	['podred_blattodea', 'podred_blattaria', 'žohar', 'blattaria', 'cockroach', 'žohara', 'bubašvaba', 'blattodea', 'red_blattaria', 'žohari', 'red_žohara']
code	kodne	Found close match: ['kod']	['kodirati', 'zakazati', 'zakonik', 'prekodirati', 'prevoditi', 'kod', 'programirati', 'kodifikacija', 'šifrirati', 'kompjuterski_kod', 'šifra', 'prevesti', 'kôd', 'računalo_kod', 'računalni_kod']
collection	kolekcija	Match	['hawkwind', 'kolekcija', 'zbirka_agencija', 'domaćin', 'akon', 'skup', 'sabiranje', 'agregacije', 'žetva', 'umjetničkim_zbirkama', 'skupljanje', 'prikupljanje', 'umjetnička_zbirka', 'agregacija', 'veliku_dobit', 'joe_sample', 'skupina', 'komplet', 'sastavljanje', 'kompendij', 'agregat', 'pridruživanje', 'pregled', 'collection', 'the_charlatans', 'nakupljanje', 'gomilanje', 'zbir', 'grupa', 'the_offspring_collection', 'okupljanje', 'kompilacija', 'kontejner', 'serije_knjiga', 'zahtjev', 'zbirka', 'dug_kolektor']
computer	računalni	Found close match: ['računalo', 'računala', 'računalni_uređaj']	['računala', 'kalkulator', 'mikroračunalo', 'computing_stroj', 'elektroničkog_računala', 'kompjutor', 'digitalnih_računala', 'računalni_uređaj', 'koji_vrši_procjenu', 'podaci_procesor', 'obradnik', 'računalo', 'računalne_glazbe', 'računalni_sustav', 'elektronska_računala', 'računalnim_sustavima', 'rednik', 'opće_namjene_računalo', 'ljudsko_računalo', 'figurer', 'informacije_sustav_za_obradu', 'osobna_računala', 'komputator', 'kompjuter']
construction	izgradnja	Match	['konstrukcije', 'gramatička_konstrukcija', 'izgradnju', 'građenje', 'gramatičke_konstrukcije', 'izraz', 'runescape', 'gradilištu', 'izgradnja', 'sudskog_tumačenja', 'struktura', 'gradnja', 'građevinskoj_industriji', 'ustavne_interpretacije', 'konstruiranje', 'konstrukcija', 'model', 'građevinarstvo', 'izrada', 'radovi', 'izgrađivanje', 'mentalno_sinteza', 'izrađivanje', 'građevinska_industrija']
cook	mccook	Found close match: ['cook', 'james_cook']	['spremati', 'lažirati', 'kuhati', 'frederick_albert_cook', 'kipjeti', 'james_cook', 'pripremati', 'krivotvoriti', 'provirati', 'pripraviti', 'kuhar', 'proključati', 'skuhati', 'napraviti', 'kapetan_james_cook', 'souskuhar', 'kuharstvo', 'provreti', 'ključati', 'zgotoviti', 'zgotovljavati', 'kȕhār', 'uskipjeti', 'zakipjeti', 'slagati', 'složiti', 'kuhara', 'uskipljivati', 'praviti', 'spremiti', 'cook', 'kratko_kako_kuhati', 'vreti', 'pripremiti', 'falsicirati', 'pripravljati', 'frédérick_cook', 'kapetan_cook', 'uzavreti', 'uzavirati', 'povjerenstva_kuhar', 'kȕharica']
counting	brojanje	Match	['popis', 'popisivanja', 'računajući', 'brojanje', 'brojimo', 'brojevni_sustav', 'brojim']
crazy	poludim	Found close match: ['ludilo', 'ludila', 'lud']	['ludila', 'nutcase', 'ludnica', 'looney', 'famous_last_words', 'umobolnost', 'crazy', 'usher', 'bolest_uma', '(you_drive_me)_crazy', 'the_red_album', 'ludilo', 'šašav', 'because_of_you', 'playing_with_fire', 'loca', 'mentalna_bolest', 'ludo', 'erika_jayne', 'luda', 'lud']
damage	oštete	Found close match: ['šteta', 'oštetiti', 'oštećenje']	['šteta', 'zlo', 'damage', 'oštetiti', 'izgrditi', 'pogoršati_se', 'oštećenje', 'cijena', 'oprema_nezgode', 'naštetiti', 'deteriorirati', 'štetiti', 'ozljeda', 'pogoršavati_se', 'oštećenja', 'cijene', 'pravni_ozljede', 'degenerirati', 'povreda', 'iznakaziti', 'oštećivati']
dance	ples	Match	['cupkati', 'plesača', 'plesanje', 'igrati', 'plesač', 'plesati', 'dancé', 'pleši', 'ples', 'waterloo', 'dance_party', 'plésati', 'dance', 'postdisco', 'plesne_glazbe', 'oliver_heldens']
dangerous	opasnima	Found close match: ['opasni', 'opasna', 'opasno']	['opasno', 'opasna', 'opasni', 'dangerous', 'its_hard', 'opasan']
deceive	prevariti	Not found	[]
dedication	posvete	Found close match: ['posvetu', 'posvećenost']	['obveza', 'dedication', 'obaveza', 'posvećenost', 'predanost', 'obvezivanje', 'posvetu']
deliberately	namjerno	Match	['namjerno']
delivery	transportnog	Found close match: ['transport']	['rođenje', 'prometne_infrastrukture', 'doprema', 'ponuda', 'šala', 'transport', 'delivery', 'pravni_prijenos', 'promet', 'spasenje', 'govor', 'dostavu', 'porodničarskih_dostava', 'porod', 'šaljiv', 'otuđenje', 'spas', 'spasiti', 'dopremanje', 'rađanje', 'dostavljač', 'vic', 'spašavanje', 'šega', 'poroda', 'prijevoz', 'porođaj', 'dostava', 'otuđenja', 'kućnu_dostavu', 'dostavljanje', 'vaginalni_rođenja', 'pošalica', 'spašavanja', 'porodjaj', 'način_govori', 'isporuke', 'oslobođenje', 'otuđiv', 'donošenje', 'isporuka']
dessert	krumpir	Incorrect	['desertno_vino', 'desert', 'dezert', 'desertna_vina', 'slastica', 'nakon_njega']
device	uređaj	Match	['uzorak', 'očvrsje', 'device', 'mobilni_telefon', 'sprava', 'računalna_sklopovska_podrška', 'strojna_oprema', 'crtež', 'znamen', 'strojevina', 'znak', 'configsys', 'mobitela', 'postupak', 'trik', 'strojevi', 'sklopovlje', 'računalni_hardver', 'mobilne_komunikacije', 'uređaj', 'sklopovska_podrška', 'hardver', 'ukrasni_uzorak', 'mobilnih_telefona', 'stroj', 'mobile', 'oznaka', 'strojeva', 'hardware', 'bežični_telefon', 'dijelovi_računala', 'naprava', 'kapitalne_opreme', 'mobitelima', 'mobitel', 'računalno_sklopovlje', 'prijenosni_telefon']
dig	iskopati	Match	['piknuti', 'razumijevati', 'uviđati', 'arheološki_lokalitet', 'kopati', 'robijati', 'skužiti', 'kulučiti', 'čeprkati', 'izdubiti', 'upiknuti', 'nabosti', 'dig', 'podbadati', 'iskopina', 'kužiti', 'zabosti', 'bocnuti', 'shvati', 'dokučiti', 'shvaćati', 'uvidjeti', 'kopanje', 'dirinčiti', 'pikati', 'dubiti', 'razumjeti', 'izdubljivati', 'dokučivati', 'podsmijeh', 'iskop', 'zarinuti', 'zarivati', 'zabiti', 'bosti', 'ruganje', 'crnčiti', 'iskapati', 'bockati', 'zariti', 'rintati', 'zabadati', 'iskopavati', 'pojmiti', 'poimati', 'arheološko_nalazište', 'štihati', 'raditi', 'ubadati', 'ubosti', 'mučiti_se', 'iskopati', 'prokužiti', 'nabadati', 'podbosti', 'prekopati', 'shvatiti', 'probosti', 'probadati', 'prekopavati', 'rinuti', 'zabijati']
dinner	večeru	Match	['svečana_večera', 'večera', 'drugi_ručak', 'ručak', 'čaj', 'svečani_ručak', 'večeru', 'tiffin', 'objed', 'dejeuner', 'popodnevni_čaj', 'teatime']
disease	bolesti	Match	['medicinskim_uvjetima', 'medicinski_poremećaj', 'begowal', 'zapaljenje_plućne_maramice', 'bȍlēst', 'oboljenje', 'bolest', 'boljka', 'unwellness', 'upala_pluća', 'pleuritis', 'bolesti', 'zdravstveno_stanje', 'boljetica']
dissolve	formirati	Not found	[]
disturb	pljuvati	Not found	[]
do	slucaju	Not found	[]
doctor	doktor	Match	['popraviti', 'profesionalni_doktorat', 'doktorirao', 'doktor_crkve', 'dr_who', 'doktor_medicine', 'naučitelja_crkve', 'sanitetski_časnik', 'obnavljati', 'liječnika', 'kirurga', 'učitelj_crkve', 'doktor', 'operativni_kirurg', 'liječnica', 'krpiti', 'popravljati', 'rude_boy', 'drmed', 'lijȇčnīk', 'doktorata', 'dr', 'eliza', 'hirurg', 'loïc_nottet', 'doctorat', 'kirurg', 'doktore', 'doktor_znanosti', 'liječništvo', 'dr_sc', 'liječnik', 'doctor_who', 'obnoviti', 'doktorirali', 'doktorat', 'crkveni_naučitelj', 'liječnici']
dog	pasa	Found close match: ['psa', 'pas']	['zaponska', 'psa', 'obiteljski_canidae', 'pasželjezo', 'proganjati', 'psu', 'firedog', 'familiaris', 'porodica_canidae', 'kanida', 'natjeravati', 'zapinjač', 'pas', 'canis_familiaris', 'pratiti', 'staromodno_obučena_žena', 'hot_dog', 'naganjati', 'goniti', 'weenie', 'hrenovka', 'pas_meso', 'hulja', 'progoniti', 'domaćeg_psa', 'ganjati', 'canidae', 'domaći_pas', 'duck_hunt', 'slijediti', 'canis_lupus_familiaris', 'andiron', 'dog', 'hotdog', 'domaći_psi', 'lupus_familiaris', 'juriti', 'psi', 'loviti', 'hrenovke', 'porodica_pasa', 'hvatati']
dressing	odjevena	Found close match: ['odjevni', 'odjeće', 'odjeća']	['preljev_za_salatu', 'odjeće', 'odjevni_predmet', 'odjevnoj_industriji', 'podesan_za_nošenje', 'nadjev', 'odjevni', 'žensku', 'zavoj', 'medicinske_preljev', 'preljev', 'salate', 'ruho', 'medicinski_zavoj', 'odijelo', 'odjeća', 'zavijanje', 'oblog']
driver	vozač	Match	['vòzāč', 'drivere', 'šofer', 'šuma', 'kamion_vožnje', 'wälder', 'kamiondžija', 'upravljački_program', 'driver_san_francisco', 'šumama', 'vozač_kamiona', 'cowcatcher', 'crnogoričnom_šumom', 'kamiona_vožnje', 'vozačem', 'pilota', 'driver', 'kamione', 'crnogoričnim_šumama', 'broj_jedan_drva', 'vožnje_kotača', 'vozač', 'šume', 'pogonske_kotače', 'vozača_kamiona', 'šumi', 'upravljački_program_pisača']
economy	gospodarstva	Match	['walden', 'politički_ekonomist', 'ušteda', 'ekonomija', 'stope_štednje', 'ekonomski_sustav', 'ekonomski_sistem', 'štedljivost', 'thriftiness', 'ruralnog_gospodarstva', 'privreda', 'štednja', 'ekonomske_znanosti', 'ekonomska_znanost', 'gospodarstva', 'nacionalne_ekonomije', 'politička_ekonomija', 'gospodarski_sustav', 'economy', 'gospodarske_aktivnosti', 'političke_ekonomije', 'gospodarstvo', 'ekonomski']
election	izborima	Found close match: ['izbori', 'izbora', 'izbor']	['reizbor', 'demokratski_izabranog', 'rješenje_o_izborima', 'election', 'izbore', 'izbor', 'odabir', 'izbornoj_politici', 'izbornog_procesa', 'izbora', 'izbori']
electron	elektrona	Match	['electron', 'elektrona', 'negatron', 'elektroni', 'elektron']
elegance	ljepotu	Found close match: ['ljepote', 'ljepota']	['elegantnost', 'matematičke_ljepote', 'ljepota', 'otmjenost', 'elegancije', 'karlgeorg_hoefer', 'rafiniranost', 'elegantan', 'elegancija', 'matematičku_eleganciju', 'ljepote', 'beaut', 'klasične_ljepote']
emotion	emocija	Match	['čuvstvo', 'emotion', 'ljudske_emocije', 'emocije', 'osjećaji', 'emocija', 'human_after_all', 'osjećaj']
emotionally	emocionalno	Match	['čuvstvo', 'ljudske_emocije', 'emocije', 'osjećaji', 'emocionalno', 'emocija', 'emotivno', 'osjećaj']
engine	motor	Match	['softver_motor', 'željeznička_lokomotiva', 'motori_s_unutarnjim_sagorjevanjem', 'motori_s_unutarnjim_izgaranjem', 'lokomotiva_motor', 'motora', 'motor', 'ray_alder', '3d_motor', 'lokomotiva', 'engine', 'igra_motor', 'željezničkom_motorom', 'redni_motori']
event	događaj	Match	['konzekvencija', 'događaj_rukovanje', 'slušatelj', 'ishod', 'efekt', 'pritiska', 'posljedica', 'učinak', 'događaja', 'rezultat', 'događaj_rukovatelj', 'ključ_moždani_udar', 'događanje', 'slučaj', 'događaj', 'slušalac', 'događaju', 'rukovatelj_događajima', 'slučaju', 'slueaj', 'događaj_u_programu', 'ključni_udarac']
experiment	eksperimenta	Match	['znanstvenom_pokusu', 'experiment', 'eksperimenta', 'the_experiment', 'eksperimentalne_znanosti', 'eksperimentalni', 'eksperimentirati', 'eksperimentalnoj_skupini', 'eksperimentiranja', 'eksperiment', 'pokus']
extremely	vrlo	Match	['izuzetno', 'vrlo', 'iznimno']
feeling	osjećajno	Found close match: ['osjećaj', 'osjećaji', 'osjećanje']	['intuicija', 'taktilni_osjećaj', 'somatosenzorni', 'taktilne_povratne_informacije', 'raspoloženje', 'osjet', 'ton', 'pojma', 'somatosenzorni_sustav', 'dodir', 'dojam', 'intuitivan_osjećaj', 'osjećaji', 'duh', 'osjećanje', 'atmosfera', 'dodir_senzacija', 'osjećaj']
fight	borbe	Match	['protiviti_se', 'meč', 'sukobiti_se', 'sukobljavati_se', 'tuča', 'odupirati_se', 'oponirati', 'tući_se', 'angažman', 'suprotstavljati_se', 'konkurentnosti', 'suprotstaviti_se', 'naprezati_se', 'boriti_se', 'borba', 'borbenu_obuku', 'boj', 'usprotiviti_se', 'boriti', 'sukob', 'tučnjava', 'vojni_angažman', 'okršaja', 'bitka', 'borbe', 'oružane_borbe', 'oduprijeti_se', 'fight']
fish	riba	Match	['pecati', 'fish', 'finfish', 'ihtiofaune', 'go_fish', 'ribe_su_ribe', 'lažeš', 'mlada_jegulja', 'morske_ribe', 'riba', 'ribica', 'ribati', 'pisces', 'pterygiophore', 'meke_ray', 'ribice', 'fingerling', 'ribe', 'fluorescentne_in_situ_hibridizacije', 'pržiti', 'fluorescentna_in_situ_hibridizacija', 'phish', 'jestiva_riba', 'hrana_riba']
flow	protok	Match	['hidrauličkog_tlaka', 'protjecati', 'tečan', 'slijevati_se', 'rap_umjetnik', 'hidraulika', 'menstruacija', 'volumni_protok', 'mjesečnica', 'rap', 'sliti_se', 'uliti_se', 'curiti', 'menstruacije', 'tok', 'stalan_protok', 'tekućina_dinamičaru', 'volumetrijske_toka', 'repati', 'protok', 'tekućine_dinamičaru', 'proteći', 'young_money_entertainment', 'gravity_recovery_and_interior_laboratory', 'fluida_fizike', 'toka', 'florent_mothe', 'poteći', 'dinamike_fluida', 'catamenia', 'flow', 'dotjecati', 'proticanje', 'repera', 'emceeing', 'ulijevati_se', 'proticati', 'tečenje', 'protjecanje', 'protorap', 'tijek', 'teći', 'hidraulike', 'mehanika_fluida', 'utjecati', 'povećavajući_put', 'doteći', 'stopa_protoka', 'mehanici_fluida', 'reper', 'hidraulički', 'hidromehanika', 'menzes']
food	hrane	Match	['namirnica', 'makronutrijenata', 'hrane', 'prehrambenih_proizvoda', 'namirnice', 'intelektualna_hrana', 'nutrijent', 'hrana', 'objed', 'čvrsta_hrana', 'kirby', 'hranjiva', 'jelo', 'hrana_za_misli', 'hranjiva_tvar']
garbage	smeće	Match	['otpad_proizvoda', 'krutog_otpada', 'bacanje_hrane', 'otpada_hrane', 'otpadak', 'komadići', 'smeća', 'withering_to_death', 'otpadni_materijal', 'starog_željeza', 'otpad', 'smeće', 'garbage', 'otpaci', 'otpadna_tvar', 'odbiti', 'otpadnih_tvari', 'otpada', 'komunalnog_otpada']
gold	zlato	Match	['lode_zlata', 'alfa_test', 'zlatnu_rekord', 'gold', 'softver_puštanje', 'fazi_razvoja', 'multiplatinasti', 'životnog_ciklusa_softvera', 'zlatni_singl', 'beta_tester', 'beta_verzija', 'zlatnu_disk', 'abba_gold__greatest_hits', 'trostruki_platinasti', 'zlatna_medalja', 'zlatnu_medalju', 'au', 'rodnom_zlata', 'alfaverzija', 'zlato', 'dijamant_rekord', 'zlatnu_olimpijsku_medalju', 'wanna_one', 'žuto', 'prealpha', 'platinastu_certifikaciju', 'životni_ciklus_softverskih_izdanja', 'alfa_softver', 'certificiran_zlata', 'bobby_brown', 'zlatni', 'the_heist', 'platinastih', 'zlatna', 'zlatne_medalje', 'atomski_broj_79', 'zlatnu_certifikaciju', 'beta_softver', 'platine_rekord', 'javnu_beta', 'beta_testiranje', 'silver_disk', 'zlata_lode', 'zlata', 'platine_disk', 'rtm_verzija', 'alfa_verzija', 'zlatnu_ploču', 'young_lust_the_aerosmith_anthology', 'anthology']
great	velikm	Found close match: ['velik']	['i_veličine', 'velik', 'illustriousness', 'super']
gun	pištolje	Found close match: ['pištolj', 'mast_pištolj', 'pištolj_dućan']	['papučice_za_gas', 'kratko_vatreno_oružje', 'puška', 'plaćeni_ubica', 'papučica_za_ubrzavanje', 'artiljerija', 'angažirao_pištolj', 'gas', 'pištolj_dućan', 'revolveraš', 'mast_pištolj', 'papučicu_gasa', 'mala_ruka', 'teška_oružje', 'papučica_ubrzanja', 'pištolj_za_najam', 'gunfighting', 'pištolj', 'pogodio_čovjeka', 'gunslingers', 'conventional_weapons', 'revolver', 'topništvo', 'gun', 'papučica_za_gas', 'vatreno_oružje', 'top', 'gas_pedala', 'teški_topovi', 'ubojica', 'pedala_za_ubrzavanje', 'louder_than_love', 'triggerman', 'gunslinger', 'teško_oružje', 'teška_artiljerija']
hair	kosu	Found close match: ['kosi', 'kose', 'kosa']	['kose', 'vlasi', 'hair', 'hairsširina', 'kosa', 'dlakave', 'frizura', 'kosi', 'dlake', 'ljudske_kose', 'hairsbreadth', 'dlaka', 'sukno_od_konjske_dlake']
help	pomoći	Match	['asistirati', 'the_help', 'humanitarne_pomoći', 'pomòćnīk', 'pomoći', 'humanitarnu_pomoć', 'podrška', 'služiti', 'uprava', 'pomoćnik', 'humanitarni_rad', 'asistent', 'pomoglo', 'humanitarca', 'pomagati', 'pripomoći', 'pojačanje', 'reljef_rad', 'služiti_se', 'posluživati_se', 'reljef_radnik', 'priteći', 'koristiti', 'pomaganje', 'iskoristiti', 'humanitarna_pomoć', 'pomoć', 'online_pomoć', 'pȍmōć', 'help', 'poslužiti_se']
hurting	vrijeđati	Incorrect	['ranjavanje', 'bolan_osjećaj', 'bol', 'bol_senzacija', 'akutna_bol']
ignorance	apsurdnosti	Incorrect	['neznanja', 'ignorance', 'neznanje', 'avidya', 'neobrazovanost']
illness	bolesti	Match	['medicinskim_uvjetima', 'medicinski_poremećaj', 'oboljenje', 'bȍlēst', 'bolest', 'boljka', 'unwellness', 'bolesti', 'zdravstveno_stanje', 'boljetica']
impress	nadmudriti	Incorrect	['dirnuti', 'imponirati', 'pritiskivanje', 'ganuti', 'press_bande', 'pressbande', 'taknuti', 'printati', 'pressbanda', 'tiskati', 'impresionirati', 'naštampati', 'pogoditi', 'otisnuti', 'utisnuti', 'dojmiti']
invention	izumio	Match	['invencija', 'inovacije', 'zamisao', 'inovacija', 'izmisliti', 'izumio', 'izum', 'umotvorina', 'izmišljanje', 'ideja', 'izumitelja', 'pronalazak']
investigation	istrage	Match	['istražuje', 'istraga', 'istrage', 'ispitivanje', 'istraživanje', 'izučavanje', 'istragu', 'istraživača', 'izvorna_istraživanja', 'metode_istraživanja', 'istraživanja']
invisible	nevidljivo	Match	['floored', 'holy_diver', 'invisible', 'elevate', 'nevidljivo', 'nevidljiv', 'taylor_swift', 'nevidljiva', 'sound_of_white_noise', 'nevidljivosti', 'dream_evil', 'nevidljivi', 'evilized', 'neprimjetan']
job	posao	Match	['radnog_vijeka', 'posao', 'obaveza', 'poteškoća', 'dan_posao', 'obveza', 'zadaća', 'zaposleni', 'ugovora_rada', 'zaposliti', 'zanimanje', 'zadatak', 'linija_rada', 'zaposlenika', 'špekulirati', 'mešetariti', 'knjiga_o_jobu', 'job', 'zaposlenje', 'zaposlennje', 'problem', 'zapošljavanja', 'poslodavaca', 'branša']
jungle	džungla	Match	['džungli', 'shine_a_little_love', 'oldschool_jungle', 'out_of_the_blue', 'skitnica_kamp', 'džungla', 'prašuma', 'jungle', 'džungle', 'džunglu']
kindness	suosjećanje	Incorrect	['dragost', 'ljubaznost', 'forgivingness', 'dobrota', 'blagonaklonost', 'dobronamjernost', 'dobrote', 'dobrotom']
king	kralj	Match	['billie_jean_moffitt_kralj', 'monarhijskog', 'suveren', 'reverend_horton_heat', 'bogat_industrijalac', 'tajkun', 'pretežan', 'rex', 'magnat', 'vrh_izvršne', 'billie_jean_king', 'bb_king', 'kralj', 'monarhije', 'kralju', 'martin_luther_king', 'george_king', 'monarhija', 'tycoon', 'b_b_king', 'kraljevanja', 'monarhistički', 'poslovni_vođa', 'monarha', 'kingcom', 'charles_bird_king', 'riley_b_kralj', 'industrijalaca', 'martin_luther_king_jr', 'svjetski_gonič', 'suverena', 'poslovni_magnat', 'king_ov_hell', 'king', 'veliki_poduzetnik', 'industrijalac', 'monarh', 'plovidba_magnat', 'kralja', 'okrunjen_glavu', 'klade_baruna', 'muški_monarh', 'velikaš', 'magnata']
lady	gospa	Match	['titula', 'naslova', 'sv_marija', 'madam', 'damo', 'stil', 'djevica_marija', 'dama', 'gospođo', 'djevica', 'bogorodica', 'dama_i_skitnica', 'gospođa', 'naslov', 'lady', 'majka_božja', 'gospodična', 'gospa', 'gospe_od_anđela', 'majka_marija', 'plemkinja', 'marija', 'bdm', 'blažena_djevica_marija', 'sveta_marija', 'the_lady', 'oblik_adrese', 'dame', 'naslov_pogledu']
land	zemljište	Match	['hektara', 'terra_firma', 'kopnene_mase', 'edwin_herbert_zemljište', 'posjed', 'zemlja', 'nacionalno', 'nekretnine_kuća', 'puk', 'njemačke_savezne_zemlje', 'din_zemljište', 'seosko_imanje', 'ozemlje', 'sletio_vlasnik', 'njemačke_savezne_pokrajine', 'land', 'područje', 'prizemljiti', 'meksičke_države', 'tlo', 'posjeda', 'području', 'nekretnina', 'meksičkoj_državi', 'aterirati', 'kopno', 'sletio_vlasnika', 'čvrsto_tlo', 'nacije', 'slijetati', 'vlastelinstvu', 'političkog_društva', 'zemljištu', 'njemačke_pokrajine', 'imanje', 'zemlji', 'sfera', 'suverenih_država', 'suverena_država', 'vlastelinstvo', 'zemljišta', 'nekretnina_industriji', 'suha_zemlja', 'države', 'tržištu_nekretnina', 'političko_tijelo', 'teritorij', 'tle', 'deklarativnoj_teoriji_državnosti', 'res_publica', 'dobru', 'nekretnine', 'narod', 'pučanstvo', 'sletjeti', 'država', 'spustiti_se', 'nepokolebljiv', 'nacija', 'domena', 'feudalni_domene', 'stanovništvo', 'oblast', 'gospodarstvo', 'zemljište', 'savezne_države_njemačke', 'carstvo']
laugh	nasmijati	Not found	[]
law	pravni	Found close match: ['pravnik', 'pravo', 'pravne_bitke']	['pravne_filozofije', 'kanonsko_pravo', 'advokatura', 'zakon_prirode', 'm72_law', 'zakonima_fizike', 'pravni_filozofija', 'zakon', 'izvori_prava', 'pravo', 'zakonodavna', 'pravna_znanost', 'jurisprudencija', 'pravnik', 'neovlaštenog_praksi', 'profesor_prava', 'praksi', 'pravne_studije', 'zakonodavstva', 'pravne_usluge', 'pravni_filozof', 'pravni_sustav', 'policijske_snage', 'student_prava', 'pravne_bitke', 'policijskom_zaštitom', 'prirodni_zakon', 'crkveni_zakon', 'policijskih_uprava', 'policijskih_snaga', 'sigurnosnih_snaga', 'policija', 'kanonik_odvjetnik', 'statut_zakon', 'earthling', 'policije', 'pravnoj_teoriji']
left	lijevoga	Found close match: ['lijevo', 'lijeva', 'slijeva']	['politička_ljevica', 'nalijevo', 'ljevica', 'slijeva', 'lijevi', 'lijeva', 'lijevo', 'esquerra_republicana_de_catalunya', 'ljevičarskih', 'ljevičara', 'venstre', 'lijevo_krilo', 'leftwing', 'lijevom_krilu_politike', 'kolektivistička', 'ljevičar', 'ljevičarstvo']
level	razina	Match	['bodova_iskustva', 'razina', 'ravnati', 'razulja', 'etaža', 'priče', 'izravnati', 'horizontalna_površina', 'pokazati', 'adema', 'fazi', 'iskustvo_razinu', 'točka', 'kat', 'evolucijski_stupanj', 'površina', 'razmjera_stupnjeva', 'razini', 'sravniti', 'točke', 'stupanj', 'iskustvo_razini', 'poravnati', 'razrušiti', 'stadij', 'sravnjivati', 'raspoloženje', 'katu', 'ravnina', 'mjehurić_razini', 'nivo', 'level', 'izravnavati', 'kata', 'levél', 'poravnavati', 'razred', 'ravan', 'libela', 'katova', 'sloj']
liar	kažeš	Not found	[]
light	svjetla	Found close match: ['svjetloća', 'svjetlina', 'svjetlu']	['izvor_svjetla', 'upaljače', 'svjetlo', 'zapaliti', 'električna_svjetiljka', 'osvijetliti', 'refleksiju_svjetla', 'spuštati_se', 'luminozitet', 'osvjetljenje', 'osvjetljavati', 'svjetlo_unutar', 'sjašiti', 'svjetlu', 'svijetliti', 'sjaj', 'prozor', 'svjetljivost', 'električno_svjetlo', 'upaljač', 'svjetloća', 'obasjati', 'razina_svjetline', 'light_jagami', 'iluminirati', 'raito_yagami', 'air', 'razina_svjetlosti', 'rasvijetliti', 'vidljiva_svjetlost', 'svjetlosne_valove', 'svijetao', 'slab', 'unutarnja_svjetlost', 'krist_unutar', 'osvjetljivati', 'električna_lampa', 'luminousness', 'svjetlina', 'svjetiljka', 'osvijetljenosti', 'obasjavati', 'rasvjetljivati', 'lagan', 'luminoznost', 'luminancija', 'light_yagami', 'spustiti_se', 'light', 'svjetleći', 'vidljivo_zračenje', 'sjahati', 'svijetlo', 'svjetlost', 'u_svjetlu', 'potpadati', 'lak']
magic	čaroban	Found close match: ['čarolija', 'čarobni_trik']	['alagaësia', 'magic', 'kiri_te_kanawa', 'make_a_scene', 'axel_rudi_pell', 'mađioničarski_trik', 'čudotvorac', 'trans', 'animagus', 'artefakt', 'prizivanja_trik', 'pozornici_mađioničar', 'čarolija', 'octarine', 'čarobni_trik', 'te_kanawa', 'magije', 'teleskop_magic', 'trik', 'driving_rain', 'čarobnjački_trik', 'secret_time', 'dame_kiri_te_kanawa', 'occlumency', 'taumaturgiju', 'wonderworking', 'parseltongue', 'octiron', 'planeswalker', 'opsjenarstvo', 'thaumaturgic', 'mađioni', 'thaumaturgus', 'take_me_home', 'justin_timberlake', 'iluzionizam', 'pluto', 'magic_the_gathering', 'preobraženje', 'magija', 'dame_kiri_te_kanawa_janette']
marriage	braka	Found close match: ['brak']	['ništavnosti', 'praznina', 'ženidba', 'udaja', 'ništa', 'svadba', 'bračni_par', 'bračni', 'obvezujućem_svečanosti', 'ništavost', 'čovjek_i_žena', 'braku_odnos', 'hymeneals', 'vjenčanje', 'sakrament_ženidbe', 'ništavnost', 'brak', 'vjenčanja', 'bračna_zajednica', 'katolička_brak', 'vjenčavanje', 'nihility', 'civilno_vjenčanje', 'bračni_parovi', 'ništavilo', 'supružništvo', 'svatovi', 'muž_i_žena', 'neiskorišteni_svečanosti', 'vjenčani_par']
material	materijal	Match	['materijalan', 'građa', 'materijal', 'tjelesan', 'sirovina', 'sukno', 'fizikalizam', 'materijalisti', 'tkanine', 'tekstila', 'štof', 'materijalizam', 'materijali', 'stvari', 'fizički', 'fizička_ontologija', 'materijala', 'tkanina', 'tekstil', 'materijalizma']
mathematical	matematički	Match	['matematičarka', 'matematici', 'matematički', 'matematika', 'matematičar', 'matematiku']
mechanism	mehanizam	Match	['mašinerija', 'uređaj', 'strojeva', 'mehanizam', 'sprava', 'naprava', 'strojni_pogon', 'kapitalne_opreme', 'kemijski_mehanizam', 'reakcija_mehanizam', 'stroj', 'pokret', 'strojevi']
medication	lijekovi	Match	['lijek', 'farmaceutskih_lijekova', 'farmaceutska', 'farmaceutski', 'lijekovi', 'lijekove', 'lijekova', 'version_20', 'farmak', 'ljekovita', 'farmaceutik', 'terapija_lijekovima', 'medikament', 'blockbuster_lijek', 'rescue']
money	novca	Found close match: ['novac', 'lova']	['history_past_present_and_future_book_i', 'pare', 'history', 'love', 'lova', 'money', 'novac']
mountain	planina	Match	['gomila', 'planine', 'velik_posao', 'passel', 'gora', 'muckle', 'masa', 'hrpetina', 'mnoštvo', 'mickle', 'planina', 'puno', 'vrlo_malo', 'uredan_zbroj', 'mnogo', 'sahtu', '482', 'dobar_posao', 'planinu', 'mountain', 'hrpa']
movement	pokreta	Not found	[]
movie	film	Match	['veliki_ekran', 'filmska_umjetnost', 'kazališni_film', 'motionpicture_serija', 'motion_picture', 'veliki_filmski', 'fullmotion_video', 'video_pune_brzine', 'igrani_film', 'film', 'useljenje_kinopredstava', 'motionpicture', 'kites', 'pokretne_slike', 'kinopredstava', 'filmova', 'kreće_sliku']
music	glazbeni	Found close match: ['glazbu', 'glazba']	['glazbu', 'the_music', 'zemljarock', 'glazba', 'prapovijesna_glazba', 'music', 'blagoglasje', 'country_rock', 'muzika', 'eufonija', 'glazbena_umjetnost']
nation	nacija	Match	['zemlja', 'nacionalno', 'puk', 'njemačke_savezne_zemlje', 'njemačke_savezne_pokrajine', 'meksičke_države', 'meksičkoj_državi', 'nacije', 'političkog_društva', 'njemačke_pokrajine', 'zemlji', 'nosi_amelia_moore_nation', 'carry_nation', 'suverenih_država', 'suverena_država', 'države', 'političko_tijelo', 'kendrick_lamar', 'deklarativnoj_teoriji_državnosti', 'res_publica', 'nation', 'narod', 'pučanstvo', 'država', 'nacija', 'stanovništvo', 'savezne_države_njemačke', 'ozemlje']
news	vijesti	Match	['informacija', 'riječ', 'vijest', 'vijȇsti', 'newsworthiness', 'tv_vijesti', 'obavijest', 'informativna_emisija', 'novinskom_izvješću', 'novosti', 'informativni_program', 'vesti', 'novost', 'news', 'vijesti']
noise	zvuke	Found close match: ['zvuk', 'buke']	['elektronske_buke', 'larmati', 'atmosferski_statički', 'oštre_buke', 'nepredvidivost', 'zvučni_talas', 'zvučne_valove', 'zvuka_zagađenje', 'bučati', 'zvuk', 'kozmičkog_mikrovalnog_pozadinskog_zračenja', 'galamiti', 'nesuglasje', 'elementary_os', 'buke_glazbe', 'elementary', 'kakofonija', 'kozmičko_mikrovalno_pozadinsko_zračenje', 'bučiti', 'kozmička_mikrovalna_pozadina', 'cmb', 'vikati', 'smetnje', 'pozadinsko_zračenje', 'stochasticity', 'atmosferske_smetnje', 'električnu_buku', 'zvučni_val', 'slučajni_šum', 'noise', 'signala_buke', 'buka', 'kozmička_mikrovalna_pozadina_zračenje', 'haphazardness', 'buku', 'disonanca', 'kozmičkog_pozadinskog_zračenja', 'radio_buke', 'kozmičko_pozadinsko_zračenje', 'slučajnost', 'šum', 'industrijske_buke', 'disonancija', 'cbr', 'buke', 'cmbr']
obligation	obvezuje	Found close match: ['obvezu', 'obveze', 'obaveze']	['obveza', 'odgovornost', 'obveze', 'dužnost', 'obaveze', 'obvezu', 'obaveza', 'potvrda_o_zaduženosti', 'obećanje', 'obvezno_pravo', 'dug_instrumenta', 'zadužnica', 'dužnosti']
pain	bol	Match	['ranjavanje', 'boli', 'patnja', 'rastužiti', 'akutna_bol', 'bol', 'bolan_osjećaj', 'bol_senzacija', 'muka', 'games_pain', 'gnjavaža', 'dosadnjak', 'povrijediti', 'povređivati', 'pain', 'king_of_da_ghetto', 'žalostiti', 'rastuživati', 'smetnja', 'bolovi', 'dosadnjaković', 'bol_u_magarca', 'forever', 'ražalostiti']
personality	osobnosti	Match	['personality', 'priroda', 'karakter', 'osobnosti', 'osobnost', 'ličnost']
philosophy	filozofije	Match	['filozof', 'nauk', 'filozofije', 'teorija', 'doktrina', 'škole', 'filozofski_sustav', 'filozofija', 'škola', 'naučavanje', 'doktrine', 'filozofiju', 'primijenjene_filozofije', 'philosphy', 'filozofski', 'škola_misli']
picture	slike	Match	['veliki_ekran', 'filmska_umjetnost', 'ilustracije', 'slikanje', 'sliku', 'zamisliti', 'ilustracija', 'film', 'slikarstvo', 'cobol', 'klasične_slike', 'sceni', 'motionpicture', 'slikovno_pitanje', 'crtež', 'ilustrirane_knjige', 'fotografija', 'slikara', 'animagus', 'slike', 'fotografirati', 'igrani_film', 'ilustrator', 'avatar', 'prikazivati', 'slikar', 'predočiti', 'pokretne_slike', 'mentalna_slika', 'korisnička_slika', 'fotka', 'vidjeti', 'crtanje', 'ilustratorica', 'kazališni_film', 'motion_picture', 'occlumency', 'opis', 'riječ_slikarstvo', 'parseltongue', 'slikovno', 'zamišljati', 'riječ_slika', 'mentalne_slike', 'fotos', 'kinopredstava', 'foto', 'kreće_sliku', 'kiss', 'ocrtavanje', 'motionpicture_serija', 'slika', 'veliki_filmski', 'predočavati', 'maštati', 'scena', 'fotografije', 'fotografiju', 'slikarica', 'predstaviti', 'riječslikarstvo', 'sanjariti', 'useljenje_kinopredstava', 'magija', 'preobraženje', 'vizualizirati', 'predstavljati', 'filmova', 'oslikavanje']
pig	svinje	Match	['domaće_svinje', 'prasica', 'svinjče', 'aljkava_osoba', 'gica', 'murjak', 'svinjetina', 'krmača', 'pigging', 'feral_svinja', 'scrofa', 'aljkavo_osoba', 'vepar', 'conjoiner', 'cajkan', 'shoat', 'ljenivac', 'pajcek', 'prasence', 'sirovina', 'sijati', 'svinja', 'debeljuca', 'shote', 'conjoiners', 'divljih_svinja', 'prostak', 'oprasiti', 'prase', 'svinje', 'domaća_svinja', 'krmče', 'krmak', 'praščić', 'divlje_svinje', 'sus_scrofa', 'sus_scrofa_domestica', 'pandur', 'policajac', 'divlja_svinja', 'porc', 'svinja_krevet']
plan	plan	Match	['raspored', 'pripremati', 'arhitektonski', 'plana', 'dizajn', 'isplanirati', 'projektirati', 'planirati', 'shema', 'smjerati', 'planove', 'programa', 'voditelj_programa', 'dizajnirati', 'plan', 'namjeravati', 'smišljati', 'uređenje', 'pripremiti', 'smisliti', 'program', 'skicirati', 'kaniti']
plant	biljka	Match	['konstituirati', 'osnovati', 'proizvodne_linije', 'skriveni_glumac', 'flore', 'floras', 'ustanovljavati', 'tvornice', 'plantae', 'tvornički_radnik', 'shill', 'tvórnica', 'trigun', 'utemeljiti', 'montažna_traka', 'cvjetana', 'tekuća_traka', 'tvornica', 'ustrojiti', 'uspostavljati', 'utisnuti', 'biljke', 'industrijska_postrojenja', 'osnivati', 'tvornička_traka', 'tvornicu', 'zbor_linije', 'factorij', 'zasaditi', 'klopka', 'traka', 'zasnivati', 'usaditi', 'zamka', 'formirati', 'djela', 'posaditi', 'pokretna_traka', 'biljnih_vrsta', 'biljka', 'biljaka', 'feitoria', 'život_biljaka', 'ustrojavati', 'zasnovati', 'uspostaviti', 'saditi', 'fabrika', 'ustanoviti', 'glumac_u_publici', 'flora', 'ugrađivati', 'proizvodnih_pogona', 'proizvodna_linija', 'proizvodni_pogon', 'proizvodnjaline', 'utemeljivati']
play	igrati	Match	['postaviti', 'play', 'nastupiti', 'pretvarati_se', 'skakutanje', 'predstava', 'android_market', 'svjetlucanje', 'praviti_se', 'igraju', 'runda', 'igrati', 'ulagati', 'stageplay', 'akcija', 'igrati_se', 'uprizorivati', 'pokrenuti', 'klađenja', 'klađenje', 'nastupati', 'odriješene_ruke', 'sviraj', 'ride', 'okladiti_se', 'igraj', 'red', 'odigrati', 'uložiti', 'dramatična_igra', 'google_play_store', 'prijenos_razdoblje', 'izvoditi_se', 'igrokaz', 'vrijeme_igre', 'odglumiti', 'nastojanje', 'pokušaj', 'sastati_se', 'drama', 'donijeti', 'ponašati_se', 'prikazivati_se', 'dramske_umjetnosti', 'igranje', 'reproducirati', 'google_play', 'razdoblje_igre', 'zazor', 'postavljati', 'susresti_se', 'stavljati', 'susretati_se', 'veselje', 'davati_se', 'kockanje', 'mačevanje', 'odrediti', 'glumiti', 'odsvirati', 'određivati', 'uprizoriti', 'kladiti_se', 'slobodne_ruke', 'potpuna_sloboda', 'igra', 'odigravati', 'kocka', 'play_store', 'izigravati', 'predstaviti', 'staviti', 'trajanje', 'predstavljati', 'rukovanje', 'potez', 'svirati']
pleasure	užitak	Match	['sondre_lerche', 'semisonic', 'užitak', 'uživanje', 'ugodan', 'zadovoljstvo', 'pleasure_p']
poor	siromašna	Found close match: ['siromašan', 'siromaštva', 'siromašnih']	['jadan', 'siromaha', 'siromašnih', 'jadno', 'urbanog_siromaštva', 'zavjet_siromaštva', 'oskudica', 'jadna', 'potrebit', 'neimaština', 'lišen', 'dobrovoljnog_siromaštva', 'siromaštva', 'stopa_siromaštva', 'siromašni_ljudi', 'pomanjkanje', 'bijeda', 'siromah', 'oskudan', 'siromaštvo', 'nestašica', 'siromašan', 'globalnog_siromaštva', 'niskim_prihodima']
prison	zatvor	Match	['srednje_sigurnost', 'zatvorima', 'tom_robinson', 'zatvoren', 'zatvore', 'tamnica', 'zatočeništvo', 'odgojnu_ustanovu', 'kazniona', 'zatvori', 'zatvor', 'kaznionica', 'spor', 'pokus', 'jailhouse']
professional	profesionalni	Match	['poznavatelj', 'poznavalac', 'profesionalan', 'profesionalni_sportaš', 'profesionalnog_izgleda', 'profesionalni_sportaši', 'učitelj', 'profesionalac', 'znalac', 'profesionalno', 'profesionalni', 'ekspert', 'maher', 'stručnjak', 'profesionalnost', 'stručnjaka', 'profesionalna', 'strukovnjak', 'stručnoj_osobi']
protection	zaštitu	Match	['presvlaka', 'protection', 'pod_pokroviteljstvom', 'pokrov', 'sigurnosti', 'nadstrešnica', 'zaštitna_navlaka', 'trgovina_zaštita', 'zaklon', 'cerada', 'zaštita', 'zaštitništvo', 'sigurnost', 'zaštitu', 'sklonište', 'patronat', 'egida', 'zaštićenost', 'okrilje']
quality	kvaliteta	Match	['kvaliteta', 'kakvoća', 'boja_zvuka', 'odlika', 'karakteristika', 'osobina', 'timbral', 'karakter', 'timbres', 'boju', 'ton', 'kvalitetno', 'kvalitet', 'kvalitete', 'značajka', 'quality']
reaction	reakcija	Match	['uzročnoposljedična_veza', 'reakcija', 'reaction', 'kemijske_reakcije', 'uzročnopoljedična_veza', 'reakcije', 'kemijski', 'odgovor', 'kemijska_reakcija', 'actio_et_reactio', 'refleks']
read	pročitati	Match	['očitati', 'glasiti', 'razumijevati', 'učiti', 'iščitati', 'gatati', 'pročitati', 'izučiti', 'kazati', 'čitaj', 'prevesti', 'školovati_se', 'pročitaj', 'kazivati', 'pokazati', 'čuti', 'pokazivati', 'iščitavati', 'shvaćati', 'pročitajte', 'čitati', 'protumačiti', 'razumjeti', 'prevoditi', 'tumačiti', 'studirati', 'rastumačiti', 'glasi', 'pohađati', 'čitanje', 'shvatiti', 'read', 'govoriti', 'uzeti']
relationship	odnos	Match	['povezanost', 'rođak', 'kontakt', 'međuljudske_odnose', 'poznanstvo', 'srodstvo', 'dugoročni_odnos', 'poznanik', 'ljudske_interakcije', 'poznansvo', 'odnos', 'međuljudski_odnos', 'međuljudskih_odnosa', 'rod', 'međuljudski_odnosi', 'veza', 'srodstva_i_silazak', 'ljudski_odnos', 'obiteljskim_odnosima', 'ljudskih_odnosa', 'druženja']
religious	vjerski	Match	['vjerska', 'religiozni', 'vjerski', 'vjerske', 'pobožan', 'duhovan']
residence	rezidenciju	Found close match: ['rezidencija', 'residencia', 'privatnoj_rezidenciji']	['mjesto', 'boravište', 'rezidencija', 'žitelj', 'prebivanje', 'prebivalište', 'stan', 'nastamba', 'stanovnik', 'dom', 'stambena_zgrada', 'ljetnikovac', 'privatnoj_rezidenciji', 'vila', 'stanova', 'stanovnika', 'residencia', 'stanovanje', 'palače', 'kuća', 'palača']
road	cesta	Match	['the_road', 'causeways', 'put', 'cesta', 'daleko_igra', 'road', 'gostovanju', 'prometnica', 'cesta_igra', 'cestom', 'ceste', 'new']
sad	ljubiš	Incorrect	['žalosno', 'tužna', 'tuga', 'tužan', 'lost_dogs', 'tužno', 'sezonskog_afektivnog_poremećaja', 'sadhe']
science	znanosti	Match	['vještina', 'znanstvene_discipline', 'empirijske_znanosti', 'znanosti', 'znanstvenik', 'konvencionalnoj_znanosti', 'nauka', 'znanstvena_disciplina', 'science', 'znanstvenici', 'znanost']
seafood	školjkaše	Not found	[]
sell	prodati	Not found	[]
sew	skuhati	Not found	[]
sexy	sexy	Match	['seksi', 'sexy', 'elephunk']
shape	zakrivljenost	Incorrect	['obliku', 'fizičko_tijelo', 'primitivni', 'uzorak', 'pigmentacije_kože', 'ljudsko_tijelo', 'stas', 'uobličavati', 'bpk', 'nogometne_taktike', 'fiziologija_čovjeka', 'oblikovati', 'nogometne_formacije', 'lik', 'vrhovni_saveznički_zapovjednik_europa', 'kože', 'formirati', 'uobličiti', 'modelirati', 'izgled', 'figura', 'wm_formaciju', 'ljudskom_tijelu', 'forma', 'savezničko_zapovjedništvo_za_operacije', 'mesa', 'vrhovno_zapovjedništvo_savezničkih_snaga_u_europi', 'nogometna_formacija', 'odrediti', 'materijalno_tijelo', 'trup', 'propisati', '433', 'shape', 'građa', 'formacije', 'glazbeni_oblik', 'tjelesna_građa', 'ljudske_fiziologije', 'anatomiji', 'tijelo', 'oblik', 'obličje', 'vrhovnog_savezničkog_zapovjednika_za_europu']
ship	πλοίο	Incorrect	['brodova', 'brod', 'brodovi', 'ship', 'prenijeti', 'ukrcati_se', 'pošiljati', 'transportirati', 'prevažati', 'otpremiti', 'prenositi', 'prevoziti', 'otpremati', 'ukrcati', 'lađa', 'otposlati', 'prevesti', 'slati', 'poslati']
show	show	Match	['prikazati', 'pokazati_se', 'županijskim_sajmovima', 'predstava', 'dokazivati', 'klađenje', 'svjedočiti', 'upućivati', 'pokazati', 'show', 'zgoda', 'pokazivati', 'utvrditi', 'pokaži', 'prikaži', 'prikazivati', 'predočiti', 'utvrđivati', 'iskazivati', 'pokazuju', 'dokazati', 'demonstrirati', 'demostrirati', 'izvedba', 'priredba', 'prezentirati', 'ukazivati', 'kockanje', 'iskazati', 'posvjedočiti', 'izložiti', 'ukazati', 'uputiti', 'izložba', 'manifestirati', 'izraziti', 'uspostaviti', 'predočavati', 'izlagati', 'šou', 'kocka', 'ilustrirati', 'predstaviti', 'očitovati', 'predstavljati', 'klađenja']
sign	potpis	Not found	[]
silly	bezveze	Not found	[]
sin	dušu	Incorrect	['zakon_i_red_odjel_za_žrtve', 'griješi', 'grijeh', 'sin', 'grijehe', 'sine_funkcija', 'šin', 'sinhala', 'kraljevstvo_sine', 'sinhala_jeziku', 'greh', 'cejlonski_jezik', 'zračna_luka_singapur', 'zgriješiti', 'grešni', 'prekršiti', 'nana', 'shin', 'sinus', 'grijeha', 'grešnici', 'sagrešenje', 'grješnost']
skin	kože	Match	['presvlaka', 'day_for_night', 'puti', 'ludnica', 'dodatiu', 'skinnable', 'sanatorij', 'almost_human', 'oguliti', 'dodataka', 'ray_of_light', 'plugin', 'kore', 'skin', 'krzno', 'krug_kartica', 'žuta_kuća', 'naprezati', 'blender', 'programski_priključak', 'derati', 'mentalna_ustanova', 'pločica', 'kožni', 'koža_s_krznom', 'priključak', 'kože', 'cutis', 'mentalni_dom', 'izguliti', 'oljuštiti', 'kora', 'psihijatrijska_ustanova', 'rkelly', 'stanica_kože', 'tiskana_pločica', 'psihijatrijska_bolnica', 'koža', 'sjemena_opna', 'oderati', 'mentalna_bolnica', 'ljuštiti', 'tiskanih_pločica', 'r_kelly', 'zguliti', 'guliti', 'tiskana_ploča', 'pcb']
smart	firewire	Incorrect	['smart', 'drzak', 'pamet', 'inteligentan', 'izazvati_bol', 'pametno', 'boljeti', 'mentalni_kapacitet', 'oštroumnost', 'razuman', 'bezobrazan', 'pametna', 'pametan', 'žarenje', 'izazivati_bol', 'intelekt', 'zaboljeti', 'nanijeti_bol', 'uman', 'tehnologija_za_samonadziranje_analizu_i_izvještavanje', 'oštroumlje', 'nanositi_bol', 'pametni', 'inteligencije', 'inteligencija', 'razum', 'iq']
smiling	nasmijao	Not found	[]
solution	rješavamo	Incorrect	['jednadžba_rješavanje', 'rješenja', 'otopine', 'otopina', 'rješavanje_problema', 'odgovor', 'otopljenih_tvari', 'rješenje_problema', 'solucija', 'rješenje', 'rezultatu', 'solution', 'rezultat']
soul	duše	Match	['individua', 'pojedinca', 'smrtnik', 'čovjek', 'soul_glazbe', 'neko', 'duša', 'pojedinac', 'netko', 'soul', 'aiúa', 'pojedinci', 'osoba', 'besmrtne_duše', 'soulfulness', 'duše']
sound	zvuk	Match	['zvučni_talas', 'zvučne_valove', 'zvučati', 'telefon', 'oglasiti', 'zvuk', 'sluh', 'sondirati', 'zvuka', 'oglašavati_se', 'oglašavati', 'sound', 'neoštećen', 'morski_prolaz', 'zvučni_val', 'glasati_se', 'tjesnac', 'glasnik', 'tecnocumbia', 'slušni_senzacija', 'zazvučati', 'oglasiti_se', 'glas', 'fon', 'zvučiti', 'govor_zvuka', 'morski_kanal']
spoke	govorio	Match	['govora', 'govor', 'glasovne_komunikacije', 'žbice', 'govorni_jezik', 'ljudskog_govora', 'kotač_govorio', 'govorne_komunikacije', 'rundle', 'govornog_jezika', 'govorio', 'glasovna_komunikacija', 'usmena_komunikacija', 'govorna_komunikacija', 'govorio_komunikacija', 'oralna_komunikacija', 'progovorio', 'govornoj_komunikaciji', 'spoke', 'govorio_jezik']
star	zvijezda	Match	['fijuk', 'estelle', 'genij', 'glumac', 'mavin', 'filmska_zvijezda', 'ilean_almaguer', 'slavne_osobe', 'glavni_glumac', 'glumi', 'vunderkind', 'zvijezda_topologije', 'tv_ličnosti', 'superzvijezda', 'adept', 'zvezda', 'zvjezdice', 'superstar', 'targz', 'zvjezdasta_topologija', 'maven', 'vješt', 'glavna_glumica', 'air', 'zvijezda_graf', 'zvijezda', 'zvijezde', 'mediji_osobnost', 'virtuoz', 'star', 'xerox_star_8010', 'popstar', 'asterisk', 'xerox_star', 'talentovana_osoba', 'the_rise_and_fall_of_ziggy_stardust_and_the_spiders_from_mars', 'zvijezda_poligona', 'hotshot', 'hotel_s_pet_zvjezdica', 'majstor', 'filmske_zvijezde', 'zvjezdica', 'poznata_osoba', 'cipal', 'kategorizacija_hotela', 'tar']
student	student	Match	['studentica', 'književnik', 'učenik', 'knjižar', 'knjižarstva', 'knjižaru', 'prve_godine', 'knjižara', 'znanstveni_osoba', 'znanstvenik', 'educatee', 'knjižare', 'polaznik', 'student', 'william_sealy_gosset']
stupid	shvaćaš	Incorrect	['glupavost', 'tikvan', 'pillock', 'glupo', 'puddenglava', 'glupa_osoba', 'neinteligentan', 'budala', 'gluposti', 'glup', 'glupost', 'ravensymone', 'kompresa', 'tupoglavost', 'loša_riba', 'tup']
successful	uspješan	Match	['uspješan', 'uspješna', 'successful', 'uspješno']
sugar	šećera	Match	['sugar', 'para', 'šećera_u_vinu', 'rafinirani_šećer', 'glassheart', 'šoldi', 'simoleons', 'dinero', 'penezi', 'moolah', 'kocke_šećera', 'gelt', 'ugljikohidrata', 'prerađeni_šećer', 'blago', 'školjke', 'keš', 'batman_zauvijek', 'batman_forever', 'saharida', 'kunjke', 'karbohidrat', 'ugljikohidrati', 'lova', 'šećera', 'zasladiti', 'slador', 'dinar', 'ugljikohidrat', 'zelembać', 'pare', 'šećeri', 'šećer', 'razine_šećera', 'bijeli_šećer', 'saharid']
suspect	sumnji	Found close match: ['sumnjati', 'sumnje', 'sumnja']	['robert_crais', 'počinitelj', 'podozrijevati', 'nepovjerenja', 'sumnjivac', 'sumnjičiti', 'osumnjičiti', 'optuženik', 'kazneno_optuženika', 'sumnjati', 'sumnja', 'okrivljenik', 'nepovjerenje', 'osumnjičeni', 'posumnjati', 'sumnje']
table	tablicu	Found close match: ['tablici', 'tablica', 'tablični']	['pretraživanja', 'pretraživanje', 'tabela', 'mesas', 'iframe', 'odgoditi', 'tabelirati', 'prebaciti', 'podatkovna_tablica', 'visoravni', 'prebacivati', 'produžiti', 'odnos', 'html_elementa', 'soundboard', 'tabelarni_niz', 'pretraga', 'odložiti', 'tablici', 'zvuka_odbora', 'odlagati', 'href', 'mesa', 'lookup', 'tablica_baze_podataka', 'produljivati', 'pregledna_tablica', 'tablični', 'oznaka', 'stol', 'odgađati', 'html_oznaka', 'tablica']
taste	svježem	Incorrect	['uživati', 'ukus', 'okusno_percepcija', 'umjetne_aromatične', 'probati', 'kušanje', 'aroma', 'okusiti', 'osjetilo_okusa', 'osnovni_okus', 'preferencija', 'okus_percepcija', 'slijepom_kušanju', 'taste', 'prirodni_okusi', 'iskušati', 'kušati', 'okusno_modalitet', 'okusno', 'okus_senzacija', 'pojačivač_okusa', 'isprobati', 'nowhere', 'uzorkovati', 'degustacija_vina', 'degustacija', 'okus', 'okusno_senzacija', 'degustaciju_vina', 'okusa', 'sklonost', 'okusi']
team	momčad	Match	['rock_bendova', 'rock_bend', 'pop_bend', 'glazbeni_ansambl', 'glazbeni_sastav', 'timski_sport', 'solo_projekt', 'rock_grupa', 'solo_umjetnik', 'timskim_sportovima', 'reprezentacija', 'bar_bend', 'team', 'pop_rock_bend', 'momčadski_sport', 'tim', 'momčad', 'grupa', 'ekipa', 'instrumentalni_ansambl', 'zaprega', 'glazbena_skupina']
texture	teksture	Match	['tekstura', 'macrotexture', 'usta_osjećaju', 'tekstura_karte', 'glazbeni_tekstura', 'teksturu', 'mapiranja', 'mouthfeel', 'teksture']
time	vrijeme	Match	['žarulja', 'in_my_own_words', 'scatmans_world', 'vrijeme_potpisa', 'vremenski_okvir', 'sat_vremena', 'vrijeme_t', 'četvrta_dimenzija', 'ranom_svemiru', 'napeto', 'kazna', 'polymeter', 'y_not', 'vreme', 'put', '44_vrijeme', 'čas', '68_vrijeme', 'xkcd_1190', 'vrijeme', 'vremenski_interval', 'mjeriti', 'valcer_vrijeme', 'ura', 'prigoda', 'zatvorska_kazna', 'anastacia', 'slijed_događaja', 'hypnotica', 'tempirati', 'ciklusa_sat', 'vremenima', 'jednostavnoj_vrijeme', 'napet', 'smartstop', 'gramatičko_vrijeme', 'trenutak', 'kozmološkog_vremena', 'pacific_ocean_blue', '44', 'sat', 'sat_signal', 'sat_puls', 'dva_dijela', 'štopati', 'sat_sustava', 'glazbeni_put_potpis', 'time', 'takt', '128', 'izmjeriti', 'vremena', 'metar', 'složenoj_vrijeme']
tool	alat	Match	['softverske_alate', 'instrument', 'softverski_alat', 'softverskih_razvojnih_alata', 'oruđe', 'alat', 'razvojni_alat', 'tool']
toy	igračaka	Found close match: ['igračka', 'igračku', 'igračke']	['igračke', 'toy', 'igračka_pas', 'igračkom', 'chatoyancy', 'igračka', 'yello', 'igračku', 'toyline', 'chatoyant', 'pas_igračka', 'mali_kućni_pas']
tree	stablo	Match	['stabala', 'tree', 'kruskala_stabla_teorem', 'herbert_beerbohm_tree', 'šuma', 'charlotte_brontë', 'stabla_obožavanja', 'drvo', 'lisni_čvor', 'sveto_stablo', 'drveće', 'mladica', 'stablo', 'roditelj_čvor', 'nadređeni_čvor', 'stablo_dijagram', 'interijera_čvor', 'sir_herbert_beerbohm_tree', 'podstablo', 'unutarnji_čvor', 'charlotte_bronte']
trial	suđenje	Match	['trostruk', 'parnica', 'trojni', 'paucal', 'uzrok', 'iii', 'iskušavanje', 'paćenje', 'sporu', 'prije_suđenja', 'tužbe', 'tercet', 'pravni_spor', 'stradanje', 'patnja', 'parničnom_postupku', 'tužbu', 'isprobavanje', 'uzrok_sustav', '3', 'probni_rad', 'testiranje', 'promoviran', 'tri', 'broj', 'kaznenom_predmetu', 'nevolja', 'slučaj', 'slaganje_u_broju', 'eksperimenta', 'broj_sporazum', 'tužio', 'proba', 'test', 'ternion', 'testu', 'pokušao', 'dvojkaasa', 'suđenje', 'ispitivanje', 'testa', 'uzročnosti']
tried	pokušao	Match	['probali', 'probala', 'pokušao', 'ispitivanje', 'kaznenom_predmetu', 'probao']
typical	karakteristično	Incorrect	['tipični', 'tipičan', 'tipično']
unaware	otkrije	Incorrect	['svjestan', 'nesvjestan']
usable	dostupni	Incorrect	['userfriendly', 'upotrebljive', 'jednostavnost_korištenja', 'upotrebljivosti']
useless	nepotreban	Found close match: ['neupotrebljiv']	['beskorisno', 'neupotrebljiv', 'useless', 'beskoristan']
vacation	odmor	Match	['godišnji_odmor', 'odmor']
war	rata	Match	['vojna', 'vojevati', 'oružanog_sukoba', 'the_war', 'ratovanja', 'bojevati', 'ratovati', 'bojovati', 'boj', 'all_or_nothing', 'ares', 'ratova', 'rat', 'ratovanje', 'oružani_sukob', 'waraywaray_jeziku', 'rata', 'vojni_sukob', 'ratno_stanje', 'war', 'warjaintia_jezik']
wash	čistimo	Found close match: ['čistiti', 'očistiti']	['oprati', 'umiti', 'buried', 'pročistiti', 'prevući', 'arroyo', 'pralja', 'the_wash', 'oblagati', 'rublje', 'biti_periv', 'navlaživati', 'prekrivati', 'operi', 'umivati', 'lavation', 'washables', 'isprati', 'premazati', 'navlažiti', 'pokvasiti', 'ispirati', 'fijasko', 'pročišćavati', 'peri', 'pročišćivati', 'očistiti', 'isplaknuti', 'pokrivati', 'slipstream', 'unearthed', 'scan', 'premazivati', 'crtanje_tušem', 'prekriti', 'pokriti', 'ovlažiti', 'vlažiti', 'ovlaživati', 'lizati', 'suho_pranje', 'čistiti', 'lost_dogs', 'obložiti', 'prati', 'prati_se', 'prevlačiti', 'pranje']
weak	slab	Match	['mišićna_slabost', 'slabi', 'slaba', 'nemoćan', 'nejak', 'krhak', 'nemoć', 'slabašan', 'slab', 'slabo', 'slabina', 'slaboća', 'the_sea', 'nemoćnost', 'slabost']
wear	nositi	Match	['nositi', 'skršiti_se', 'otpornost_na_trošenje', 'kidati_se', 'strgati_se', 'lomiti_se', 'izmožditi', 'odjenuti', 'pokidati_se', 'oblačiti', 'ruho', 'istrošiti', 'odjeća', 'nošnja', 'potrošiti', 'premarati', 'nošenje', 'odjeće', 'potrgati_se', 'polomiti_se', 'izlizati', 'odjevnoj_industriji', 'habati_se', 'podesan_za_nošenje', 'iznuriti', 'umoriti', 'umarati', 'iskrzati_se', 'kršiti_se', 'staviti_na', 'zamarati', 'pohabati_se', 'iskrzati', 'izmožđivati', 'razbiti_se', 'podsmijeh', 'nosi', 'slomiti_se', 'žensku', 'iscrpljivati', 'razbijati_se', 'premoriti', 'obuci', 'odijevati', 'uništiti_se', 'trošiti', 'izmučiti_se', 'iscrpiti', 'odijelo', 'izmarati', 'odjevni_predmet', 'odjevni', 'obući', 'uništavati_se', 'slamati_se', 'iscrpsti', 'trgati_se', 'izmoriti', 'zamoriti', 'wear']
weather	meteorološki	Incorrect	['odoljeti', 'vrijeme_prognoza', 'odolijevati', 'vremenska_prognoza', 'prebroditi', 'atmosferski_uvjeti', 'ustrajati', 'vrijeme', 'vremenski_uvjeti', 'atmosferski_stanje', 'vremenskim_uvjetima']
willingly	svojevoljno	Match	['svojevoljno']
word	riječi	Match	['časna_riječ', 'vijest', 'sročiti', 'sin', 'kršćanske_biblije', 'razgovor', 'lozinka', 'biblijski', 'rasprava', 'microsoft_word', 'reći', 'biblija', 'riječi', 'lozinke', 'obavijest', 'bibliji', 'artikulirati', 'svetom_pismu', 'riječ_čast', 'izražavati', 'zaporka', 'biblije', 'novost', 'sveto_pismo', 'formulirati', 'informacija', 'kršćanskih_pisama', 'obećana_donacija', 'izreći', 'izgovarati', 'diskusija', 'dužini_riječi', 'vijesti', 'izgovoriti', 'izraziti', 'dobra_knjiga', 'izricati', 'lozinku', 'svetih_tekstova', 'govoriti', 'rijec', 'kršćanska_biblija', 'sveta_knjiga', 'logos', 'vjerskog_teksta', 'riječ']
