ability	היכולת	Match	['כּוֹחַ', 'יְכֹלֶת', 'כשרון', 'היכולת', 'כֹּשֶׁר', 'יכולתu200e', 'יכולת']
accomplished	מוכשר	Incorrect	['הושלמה', 'בוצעה']
angry	מתרגז	Incorrect	['mad_season', 'חימה', 'סרu200e', 'כּוֹעֵס', 'כועס', 'כועסת', 'זעם', 'angriness', 'כעס', 'kay_starr', 'זוֹעֵף', 'press_to_play', 'קיי_סטאר']
apartment	דירת	Found close match: ['דירות', 'דירה', 'דירת_גן']	['דירת_גן', 'דירה_למגורים', 'דִּירָה', 'דִירָהu200e', 'apartment', 'דירות', 'דירה']
applause	למחיאות	Found close match: ['מחיאת_כף', 'מחיאות_כפות', 'מחיאה']	['מְחִיאוֹתכַּפַּיִם', 'תשואות', 'מחיאה', 'מחיאת_כף', 'מחיאות_כפיים', 'applause', 'כַּפַּיִם', 'מחיאת_כף_יד', 'מחיאת_כפיים', 'תְּשׁוּאוֹת', 'מחיאות_כפות', 'כפיים']
argument	שטיעון	Found close match: ['טיעון', 'טיעון_לוגי']	['שנוי_במחלוקת', 'ערר', 'פולמוס', 'ויכוחu200e', 'קו_המחשבה', 'טיעון_לוגי', 'ארגומנטu200e', 'דיבייט', 'disceptation', 'טַעֲנָה', 'ויכוח_ספרותי', 'סברה', 'טקסט_טיעוני', 'מחלוקת_לשם_שמים', 'מחלוקות', 'פרמטר', 'מעמת', 'ארגומנטציה', 'מתווכח', 'מַחְלקֶת', 'ויכוח_פוליטי', 'וִכּוּחַ', 'נימוק', 'ארגומנט', 'דיבייטינג', 'מחלוקת_הלכתית', 'לדון', 'ויכוח', 'איהסכמה', 'תאורית_הטיעון', 'מחלוקת', 'מועדון_ויכוחים', 'טיעון', 'מריבה']
art	אמנות	Match	['גרפי', 'ארט', 'יצירות_אמנות', 'יצירה_אמנותית', 'וזאר', 'אמנות_יפה', 'הפקה_אמנותית', 'ביטוי_אמנותי', 'עניין_שאינו_כתוב', 'ופפטיד_אגוטי_קשור', 'גרפיקה', 'גראפיקה', 'אומנויות', 'מאמר', 'בסגנון_בוזאר', 'תעוזה', 'ד_ני', 'אומנות', 'הא_הידיעה', 'אמנות']
attitude	כלפיי	Incorrect	['וmalpresentation', 'כיוון_הדפסה', 'attitude', 'עלרוד', 'תְּנוּחָהu200e', 'זווית_אויילר', 'התנהגות_חברתית', 'גישה', 'נִהוּל', 'נטיהu200e', 'יחס', 'reload', 'יחס_נפשי', 'יציבה', 'מגמה', 'התנהגותu200e', 'נְטִיָּה', 'זוויות_אוילר', 'הגישה', 'מעללים', 'נטייה', 'עמדה', 'סבסוב', 'התנהגות', 'התנהגות_פסולה', 'זווית_אוילר', 'תנוחה', 'גלגול', 'נטייהu200e', 'כיוון', 'תְּנוּחָה', 'יציבהu200e']
bag	שקית	Match	['מזוודה__מִזְוָדָהu200e', 'multiset', 'אַמְתַּחַת', 'מזוודה', 'מזוודהu200e', 'גנב', 'גנבu200e', 'תִּיקu200e', 'חוק_השקיות', 'תיק', 'עטין', 'ילקוט', 'multisets', 'שַׂק', 'שקית_קניות_מפלסטיק', 'תיק_יד', 'שקית_קניות_ניילון', 'כוס_התה', 'שקית_קניות', 'שקיות_קניות_מפלסטיק', 'שק', 'שקית', 'תיק_ישן', 'תיק_נסיעות', 'סל_קניות', 'העטין', 'שקית_נייר', 'שקית_מלאה', 'שקית_ניילון_לקניות']
ball	המחבט	Incorrect	['אזור_שביתה', 'ספירה', 'כדורגל', 'נֶשֶׁףu200e', 'אש_חיה', 'הכדור_הפתוח', 'חצי_כדור', 'כרית_כף_הרגל', 'ביצית', 'כדור_nממדי', 'הכדור', 'globose', 'קליע', 'לוסיל_בול', 'כדור_כדורגל', 'כדור_משחק', '2הכדור', 'ballock', 'כדור', 'לוסי_בול', 'כַּדּוּרֶגֶל', 'john_ball', 'הכדור_הסגור', 'גוש', 'כַּדּוּרu200e', 'אשכים', 'אשך', 'מעטפת_כדור', 'teste', 'כדור_טניס', 'כדור_של_חייל', 'כַּדּוּר', 'כדור_רגל', 'נפח_כדור', 'סְפֶרָהu200e', 'כדור_התעמלות_אמנותית', 'ball', 'נשף', 'כדורי_טניס', 'lucille_ball', 'ביציםu200e', 'מאושכן']
bar	בר	Match	['לא_הכלילu200e', 'רז_הבית', 'בָּאר__בָּרu200e', 'בר', 'מסבאה', 'אנטיווארי', 'barline', 'bar', 'פטרונים', 'מקצוע_עריכת_דין', 'בָּר', 'סרגל', 'טברנה', 'pothouse', 'פאבים', 'פאב', 'מניעה', 'מְנִיעָה', 'הקולטן_ביתא2', 'כסימן_פאב', 'שם_שני_של', 'mbar', 'קילובר', 'תיבה_מוזיקלית', 'סורגu200e', 'מלונאות', 'קהילה_משפטית', 'foo_bar', 'באר', 'הקולטן_ביתא2_adrenergic', 'פס', 'בָּרu200e', 'foobar', 'בראונינג_האוטומטי_רובה', 'בתים_ציבוריים', 'advocatus', 'שם_השני_של', 'taphouse', 'אוכל_פאב', 'בנק_חול', 'מנפטה', 'בית_משתה', 'מקצוע_עריכת_הדין', 'patrynomic', 'תיבה', 'מיליבאר', 'בווארית', 'ginmill', 'מיליבר', 'שרטון', 'בית_מרזח', 'פונדק_כפרי', 'patronymics', 'patronym', 'מקצוע_משפטי', 'foo', 'שרטונות']
bear	הדוב	Found close match: ['דוב', 'דובים', 'דב']	['דֹּב', 'דלאוור', 'bear', 'webelos', 'סָבַלu200e', 'ursidae', 'דּוֹבu200e', 'דֹּב', 'לסבול', 'דוב', 'mike_brown', 'טופולב_tu95', 'קיבלu200e', 'לשאת', 'טופולב_95', 'הכילu200e', 'דובים', 'דוביים', 'לקחת', 'דֹּבu200e', 'דב', 'שילם__שִׁלֵּם', 'הוליד', 'ursus', 'tu95']
beat	כשניצחו	Incorrect	['beatnik', 'יחידה_קצבית', 'משקל_יאמבי', 'ביטניק', 'פעימה', 'יטניק', 'משקל', 'בפסוק_כמותית', 'ריתמוס', 'רגל', 'רֶגֶל', 'גָּבַר', 'קצב_מוסיקלי', 'siteswap', 'פעמה', 'פנטמטר_ימבי', 'קצב', 'הביסu200e', 'פנטמטר_יאמבי', 'סייטסוואפ', 'beat']
bed	לאמבטיה	Incorrect	['אפיק_הנחל', 'קרקעיתu200e', 'תפר', 'מיטת', 'bed', 'יָדַע', 'שִׁכְבָה', 'הפרעת_אכילת_יתר', 'עָשָׂהאַהֲבָה', 'שיכוב_מדורג', 'שָׁכַבעִם', 'הִזְדַּיֵּן', 'ידעu200e', 'שיכוב', 'מיטה', 'דָּפַקu200e', 'הפרעת_בולמוסי_אכילה', 'ערוגה', 'זיין__זִיֵּןu200e', 'אפיק', 'שיכוב_צולב']
beer	משקאות	Incorrect	['בירה_מהחבית', 'בִּירָה', 'ale', 'beer', 'בִּירָה', 'בירה', 'אייל']
big	גדול	Match	['bjarke_ingels_group', 'מינרליות', 'גָּדוֹל', 'גדולים', 'גדולה', 'פרות', 'big', 'רְחַבלֵב', 'stypsis', 'חָשׁוּב', 'יבש', 'גוף', 'norm_nixon', 'ביג', 'גדול']
bird	ציפור	Match	['אצבע_משולשת', 'ציפור_פרקר', 'בירד', 'ציפור', 'mikuni_shimokawa', 'ראז', 'aves', 'מתעלל', 'avafauna', 'פרגית', 'ציפורי_מחמד_ועופות_במשק_הבית', 'צארלי_פארקר', 'צפור', 'צרלי_פרקר', 'צארלי_פרקר', 'עופות', 'charlie_parker', 'שמחת_ברונקס', 'avifauna', 'bird', 'את_האצבע', 'עופות_מחמד', 'yardbird_פרקר', 'תנועה_מזרחית_מגונה', 'צארלס_כריסטופר_פרקר', 'ציפורים', 'צרלי_פארקר', 'בחורה', 'האצבע', 'shuttlecock', 'קריאת_בוז']
blood	דם	Match	['יצירת_תאי_דם', 'המטולוגיות', 'בורדו', 'תורשה_גנטית', 'the_black_parade', 'persistence_of_time', 'יין_בורדו', 'blood', 'דם_מחומצן', 'רקמת_דם', 'תורשה', 'vs', 'קו_דם', 'דם', 'נואף', 'הולל', 'getting_away_with_murder', 'דָּם', 'collective_soul']
body	גוף	Match	['טורסו', 'גוףu200e', 'גוּףu200e', 'פרות', 'פגר', 'coachbuilder', 'מחליפות_שחייה', 'כתבת_חדשות', 'טרנזיסטורים_אפקט_שדה', 'גופהu200e', 'יבש', 'שער', 'polytopes', 'גּוּפָה', 'תיבת_תהודה', 'מינרליות', 'חליפת_חתול', 'גוויה', 'מאמר_חדש', 'בגוף', 'טורסוu200e', 'stypsis', 'עצםu200e', 'מאמר', 'סיפור_חדשות', 'teairra_mari', 'גופות', 'גוף_ההודעה', 'גוף', 'גוּף', 'fet', 'הגוף', 'פלג_גוף_עליון', 'נקודה', 'מבנה_פיזי', 'חליפת_גוף', 'גוויהu200e', 'גּוּפָהu200e', 'יחידה_טיפוגרפית', 'טרנזיסטור_אפקט_שדה', 'בגד_גוף', 'גופה', 'גּוּף', 'גְּוִיָּה__גוויהu200e', 'גווייה', 'מאמר_בעיתון', 'body', 'גֵוu200e', 'גו', 'גוף_אוטומטי', 'פֶּגֶרu200e', 'נְבֵלָהu200e', 'eubstance', 'מבנה_אורגני', 'בגודל_נקודה_יותר', 'polytope', 'סיפור_חדשותיי']
brain	המוח	Match	['המוח', 'נואטי', 'רוּחַu200e', 'banks', 'גזע_המוח', 'כוח_המוח', 'נפש', 'המפקח_גאדגט', 'יכולת_נפשית', 'brain', 'מוחu200e', 'רוח', 'bryan_mantia', 'המיספרה', 'חוש_חש_הבלש', 'יכולת_למידה', 'גאונות', 'גאון', 'מח', 'נואוס', 'תוכן_נפשי', 'ראשו', 'שׂכלu200e', 'חושחש_הבלש', 'גאונים', 'המוח_האנושי', 'מוח', 'nous']
broken	נשבר	Match	['ms_kelly', 'פגוםu200e', 'winterhearts_guild', 'plastic_beach', '12_stones', 'נשבר', 'שבור', 'the_best_of_bruce_dickinson', 'echo', 'שבורים', 'delta_machine', 'שבורה', 'broken']
building	בניין	Match	['בִּנְיָן', 'חומרי_בניין', 'בנייןu200e', 'בניין', 'בונה', 'מבנה', 'בינוי', 'בנייה', 'בְּנִיָּה', 'ענף_הבנייה', 'חומרי_בנייה', 'בנייהu200e', 'בניה', 'בִּנְיָן', 'בניין__בִּנְיָןu200e', 'ואתרי_בנייה']
burn	שורפת	Found close match: ['שריפות']	['fc_dallas', 'כוויה', 'שריפות', 'שִׁזָּפוֹן', 'להבה', 'אש', 'נחל_איתן', 'שִׁזּוּף', 'שרף', 'השתזפות', 'שיזוף', 'כוויות_שמש', 'כוויית_שמש', 'burn', 'שָׂרַף', 'כווייה', 'דאלאס', 'נשרף', 'יובל', 'אֵשׁu200e', 'מדורה', 'נחל_אכזב', 'המילטון', 'נחל', 'מועדון_כדורגל_דאלאס', 'ruisseau', 'אֵשׁ', 'לשרוף', 'כווית_שמש', 'מועדון_הכדורגל_דאלאס', 'לֶהָבָהu200e', 'כוויות_שמש_והגנה_מפני_השמש', 'צריבה', 'תואר_שלישי_לשרוף', 'לשרוף_את_החותם', 'אריתמה_solare', 'זרם_לסירוגין', 'לוהט', 'hysteria']
business	עסקים	Match	['עיסוק', 'חוג_לקוחות', 'עסקי_ארגוני', 'קו_העבודה', 'משימה', 'מסלול_עסקי', 'עסקי_במה', 'בכיבוש', 'business', 'תעסוקה', 'קבלנים_עצמאיים', 'קו_פעולה_עסקי', 'byplay', 'פירמה', 'קבלן', 'קבלן_משנה', 'חברה', 'מערכת_עסקית', 'עסק', 'קְלִיֶנְטוּרָה', 'ארגון_עסקי', 'קבלנות', 'קבלן_עצמאי', 'מגזר_עסקי', 'עסקים', 'משרה', 'תַּעֲסוּקָה', 'עצמאי', 'בית_עסק', 'למטרות_רווח', 'עֵסֶק', 'עֲבוֹדָה', 'משרה_מלאה', 'העסק', 'גורם_עסקי']
camera	המצלמה	Match	['מצלמת_תנועה_בתמונה', 'מצלמת_וידאו_מקצועית', 'מצלמה', 'מצלמת_8_ממ', 'מסרטה', 'סופר8', 'the_back_room', 'מצלמת_קולנוע', 'committee_for_accuracy_in_middle_east_reporting_in_america', 'מצלמת_צילום', 'מצלמת_טלביזיה', 'מצלמת_סופר_8', 'מצלמות', 'מצלמת_וידאו', 'המצלמה', 'cineמצלמה', 'מצלמת_16_ממ', 'מצלמת', 'camera', 'מצלמת_וידיאו', 'מצלמת_35_ממ']
carefully	בקפידה	Match	['דְּאָגָה', 'בזהירות', 'דאגה', 'בקפידה']
challenge	האתגר	Match	['פרוטוקול_אתגרמענה', 'לאתגר', 'האתגר', 'פרוטוקול_אתגר_מענה', 'אתגר']
charity	צדקה	Match	['עמותה', 'צדקה_רשומה', 'צדקה_ציבורית', 'ארגון_צדקה_ללא_מטרות_רווח', 'ארגון_צדקה', 'polemonium_caeruleum', 'caeruleum_polemonium', 'polemonium_אןbruntiae', 'אהבת_אחים', 'מעמד_צדקה', 'צדקה', 'polymonium_caeruleum_אןbruntiae']
charming	ומצחיק	Incorrect	['מקסים', 'מקסימה']
clothes	בגדים	Match	['מד', 'בְּגָדִיםu200e', 'בגדu200e', 'מדu200e', 'לבושu200e', 'מאמר_של_בגדים', 'הלבשה', 'בגדי_נשים', 'בגדים', 'habiliment', 'ביגוד', 'ביגודu200e', 'לביש', 'בגד', 'לבוש', 'בִּגּוּד']
cockroach	ועכבישים	Incorrect	['suborder_blattaria', 'suborder_blattodea', 'תיקנאים', 'תִּיקָן', 'cockroach', 'מַקָּק', 'blattaria', 'מקק', 'blattodea', 'תיקן', 'גוּק']
code	קוד	Match	['קוֹד', 'וקוד', 'הצפיןu200e', 'קוד_מחשב', 'קוד', 'קודים', 'הקודיפיקציה', 'תזמון', 'תִּכְנֵת', 'הקוד', 'קוד_חוקי', 'קודיפיקציה', 'תיכנת', 'צופן', 'קוֹדֵקְס', 'צֹפֶן', 'קודקס_חוקי']
collection	אוסף	Match	['hawkwind', 'akon', 'bundling_המוצר', 'גביית_חובות', 'הוקווינד', 'מצבור', 'אוסף_אמנות', 'גְּבִיָּה', 'אקון', 'joe_sample', 'אייקון', 'collection', 'אגירה', 'הרכבה', 'אוסףu200e', 'אסיף', 'צבירה', 'the_charlatans', 'האוסף', 'אִסּוּף', 'גורם_מכיל', 'the_offspring_collection', 'אוסף', 'חבילה', 'באוספי_אמנות', 'קבוצהu200e', 'סדרת_ספרים']
computer	המחשב	Match	['מחשב_אנושי', 'מבנה_המחשב', 'חשבונאיתu200e', 'מחשב_ספרתי', 'קלטפלט', 'מערכת_מחשב', 'מערכת_עיבוד_מידע', 'מַחְשֵׁב', 'מחשוב_דיגיטלי', 'חשבונאיu200e', 'המחשב', 'מחשב_אלקטרוני', 'התקן_מחשוב', 'מחשבון', 'מחשבים', 'נתוני_מעבד', 'מוסיקת_מחשב_שנוצר', 'מחשבים_דיגיטליים', 'המחשב_האלקטרוני', 'מערכות_מחשב', 'מחשבים_וטכנולוגיה', 'figurer', 'מחשב', 'שמאי', 'מחשב_דיגיטלי', 'מכונת_חישוב', 'מוסיקת_מחשב']
construction	בניית	Found close match: ['בנייה', 'בניה', 'בינוי']	['חומרי_בניין', 'פרשנות_משפטית', 'פרשנות_חוקתית', 'ענף_הבנייה', 'בנייהu200e', 'מודל', 'רונסקייפ', 'ביטוי', 'בנייןu200e', 'בנייה_דקדוקית', 'בְּנִיָּה', 'פרשנות_דווקנית', 'runescape', 'מִבְנֶה', 'מבנה', 'בנייה', 'runescape_2', 'חומרי_בנייה', 'בִּנְיָן', 'ואתרי_בנייה', 'סינתזה_נפשית', 'בינוי', 'בניה', 'פרשנות_תכליתית', 'פרשנות']
cook	קולינגווד	Incorrect	['james_cook', 'סושף', 'בישל__בִּשֵּׁל', 'סו_שף', 'טבח', 'קפטן_קוק', 'טבחיתu200e', 'שףu200e', 'הקפטן_גיימס_קוק', 'טבח_של_הזמנות', 'לבשל', 'הכין', 'שפים', 'שף', 'קוק', 'טבח_קצר_סדר', 'גיימס_קוק', 'cook', 'גימס_קוק', 'טַבָּחu200e', 'פרדריק_קוק', 'frédérick_cook']
counting	נספרים	Incorrect	['מספור', 'שיטת_ספירה', 'ספירה', 'רְשִׁימָהu200e', 'שיטות_מנייה', 'מערכת_מספרים', 'שיטות_ספירה', 'סופרת', 'מנייה', 'סְפִירָה', 'רשימה', 'בסיס_ספטנרי']
crazy	שטותי	Incorrect	['famous_last_words', 'מְטֹרָף', 'שגעון', 'פסיכי', 'crazy', 'לון', 'usher', 'אישפיות', 'מטורף', 'אי_שפיות', 'משוגע', '(you_drive_me)_crazy', 'the_red_album', 'משוגעת', 'שיגעון', 'because_of_you', 'playing_with_fire', 'loca', 'מטורפת', 'קרייזי', 'טירוף', 'erika_jayne', 'meshuggah']
damage	נזק	Match	['נזקu200e', 'מחירu200e', 'ציוד_הרוג', 'מְחִיר', 'קִמְעוֹנָאִית', 'קִמְעוֹנָאִי', 'damage', 'המחיר_הקמעונאי', 'ניזק', 'המחיר', 'נזקים', 'נזק', 'מחיר', 'מחירים', 'פציעה_משפטית', 'scathe', 'מחיר_מציאה', 'הדרדר']
dance	ריקוד	Match	['מסיבת_ריקודים', 'מוסיקת_דאנס', 'הריקוד', 'postdisco', 'פוסטדיסקו', 'ריקוד', 'תרקוד', 'רָקַד', 'דאנס', 'waterloo', 'לרקוד', 'מחול', 'dance', 'פוסט_דיסקו', 'ריקודים', 'מוזיקת_דאנס', 'oliver_heldens']
dangerous	מסוכן	Match	['מְסֻכָּן', 'מסוכןu200e', 'מסוכנים', 'רציני', 'מסוכן', 'מסוכנתu200e', 'dangerous', 'רְצִינִי', 'מסוכנת', 'its_hard', 'חָמוּר']
deceive	להטעות	Found close match: ['להונות']	['רַמָּאוּת', 'מָכַר', 'נוכלות', 'מָכַרלוֹלוֹקְשִׁים', 'רִמָּה', 'הוֹנָה', 'רְמִיָּה', 'להונות', 'הונאה', 'חוסר_יושר', 'מטעה']
dedication	הנדיבות	Incorrect	['dedication', 'הקדשה', 'מסירות', 'המסירות']
deliberately	במכוון	Match	['בְּכַוָּנָה', 'ביד_רמהu200e', 'במכוון', 'בְּמִתְכַּוֵּן', 'בְּמַחְשָׁבָהתְּחִלָּה', 'בכוונה', 'במתכוון']
delivery	ושינוע	Incorrect	['הצלה', 'למשלוח_הביתה', 'לידה_נרתיקית', 'משלוח', 'תשתיות_תחבורה', 'מְסִירָה', 'בדיחות', 'פתיחה', 'נער_שליח', 'delivery', 'הובלה', 'הֲלָצָה', 'צורת_הדיבור', 'בדיחה', 'לדה', 'בדיחת_קרש', 'בְּדִיחָה', 'מוות_בלידה', 'תובלה', 'ניכור', 'העברה_חוקית', 'מסירה', 'משלוח_המיילדותי', 'מבודח', 'תחבורה', 'זירוז_לידה', 'צירי_לידה', 'מעשה_קונדס', 'תעבורה', 'לידה__לֵדָהu200e', 'השראת_לידה', 'הלצה', 'ישועה', 'משלוחים', 'alienable', 'להציל', 'פוריות', 'הבאה', 'פתיחת_צוואר_הרחם', 'יולדת', 'עקומת_היצע', 'היצע', 'לידה']
dessert	וגבינה	Incorrect	['קינוח', 'קנוח', 'קינוחu200e', 'הקינוח', 'פרפרת', 'יין_קינוח', 'יינות_קינוח', 'מנה_אחרונה']
device	המכשיר	Match	['מכשיר', 'טלפון_סלולארי', 'device', 'מכונה', 'מכשיר_הטלפון', 'ההתקן', 'מכשירים_ניידים', 'נייד', 'מכונות', 'configsys', 'טלפונים_סלולריים', 'טלפון_נייד', 'רטן', 'המכשיר', 'רדיו_טלפון_נייד', 'סליידר', 'טלפונים_ניידים', 'טֶלֶפוֹן_סֶלוּלָריu200e', 'חומרה', 'התקן', 'סלולארי', 'טלפון_ניידu200e', 'חומרת_מחשב', 'מתקן', 'חומרת_מחשב_אישית', 'בטלפונים_סלולריים', 'טלפון_סלולרי']
dig	לחפור	Match	['אתר_ארכאולוגי', 'חפירה', 'חפרu200e', 'לתפוס', 'יָגַע', 'ללגלג', 'הֵבִיןu200e', 'לחפור', 'חפר', 'דיג', 'חפירות', 'לנוע_לצדדים', 'dig', 'דיג_dig']
dinner	וארוחה	Found close match: ['ארוחה', 'ארוחת_מנחה']	['ספל_תה', 'תה_של_מנחה', 'ארוחה', 'ארוחת_מנחה', 'תה_של_אחר_הצהרים', 'תה_של_אחר_הצהריים', 'ארוחת_ערב', 'הפסקת_תה', 'תה_מנחה', 'ארוחת_צהרייםu200e', 'tiffin', 'ארוחת_ערבu200e', 'ארוחת_צהריים', 'שעת_תה', 'תה', 'dejeuner', 'אֲרוּחַת_צָהֳרַיִם__ארוחת_צהרייםu200e', 'שעת_התה', 'ארוחת_ארבע', 'ארוחת_צוהריים']
disease	מחלות	Match	['מצבים_רפואיים', 'מַחֲלָה', 'begowal', 'מצב_רפואי', 'מחלה_מידבקת', 'מחלות', 'מחלה_מדבקת', 'הידבקות', 'מחלה_כרונית', 'צדרת', 'unwellness', 'pleuritis', 'שיעור_תחלואה', 'מַחֲלָהu200e', 'חולי', 'מחלה', 'מחלהבעיה', 'דלקת_אדר_חזה', 'הפרעה_רפואית', 'תחלואה']
dissolve	להתפרק	Incorrect	['להמס', 'הֵמֵסu200e', 'מעבר_בעמעום', 'דיזולב', 'להמיס']
disturb	לחוש	Not found	[]
do	לעשות	Not found	[]
doctor	דוקטור	Match	['תואר_שלישי', 'דוקטור_של_הכנסייה', 'רופאה', 'רופאים_של_הכנסייה', 'תואר_דוקטור', 'מנתחים', 'דוקטור_הו', 'דוקטור_במשפטים', 'מורה_של_הכנסייה', 'דוקטורט_דאטה', 'הרופא', 'דוקטור_למדעים', 'דוקטוראט', 'דוקטור_דאטה', 'מנתחת', 'רופאu200e', 'דוקטור_לרפואה', 'לואיק_נוטה', 'דוקטור_למשפטים', 'דר_הו', 'מְנַתֵּחַu200e', 'eliza', 'מנתח', 'דּוֹקְטוֹרָטu200e', 'רופא_קונבנציונאלי', 'מברג_קולי', 'מורי_הכנסיה', 'רופא_מנתח', 'מנתח_הפעלה', 'loïc_nottet', 'רוֹפֵא', 'כירורג', 'רופאים', 'רופא', 'התואר_של_הרופא', 'הדוקטור', 'doctorat', 'דר', 'ותואר_דוקטור', 'מורי_הכנסייה', 'קצין_רפואה', 'דוקטור_לפילוסופיה', 'דוקטורט_מקצועי', 'דוקטורט', 'רופאהu200e', 'doctor_ecclesiae', 'דוֹקטוֹרu200e', 'doctor_who', 'דוקטורנט', 'לתקן', 'מורה_הכנסייה', 'רופא_מומחה', 'אלייזה', 'דוקטור', 'doctores_ecclesiae']
dog	כלב	Match	['כלב_ברזל', 'wienerwurst', 'familiaris', 'נקניקיה_בלחמנייה', 'הוט_דוג', 'canis', 'זקנה_מרושלת_לבוש', 'נקניקייה_בלחמניה', 'נקניקיה_בלחמניה', 'כֶּלֶב', 'כלביים', 'כלב_מקומי', 'מנשלך', 'canis_familiaris', 'כלב_הבית', 'בשר_כלב', 'כלבים', 'detent', 'מוט_ברזל', 'מענטשעלעך', 'מנטשלך', 'רכרוכי', 'נקניקייה_בלחמנייה', 'canidae', 'דוג', 'נקניקייה', 'duck_hunt', 'canis_lupus_familiaris', 'שן', 'רדף', 'נקניקיות', 'כלב_בית', 'כלב', 'משפחה_כלבית', 'המשפחה_canidae', 'לנבל_את_הפה', 'מתקן_עצים']
dressing	בבגדים	Found close match: ['בגדים', 'בגדי_נשים', 'בגד']	['רפואית_הלבשה', 'חסם_עורקים', 'חוסם_עורקים', 'בגדu200e', 'מאמר_של_בגדים', 'הלבשה', 'בגדים', 'ביגודu200e', 'לביש', 'חבישה', 'רוטב', 'מלית', 'בגדי_נשים', 'ביגוד', 'habiliment', 'לבוש', 'מדu200e', 'בגד', 'מד', 'רוטב_לסלט', 'בִּגּוּד']
driver	הנהג	Match	['נהג_תוכנה', 'יער', 'עץ_מספר_אחד', 'chauffer', 'נהיגת_משאית', 'מנהל_מדפסת', 'driver_san_francisco', 'נהגu200e', 'סרנים_יחד', 'נַהָגu200e', 'נהג_משאית', 'מנהל_התקן', 'cowcatcher', 'נהגי_משאיות', 'נהיגת_גלגל', 'נהג_שכיר', 'נהג', 'driver', 'נהגתu200e', 'יערות_מחטניים', 'יערות', 'נֶהָגu200e', 'נסעו_במשאית', 'הנהג', 'מנהלי_התקנים', 'ביער']
economy	הכלכלה	Found close match: ['כלכלה', 'מדע_הכלכלה', 'כלכלת']	['משטר_כלכלי', 'אֶקוֹנוֹמְיָה', 'פיננסי', 'walden', 'חיסכון', 'מערכת_כלכלית', 'חסכון', 'economy', 'מדע_הכלכלה', 'הכלכלה_הריאלית', 'כלכלה', 'מערכות_כלכליות', 'וולדן', 'חסכנות', 'כַּלְכָּלָה', 'כלכלת', 'כלכלה_פוליטית', 'קומודיפיקציה', 'פיננסיה', 'כַּלְכָּלָהu200e']
election	בבחירות	Found close match: ['בחירות', 'הבחירות', 'כתב_הבחירות']	['בְּחִירוֹת', 'נבחר_באופן_דמוקרטי', 'election', 'כתב_הבחירות', 'בחירות_או_לא_להיות', 'בְּחִירוֹתu200e', 'בחירות', 'אמנת_שיתוף_פעולה_לפטנטים', 'בחירתו_מחדש', 'בחירות_חופשיות', 'הבחירות']
electron	אלקטרונים	Match	['אלקטרון', 'אלקטרונים', 'electron', 'negatron', 'אלקטרוןu200e']
elegance	אלגנטיות	Match	['יופי_מתמטי', 'יופי', 'יֹפִי', 'יופי_המתמטיקה', 'יפי_המתמטיקה', 'karlgeorg_hoefer', 'יופי_קלסי', 'אלגנטיות', 'אלגנטיות_מתמטית', 'beaut', 'אסתטיקה_מתמטית']
emotion	רגש	Match	['רֶגֶשׁ', 'הרגש', 'emotion', 'רגשות', 'אמוציה', 'רגש_אנושי', 'human_after_all', 'רגש', 'סנטימנט']
emotionally	רגשית	Match	['רגש', 'רגשות', 'אמוציה', 'רגש_אנושי', 'רגשית', 'רֶגֶשׁ', 'סנטימנט']
engine	מנוע	Match	['מנוע', 'קטר_רכבת', 'מנוע_גרפי', 'המנוע', 'מנוע_משחק_וידאו', 'מָנוֹעַ', 'ray_alder', 'קטר_דיזל', 'מנוע_3d', 'engine', 'motor', 'מנועים', 'קטר']
event	אירוע	Match	['שבץ_מפתח', 'אֵרוּעַ', 'מקרהu200e', 'אירוע', 'התוצאה', 'דִּין', 'שומע', 'מִקְרֶה', 'תוצאה', 'מאורע', 'תוצאהu200e', 'מאזין', 'האירוע', 'אירועu200e', 'אירוע_תוכנית', 'המטפל_באירועים', 'הקשה']
experiment	וניסוי	Found close match: ['ניסוי', 'ניסויים', 'קבוצת_ניסוי']	['אתר_ניסוי', 'the_experiment', 'experiment', 'ניסויu200e', 'ניסויים', 'ניסוי_מעבדה', 'ניסוי', 'aba', 'קבוצת_ניסוי', 'ניסוי_מדעי']
extremely	מאוד	Not found	[]
feeling	ותחושה	Found close match: ['תחושה', 'חושי']	['חושי', 'תחושת_מגע', 'הרגשה', 'הַרְגָּשָׁה', 'רגישu200e', 'משוב_מישוש', 'תחושה_אינטואיטיבית', 'רגשות', 'הַרְגָּשָׁה', 'מישוש', 'תחושה', 'מגע', 'תחושת_מישוש', 'מרגישה', 'מרגיש', 'רגישהu200e']
fight	להילחם	Match	['צורת_קרב', 'נפתוליםu200e', 'להתנגד', 'קרב', 'רבu200e', 'לחימה', 'צורות_קרב', 'מאבקu200e', 'ברוק_קנדי', 'נלחםu200e', 'קְרָב', 'צורות_הקרב', 'מעורבות_צבאית', 'הילחם', 'מאבק', 'נאבקu200e', 'להילחם', 'מאבק_מזוין', 'קרבu200e', 'התחרותיות', 'קרבות', 'fight']
fish	דגים	Match	['fish', 'finfish', 'היברידיזציה_פלורוסנטית_באתר', 'דג_מאכל', 'היברידיזציה_פלואורסצנטית_באתר', 'דָּג', 'דגי_מזון', 'ichthyofauna', 'עבור_דגים', 'pisces', 'pterygiophore', 'פיש', 'מזל_דגים', 'משחק_רביעייה', 'חוט_משיכה', 'אצבעוניי', 'פלואורסצנטי_כלאה_באתר', 'דגי_מאכל', 'דגים', 'הדגים_את_הדגים', 'phish', 'דג', 'elver']
flow	זרימת	Match	['young_money', 'יאנג_מאני', 'זורם', 'הידרוליקה', 'וֶסֶתu200e', 'ברשת_זרימה', 'הידראולי', 'נתיב_העשרה', 'הידראוליקה', 'רשת', 'דינמיקת_נוזלים', 'בעיית_זרימה_מקסימלית', 'מכניקת_נוזלים', 'מחזור_הווסת', 'פיזיקת_נוזלים', 'זרימת_נפחית', 'זרימת_נוזל', 'וסת', 'וֶסֶת', 'grail', 'מכניקת_הזרימה', 'אב__ראפ', 'זרימה', 'קצב_זרימה', 'gravity_recovery_and_interior_laboratory', 'young_money_entertainment', 'florent_mothe', 'ראפינג', 'flow', 'catamenia', 'ראפרית', 'תורת_הזורמים', 'emceeing', 'מכניקת_הזורמים', 'רשת_זרימה', 'ראפר', 'ראפרים', 'קצב_הזרימה', 'אלגוריתם_הרם_וקדם', 'dynamicist_נוזל', 'ראפ', 'זרימת', 'זֶרֶם', 'אורח_נשים', 'פונקציית_זרימה', 'תורת_הזרימה', 'מכניקת_זורמים', 'ספיקה', 'הידרודינמית', 'לחץ_הידראולי']
food	מזון	Match	['אֹכֶל', 'מאכל', 'מזונו_של_האדם', 'מָזוֹןu200e', 'ניוטריאנטים', 'מזון_רוחני', 'מזונות', 'שדה_התעופה_מונדה', 'macronutrients', 'נוטריינטים', 'אוכל__אֹכֶלu200e', 'מזון_מוצק', 'kirby', 'נוטריינט', 'אוכל', 'נוטריאנטים', 'חומר_למחשבה', 'מזון', 'חומרי_מזון', 'קירבי']
garbage	זבל	Match	['גרוטאה', 'גרבג', 'זבל', 'מיחזור_מתכת', 'פסולת_ביתית', 'זבלu200e', 'אובדן_מזון', 'פסולת', 'פסולת_עירונית_מוצקה', 'גרוטה', 'לבזבז_את_העניין', 'גרוטאות_ברזל', 'זֶבֶל', 'חומרי_פסולת', 'אַשְׁפָּה', 'לסרב', 'אַלְטֶע_זַאכֶןu200e', 'withering_to_death', 'שאריות', 'אַשְׁפָּהu200e', 'פסולת_מוצקה', 'גארבג', 'מחזור_מתכת', 'בזבוז_מזון', 'garbage', 'זֶבֶלu200e', 'פסולת_עירונית', 'גרוטאות', 'אשפה']
gold	זהב	Match	['גרסת_אלפא', 'פלטינה', 'גרסת_הבטא', 'מראש_אלפא', 'הסמכת_זהב', 'זהב_עורק', 'פלטינה_כפולה', 'גירסה_מועמדת_להפצה', 'גירסת_אלפא', 'gold', 'שחרור_תוכנה', 'דיסק_פלטינה', 'מהדורה_לייצור', 'תקליט_זהב', 'גרסת_בטא', 'e_175', 'אלבום_זהב', 'במדליית_הזהב', 'זהוב', 'ענבר', 'אלפא_תוכנה', 'פלטינה_משולשת', 'תקליט_פלטינה', 'זהב', 'זהובu200e', 'הבטא_תוכנה', 'בדיקה_בטאה', 'מדליות_זהב', 'מספר_אטומי_79', 'מוסמך_זהב', 'froot', 'bobby_brown', 'אלפא_מבחן', 'גולד', 'the_heist', 'בובי_בראון', 'מדליית_זהב', 'דיסק_סילבר', 'לזהב', 'במדליית_הזהב_האולימפית', 'וזהב', 'זהב_ילידים', 'אאור', 'מוזהב', 'מועמד_לשחרור', 'beta', 'דיסק_זהב', 'מהדורה', 'e175', 'גירסת_בטא', 'הסמכת_מכירות_הקלטת_מוסיקה', 'young_lust_the_aerosmith_anthology', 'anthology']
great	עצום	Incorrect	['אחלה', 'מעולה', 'נהדר', 'וגדולתו', 'עֲנָק', 'פָּצָץ', 'תהלה', 'מַגְנִיב', 'גדול']
gun	ממקלע	Incorrect	['כלי_ירי', 'כלי_נשק_חם', 'אקדוחן', 'מנשק_קל', 'דוושת_הגז', 'דוושת_האצה', 'רובה', 'קטנת_זרוע', 'נשק_כבד', 'חנות_אקדח', 'גריז_אקדח', 'ירי', 'gunfighting', 'נשק_קל', 'אקדח', 'זרוע_קטנה', 'gunslingers', 'conventional_weapons', 'הכה_את_האיש', 'נשק_חם', 'gun', 'מתנקש', 'יורה', 'דוושת_דלק', 'נשק', 'ירייה', 'בחנות_כלי_נשק', 'רוצח_שכיר', 'כלי_ירייה', 'louder_than_love', 'נקל']
hair	שיער	Match	['hairsלרוחבה', 'אריג_שיער', 'שיער', 'hair', 'שערות', 'חוט_שערה', 'עכבר_העיר', 'שיערu200e', 'שיערות', 'שעיר', 'שערה', 'העיר', 'צבע_שיער']
help	לעזור	Match	['עֵזֶר', 'עזרה', 'the_help', 'סיוע_הומניטארי', 'עובד_סיוע', 'לעזור', 'עוזר', 'הִגִּישׁעֶזְרָה', 'סייע', 'סיועu200e', 'עזור', 'עובדי_סיוע', 'עזר', 'הגיש', 'עֶזְרָהu200e', 'לסעוד', 'סיוע_הומניטרי', 'עזרה_מקוונת', 'לסייע', 'סִיּוּעַ', 'העזרה', 'עזרי', 'עזרהu200e', 'ministration', 'סִיֵּעַ', 'עֶזְרָה', 'יכול', 'עָזַר', 'עובד_סעד', 'סיוע', 'help', 'כסיוע', 'להועיל']
hurting	פוגע	Not found	[]
ignorance	בערות	Match	['בּוּרוּת', 'בּוּרוּתu200e', 'נִבְעָרוּת', 'הבורות', 'בורות', 'אנאלפבית', 'avidya', 'בַּעֲרוּת', 'בערות', 'ignorance']
illness	ממחלה	Found close match: ['מחלה', 'מַחֲלָה', 'מחלהבעיה']	['מצבים_רפואיים', 'מַחֲלָה', 'מצב_רפואי', 'מחלה_מידבקת', 'מחלות', 'מחלה_מדבקת', 'הידבקות', 'מחלה_כרונית', 'unwellness', 'מַחֲלָהu200e', 'שיעור_תחלואה', 'מחלה', 'חולי', 'הפרעה_רפואית', 'מחלהבעיה', 'תחלואה']
impress	להרשים	Match	['להרשים', 'impressment', 'גיוס_כפוי_לצי']
invention	המצאת	Found close match: ['המצאה', 'להמציא', 'אמצאה']	['חדשנות_טכנולוגית', 'המצאה', 'להמציא', 'הַמְצָאָה', 'חדשנות', 'חִדּוּשׁ', 'אמצאה', 'חדשניים', 'אינוונציה']
investigation	חקירה	Match	['חקירה_מדעית', 'מֶחְקָר', 'מחקר_אקדמי', 'שיטות_מחקר', 'חקירהu200e', 'בדיקהu200e', 'מחקר', 'מחקר_מקורי', 'חקר', 'מודל_צעצוע', 'מחקר_מדעי', 'חֲקִירָה', 'חוקרים', 'toy_model', 'חקירה', 'מחקרu200e', 'חוקר']
invisible	מכושף	Not found	[]
job	עבודה	Match	['יחסי_עובדמעביד', 'עיסוק', 'להעסיק', 'תעסוקהu200e', 'קו_העבודה', 'משימה', 'מטלהu200e', 'משימות_לביצוע', 'עבודה', 'מטלה', 'בכיבוש', 'בְּעָיָה', 'עובדים', 'תעסוקה', 'אליהוא_בן_ברכאל_הבוזי', 'ספר_איוב', 'יחסי_עובד_מעביד', 'העסקה_ישירה', 'לעבודה', 'איוב', 'זוב', 'עֲבוֹדָהu200e_מִשְׂרָהu200e', 'מעסיקים', 'אִיּוֹבiyyovʾiyyôḇ', 'כמתאבק_ראשוני', 'אִיּוֹב', 'עבודת_חוזה', 'משרה', 'תַּעֲסוּקָה', 'job', 'עבודהu200e', 'עֲבוֹדָה', 'משרה_מלאה', 'עבודה_שגרתית', 'בעיה', 'בְּעָיָהu200e']
jungle	היער	Not found	[]
kindness	ונדיבות	Found close match: ['אדיבות']	['חסד', 'סלחנות', 'אדיבות']
king	המלך	Match	['משטר_מלוכני', 'מֶלֶךְ', 'בי_בי_קינג', 'מונרכיזם', 'טַיְיקוּןu200e', 'מונרכיהu200e', 'reverend_horton_heat', 'ממלכה', 'מנהל_בכיר', 'מגנאטים', 'רקס', 'ריילי_ב_קינג', 'מונרכיה', 'ב_ב_המלך', 'שלטון_מלוכה', 'מונרכיות', 'המלך_גברי', 'שליט', 'איש_עסקים_גדול', 'מֶלֶךְu200e', 'billie_jean_king', 'bb_king', 'קינג', 'עטר_את_הראש', 'george_king', 'מאגנאט', 'בילי_גין_moffitt_המלך', 'שלטון_מלוכני', 'מונרכיה_אבסולוטית', 'תעשיין', 'מונרך', 'b_b_king', 'עולם_מקצף', 'מלוכה', 'מגנאט', 'מלוכה_אבסולוטית', 'charles_bird_king', 'kingcom', 'מלוכנית', 'מונארכיה', 'מנהיג_עסקי', 'ביבי_קינג', 'מלכים', 'regnant', 'בילי_גין_קינג', 'טייקון', 'המלך', 'king_ov_hell', 'ריילי_b_המלך', 'מרטין_לותר_קינג', 'king', 'מלכות', 'אֵיל_הוֹןu200e', 'מלכה', 'אילהון', 'מלך', 'איל', 'איל_הון']
lady	ליידי	Match	['אצילה', 'דאם', 'סנטה_מריה', 'מריה_אם_ישו', 'כותר', 'היפהפיה_והיחפן', 'גְּבֶרֶת', 'לאדי', 'תואר_כבודu200e_תוארu200e', 'מרי_הקדושה', 'היפהפייה_והיחפן', 'המדונה', 'מריה', 'כותרות', 'צורת_פנייה', 'lady', 'הבתולה_מריה', 'תואר_של_הכבוד', 'הבתולה_הקדושה', 'לֵיְדִּי', 'גברת', 'מרים_הקדושה', 'מריה_הקדושה', 'הַבְּתוּלָההַקְּדוֹשָׁה', 'הבתולה', 'הבתולה_מרי', 'תואר', 'מרים_הבתולה', 'מרים_אם_ישו', 'מרים_הקדושהu200e', 'ליאדי', 'אציל', 'ליידי', 'גבירתי', 'סנט_מרי', 'בתולה', 'the_lady', 'מריה_הבתולה', 'מרי']
land	קרקעות	Found close match: ['קרקע', 'קרקע_מוצקה', 'מקרקעין']	['ענף_הנדלן', 'דין_הארץ', 'אדווין_הרברט_הארץ', 'אומה', 'מקרקעין', 'אחוזה_כפרית', 'ניח', 'חברה_פוליטית', 'מדינות_גרמניה', 'מדינות_ריבוניות', 'אֶרֶץu200e', 'שֶׁטַחu200e', 'מדינות_מקסיקו', 'אֶרֶץ', 'land', 'אחוזה_נחתה', 'אדמה_יבשה', 'נכסי_דלא_ניידיu200e', 'קרקע', 'מדינה_ריבונית', 'ארץ', 'נכסי_דלא_ניידי', 'נכסי_דלאניידי', 'בעל_נחת', 'התאוריה_ההצהרתית_של_מדינה', 'גוף_פוליטי', 'הנדלן', 'נדל״ןu200e', 'לאום', 'מדינה_במקסיקו', 'הנחית', 'אדמה', 'קרקע_מוצקה', 'בעל_אחוזה', 'המדינה', 'מְדִינָה', 'דונם', 'תחום_הפיאודלית', 'המיל_publica', 'מדינה', 'נחת', 'זכויות_במקרקעין', 'נדלן', 'בית_אחוזה', 'בתחום', 'תְּחוּם', 'אחוזה', 'במדינה_המקסיקנית', 'המדינות_במקסיקו', 'מְדִינָהu200e']
laugh	ולבכות	Incorrect	['בדיחה', 'הֲלָצָה', 'צחוק', 'צחק', 'צְחוֹקu200e', 'מבודח', 'לצחוק', 'בדיחת_קרש', 'בדיחות', 'מעשה_קונדס', 'בְּדִיחָה', 'צחוקu200e', 'הלצה', 'שחוק']
law	החוק	Match	['שירותים_משפטיים', 'm72_law', 'רטיבות', 'עורך_דין_קנון', 'המשפט_הקנוני', 'עריכת_הדין', 'חוק_הטבעי', 'סטודנט_למשפטים', 'חוק_טבע', 'משפטים', 'משפט_קאנוני', 'חֹק', 'משטרה', 'חוקי_הפיזיקה', 'חוק_הכנסייה', 'חוק', 'חוק_קאנוני', 'אכיפת_חוק', 'חוק_פיזיקאלי', 'פרוף_למשפטים', 'חוק_מעשה_ידי_אדם', 'מאבק_משפטי', 'm72_לאו', 'ופילוסוף_משפטי', 'משפט_חרות', 'חקיקה', 'פילוסופיה_של_משפט', 'הגנה_משטרתית', 'חוק__חֹקu200e', 'מדעי_המשפט', 'משטרה_חמושה', 'כוחות_הביטחון', 'חוק_קנוני', 'מִשְׁפָּטu200e', 'לאו', 'חוק_פיזיקלי', 'חוק_הכנסייתי', 'המשפט_הקאנוני', 'דין', 'חוק_הכנסיתי', 'משפט_הטבע', 'משפט_קנוני', 'טיל_לאו', 'חוק_הטבע', 'חוק_ומשפט', 'בחקיקה', 'תורת_המשפט', 'פילוסופיה_של_המשפט', 'שיטור', 'earthling', 'החוק', 'מִשְׁטָרָה', 'המשטרה']
left	ימין	Found close match: ['צד_ימין']	['שמאלן', 'שמאלני', 'צד_ימין', 'שְׂמֹאלָנִי', 'משמאל', 'האופוזיציה_השמאלית', 'יד_שמאל', 'פוליטיקת_שמאל', 'נוֹתָר', 'שמאל', 'שמאלה', 'ימין_ושמאל', '⇆', 'שמאל_וימין', 'venstre', 'שְׂמֹאלָנִיu200e', 'צד_שמאל', 'esquerra_republicana_de_catalunya', 'שְׂמֹאלָנִיתu200e', 'שמאלנות', 'שְׂמֹאלu200e', 'אגף_שמאלי', 'הקולקטיביסטית']
level	לרמה	Match	['קומות', 'פלס_מים', 'נקודות_ניסיון', 'adema', 'לרמה', 'קוֹמָה', 'מישורי', 'שָׁטוּחַu200e', 'בקומה', 'פלס_בנאים', 'הִפְנָה', 'דירוג', 'משטח_אופקי', 'דרגה', 'קוֹמָהu200e', 'פלס', 'קומה', 'רמת_בועה', 'נקודתי_ניסיון', 'בקומת_המספור', 'level', 'levél', 'שָׁלָב', 'רמה', 'נְקֻדָּה', 'להצביע']
liar	השקרן	Found close match: ['שקרן']	['sfsgsw', 'נבל', 'so_far_so_good_so_what', 'louder_now', 'glory', 'לִירָה', 'לירה', 'חמקמקן', 'שקרנית', 'liar', 'כינורות', 'liră', 'republic', 'שקרן']
light	האור	Match	['הצית', 'אורu200e', 'אור_בתוך', 'בהירות', 'מנורה_חשמלית', 'מקור_אור', 'קלהu200e', 'ישו_בתוך', 'באור', 'לפרוק', 'הדליק', 'האור_הפנימי', 'גלי_אור', 'יָרַד', 'קלu200e', 'השתקפות_אור', 'לאור', 'האור', 'בהירu200e', 'חלון', 'מצת', 'חַלּוֹן', 'אור', 'אוֹר', 'ואור', 'בהירהu200e', 'התחום_הנראה', 'אור_פנימי', 'מצית', 'בהיקות', 'גל_אור', 'luminousness', 'מְנוֹרָה', 'קרן_אור', 'תחום_נראה', 'קרינה_גלויה', 'light_yagami', 'אור_נראה', 'הבעיר', 'מנורה', 'אשu200e', 'קַל', 'נוגה', 'רמת_בהירות']
magic	קסם	Match	['אוקטארין', 'אקסל_רודי_פל', 'קמט_בזמן', 'magic', 'kiri_te_kanawa', 'make_a_scene', 'axel_rudi_pell', 'דיים_קירי_טה_זנט_kanawa', 'קירי_טה_קאנאווה', 'animagus', 'הלטת_הכרה', 'עושה_נפלא', 'קסם', 'מאגיה_שחורה', 'קסמים', 'מגיה_שחורה', 'להטוטים', 'מאגיה', 'driving_rain', 'אלאגייזיה', 'secret_time', 'כשף', 'קסמי_טריק', 'אחיזת_עיניים', 'הירושה', 'אוקטירון', 'thaumaturge', 'parseltongue', 'גסטין_טימברלייק', 'planeswalker', 'black_magic', 'חפץ', 'טה_kanawa', 'קירי_טה_דאם_kanawa', 'thaumaturgic', 'השתנות', 'mtg', 'take_me_home', 'כישוף', 'עולם_הדיסק', 'justin_timberlake', 'pluto', 'magic_the_gathering', 'מגיק', 'קסם_של_משפחה', 'אוקטרין', 'thaumaturgy', 'ראי_דו_כיווני']
marriage	נישואים	Match	['טכס_חתונה', 'גבר_ואישה', 'חתונה__חֲתֻנָּה', 'חופה', 'שידוכין', 'חתונות', 'כלה', 'נישואין', 'hymeneals', 'נישואין__נִשּׂוּאִיןu200e', 'כלולות', 'זוגות_נשואים', 'חֲתֻנָּה', 'אשות', 'חתונה', 'טכס_התחייבות', 'אישות', 'בְּרִיתu200e', 'קשר_זוגי', 'nihility', 'חידלון', 'נשוי', 'זוג_נשוי', 'חתן', 'נישואים', 'שידוכים']
material	חומר	Match	['עיוורון_שחמטאי', 'טקסטיל', 'פיזיקליזם', 'אָרִיג', 'מָטֶרְיָאלִיזְם', 'המטריאליסטים', 'חומר_גלם', 'בַּד', 'חומרי_גלם', 'מטריאליזם', 'בַּדu200e', 'חומרu200e', 'material_design', 'טכסטיל', 'חומר', 'חומרנות', 'בד']
mathematical	מתמטית	Match	['מתמטי', 'מתמטית', 'מתימטיקה', 'מתמטיקה', 'מָתֶמָטִיקָה', 'במתמטיקה']
mechanism	מנגנון	Match	['מכשיר', 'מנגנון_כימי', 'מכונה', 'מיכניזם', 'מכונות', 'התנועה', 'מנגנון_התגובה', 'מכניזם', 'מנגנון']
medication	תרופות	Match	['תרופות', 'pharmaceutic', 'תְּרוּפָה', 'תרופה_מרפאה', 'סַם', 'תרופה', 'version_20', 'מתן_פומי', 'נטילה_פומית', 'תְּרוּפָהu200e', 'טיפול_תרופתי', 'חיסון_פומי', 'מתן_וגינלי', 'rescue']
money	כספים	Match	['history_past_present_and_future_book_i', 'כסףu200e', 'כֶּסֶףu200e', 'ממוןu200e', 'history', 'אמצעי_תשלום', 'עושרu200e', 'money', 'כספים', 'כסף', 'כֶּסֶף', 'מוני']
mountain	ההר	Match	['עֲרֵמָה', 'ההר', 'רב', 'passel', 'ברכה', 'הַרu200e', 'muckle', 'mickle', 'הרבה', 'מאונטיין', 'הַר', 'סכום_נאה', 'הר', 'עסקה_טובה', 'sahtu', '482', 'די_קטן', 'הָמוֹן', 'סוג_הר', 'mountain', 'מנה']
movement	התנועה	Match	['movement', 'חָרָאu200e', 'זבל', 'רעי', 'תְנוּעָהu200e', 'תופעת_פי', 'תנועת_אמנות', 'פרק', 'לעשות_את_הצורך', 'גללים', 'תְּנוּעָה', 'תנועתיות', 'she_wolf', 'מַטָּרָהu200e', 'תנועה', 'עשו_את_הצורך', 'תנועה_אמנותית', 'גלל', 'תנועה_נראית_לעין', 'קקי', 'ותנועות_אמנות', 'מַעֲבָר', 'תְּנוּעָה', 'פעולת_מעיים', 'מהלך', 'לשלשת_ציפור', 'תנועה_אומנותית', 'יציאה', 'הפרשה', 'חומר_צואתי', 'תְּזוּזָה', 'תנועה_פילוסופית', 'התנועה', 'תופעת_phi', 'חרבון', 'חירבון', 'לשלשת', 'תנועת_בעלי_חיים', 'the_pillows', 'אסכולות_בפילוסופיה', 'עניין_צואה', 'חרא', 'צוֹאָה', 'תנועה_חברתית', 'פעולה_קבוצתית', 'צואה', 'תנועות_חברתיות', 'צָבָא', 'פסולת_צואתית']
movie	סרט	Match	['הצגת_קולנוע', 'סרטי_קולנוע', 'קולנוע', 'סרטים', 'וידאו_תנועה_מלאה', 'הסרט', 'ראינוע', 'המסך_הגדול', 'כתוביות_סיום', 'סֶרֶטקוֹלְנוֹעַ', 'הזזת_תמונה', 'סרט', 'סרט_קולנוע', 'מופע_קולנוע_של', 'כתוביות_פתיחה', 'kites', 'תנועה_בתמונה', 'מופע_מרגש_תמונה', 'סֶרֶט', 'תכנית_תמונה']
music	מוזיקה	Match	['the_music', 'עולם_המוזיקה', 'מוסיקה_פרהיסטורית', 'מוזיקה', 'תנעומה', 'מוּזִיקָהu200e', 'music', 'נגינה', 'מוסיקה', 'country_rock']
nation	והאומות	Found close match: ['האומה']	['לשאת_אומת_מור_אמיליה', 'מדינות_ריבוניות', 'אומה', 'מדינות_גרמניה', 'חברה_פוליטית', 'קנדריק_לאמאר', 'קנדריק_לאמר', 'המדינות_במקסיקו', 'מדינות_מקסיקו', 'kdot', 'אֶרֶץ', 'מדינה_ריבונית', 'התאוריה_ההצהרתית_של_מדינה', 'גוף_פוליטי', 'מדינה_במקסיקו', 'לאום', 'ניישן', 'לשאת_אומה', 'kendrick_lamar', 'המדינה', 'nation', 'מְדִינָה', 'אנקמורפורק', 'המיל_publica', 'מדינה', 'האומה', 'קנדריק_למאר', 'עולם_הדיסק', 'האוניברסיטה_הנעלמת', 'במדינה_המקסיקנית', 'אֶרֶץu200e', 'מְדִינָהu200e']
news	חדשותיים	Found close match: ['חדשות', 'החדשותיות']	['מילה', 'דיווח_חדשות', 'חדשות', 'אקטואליה', 'בשורות', 'בשורה', 'תכנית_חדשות', 'ענייני_דיומא', 'החדשותיות', 'חֲדָשׁוֹתu200e', 'news']
noise	רעש	Match	['קול', 'הרקע_הקוסמי', 'קרינת_רקע_קוסמית', 'מוסיקת_רעש', 'גל_קול', 'הלווין_קובי', 'סאונד', 'בן', 'משתמשהמקיסטelementary_os', 'קרינת_רקע', 'אטמוספרה_סטטית', 'אודיו', 'גל_קולu200e', 'פיטצ', 'elementary_os', 'רַעַשׁ', 'קרינת_הרקע_של_המפץ_הגדול', 'קרינת_הרקע_הקוסמית', 'רעש_תעשייתי', 'גלי_קול', 'קוֹלu200e', 'stochasticity', 'אטמוספרי', 'גל_אקוסטי', 'רעש_רדיו', 'עראיות', 'noise', 'קרינת_רקע_קוסמי', 'זיהום_רעש', 'רעש_אלקטרוני', 'נויז', 'רעש_חשמלי', 'צלילים', 'cmbr', 'רעש', 'רעש_אקראי', 'רעש_בתמונה', 'cbr', 'רעשu200e', 'צליל', 'שמע']
obligation	והחובה	Not found	[]
pain	עוויתות	Incorrect	['כאב_אקוטי', 'כאבים', 'pain', 'טַרְדָּןu200e', 'king_of_da_ghetto', 'מיחוש', 'תחושת_כאב', 'מִטְרָדu200e', 'קַרְצִיָּהu200e', 'forever', 'כְּאֵברֹאשׁ', 'כואב', 'נאגסu200e', 'מִטְרָד', 'תחושה_כואבת', 'כאב', 'קוֹץבַּתַּחַת', 'קוץ_בתחת', 'games_pain']
personality	ואישיות	Found close match: ['אישיות', 'תורת_האישיות', 'אִישִׁיּוּת']	['אִישִׁיּוּתu200e', 'personality', 'פסיכולוגיה_של_האישיות', 'תורת_האישיות', 'אִישִׁיּוּת', 'אופי', 'אישיות']
philosophy	פילוסופיה	Match	['הגות', 'הדוקטרינה', 'philosphy', 'דוקטרינה', 'פילוסופי', 'איזם', 'פילוסופיה', 'שיטה_פילוסופית', 'פילוסופיה_מערבית', 'אסכולה']
picture	התמונה	Match	['הצגת_קולנוע', 'סרטי_קולנוע', 'מילת_ציור', 'קובול', 'הסרט', 'ספר_מצוייר', 'cobol', 'סרט_קולנוע', 'כתוביות_פתיחה', 'ציור_קלסי', 'מופע_מרגש_תמונה', 'רישום_פחם', 'בדימויים', 'תַּצְלוּם', 'animagus', 'הלטת_הכרה', 'תנועה_בתמונה', 'תצלום', 'ansi_cobol', 'עיצובu200e', 'ציור_מילים', 'לראות', 'תצלוםu200e', 'התמונה', 'תמונהu200e', 'אווטאר', 'תמונת_חשבון', 'ציירים', 'צִיּוּר', 'רישום', 'תמונה_מנטלית', 'תַּצְלוּםu200e', 'דמיין__דִּמְיֵן', 'הזזת_תמונה', 'parseltongue', 'עניין_תמונתי', 'ספר_מצויר', 'תְּמוּנָהu200e', 'ציור', 'תמונה', 'תְּמוּנָה', 'מילת_תמונה', 'סֶרֶט', 'תכנית_תמונה', 'איור', 'kiss', 'סרטים', 'השתנות', 'אבוצו', 'ראינוע', 'ספרים_מאוירים', 'המסך_הגדול', 'סֶרֶטקוֹלְנוֹעַ', 'תמונות', 'סקיצה', 'דימויים', 'מופע_קולנוע_של', 'אילוסטרציה', 'סרט', 'פוֹטוֹגְרָף', 'צִלּוּם', 'כתוביות_סיום']
pig	חזיר	Match	['רשלן', 'שוטר', 'איסור_אכילת_חזיר', 'פיג', 'חֲזַרְזִירu200e', 'sus', 'חֲזִירָה', 'אדם_מרושל', 'מטומטם_וגס', 'מד_בדיקת_צינור', 'ברווזים', 'מיטת_חזיר', 'scrofa_sus', 'לזרוע', 'בשר_לבן', 'conjoiner', 'בשר_חזיר', 'חזיר_בר', 'חזיר_הבית', 'shoat', 'בָּשָׂר_לָבָןu200e', 'חזירי_בר', 'shote', 'conjoiners', 'חזרזיר', 'חזירון', '(בְּשַׂר)_חֲזִירu200e', 'חזירu200e', 'sus_scrofa', 'sus_domestica', 'sus_scrofa_domestica', 'חזירים', 'קיצן', 'חזיר', 'porc']
plan	תוכניתו	Found close match: ['תוכנית', 'תוכניות', 'תכנית']	['תכנית_אדריכלית', 'תכנית_פעולה', 'תוכנית_פעולה', 'התכנית', 'plan', 'חיל_הים_של_צבא_השחרור_העממי', 'תוכנית', 'תוכניות', 'לתכנן', 'תכנית']
plant	צמחים	Match	['מפעל_תעשייתי', 'floras', 'embryophyta', 'עובד_במפעל', 'plantae', 'ליסד', 'shill', 'trigun', 'יִסֵּד', 'ממלכת_הצומח', 'מִפְעָל', 'עבודות', 'מפעל_חיים', 'פס_יצור', 'בֵּית_חֲרֹשֶׁתu200e', 'מפעלי_ייצור', 'הֵקִים', 'קווי_ייצור', 'factorij', 'מערכת_הצמחים', 'manufactory', 'פייטוריה', 'ייצור_אונליין', 'עולם_הצומח', 'הצומח', 'צמחיה', 'צמח', 'פס_הייצור', 'מיני_צמחים', 'מפעל', 'feitoria', 'צמחים', 'ביתחרושת', 'טריגאן', 'מִפְעָלu200e', 'להקים', 'מפעל_לייצור', 'צֶמַח', 'בית_חרושת', 'צומח', 'פלורה', 'צמחייה', 'טַחֲנָהu200e', 'פס_ייצור', 'המפעל_הפיזי', 'שתול', 'קו_ייצור', 'viridiplantae']
play	לשחק	Match	['play', 'לפזז', 'הימורים_באינטרנט', 'android_market', 'מחזה', 'אנדרואיד_מרקט', 'משחק_דרמטי', 'stageplay', 'מהמר', 'תקופה_של_משחק', 'שחקי', 'משחקים', 'שיחקu200e', 'נגן', 'google_play_store', 'שחק', 'גוגל_פליי', 'מהמרים', 'להביא', 'דרמות', 'סיוף', 'google_music', 'ניגןu200e', 'הבלחה', 'google_play', 'לרוץ', 'השתעשע', 'הדרמה', 'תור', 'משחקי_מזל', 'הימורים', 'התערב', 'מִשְׂחָק', 'דרמה', 'יד_חופשיה', 'הימור', 'לקפוץ', 'שחק_תקופה', 'google_store', 'דרמטי', 'שיחק', 'משחק_ישר', 'play_store', 'לשחק', 'משחק', 'השתעשעu200e', 'שִׂחֵק__שיחקu200e']
pleasure	והנאה	Found close match: ['הנאה']	['כיף', 'sondre_lerche', 'תענוג', 'semisonic', 'תַּעֲנוּג', 'העונג', 'עונג', 'הנאה', 'pleasure_p']
poor	גרוע	Incorrect	['עוני_עירוני', 'עני', 'עניה', 'עניים', 'אנשים_עניים', 'עָנִיu200e', 'דַּלּוּת', 'עֹנִי', 'דלת_העםu200e', 'מסכן', 'דַּלּוּת', 'עוני']
prison	בכלא	Found close match: ['כלא', 'בית_כלא', 'לכלוא']	['בית_הסוהר', 'פוקי', 'בית_אסורים', 'בית_הכלא', 'tom_robinson', 'אבטחה_בינונית', 'כלא', 'אטי', 'בית_סוהר', 'מערכת_בתי_הכלא', 'טום_רובינסון', 'כֶּלֶא', 'לכלוא', 'בית_כלא', 'סוהר']
professional	מקצועי	Match	['אדם_מקצועי', 'מקצועי', 'מקצוען', 'מקצועיות', 'ספורט_מקצועי', 'מקצועי_למראה', 'ספורטאי_מקצועי', 'מומחה', 'מקצועית', 'מומחים', 'ספורטאים_מקצועיים', 'אנשי_מקצוע']
protection	הגנה	Match	['protection', 'בִּטָחוֹןu200e', 'אבטחה_בטיפוס', 'בטיחות', 'כיסוי_מגן', 'הנדסת_בטיחות', 'בְּטִיחוּתu200e', 'חסות', 'אבטחה', 'סכנות', 'הגנה', 'הגנת_סחר', 'מניעת_תאונות']
quality	איכות	Match	['מעמד_חברתי_גבוהu200e', 'איכותu200e', 'גוון', 'תכונהu200e', 'timbral', 'סגולהu200e', 'timbres', 'איכותי', 'האופי', 'תְּכוּנָה', 'איכות', 'טיב', 'באיכות', 'quality']
reaction	תגובה	Match	['תגובה', 'רֵאַקְצְיָה', 'תגובות_כימיות', 'reaction', 'התגובה_הכימית', 'ריאקציה_כימית', 'כימי', 'תְּגוּבָה', 'תְּגוּבָהכִּימִית', 'תגובה_כימית']
read	לקרוא	Match	['קרא', 'קְרִיאָה', 'קריאה', 'לקרוא', 'לקחת', 'קראי', 'ללמוד', 'הֵבִין', 'קָרָאu200e']
relationship	יחסים	Match	['קשרים_בינאישיים', 'יחסים_ביןאישיים', 'קרוב_משפחה', 'קרבת_משפחה', 'קֶשֶׁר', 'יחסים_לטווח_ארוך', 'שארות', 'יחסים_אנושים', 'מערכת_יחסים', 'פטריליניאליות', 'מערכת_יחסיםu200e', 'קשרים_ביןאישיים', 'יחסים_בינאישיים', 'יחסים_בין_אישיים', 'קשרים_בין_אישיים', 'אינטראקציה_אנושית', 'קשר', 'קשר_משפחתי', 'זוגיות', 'יְחָסִים', 'קבוצת_המוצא', 'יחסים_אישיים', 'כרות', 'יחסים', 'קבוצת_שארות']
religious	דתי	Match	['דתי', 'דתית', 'דת', 'דתיים', 'דתיות', 'יְשִׁיבָה']
residence	מגורים	Match	['אחוזת_הבית', 'התושב', 'תושבות', 'תושב_ישראל', 'שכןu200e', 'בית_מגורים', 'habitant', 'בַּיִתu200e', 'דירה', 'מרכז_החיים', 'מתנחלu200e', 'תושב', 'בית', 'מָעוֹןu200e', 'תושבu200e', 'משתכן', 'תושב_קבע', 'דירות', 'טִירָהu200e', 'תושבות_קבע', 'מגורים', 'אזרחu200e', 'בֵּיתמְגוּרִים', 'אַרְמוֹןu200e', 'אחוזה']
road	כביש	Match	['the_road', 'שם_משחק', 'מסילות', 'דֶּרֶךְ', 'משחק_כביש', 'במשחק_חוץ', 'הכביש', 'דֶּרֶךְ', 'כביש', 'new']
sad	עצוב	Match	['עָצוּבu200e', 'מצער', 'עצב', 'דיכאון_עונתי', 'sad', 'צער', 'יגון', 'ص', 'עצובה', 'צ', 'צאד', 'דיכאון_חורף', 'קודר', 'עגום', 'צדי', 'עצוב', 'הפרעה_רגשית_עונתית', 'תוגה', 'צָדִיu200e', 'lost_dogs', 'sadhe', 'עצבות', 'האגף_לפעולות_מיוחדות', 'נוגה']
science	מדע	Match	['דיסציפלינה_מדעית', 'מדעים', 'מַדָּעu200e', 'מדע', 'מְיֻמָּנוּת', 'מַדָּע', 'science', 'זרם_מרכזי_במדע']
seafood	ומאכלי	Not found	[]
sell	למכור	Match	['מכרu200e', 'מסחר', 'מכר', 'מִסְחָרu200e', 'הִסְגִּירu200e', 'סחר', 'סַחַרu200e', 'מכור', 'למכור']
sew	לתפור	Match	['תופר', 'תפירה', 'תפור', 'לתפור']
sexy	מצחיקונת	Incorrect	['סקסית', 'elephunk', 'סקסי', 'סקסיות']
shape	צורת	Match	['בשר', 'הרכב', 'פרימיטיבי', 'גוף_אדם', 'המטה_העליון_צבאות_אירופה', 'גוף_פיזי', 'צורה', 'הדמות', 'גוף_חומרי', 'צורה_מוזיקלית', 'גּוּףהָאָדָם', 'גוף', 'היווצרות_wm', 'פיזיולוגיה_אנושית', 'מצבu200e', 'מערכי_כדורגל', 'מבנה_גוף_האדם', 'bod', 'בגוף_אדם', '433', 'shape', 'צוּרָהu200e', 'פיגמנטציה_של_עור', 'מַצָּב', 'הדפוס', 'מערך', 'חלל_הבטן', 'גוף_האדם', 'צורת', 'לקבוע']
ship	laev	Incorrect	['הספינה', 'אֳנִיָּה', 'ספינה', 'לשלוח', 'סְפִינָהu200e', 'אוניה', 'אניה', 'אנייה', 'סְפִינָה', 'אֳנִיָּה__אונייהu200e', 'אונייה', 'ספינות', 'אֳנִיָּה__אונייה']
show	הריאליטי	Incorrect	['הצג', 'הציג', 'הימורים_באינטרנט', 'הִצִּיג', 'להקים', 'להוכיח', 'מהמרים', 'הימור', 'הימורים', 'מהמר', 'להציג', 'הראה', 'משחקי_מזל', 'הצגה', 'הֶרְאָהu200e', 'הוֹפָעָה', 'להראות', 'הראהu200e', 'הִצִּיגu200e', 'show']
sign	לחתום	Match	['הבית', 'נחתם', 'סמיוטיקן', 'סימן_לבאות', 'brown_eyed_girls', 'אלקטרונגטיביות', 'הקוטביות', 'אוֹת', 'אלקטרושליליות', 'מספר_חיובי', 'electropositive', 'סמיולוגיה', 'אות_לבאות', 'לחתום', 'פלנטרית_בית', 'שילוט', 'אותu200e', 'איתות_מחוץ_ללהקה', 'איתות', 'סימן', 'semiology', 'אלקטרושליליים', 'preindication', 'סמל_גרפי', 'בית', 'המזל', 'בַּיִת', 'סימן_כוכב', 'חתום', 'סימןu200e', 'סימן_רפואי', 'graphemes', 'החסות', 'סמיוטיקה', 'אלקטרונגטיבי', 'גרפמה', 'שלט', 'סימן_קליני', 'סִיגְנָל', 'סמל', 'אלקטרושלילי', 'סימנים_קליניים']
silly	טיפשי	Match	['טיפשי', 'חנטריש', 'שטויות', 'מְטֻפָּשׁ', 'טִפֵּשׁ', 'קַלדַּעַת', 'להג', 'טִפְּשִׁי', 'איגיון', 'טיפשיu200e', 'טִפֵּשׁ', 'נוןסנס', 'טיפש__טִפֵּשׁu200e', 'שטותיות', 'טיפש', 'מטופש', 'מטופשu200e', 'נונסנס', 'silly']
sin	כפרת	Incorrect	['חוטאים', 'sin', 'עָווֹן', 'ش', 'חֵטְא', 'שין', 'ארכסינוס', 'סינוס', 'סינהאלה', 'לחטוא', 'س', 'בשפת_סינהאלה', 'שין_ימנית', 'ש', 'נאננה', 'שין_שמאלית', 'shin', 'סין', 'חטא', 'לחטאים', 'נמל_התעופה_סינגפור_צנגי', 'חֵטְאu200e', 'החטא', 'סינהלית']
skin	העור	Match	['עוֹרu200e', 'התלהבות', 'דרמיס', 'day_for_night', 'תוספת', 'skinnable', 'יישום_plugin', 'almost_human', 'פלאגאין', 'ray_of_light', 'סקין', 'תוסף', 'בעור', 'כסות', 'אר_קלי', 'בית_חולים_פסיכיאטרי', 'skin', 'ר_קלי', 'העור', 'קרבת_האבוריגינים_אוסטרלית', 'תוכנת_תקע', 'blender', 'קלף', 'מערכת_העור', 'תאי_עור', 'המעגלים', 'בית_משוגעים', 'cutis', 'קליפה', 'עורית', 'בית_חולים_רוח', 'פלאג_אין', 'מטוס_כוח', 'כרטיס_מעגל', 'מוסד_לחולי_נפש', 'דברה_דייר', 'קילוף', 'מעגל_מודפס', 'היפודרמיס', 'מעטפת', 'plugin', 'תוספים', 'עור']
smart	חכם	Match	['smart', 'מבחן_אינטליגנציה', 'חכמה', 'אינטלקט', 'אגף_המודיעין', 'אינטליגנטי', 'תבונה', 'סמארט', 'חָצוּף', 'כואב', 'אינטלגנציה', 'חכמים', 'מודיעין', 'חכם', 'אינטליגנציה', 'טכנולוגיה_לניתוח_ודיווח_בפיקוח_עצמי']
smiling	מחייך	Match	['מחייכת', 'חיוך', 'חִיּוּךְ', 'לחייך', 'מחייכים', 'חיוכים', 'לגחך', 'מחייך', 'בתצחוק']
solution	פתרון	Match	['מומסים', 'פִּתְרוֹן', 'פתרון', 'פתרון_משוואה', 'פיתרון', 'תמיסות', 'תְּמִסָּה', 'ממס', 'תוצאה', 'תְּשׁוּבָה', 'משוואת_פתרון', 'פתרונות', 'מענהu200e', 'הפתרון', 'תמיסה', 'פתרוןu200e', 'פתרון_בעיות', 'solution', 'כפתרון', 'תשובה']
soul	ונשמה	Found close match: ['נשמה', 'הנשמה', 'מוסיקת_נשמה']	['אָדָם', 'סול', 'רוּחַu200e', 'מוסיקת_נשמה', 'בן_תמותה', 'נפש', 'אדם', 'הנשמה', 'נְשָׁמָהu200e', 'מוזיקת_סול', 'נֶפֶשׁu200e', 'soul', 'נפש_חיהu200e', 'נשמה', 'מִישֶׁהוּu200e', 'מוזיקת_נשמה', 'מישהו', 'בן_אדם', 'aiúa', 'מִישֶׁהוּ', 'נשמה_יתרה', 'נשמות', 'אִישׁ', 'נפשu200e', 'הנשמה_הנצחית']
sound	צליל	Match	['קול', 'מצר', 'גל_קול', 'סאונד', 'בן', 'מיצר__מֵצַר', 'בריאu200e', 'אודיו', 'גל_קולu200e', 'פיטצ', 'מצר_ים', 'גלי_קול', 'קוֹלu200e', 'טלפון', 'מיצר_ים', 'הגה', 'גל_אקוסטי', 'הִשְׁמִיעַ', 'צליל_דיבור', 'tecnocumbia', 'הקול', 'צלילים', 'תחושה_שמיעתית', 'נשמע', 'מצרי_ים', 'צליל', 'שמע']
spoke	דיבר	Match	['דיבר', 'דיבור', 'נאום', 'שפה_מדוברת', 'rundle', 'דיבור_אנושי', 'לשון', 'אילמות', 'תקשורת_בעלפה', 'תקשורת_קולית', 'חִשּׁוּר', 'דיברה', 'תקשורת_אוראלית', 'תקשורת_דברה', 'בתקשורת_דיבור', 'זק', 'spoke', 'אילם', 'לקות_דיבור', 'תקשורת_מילולית', 'שפה', 'גלגל_הגה', 'תקשורת_דיבור']
star	כוכב	Match	['כוכביתu200e', 'מלון_חמישה_כוכבים', 'estelle', 'ואיש_תקשורת', 'mavin', 'סלב', 'ידוען', 'הנחת_סלב', 'מטריציית_צמיחה_נתח_שוק', 'כּוֹכָבִית', 'ilean_almaguer', '★', 'כוכבי_קולנוע', 'מייבן', 'דירוג_מלונות', 'זיגי_סטארדסט', 'כוכב_טופולוגיה', 'כוכבת', 'שחקן_ראשי', 'גרף_כוכב', 'מודל_יועצי_בוסטון', 'ידוענית', 'סטאר', 'targz', 'גיבור_גדול', 'רשת_כוכב', 'maven', 'סלבריטי', 'כּוֹכָב', 'סלבריטאי', 'גאון', 'קוסם', 'דירוג_כוכבים', 'מיומן', 'מטריצת_צמיחהנתח_שוק', 'מבֿיןu200e', 'כותרתן', 'סלברטי', 'כוכב_קולנוע', 'כוכבים', 'איש_שם', 'star', 'popstar', 'xerox_star', 'מטריצת_צמיחה_נתח_שוק', 'שחקנית_ראשית', 'the_rise_and_fall_of_ziggy_stardust_and_the_spiders_from_mars', 'כוכב', 'סופרסטאר', 'כוכבית', 'כוכב_מחומש', 'הכוכב', 'כיכוב', 'זפת', 'כוכב_שבת', 'tar']
student	סטודנטים	Found close match: ['סטודנטית', 'סטודנט', 'סְטוּדֶנְט']	['כרייסט_צרץ', 'חנויות_ספרים', 'שומע_חופשי', 'educatee', 'קרייסט_צרץ', 'סטודנט', 'תַּלְמִיד', 'bookman', 'תלמידה', 'סְטוּדֶנְט', 'מסחר_בספרים', 'אדם_מלומד', 'מְלֻמָּד', 'חוקרים', 'מוכר_ספרים', 'תלמיד', 'מסחר_ספרים', 'חנות_ספרים', 'מכירת_ספרים', 'מוס', 'סטודנטית', 'william_sealy_gosset']
stupid	טיפשי	Found close match: ['טיפשים', 'טיפש', 'טיפשה']	['מטומטם', 'מְטֻשְׁטָשׁ', 'ראש_הפודינג', 'טִפֵּשׁ', 'חתיכת_טיפש', 'טיפשים', 'ravensymone', 'טיפשה', 'כסיל', 'אדם_טיפש', 'מטופשu200e', 'pudden_ראש', 'טִפְּשִׁי', 'טיפש', 'stupe', 'מטומטמת', 'טִפֵּשׁ', 'טיפש__טִפֵּשׁu200e', 'סָכָל', 'דגים_מסכנים', 'טיפשות']
successful	כמוצלחת	Found close match: ['מוצלחת', 'מוצלח', 'מוצלחים']	['מֻצְלָח', 'מצליח', 'טוֹב', 'מוצלח', 'מצליחה', 'מוצלחים', 'successful', 'מוצלחת']
sugar	סוכר	Match	['סֻכָּר', 'סוכרים_ביין', 'sugar', 'צדפות_לבנות', 'ממון', 'אוליגוסכריד', 'פחמימות', 'glassheart', 'simoleons', 'dinero', 'סוכרים', 'saccharide', 'סוכר_לבן', 'batman_forever', 'סוכר__סֻכָּרu200e', 'הגעלט', 'סֻכָּרִים', 'פחממות', 'פחמימה', 'פחממה', 'סוכר_מזוקק', 'סחר_הסוכר', 'באטמן_לנצח', 'צדפות', 'סכרידים', 'סוכר', 'שקלים', 'אוליגוסוכר', 'קרבוהידרט', 'שוגר', 'קוביית_סוכר', 'קרבוהידראט']
suspect	חושד	Found close match: ['חשד', 'חשוד', 'חשודה']	['חשוד', 'חשד', 'נִתְבָּע', 'החשוד', 'נֶאֱשַׁם', 'חוסר_אמון', 'נאשם', 'robert_crais', 'קרייס_רוברט', 'נאשם_פלילי', 'חֲשׁוּדָה', 'חָשׁוּד', 'חשודים', 'חשודה']
table	טבלה	Match	['בדיקת', 'iframe', 'טבלה', 'שולחן', 'דלפקu200e', 'טבלאי', 'הר_שולחן', 'מערך_טבלאי', 'לשולחן', 'לעכב', 'בטבלה', 'לוּחַ', 'אדמת_מישור', 'השולחן', 'mesa', 'תג_html', 'לחפש', 'ביחס', 'טבלא', 'לדחות', 'טַבְלָהu200e', 'בדיקה', 'תהודה']
taste	טעם	Match	['תפיסת_טעם', 'אומאמי', 'חומר_טעם_וריח', 'לטעום', 'תחושת_טעם', 'חמוץ', 'תחושה_התעוררה_אצל', 'כחומר_טעם', 'gustation', 'טעם_מלאכותי', 'ריח', 'חומרי_טעם_מלאכותיים', 'אוממי', 'טייסט', 'חומרי_טעם_וריח', 'יחס_העדפות', 'תבונה', 'מר', 'טַעַםu200e', 'טעם', 'חומרי_טעם', 'מלוח', 'taste', 'שיטה_התעוררה_אצל', 'טעם_נרכש', 'טָעַם', 'העדפות', 'טעימות_יין', 'מגמה', 'בחוש_טעם', 'נטייה', 'מתיקות', 'מריר', 'nowhere', 'חומרי_טעם_טבעיים', 'מתוק', 'חומר_טעם', 'חוש_הטעם', 'כחומרי_טעם', 'מרירות', 'חמיצות', 'העדפה']
team	ביורובאסקט	Incorrect	['הרכב_מוזיקאלי', 'קבוצת', 'צוות_ספורט', 'קבוצת_מוסיקה', 'קבוצה', 'להקת_רוק', 'אנסמבל', 'להקת_בר', 'להקה_כלית', 'להקה_מוזיקלית', 'להקות_רוק', 'פרויקט_הסולו', 'קְבוּצָה', 'team', 'הרכב_מוסיקאלי', 'קבוצת_ספורט', 'אנסמבל_מוסיקה', 'תא_עבודה', 'נבחרת', 'כאמן_סולו', 'להקה', 'צֶמֶד', 'להקת_פופ_רוק', 'להקת_זמר', 'רכב_מוסיקלי', 'צוות', 'להקהu200e', 'להקת_פופ']
texture	ומרקם	Found close match: ['מרקם', 'מיפוי_מרקם', 'מפת_מרקם']	['למרקם_שלהם', 'מיפוי_מרקם', 'macrotexture', 'מפת_מרקם', 'מרקם', 'mouthfeel', 'מרקם_מוסיקלי']
time	זמן	Match	['הממד_רביעי', 'in_my_own_words', 'scatmans_world', 'זמן_t', 'הכרונולוגיה_של_היקום', 'time_magazine', 'מחזורי_שעון', 'בזמן_44', 'הזמן', 'שחרור_כבלים', 'מאסר', 'תקופה', 'בזמן_פשוט', 'מהירות_שעון', 'אב_הזמן', 'בקצב_הוואלס', 'polymeter', 'שעה', 'y_not', 'טטרמטר_יאמבי', 'משקל', 'מגזין_טיים', 'זמן_המערכת', 'קוצב_זמן', 'תדר_שעון', 'זמן_הקוסמולוגי', 'זמן', 'טיים', 'ציר_הזמן', 'אות_שעון', 'anastacia', 'hypnotica', 'עתיד', 'טיים_מגאזין', 'טיים_מגזין', 'duple', 'זְמַןu200e', 'שעון_זמן', 'שעון_המערכת', 'מחזור_שעון', 'דופק_שעון', 'pacific_ocean_blue', '44', 'חתימת_זמן_מוסיקלי', 'בזמן_68', 'ביקום_המוקדם', 'חתימות_זמן', 'פעםu200e', 'עת', 'הזמנים', 'מתוח', 'time', 'בזמן_24', '128', 'זְמָןu200e', 'מטרום', 'ציון_קצב', 'זמן_הדקדוקי', 'זְמַן', 'קצב_שעון']
tool	ככלי	Found close match: ['כלי', 'הכלי', 'כְּלִי']	['מכשיר', 'זיין', 'כְּלִיu200e', 'מַכְשִׁיר', 'מכשור', 'כְּלִי', 'כלי_תכנות', 'כלי_פיתוח_תוכנה', 'זַיִןu200e', 'הכלי', 'טול', 'כלי_עבודה', 'tool', 'כלי', 'כלי_תוכנה']
toy	צעצוע	Match	['toy', 'צעצוע', 'chatoyancy', 'צעצועים', 'צַעֲצוּעַu200e', 'אביזר_מין', 'yello', 'toyline', 'כלב_צעצוע', 'chatoyant', 'צעצוע_מין', 'תופעת_עין_החתול']
tree	עץ	Match	['עץ', 'עץ_קדוש', 'תרשים_עץ', 'יער', 'פולחן_עץ', 'טבעות_עצים', 'צומת_ילד', 'charlotte_bronté', 'עץ_מכוון', 'סר_הרברט_ירבום_עץ', 'קארר_בל', 'שרלוט_ברונטה', 'צומת_עלה', 'צומת_אב', 'גרף_עץ', 'מבנה_נתוני_עץ', 'אילן', 'עץ_נטוע', 'עצים', 'שתיל', 'עץ_משנה', 'herbert_beerbohm_tree', 'שארלוט_ברונטה']
trial	משפטו	Found close match: ['משפט', 'נשפט', 'משולש']	['paucal', 'tercet', 'trine', 'רבים', 'סיבה_ותוצאה', 'הסכם_מספר', '3', 'ליטיגציה', 'תביעה_אזרחית', 'מספר_דקדוקי', 'התדיינות', 'סיבתיות', 'מערכת_הגורם', 'תביעה_משפטית', 'לפני_משפט', 'תיק_משפטי', 'terzetto', 'תביעה', 'מִבְחָןu200e', 'ג', 'משפטu200e', 'נשפט', 'סיבתי', 'שלוש', 'ניסוי', 'נִסּוּי', 'הרצה', 'תיק_פלילי', 'סיבה', 'ternion', 'תיקu200e', 'deuceאס', 'יחיד', 'משולש', 'תבע', 'סיבהתוצאה', 'פורענות', 'בדיקה', 'causa', 'מספר', 'משפט']
tried	ניסה	Match	['נשפט', 'ניסיתי', 'ניסתה', 'משפטu200e', 'ניסית', 'ניסה', 'תיק_פלילי', 'ניסו', 'משפט']
typical	אופייני	Match	['אופיינית', 'טִפּוּסִי', 'אופייני', 'טיפוסית', 'טיפוסי']
unaware	משוכנע	Not found	[]
usable	זמינים	Incorrect	['שמישות', 'ידידותי_למשתמש', 'שמיש', 'שימושיות']
useless	מיותר	Not found	[]
vacation	חופשה	Match	['נופש', 'חופש__חֹפֶשׁu200e', 'נבצרות', 'חופש', 'חופשה_בהפרעה', 'חופשה', 'חלת']
war	מלחמת	Found close match: ['מלחמות', 'מלחמה', 'המלחמה']	['the_war', 'מצב_המלחמה', 'ares', 'לוחמה', 'מצב_לוחמה', 'all_or_nothing', 'war', 'מלחמות', 'מִלְחָמָהu200e', 'מלחמה', 'המלחמה', 'וארייואריי']
wash	מטפטפים	Incorrect	['הסריקה', 'כְּבִיסָה', 'כְּבִיסָהu200e', 'the_wash', 'washables', 'ווש', 'כביסה', 'לשטוף_ציור', 'לרחוץ', 'slipstream', 'unearthed', 'רחץu200e', 'כְּבָסִים', 'ארויו', 'לשטוף', 'שטיפה', 'lost_dogs', 'קבור', 'כביסה_סינית', 'שטףu200e', 'לייבש_לשטוף']
weak	חלש	Match	['חַלָּשׁu200e', 'חלשה', 'חולשה_שרירים', 'חולשה', 'חולשת_שרירים', 'חלש', 'חלשים', 'the_sea']
wear	ללבוש	Match	['מהפךu200e', 'שחיקה_מכנית', 'בגדu200e', 'ללבוש', 'מאמר_של_בגדים', 'הלבשה', 'בגדים', 'ביגודu200e', 'לביש', 'בגדי_נשים', 'ביגוד', 'habiliment', 'לבוש', 'התנגדות_ללבוש', 'מדu200e', 'בִּגּוּד', 'לָבַשׁ', 'בגד', 'מד', 'לבש', 'wear', 'תלבש']
weather	מזג	Match	['מזגאוויר', 'מזג', 'תנאי_מזג_אוויר', 'מזג_אוויר', 'מזג_האוויר', 'תחזית_מזג_אוויר', 'מצב_אטמוספרי', 'מזג_אויר']
willingly	יבגוד	Incorrect	['willingly', 'מרצון', 'ברצון']
word	המילה	Found close match: ['מילה', 'מלה', 'הביבליה']	['מילה', 'כתבי_קודש', 'pin', 'מילת_גודל', 'התחייבות', '64_ביט', 'דִּיּוּן', 'הקודש', 'בן', '32_ביט', 'הַבֵּן', 'microsoft_word', 'בייבל', 'הביבלייה', 'ספר_קודש', 'בשורה', 'בנים', 'מספר_זיהוי_אישי', 'התנך_הנוצרי', 'מיקרוסופט_וורד', 'לוגוים', 'קוד_סיסמה', 'word', 'לוגוס', 'מִלָּה', 'כתבי_הקודש', 'וורד', 'ספרי_תנך', 'סיסמא', 'דיוןu200e', 'טקסט_דתי', 'סיסמה', 'מילים', '16_ביט', 'ססמא', 'סיסמות', 'דיון', 'סיסמהu200e', 'ביבליה', 'מלה', 'הביבליה', 'הספר_הקדוש', 'התנך', 'תיבה', 'ספר_טוב', 'כתבי_הקודש_הנוצריים', 'הן_צדק', 'ססמה']
