ability	vaardigheden	Found close match: ['vaardigheid']	['bekwaamheid', 'talent', 'capaciteit', 'begaafdheid', 'ability', 'vaardigheid', 'aanleg', 'potentie', 'gave', 'macht', 'vermogen', 'aptitude', 'geschiktheid', 'kunnen']
accomplished	getalenteerd	Match	['begaafd', 'voltooid', 'voltrokken', 'volmaakt', 'volbracht', 'bekwaam', 'deskundig', 'meesterlijk', 'getalenteerd', 'voldane', 'compleet', 'behaald', 'volleerd', 'conpetent', 'voldaan']
angry	boos	Match	['press_to_play', 'mad_season', 'lelijk', 'woedend', 'boos', 'kwaad', 'gram', 'vertoornd', 'kay_starr', 'boze', 'woede', 'verstoord', 'boosheid', 'kwaadheid', 'op_hoge_poten', 'toorn', 'verbolgen', 'met_opgestoken_zeilen', 'gebelgd', 'vergramd']
apartment	appartement	Not found	[]
applause	applaus	Match	['handgeklap', 'applaus', 'applaudiseren', 'applause', 'klappen', 'handklap', 'handclaps', 'geklap']
argument	argument	Match	['debat_team', 'kernargument', 'betoog', 'debating', 'redetwist', 'argumentatietheorie', 'onenigheid', 'werkwoord_argument', 'motivering', 'bewering', 'disceptation', 'geschil', 'controversieel', 'spraak_en_debat', 'parameters', 'argumentatieleer', 'bewijsgrond', 'woordenstrijd', 'discussie', 'logisch_argument', 'woordenwisseling', 'redestrijd', 'debat', 'twistgesprek', 'werkwoordsargumenten', 'argumenten', 'controverses', 'argumentatie', 'argumenteren', 'lijn', 'werkwoordsargument', 'controverse', 'dispuut', 'politieke_debat', 'bespreking', 'twistpunt', 'debatten', 'pennestrijd', 'muzikale_argument', 'argument', 'meningsverschil', 'motivatie', 'literaire_argument', 'ruzie', 'debatteren', 'schuine_argument', 'verklaring', 'betwisting', 'parameter', 'polemiek', 'bespreken', 'redenering']
art	kunst	Match	['beauxarts', 'beeldende_kunst', 'graveerkunst', 'agrp', 'grafische', 'bepaald_lidwoord', 'beeldend_kunstenaar', 'kunstvorm', 'grafisch_kunstenaar', 'schone_kunsten', 'kunstprodukt', 'artistieke_expressie', 'artistieke_productie', 'grafisch', 'dilbert', 'kunst', 'agoutigerelateerde_peptide', 'onbepaald_lidwoord', 'art', 'lidwoord', 'prentkunst', 'artistieke_creatie', 'grafische_kunst', 'kunstproduct', 'kunstuiting', 'fineart', 'beauxart', 'beaux_arts', 'dapperheid', 'art_design', 'artwork', 'artikel', 'myst', 'object', 'agoutirelated_peptide', 'the_vips', 'kunstwerk', 'arab_radio_and_television_network', 'lidwoorden', 'beaux_arts_architectuur', 'artisticiteit', 'bekwaamheid', 'beauxarts_architectuur', 'fijnkunst', 'installatie', 'nontextual_kwestie', 'kunstenaarschap', 'kunstenaarstalent', 'dni', 'beauxarts_stijl', 'onbepaalde_lidwoord', 'artistieke', 'kunsten', 'artn', 'law__order_criminal_intent', 'grafiek', 'afbeelding']
attitude	houding	Match	['opstelling', 'gerichtheid', 'mentale_houding', 'attitude', 'humeur', 'eulerhoeken', 'gedragseffecten', 'gedragsreactie', 'tendens', 'plaatsbepaling', 'richting', 'aandrift', 'doen_en_laten', 'opvatting', 'ruimtelijke_oriëntatie', 'sociaal_gedrag', 'gedrag', 'liggingsafwijking', 'gedragswijze', 'lichaamshouding', 'geneigdheid', 'menselijke_positie', 'inclinatie', 'habitus', 'neiging', 'reload', 'gedraging', 'hoeken_van_euler', 'gedragslijn', 'oriëntatie', 'dispositie', 'pose', 'houding', 'gedragingen', 'leeuw', 'zienswijze', 'positie', 'aandrang', 'beheptheid', 'euler_hoeken', 'gezindheid', 'instelling', 'oriëntering', 'wangedrag', 'afdrukstand', 'stand']
bag	doosje	Incorrect	['zakje', 'roven', 'specialiteit', 'ontvreemden', 'trolley', 'papieren_zak', 'oude_zak', 'taart', 'draagtas', 'bag', 'multiset', 'stelen', 'tas', 'uier', 'handtas', 'gappen', 'koffer', 'verpakken', 'multisets', 'jatten', 'kopje_thee', 'gordeltas', 'uitpuilen', 'plastic_boodschappentas', 'mozartpruik', 'valies', 'honk', 'pikken', 'buil', 'beurs', 'zak', 'reistas', 'tasje', 'handtassen', 'ding']
ball	bal	Match	['geweerkogel', 'musketkogel', 'glob', 'frommel', 'kluwen', 'staking_zone', 'geslachtsklier', 'slagzone', 'testiculaire', 'sfeer', 'pingpongbal', 'noot', 'testes', 'bolvormige', 'bol', 'bolveelhoek', 'voetbal', 'bolleke', 'strike_zone', 'bolvorm', 'blauwe_boon', 'sferisch_lichaam', 'kanonskogel', 'bolletje', 'klomp', 'teelbal', 'zaadbal', 'teelballen', 'open_bal', 'ballock', 'oprollen', 'wilfred_williams_ball', 'ronde_bollen', 'bal', 'kogel', 'bolvormig', 'testikels', 'bolle_vorm', 'testis', 'klontje', 'tennisbal', 'prop', 'homp', 'zaadballen', 'opwinden', 'teste', 'slak', 'tafeltennisbal', 'gesloten_bal', 'tennisballen', 'ronde_bol', '2sfeer', 'ball', 'halfronde', 'kogels', 'kloot', 'voetbalbal', 'klootzak', 'wereldbol', 'lucille_ball', 'testikel', 'onzin', 'john_ball']
bar	bar	Match	['patroniem', 'pub_voedsel', 'bol', 'beta2_receptor', 'tegenhouden', 'the_bar', 'mbar', 'tap', 'baar', 'afzetten', 'taverna', 'koek', 'tapperij', 'maat', 'cafe', 'de_kroeg', 'drankbar', 'patronymicum', 'pubs', 'ginmill', 'scholen', 'taveerne', 'stamcafé', 'stang', 'ban', 'cafébedrijf', 'lier', 'afspanning', 'staaf', 'tapkast', 'pub_teken', 'stamkroeg', 'bar', '◌̷', 'stammenee', 'cafeetje', 'uitstoten', '◌̶', 'blok', 'bonaventura_de_bar', 'griekse_taverna', 'stamgast', 'niet_toelaten', 'blokkeren', 'barrière_strand', 'kroeg', 'legger', 'maatstreep', 'bierhuis', 'millibar', 'advocatus', 'drankhol', 'cafes', 'patroniemen', 'advocatuur', 'grand_café', '◌̸', 'cafés', 'cafebedrijf', 'saloon_keeper', 'buiten_beschouwing_laten', 'streepje', 'beta2_adrenerge_receptor', 'juridische_gemeenschap', 'school', 'bannen', 'schenklokaal', 'staminee', 'schuine_streep', 'zandbank', 'reep', 'nr1h4', 'voorkoming', 'niet_meetellen', 'beiers', 'cafékroeg', 'patronymicon', 'taverne', 'tap_house', 'kafenion', 'bonaventure_de_bar', 'buitensluiten', 'foobar', 'voorkomen', 'browning_automatische_geweer', 'preventie', 'caféhouder', 'zandplaat', 'pub_food', 'pub', 'public_house', 'gesp', 'saloon', 'vadersnaam', 'het_voorkomen', 'streek', 'stremmen', 'toog', 'dichtstoppen', 'gelagkamer', 'farnesoid_x_receptor', 'antivari', 'bonaventura_debar', 'driekwartsmaat', 'café', 'stamcafe', 'verstoten', 'cafehouders', 'streepkleur', 'tavernes', 'balie', 'versperren', 'streep', 'zandplaten', 'brandingsrug', 'kroegtijger', 'uitsluiten', 'caféhouders', 'dranklokaal', 'tivar', '◌̵', 'foo_bar', 'bár', 'afsluiten', 'antibarium', 'herberg', 'brouwerij_kraan', 'buffet', 'orde_van_advocaten', 'cafekroeg', 'grand_cafe', 'adrb2', 'bangor_and_aroostook_railroad', 'patrynomic', 'britse_pub', 'stuk', 'barroom', 'gerecht', 'verbannen', 'foo', 'maatregel', 'rechtbank']
bear	grizzlybeer	Incorrect	['nemen', 'paul_hoffman', 'staan', 'tolereren', 'toelaten', 'doormaken', 'bear', 'arctos_ursus', 'velen', 'getroosten', 'bevatten', 'webelos', 'harden', 'ursidae', 'tu95k22', 'beer', 'inhouden', 'baren', 'beren', 'tu142', 'dulden', 'beer_gemeenschap', 'betalen', 'mike_brown', 'beertje', 'beoefenen', 'verdienen', 'bear_beer', 'doorstaan', 'dalend', 'verduren', 'uitoefenen', 'tupolev_tu142', 'tupolev_tu95_bear', 'aanvaarden', 'incasseren', 'berin', 'verdragen', 'kampen', 'tupolev_tu95', 'gedogen', 'bekleden', 'overnemen', 'lijden', 'uitstaan', 'bevallen', 'dalende', 'dragen', 'ondergaan', 'tu95']
beat	verslaan	Match	['afdrogen', 'pulsatie', 'kwantitatieve_meter', 'beating', 'poëtische_meter', 'verschalken', 'beatnik', 'inpeperen', 'beat_frequentie', 'metrum', 'pols', 'afrossen', 'overwinnen', 'verbluffen', 'kloppen', 'jet_set_radio', 'slopen', 'trommelen', 'afjakkeren', 'aftobben', 'aftroeven', 'cadans', 'kwantitatieve_vers', 'zweving', 'slaan', 'verslaan', 'aframmelen', 'rhythme', 'uitputten', 'siteswap', 'verstomd_doen_staan', 'versmaat', 'meter', 'aftuigen', 'offbeat', 'ritmes', 'ritmische', 'versvoet', 'ritme', 'hartslag', 'tempo', 'maat', 'de_la_jet_set_radio', 'overwinnen_verslaan', 'afranselen', 'verlegenheid', 'ronde', 'ritmische_eenheid', 'muzikale_ritme', 'antimetrie', 'puls', 'afmatten', 'beat']
bed	bed	Match	['rampetampen', 'naaien', 'kezen', 'aardlaag', 'bedvogelen', 'rammen', 'stroombedding', 'pompen', 'bed', 'legerstede', 'eetbuienstoornis', 'vrijen', 'naar_bed_gaan_met', 'wippen', 'eetbuistoornis', 'gesteentelaag', 'bachelor_of_education', 'ledikant', 'streambed', 'rivierbed', 'nest', 'neuken', 'slapen_met', 'ketsen', 'de_liefde_bedrijven', 'kieren', 'perk', 'bloembed', 'beddengoed_vliegtuig', 'tuinbed', 'flensen', 'seks_hebben', 'rivierbedding', 'batsen', 'poepen', 'bibberen', 'bedstede', 'zomerbed', 'bedding', 'sponde', 'laag', 'rollebollen', 'naar_bed_gaan', 'seksen', 'palen', 'knarren', 'fleppen', 'aardlagen', 'fokken', 'hemelbed', 'binge_eating_disorder', 'coïteren', 'vozen', 'ader', 'slapen', 'bonken', 'bodem', 'soppen', 'kreek_bed', 'bonzen', 'vogelen', 'stroombed', 'naad']
beer	bier	Match	['campaign_for_real_ale', 'ale', 'bieren', 'beer', 'brouwerijindustrie', 'biertje', 'brouwsel', 'brouwerijnijverheid', 'gerstenat', 'johann_georg_beer', 'donker_bier', 'bier']
big	big	Match	['groot', 'norm_nixon', 'bjarke_ingels_group', 'running_on_karma', 'fruit', 'groots', 'big', 'evenwicht', 'bouquet', 'volwassen', 'stypsis', 'lichaam', 'droge', 'groot_van_stuk', 'brassmunk', 'mineraliteit', 'boeket', 'flink', 'grote']
bird	vogel	Match	['meid', 'uitjouwen', 'boreling', 'vogeltje', 'spetter', 'jong', 'poes', 'schatje', 'haan', 'wiegenkind', 'geborene', 'fien', 'snuiven', 'poppetje', 'mikuni_shimokawa', 'nieuwgeborene', 'yardbird_parker', 'edward_bird', 'awoert', 'aves', '9_que_shimokawa_mikuni_self_cover_album', 'vogelsoort', 'avafauna', 'liefje', 'kleintje', 'pasgeborene', 'teugel', 'stoot', 'pop', 'badmintonshuttle', 'kanjer', 'the_finger', 'vederbal', 'charlie_parker', 'vinger', 'avifauna', 'bird_parker', 'chrome_reflection', 'bird', 'pluimbal', 'shuttle', 'babe', 'griet', 'vogels', 'bronx_cheer', 'brok', 'zuigeling', 'stoeipoes', 'razzing', 'charles_christopher_parker', 'vogel', 'birds', 'stuk', 'razz', 'gevogelte', 'boe']
blood	bloed	Match	['verwant', 'afkomst', 'blood_franz_ferdinand', 'menselijk_bloed', 'losbol', 'erfelijke', 'blood', 'bloedverwant', 'bordeaux_wijn', 'hello_master', 'bloedlijn', 'rakehell', 'familielid', 'biologische_erfenis', 'bloedverwante', 'afstamming', 'bordeaux', 'lijn', 'zweet', 'vs', 'hematologische', 'genetische_erfenis', 'bloedvergieten', 'persistence_of_time', 'voorouders', 'zuurstofrijk_bloed', 'bloed', 'collective_soul', 'overerving', 'erfelijk', 'erfelijkheid', 'the_black_parade', 'cj', 'getting_away_with_murder', 'erfelijke_eigenschap', 'bloedsamenstelling']
body	lichaam	Match	['lijf', 'nieuwsartikel', 'energielichaam', 'lichamelijk', 'ontvanger', 'karkas', 'kreng', 'organische_structuur', 'hoofdtekst', 'energetisch_lichaam', 'veldeffect', 'carrosseriebouwer', 'punt', 'evenwicht', 'krantenartikel', 'body', 'teairra_marí', 'eubstance', 'gympak', 'polytoop', 'deel', 'torso', 'veldeffecttransistoren', 'leotard', 'veld_effect_transistor', 'kadaver_of_lijk', 'bast', 'koetswerk', 'korpus', 'augustijn', 'torso_romp', 'carrosserie', 'kranteartikel', 'artikel', 'bouquet', 'klankkast', 'fysiek', 'polytopen', 'bovenlijf', 'lijk', 'bodysuit', 'fysieke_structuur', 'wagenmaker', 'boeket', 'donder', 'catsuit', 'dode_lichaam', 'carroserie', 'stypsis', 'deeltje', 'tijdschriftartikel', 'richard_body', 'fet', 'aas', 'kadaver', 'subtiele_lichaam', 'kadavers', 'ciało', 'poort', 'lijst_van_carrosseriebouwers', 'fysieke_lichaam', 'lichaam', 'romp', 'jfet', 'cat_suit', 'carosserie', 'pak', 'best_night_of_my_life', 'nieuwsbericht', 'lijken', 'fruit', 'tors', 'carosseriebouwer', 'biologisch_lichaam', 'droge', 'mineraliteit', 'deur', 'ons_aardse_huis', 'veldeffecttransistor', 'veldeffekttransistoren', 'gate', 'corpus', 'field_effect_transistor', 'stoffelijk_overschot', 'unitard']
brain	hersenen	Match	['menselijke_geest', 'hoofd', 'noûs', 'de_kop_inslaan', 'banks', 'denkvermogen', 'rationeel', 'intellect', 'leervermogen', 'brain', 'brainvirus', 'inspector_gadget', 'bryan_mantia', 'hersens', 'zenuwcentrum', 'verstand', 'genialiteit', 'klinik', 'geestvermogen', 'genie', 'psyche', 'hersenfunctie', 'hersenen', 'le_cerveau', 'brainiac', 'verstand_geest_psyche_denkvermogen_rede', 'the_klinik', 'mentale_capaciteit', 'mentale_inhoud', 'rede', 'brein', 'brainpower', 'geest', 'hersenen_van_zoogdieren', 'op_zn_kop_slaan', 'nous', 'redeneren']
broken	gebroken	Match	['welcome_to_the_drama_club', 'ms_kelly', 'the_broken', '12_stones', 'csi_miami', 'delta_machine', 'broken', 'ruw', 'gebrekkig', 'verkeerd', 'ruig', 'plastic_beach', 'begin', 'onvolkomen', 'gebroken', 'fout', 'the_best_of_bruce_dickinson', 'verbroken', 'onjuist', 'kapot', 'defectief', 'winterhearts_guild', 'stuk', 'onvolmaakt', 'echo']
building	gebouw	Match	['civiele_bouw', 'gebouwen', 'aanleg', 'bouwnijverheid', 'woningbouw', 'openbaar_gebouw', 'bouwvak', 'bouw', 'pand', 'tieten_gebouw', 'gebouw', 'building', 'huis', 'bouwsector', 'bouwvakken', 'opbouwen', 'bouwplaatsen', 'perceel', 'denkkader', 'openbare_gebouwen', 'bouwwerk', 'bouwproject', 'constructie', 'bouwen', 'het_bouwen', 'bouwplaats']
burn	verbranden	Match	['kwetsen', 'opbranden', 'fc_dallas', 'laai', 'brandwonde', 'derdegraads_brandwonden', 'verbranding', 'waterlopen', 'dichtbranden', 'stroom', 'beledigen', 'stroompje', 'tweede_graad_branden', 'dichtvriezen', 'zonnebrand', 'gebruinde_kleur', 'derde_graad_branden', 'waterstroom', 'branderigheid', 'fikken', 'burn', 'intermitterende_stroom', 'toevriezen', 'in_brand_staan', 'vuur', 'tan', 'waterloop', 'beken', 'brandwond', 'brandwonden', 'watergang', 'fik', 'brand', 'vlammend', 'vlam', 'beek', 'derdegraads_verbranding', 'hamilton', 'burn_mark', 'afbranden', 'verbranden', 'beekje', 'ruisseau', 'super', 'dallas_burn', 'verteren', 'brandblaar', 'the_crow', 'branden', 'erytheem_solare', 'toebranden', 'queimada', 'hysteria', 'uitbranden']
business	bedrijfsmanagement	Found close match: ['bedrijfsleven', 'bedrijfsorganisatie', 'bedrijfskunde']	['arbeid', 'klandizie', 'zakenwereld', 'cliënteel', 'onafhankelijke_contractanten', 'bedrijf', 'bedrijfsorganisatie', 'eenmanszaak', 'arbeidskrachten', 'lijn_van_het_werk', 'arbeidsplaats', 'dienstverband', 'zaken', 'stiel', 'handelsonderneming', 'business', 'bedrijfssector', 'the_business', 'firma', 'métier', 'nering', 'klanten', 'clientèle', 'bedrijfsleven', 'businessclass', 'forprofit', 'functie', 'byplay', 'post', 'bedrijven', 'klantenbestand', 'customer', 'commerciële_onderneming', 'baan', 'lineofbusiness', 'emplooi', 'werk', 'onderneming', 'bedrijf_lus', 'zakenleven', 'fase_bedrijf', 'winkelier', 'eenmansbedrijf', 'bezetting', 'vacature', 'bedrijfzekerheid', 'zaak', 'privésector', 'bedrijven_wet', 'betrekking', 'positie', 'vak', 'bedrijven_recht', 'arbeidskracht', 'professie', 'eindklant', 'zakelijk', 'job', 'klantenkring', 'lob', 'bezigheid', 'bedrijf_route', 'corporation', 'klant', 'bedrijfskunde', 'taak', 'beroep']
camera	camera	Match	['the_back_room', 'filmcamera', 'committee_for_accuracy_in_middle_east_reporting_in_america', 'camera_verona', 'film_camera', 'videocamera', 'camera_messina', 'cameras', 'fotoapparaat', 'tvcamera', 'fotografische_camera', 'fotocamera', 'professionele_videocamera', 'fototoestel', 'televisiecamera', 'camera', 'tv_camera']
carefully	zorgvuldig	Match	['zich_zorgen_maken', 'bezorgdheid', 'bezorgd_zijn', 'tobberij', 'ongerustheid', 'zorgvuldig', 'zorg', 'piekeren', 'zorgen', 'voorzichtig']
challenge	uitdaging	Match	['the_challenge', 'uitdagen', 'uitdaging', 'weerleggen', 'challengeresponse', 'tegenspreken', 'aanvallen', 'bestrijden', 'challenge_responseauthenticatie', 'betwisten', 'aanvechten', 'challengeresponse_authenticatie', 'challenge_response_authenticatie', 'challenge', 'prestatie', 'wraken', 'contesteren']
charity	liefdadigheidsinstelling	Match	['jakobsladder', 'liefdadigheid', 'charity', 'dilbert', 'liefdadigheidsinstelling', 'charitas', 'goede_doelen', 'polymonium_caeruleum_vanbruntiae', 'broederlijke_liefde', 'carità', 'charitatieve_instelling', 'vrijwilligersorganisatie', 'mount_charity', 'caritas', 'polemonium_caeruleum', 'melinda_padovano', 'goed_doel', 'liefdadigheidsorganisatie', 'broederliefde', 'geregistreerde_liefdadigheidsinstelling', 'openbare_liefdadigheid', 'charitatieve_status', 'polemonium_vanbruntiae', 'charité', 'naastenliefde', 'charitatieve_organisatie', 'goededoelenorganisatie', 'charitatieve_organisaties']
charming	charmante	Match	['charmante', 'charmant', 'charming']
clothes	kleren	Match	['kleren', 'kleder', 'kledij', 'kledingstuk', 'kledingmerk', 'goed', 'clothes', 'klerenmaken', 'kleer', 'dameskleding', 'outfit', 'habiliment', 'kledingindustrie', 'draagbaar', 'klederen', 'kleding']
cockroach	stinkdieren	Incorrect	['blattaria', 'cockroach', 'onderorde_blattodea', 'blattodea', 'kakkerlak', 'sissende_kakkerlak', 'kakkerlakken', 'onderorde_blattaria']
code	code	Match	['wetcode', 'encrypteren', 'wetboek', 'code_van_wetten', 'vercijferen', 'gecodeerd', 'codificatie', 'code', 'versleutelen', 'programmeren', 'plannen', 'codes', 'rechtscodificatie', 'onetime_code', 'one_time_password', 'coderen', 'computercode', 'gecodificeerd_recht']
collection	collectie	Match	['hawkwind', 'inzameling', 'mfö', 'wet_normering_buitengerechtelijke_incassokosten', 'verzamelen', 'collecte', 'kunstverzamelaar', 'akon', 'productbundeling', 'assembleren', 'boekenreeks', 'boekenserie', 'aggregatie', 'aliaune_damala_bouga_time_puru_nacka_lu_lu_lu_badara_akon_thiam', 'handboek', 'montage', 'incassobureau', 'aliaune_thiam', 'joe_sample', 'set', 'container', 'compilatie', 'bundel', 'collection', 'compendium', 'kunstcollecties', 'relatie', 'incasso', 'the_charlatans', 'accumulatie', 'kunstverzameling', 'incassokosten', 'containerformaat', 'the_offspring_collection', 'assemblage', 'verzameling', 'kunstcollectie', 'arsenaal', 'oogsten', 'collectant', 'inning', 'collectie', 'ontvangst']
computer	computer	Match	['rekenaarster', 'computermuziek', 'computer', 'computersysteem', 'berekenaar', 'geautomatiseerd_werk', 'taxateur', 'computerapparaat', 'digitale_computing', 'elektronische_computer', 'digitale_computers', 'taluw', 'computer_gegenereerde_muziek', 'informatieverwerkingsysteem', 'een_computer', 'rekentuig', 'computer_technology', 'computersystemen', 'computer_muziek', 'figurer', 'dataprocessor', 'rekenautomaat', 'menselijke_computer', 'rekenmachine', 'rekenaar', 'schatter', 'computers']
construction	bouw	Match	['rechterlijke_interpretatie', 'civiele_bouw', 'aanleg', 'bouwnijverheid', 'woningbouw', 'runescaper', 'bouwvak', 'rscape', 'grondwet_te_interpreteren', 'runescape_jagex', 'bouw', 'grammaticale_constructie', 'mentale_synthese', 'runescape', 'structure', 'opbouw', 'rune_scape', 'bouwconstructie', 'bouwsector', 'bouwvakken', 'opbouwen', 'structuur', 'model', 'bouwplaatsen', 'uitdrukking', 'bouwwerk', 'bouwproject', 'constructie', 'bouwen', 'het_bouwen', 'runescape_classic', 'bouwplaats']
cook	cook	Match	['keukenprinses', 'james_cook', 'korteorder_kok', 'chefkoks', 'captain_cook', 'koken', 'meesterkok', 'korte_tijd_kok', 'opmaken', 'cook_south_australia', 'bereiden', 'keukenmeid', 'commis_chefkok', 'cuisinier', 'kokkin', 'shire_of_cook', 'alec_empire', 'kapitein_cook', 'frederick_cook', 'kook', 'toebereiden', 'souschef', 'kok', 'zieden', 'cook', 'chefkok', 'elizabeth_batts', 'klaarmaken', 'amateurkok', 'kapitein_james_cook', 'chef', 'brouwen']
counting	tellen	Match	['getallenstelsels', 'totaal', 'getalstelsel', 'nummering', 'tellen', 'getallenstelsel', 'opsomming', 'telling', 'talstelsel', 'telwerk', 'opsommen', 'getalsysteem', 'getallensysteem', 'som', 'lijst', 'tel', 'talstelsels']
crazy	gekke	Found close match: ['gek']	['nutcase', 'maf', 'looney', 'famous_last_words', 'debiel', 'oelewapper', 'geestesziek', 'crazy', 'usher', 'dwaas', 'raar', '(you_drive_me)_crazy', 'idioot', 'the_red_album', 'waanzinnig', 'gestoord', 'krankzinnigheid', 'because_of_you', 'playing_with_fire', 'zot', 'loca', 'krankzinnig', 'waanzin', 'koekert', 'told_you_so', 'crazy_magazine', 'erika_jayne', 'my_garden', 'gek', 'law__order_criminal_intent']
damage	schade	Match	['schaden', 'havenen', 'prijs', 'variabele_prijs', 'juridische_letsel', 'schade', 'damage', 'bevlekken', 'apparatuur_slachtoffer', 'schenden', 'verknoeien', 'verslechteren', 'beschadigen', 'bekladden', 'prijzen', 'beschadiging', 'verarmen', 'maken', 'smet', 'ontsieren', 'make_this_your_own', 'besmeuren', 'vlek', 'beschadigingen', 'aantasting', 'degenereren', 'toetakelen', 'bevuilen', 'the_fantastic_adventures_of_dizzy', 'immateriële_schade', 'verkoopprijs', 'bezoedelen', 'verpletteren']
dance	dance	Match	['danseres', 'dansje', 'dance_magazine', 'paul_mccartneys_liverpool_oratorio', 'de_dans', 'dansfeest', 'dans', 'danser', 'shut_out', 'dansorkest', '50', 'dansstijl', 'dance', 'the_dance', 'dansers', 'dancé', 'fbln5', 'nathaniel_danceholland', 'dance_dance', 'oliver_heldens', 'dansen', 'dancemuziek', 'george_dance_de_jonge', 'dansmuziek', 'waterloo', 'la_danse', 'postdisco']
dangerous	gevaarlijke	Match	['gewaagd', 'gevaarlijk', 'bedreigend', 'periculeus', 'hachelijk', 'peligroso', 'jhud', 'gis', 'serieus', 'ernstig', 'dangerous', 'onveilig', 'decemberadio', 'link', 'gevaarlijke', 'its_hard', 'risicovol', 'gevaarvol', 'riskant']
deceive	misleiden	Match	['naaien', 'mystificatie', 'verneuken', 'foefelen', 'oetsen', 'wijsmaken', 'kloten', 'misleidende', 'verlakken', 'leugen', 'bedonderen', 'ontrouw', 'belazeren', 'knoeien', 'besodemieteren', 'schelmenstreek', 'valsheid', 'sjoemelen', 'bedrog', 'vernachelen', 'verneuriën', 'oneerlijkheid', 'foezelen', 'beduvelen', 'corruptie', 'bedriegen', 'bedriegerij', 'rollen', 'misleiding', 'misleiden', 'besjoemelen']
dedication	dankbetuiging	Incorrect	['toewijding', 'verbintenis', 'dedication', 'first_season_of_the_unit', 'aanhankelijkheid', 'dedicatie', 'verplichting', 'engagement']
deliberately	opzettelijk	Match	['doelbewust', 'opzettelijk', 'moedwillig', 'expres', 'bewust']
delivery	levering	Match	['bevrijding', 'kraamvrouw', 'personenvervoer', 'partus', 'aanbodzijde', 'heil', 'grapje', 'koddigheid', 'plaisanterie', 'verloskundige_levering', 'vervoersinfrastructuur', 'thuisbevalling', 'vrachtvervoer', 'vaginale_geboorte', 'aangeboden_hoeveelheid', 'transport', 'vervoermiddel', 'delivery', 'aanbodkant', 'baring', 'witz', 'schertsende', 'ontsluiting', 'traditio_longa_manu', 'vruchtbare', 'joke', 'brengen', 'vervreemding', 'bak', 'behoud', 'bezorger', 'gebbetje', 'verlossing', 'bevalling', 'aardigheid', 'wee', 'blade_the_series', 'levering', 'bestelling', 'vervoer', 'transportsector', 'pitch', 'goederenwegvervoer', 'wegtransport', 'wijze_van_spreken', 'mobiliteit', 'vruchtbare_leeftijd', 'behoudenis', 'worp', 'aanbod', 'bevallen', 'spreektrant', 'juridische_overdracht', 'goederentransport', 'goederenvervoer', 'levering_cp', 'bezorging', 'mop', 'toevoer', 'grap', 'verplaatsen', 'levering_aan_huis', 'redden', 'aflevering', 'traditio_brevi_manu', 'transportmiddel', 'grappen', 'reizigersvervoer', 'oplevering', 'aanvoer', 'geboorte', 'geestigheid', 'leverantie', 'vervreemdbaar', 'afgifte', 'redding']
dessert	nagerecht	Match	['dessert', 'desserts', 'desert', 'nagerecht', 'toemaatje', 'dessert_wijnen', 'toetje', 'afters', 'dessertwijn', 'zoete_wijn', 'toespijs']
device	apparaat	Match	['device', 'mobiele_telefoon', 'apparatuur', 'machine', 'toer', 'computer_hardware', 'trick', 'mobiel', 'kapitaalgoederen', 'foefje', 'mobieltje', 'maniertje', 'slimmigheid', 'kunstgreep', '06', 'handigheid', 'cellulair', 'configsys', 'machines', 'zaktelefoon', 'lulijzer', 'telefoon', 'foef', 'mobiele_telefoons', 'personal_computer_hardware', 'devve', 'nicolai_reedtz', 'draadloze_telefoon', 'mobiltje', 'gebruiksvoorwerp', 'apparaat', 'list', 'mobiele_cellulaire', 'gsm', 'mobile', 'computerhardware', 'truc', 'kneep', 'cellulaire_communicatie', 'installatie', 'nulzes', 'slimmigheidje', 'hardware', 'de_eerste_mobiel', 'kunstenvliegwerk', 'mobiele_telefonie', 'toestel', 'kunstje', 'appliances', 'mobiele_communicatie']
dig	opgraven	Found close match: ['graven', 'opgraving', 'opdelven']	['ploeteren', 'site', 'dig', 'inzien', 'speldenprik', 'begrijpen', 'snappen', 'opdelven', 'steek', 'andré_dignimont', 'sloven', 'porren', 'plaagstoot', 'gijpen', 'andre_dignimont', 'ploegen', 'graaf', 'schimpen', 'dêqên_shangrila_airport', 'opgraving', 'inspannen', 'archeologische_site', 'beulen', 'uithollen', 'sappelen', 'verstaan', 'collective_soul', 'stekeligheid', 'graven', 'hatelijkheid', 'speldeprik', 'delven']
dinner	diner	Match	['dîner', 'avondeten', 'lunch_middageten', 'heilig_avondmaal', 'dinee', 'la_cena', 'etentje', 'liefdesmaal', 'souper', 'tiffin', 'thee', '(licht)_middagmaal', 'noenmaal', 'diner', 'teatime', 'twaalfuurtje', 'middagmaal', 'middagmaaltijd', 'avondmaal', 'lunch_hebben', 'staatsdiner', 'theetijd', 'dejeuner', 'high_tea', 'avondmaaltijd', 'afternoon_tea', 'middageten', 'lunch', 'voer', 'eten', 'hoofdmaaltijd']
disease	ziekte	Match	['ziektecijfer', 'ziekten', 'begowal', 'ziek', 'kwalen', 'ziekte', 'morbiditeit', 'kwaal', 'dierziekte', 'pleuris', 'disease', 'medische_aandoeningen', 'borstvliesontsteking', 'pleuresia', 'onwel', 'pleuritis', 'medische_aandoening', 'morbide', 'aandoening', 'ziektes']
dissolve	kristalliseren	Incorrect	['ontbinden', 'dissolve', 'smelten', 'beslissen', 'oplossen', 'dooien', 'breken', 'resolveren', 'fadeout', 'overvloeier', 'ontdooien', 'verbreken', 'zich', 'crossfading']
disturb	weghouden	Incorrect	['storen']
do	kunt	Not found	[]
doctor	dokter	Match	['verbeteren', 'restaureren', 'kerkleraar', 'eleventh_doctor', 'lappen', 'dr_who', 'pil', 'doctor_series', 'esculaap', 'repareren', 'de_doctor', 'doctor_in_de_geneeskunde', 'doctor', 'de_dokter', 'artsen_van_de_kerk', 'doktor', 'fourth_doctor', 'redresseren', 'valsificeren', 'de_achtste_doctor', 'rude_boy', 'second_doctor', 'tenth_doctor', 'herstellen', 'verstellen', 'chirurg', 'heelmeester', 'geneeskundige', 'doktertje_spelen', 'dr', 'terugzetten', 'hofarts', 'slager', 'maken', 'professionele_doctoraat', 'lijmen', 'eliza', 'dokteren', 'doctor_van_de_kerk', 'geneesheer', 'doctorsgraad', 'loïc_nottet', 'chirurgen', 'doctoraatsstudie', 'doctorat', 'kerklerares', 'artsen', 'doctrix', 'doktoraat', 'physician', 'medisch_specialist', 'dokter', 'onderzoek_doctoraat', 'dokteres', 'doctor_ecclesiae', 'medicus', 'captain_jack_harkness', 'hogere_doctoraat', 'first_doctor', 'loic_nottet', 'arts', 'fifth_doctor', 'achtste_doctor', 'doctor_who', 'doctoraten', 'doctoraat', 'medical_officer', 'the_doctor', 'licentie', 'emergency_medical_hologram', 'operationele_chirurg', 'gemeentearts']
dog	hond	Match	['daniel_allewaert', 'troela', 'tut', 'haardijzer', 'jagen', 'reu', 'binnenlandse_hond', 'familiaris', 'psychos_path', 'hondachtigen', 'najagen', 'ouwe_sok', 'jacht', 'hondijzer', 'klink', 'hotdogs', 'duckhunt', 'achternajagen', 'canis_familiaris', 'vervolgen', 'hot_dog', 'trut', 'hondenvlees', 'tuttebel', 'achternazitten', 'weenie', 'hondachtige', 'troel', 'huishond', 'boerentrien', 'hond', 'pal', 'truttebol', 'achterna_zitten', 'honden', 'ploert', 'trien', 'gedomesticeerde_hond', 'canidae', 'vuurbok', 'duck_hunt', 'kuttenkop', 'canis_lupus_familiaris', 'andiron', 'worstje', 'dog', 'hotdog', 'achtervolgen', 'joekel', 'totebel', 'hondje', 'daniël_allewaert', 'kuttekop', 'familie_canidae']
dressing	kleedkamer	Found close match: ['kleder', 'kleer', 'kledingmerk']	['kledingstuk', 'dameskleding', 'medische_dressing', 'vulling', 'kledingindustrie', 'verbandmateriaal', 'kleren', 'verbandmiddelen', 'gehakt', 'goed', 'klerenmaken', 'kalfsgehakt', 'outfit', 'habiliment', 'slasaus', 'aankleden', 'klederen', 'kleding', 'kleder', 'kledingmerk', 'verband', 'kleer', 'draagbaar', 'kledij', 'salade_dressing', 'interieur', 'bemesting', 'dressing']
driver	coureur	Found close match: ['chauffeur', 'camioneur']	['camioneur', 'vrachtwagenchauffeur', 'bosje', 'wälder', 'device_driver', 'piloot', 'loods', 'dubbele_wielen', 'vrachtwagen_rijden', 'bebost', 'driver_san_francisco', 'automobilist', 'naaldbos', 'naaldbossen', 'chauffeurs', 'bossen', 'autorijder', 'printerstuurprogramma', 'truckers', 'aandrijfwiel', 'bosgebied', 'cowcatcher', 'foreest', 'bestuurder', 'chauffeur', 'stuurprogrammas', 'woud', 'gekoppelde_assen', 'driver', 'stuurprogramma', 'gekoppelde_as', 'bos', 'the_driver', 'vrachtwagenchauffeurs', 'software_driver', 'trucker', 'nummer_een_hout', 'apparaatstuurprogramma', 'drijfwiel']
economy	economie	Match	['economische', 'spaarzaamheid', 'walden', 'staatshuishouding', 'economisch', 'economie', 'uitsparing', 'bezuiniging', 'plattelandseconomie', 'nationale_economie', 'economieën', 'economisch_systeem', 'stadseconomie', 'karigheid', 'economische_systemen', 'economische_systeem', 'spaargeld', 'sparen', 'economische_activiteit', 'besparing', 'spaarquote', 'reële_economie', 'economy', 'economie_als_systeem', 'ombuiging', 'politieke_economie', 'zuinigheid', 'staatshuishoudkunde', 'staatseconomie', 'staathuishoudkunde', 'economische_wetenschap']
election	verkiezingen	Match	['patent_cooperation_treaty', 'verkiezingen', 'keuze', 'electorale', 'verkiezing', 'election', 'electorale_politiek', 'electie', 'herverkiezing', 'octrooisamenwerkingsverdrag', 'stemming', 'uitverkorenen', 'exploot_van_verkiezing', 'verkiezingsproces', 'democratisch_gekozen']
electron	elektronen	Match	['elektron', 'elektronen', 'negatron', 'electron']
elegance	elegantie	Match	['bevalligheid', 'mooi', 'wiskundige_schoonheid', 'karlgeorg_hoefer', 'elegant', 'wiskundige_elegantie', 'gratie', 'decoratieve', 'klassieke_schoonheid', 'schoonheid', 'beeld', 'elegantie', 'beaut']
emotion	emoties	Match	['bandai_visual', 'emotion', 'basisemoties', 'emotionele', 'emotie', 'maverick_sabre', 'menselijke_emotie', 'emotioneel', 'beez_entertainment', 'ontroering', 'emoties', 'human_after_all', 'gemoedsbeweging', 'gevoel', 'amoureuse']
emotionally	emotioneel	Match	['emotie', 'basisemoties', 'emotionele', 'emotioneel', 'menselijke_emotie', 'ontroering', 'emoties', 'gemoedsbeweging', 'gevoel']
engine	motoren	Match	['lokomotief', '3dengine', 'elektromotor', 'aandrijving', 'spoorweg_motor', 'locomotieven', 'tramlocomotief', 'game_engine', 'gameengine', 'loc', 'motoren', 'ray_alder', 'hoofdlijnloc', 'locomotief', 'engine', 'video_gameengine', 'softwareengine', 'tramloc', 'motor', 'motorblok']
event	evenement	Match	['elizabeth_bachinsky', 'uitwerking', 'gelegenheid', 'gebeurtenishandler', 'resultaat', 'incident', 'wedervaren', 'event_handling', 'event_handler', 'geval', 'gebeurde', 'effect', 'gebeurtenis', 'uitkomst', 'voorval', 'toetsaanslag', 'geschiedenis', 'belevenis', 'ontwikkeling', 'evenement', 'oortelefoon', 'programmagebeurtenis', 'uitvloeisel', 'gebeurtenis_binnen_de_relativiteitstheorie', 'sportevenement', 'consequentie', 'casus', 'toehoorder', 'case', 'voortvloeisel', 'luisteraar', 'event', 'gevolg', 'aangelegenheid']
experiment	experiment	Match	['toets', 'experimentele', 'experiment', 'wetenschappelijk_experiment', 'the_experiment', 'experimenten', 'experimentele_groep', 'proef', 'toetssteen', 'test', 'proefneming', 'onderzoeking', 'experimentele_wetenschap', 'experimentele_setting', 'experimenteren', 'experimenteel_onderzoek', 'uitproberen']
extremely	zeer	Match	['overdadig', 'extreem', 'bar', 'zeer', 'exorbitant', 'uitermate', 'bovenmatig', 'excessief', 'uiterst']
feeling	gevoel	Match	['conjectuur', 'voelen', 'gevoelig', 'besef', 'toon', 'notie', 'emotie', 'accent', 'impressie', 'gemoedsbeweging', 'gevoel', 'idee', 'tastzin', 'affect', 'tactiele_feedback', 'tactiele', 'indruk', 'gevoelen', 'vermoeden', 'tactiele_sensatie', 'touche', 'gevoelsgewaarwording', 'gevoelens', 'somatosensorische', 'geest', 'intuïtief_gevoel', 'somatosensorische_systeem']
fight	vechten	Match	['knokpartij', 'militaire_betrokkenheid', 'duel', 'kloppartij', 'concurrentievermogen', 'vechten', 'strijden', 'veldslag', 'gevechten', 'tegenhouden', 'bestrijden', 'betrokkenheid', 'vecht', 'worstelen', 'matten', 'bevechten', 'tweekamp', 'schermutselingen', 'tegengaan', 'moeite_hebben_met', 'brooke_candy', 'zeeslag', 'gevecht', 'gevechtstraining', 'treffen', 'worsteling', 'slag', 'handgemeen', 'knokken', 'strijd', 'kampen', 'frames', 'conflict', 'veldslagen', 'gewapende_strijd', 'vechtpartij', 'tweegevecht', 'verzetten_tegen', 'kamp', 'fight']
fish	vis	Match	['fluorescentie_in_situ_hybridisatie', 'fish', 'fluorescence_in_situ_hybridization', 'sh3pxd2a', 'kwartet', 'zoutwatervis', 'voedsel_vis', 'zachte_straal', 'go_fish', 'jorge_rodríguez', 'zoetwatervis', 'files_transferred_over_shell_protocol', 'tafel_vis', 'visdag', 'glasaal', 'bak', 'vissen_de_vissen', 'lijst_met_pokertermen', 'rugvin', 'ichthyofauna', 'pisces', 'pterygiophore', 'vrijdag_visdag', 'fluorescente_in_situ_hybridisatie', 'trekveer', 'hengelen', 'visgerecht', 'vissoort', 'fluorescentieinsituhybridisatie', 'jasper_fish', 'vissen', 'snoeken', 'derek_dick', 'let_go', 'lijst_van_pokertermen', 'vis', 'phish', 'eten_vis', 'fingerling', 'visgraat']
flow	uitstromen	Found close match: ['stromen', 'stromende', 'stroming']	['hydromechanica', 'young_money', 'waterloopkunde', 'stroomsnelheid', 'hydrodynamische', 'stromingsweerstand', 'hydrodynamica', 'hydraulische', 'vloeistofstroom', 'stroom', 'fluïdomechanica', 'maandstonde', 'waterbouwkunde', 'menstruatie', 'volumedebiet', 'stromen', 'rap', 'rapper', 'hydraulisch', 'menstrueren', 'opbrengst', 'hydrotechniek', 'afvoer', 'fluidomechanica', 'volumestroom', 'vloeistof_fysica', 'rapstijlen', 'vloeien', 'menstruatievloei', 'young_money_entertainment', 'international_ultramarine_corps', 'stromende', 'een_zijn_met', 'florent_mothe', 'netwerk', 'hydraulische_druk', 'flow_for_love_of_water', 'gravity_recovery_and_interior_laboratory', 'vloeistof_dynamicist', 'flow', 'vloeistofdynamica', 'maandelijkse_bloeding', 'doorstroming', 'maandbloeding', 'stroom_netwerk', 'regels', 'catamenia', 'rappers', 'emceeing', 'rapmuziek', 'rappen', 'protorap', 'hydraulica', 'vloeistofmechanica', 'hydrauliek', 'ongesteld', 'ongesteldheid', 'maandstonden', 'stromingsleer', 'pad', 'debiet', 'stroming', 'rap_geschiedenis']
food	voedsel	Match	['nutriënt', 'voedingsmiddelen', 'eetbaarheid', 'voedingsstof', 'leeftocht', 'doordenker', 'nutrient', 'voedsel', 'voedingsstoffen', 'voedingswaar', 'vast_voedsel', 'voedselvoorziening', 'voeding', 'zico_chain', 'food', 'doordenkertje', 'intellectuele_voeding', 'voedingswaren', 'eten', 'nutriënten', 'eetbaar', 'voedingstof', 'macronutriënten', 'mondvoorraad', 'denkertje', 'nutrienten', 'eetbare', 'kirby', 'voedselproduct', 'stof_tot_nadenken', 'levensmiddelen', 'proviand']
garbage	vuilnis	Match	['vast_stedelijk_afval', 'vuil', 'troep', 'afvalproduct', 'shit', 'tinnef', 'afvalstoffen', 'rotzooi', 'vuilnis', 'huishoudelijk_afval', 'metaalafval', 'afvalmaterialen', 'brol', 'voedsel_afval', 'withering_to_death', 'rommel', 'vast_afval', 'prutsding', 'afvalproducten', 'schroot', 'voedselafval', 'afval', 'brandhout', 'weigeren', 'tennef', 'garbage', 'afvalstof', 'huisvuil', 'afvalmateriaal']
gold	goud	Match	['gouden_medaillewinnaar', 'open_beta', 'aurum', 'alfaversie', 'platina_plaat', 'traffic_gold', 'software_release', 'sandhja', 'olympische_gouden_medaille', 'gouden_medaille', 'alpha_software', 'gabriël_rios', 'gold', 'software_release_life_cycle', 'come_sail_away__the_styx_anthology', 'gabriel_ríos', 'lode_goud', 'platina_certificering', 'guld', 'inheemse_goud', 'dubbel_platina', 'goudstuk', '4955_gold', 'oranje', 'levenscyclus_van_de_software', 'triple_platina', 'bètaversie', 'betatester', 'gouden_single', 'gouden_album', 'gouden_medailles', 'gold_greatest_hits', 'abba_gold_greatest_hits', 'zoloto', 'wanna_one', 'gesloten_beta', 'goudkleurig', 'barnsteengeel', 'gouden', 'betaversie', 'prealpha', 'gabriel_rios', 'gouden_plaat', 'ontwikkelingsfase', 'atoomnummer_79', 'software_levenscyclus', 'platina', 'gold_ep', 'froot', 'bobby_brown', 'goud', 'release_candidate', 'bombs_away_dream_babies', 'publieke_beta', 'abba_gold', 'alpha_test', 'the_heist', 'bètatest', 'versie', 'release_to_manufacturing', 'beta_test', 'multiplatina', 'betasoftware', 'amber', 'barnsteenkleur', 'gouden_certificering', 'shooting_star', 'randgold_resources', 'alpha_versie', 'platina_album', 'e175', 'gecertificeerd_goud', 'young_lust_the_aerosmith_anthology', 'anthology', 'gabriël_ríos']
great	great	Match	['groot', 'grootheid', 'great', 'illustriousness', 'fantastisch', 'rxfp2', 'geweldig']
gun	machinegeweer	Found close match: ['geweer']	['artillerie', 'gaspedaal', 'district', 'huurmoordenaar', 'revolverhelden', 'kleine_wapens', 'pistool_te_huur', 'scherpschutter', 'neerschieten', 'kleine_arm', 'wapenwinkel', 'hitman', 'kleine_vuurwapens', 'geschut', 'gun_shop', 'gunfighting', 'kanon', 'conventional_weapons', 'districten_van_japan', 'gun', 'huurdoder', 'district_in_japan', 'wapen', 'geweren', 'district_van_japan', 'schutter', 'zwaar_wapen', 'pistool', 'geweer', 'stuk', 'schiettuig', 'vuurwapen', 'louder_than_love', 'gunslinger', 'vuurwapens', 'revolverheld', 'vetgun']
hair	wenkbrauwen	Incorrect	['hoofd', 'pruik', 'hair', 'haartjes', 'hairsbreadth', 'haardos', 'hairsbreedte', 'harenmatekie', 'plantehaar', 'harige', 'plantenhaar', 'haarbreedte', 'haren', 'haar', 'kuif', 'haarcyclus', 'beharing', 'menselijk_haar', 'haarkleed', 'kop', 'hoofdhaar']
help	helpen	Match	['voorzetten', 'medewerking', 'bijstand', 'gerieven', 'hulpje', 'serveren', 'the_help', 'hulp', 'helper', 'hulpverlening', 'steun', 'assistent', 'csi_ny', 'assistentie', 'hulpmiddel', 'dienstknecht', 'assisteren', 'hulp_verlenen', 'bedienen', 'humanitaire_hulp', 'opdienen', 'waterdrager', 'te_hulp_komen', 'noodhulp', 'dienen', 'baten', 'online_help', 'uithalen', 'hulpbetoon', 'geestelijke_bijstand', 'knecht', 'bijstaan', 'utiliteit', 'hulpverlener', 'helpen', 'help', 'hulpverleners', 'een_voorzet_geven']
hurting	ergeren	Not found	[]
ignorance	onwetendheid	Match	['ignorantie', 'onwetende', 'agnosie', 'onkunde', 'avidya', 'avidyā', 'onwetendheid', 'ignorance']
illness	longontsteking	Incorrect	['ziektecijfer', 'ziekten', 'ziek', 'ziekte', 'kwalen', 'kwaal', 'morbiditeit', 'dierziekte', 'medische_aandoeningen', 'onwel', 'medische_aandoening', 'morbide', 'aandoening', 'ziektes']
impress	overtuigen	Incorrect	['draaien', 'indruk', 'stempeling', 'frapperen', 'imponeren', 'printen', 'uitdraaien', 'treffen', 'pers_bendes', 'uitprinten', 'recrutering', 'persbende', 'inboezemen', 'sjanghaaien']
invention	uitvinding	Match	['innovaties', 'uitvindingen', 'uitvinders', 'vinding', 'innovatie', 'invention', 'uitvinding', 'vernieuwing', 'inventie', 'inventio', 'uitgevonden', 'uitvinden', 'vondst', 'technologische_innovatie', 'innovatieve']
investigation	politieonderzoek	Not found	[]
invisible	onzichtbare	Match	['onzichtbaar', 'onzichtbaarheid', 'holy_diver', 'invisible', 'floored', 'elevate', 'world_of_noise', 'onzichtbare', 'onopvallend', 'taylor_swift', 'measure_of_a_man', 'sound_of_white_noise', 'dream_evil', 'falling_uphill', 'evilized', 'everything_changes']
job	solliciteren	Incorrect	['taken', 'arbeid', 'zakenwereld', 'contractarbeid', 'karwei', 'boek_job', 'arbeidskrachten', 'lijn_van_het_werk', 'arbeidsplaats', 'dienstverband', 'werkgelegenheid', 'stiel', 'oefening', 'zo_arm_als_job', 'métier', 'nering', 'dagwerk', 'functie', 'werkplek', 'post', 'dienst', 'emplooi', 'baan', 'werken', 'tewerkstelling', 'werk', 'opgave', 'onderneming', 'bezetting', 'vraagstuk', 'vacature', 'werklast', 'opgaaf', 'sint_job', 'zaak', 'ayyub', 'griet', 'betrekking', 'positie', 'werkgevers', 'benutting', 'medewerkers', 'vak', 'arbeidskracht', 'personeel', 'professie', 'probleem', 'kwestie', 'job', 'bezigheid', 'corvee', 'taak', 'job_a_masque_for_dancing', 'beroep', 'werkzaamheden']
jungle	jungle	Match	['circus_in_the_sky', 'midnight_machine_gun_rhymes_and_alibis', 'natasha_sultana', 'the_jungle', 'tash_sultana', 'jungles', 'oerwoud', 'shine_a_little_love', 'pitbull_discography', 'if_youre_reading_this_its_too_late', 'oldschool_jungle', 'jungle', 'hobo_kamp', 'out_of_the_blue', 'bush', 'oerwouden', 'rimboe', 'bravehearts', 'oerwoud_jungle']
kindness	goedheid	Match	['vriendelijkheid', 'aardigheid', 'vergevingsgezindheid', 'goedheid']
king	koning	Match	['bbking', 'zakelijk_leider', 'konings', 'billie_jean_moffitt_koning', 'industriëlen', 'koningsvelden', 'riley_b_king', 'billy_jean_king', 'industrieel', 'the_reverend_horton_heat', 'reverend_horton_heat', 'koningin', 'scheepsmagnaat', 'rex', 'hout_baron', 'landsvorst', 'billie_jean_king', 'bb_king', 'martin_luther_king', 'george_king', 'magnaat', 'mega_man__bass', 'monarchieën', 'koningschap', 'tycoon', 'riley_ben_king', 'b_b_king', 'king_i', 'baron', 'heer', 'grote_zakenman', 'male_monarch', 'kingcom', 'charles_bird_king', 'monarchale', 'martin_luther_king_jr', 'billie_jean_moffitt', 'magnaten', 'king_810', 'koning', 'memoirs_of_a_murderer', 'dynast', 'nivacir_innocencio_fernandes', 'regnant', 'hoogheid', 'king_ov_hell', 'wereldbeater', 'fabrikant', 'vorsten', 'king', 'monarch', 'koninkrijk', 'soevereine', 'gekroonde_hoofd', 'vorst', 'nijveraar', 'monarchie', 'soeverein', 'landsheer', 'topman', 'vorstin']
lady	lady	Match	['jonkvrouw', 'edelvrouw', 'sintmaria', 'onzelievevrouw', 'titels', 'aanspreektitel', 'mevrouw', 'lady_en_de_vagebond', 'heilige_maria', 'titel_van_respect', 'dames', 'titel', 'heilige_maagd_maria', 'mariabeeld', 'damestoilet', 'madame', 'heilige_maagd', 'vorm_van_adres', 'maria_van_nazareth', 'mariabeeldjes', 'lady', 'stijl', 'olv_maria', 'maagd_maria', 'maria', 'onzelievevrouwe', 'adellijke_titulatuur', 'aanspreekvorm', 'maagd', 'aanschrijftitels', 'onze_lieve_vrouwe', 'madonna_en_kind', 'vrouw_met_adellijke_titel', 'the_lady', 'lady_and_the_tramp', 'dame', 'onze_lieve_vrouw', 'vrouwe']
land	landbouwgronden	Found close match: ['percelen_landbouwgrond', 'landbouw', 'landgoed']	['terra_firma', 'landbouw', 'politieke_lichaam', 'duitse_deelstaat', 'droog_land', 'edwin_herbert_land', 'droge_land', 'länder', 'landen', 'domein', 'grondsoort', 'onroerend', 'bestuurlijke_indeling_van_mexico', 'zetten', 'soevereine_staat', 'immobilien', 'land', 'soevereine_staten', 'vastgoedsector', 'acres', 'nationaal_als', 'grondbezitter', 'aan', 'eigendom', 'land_california', 'deelstaat_van_duitsland', 'goed', 'grond', 'politieke_samenleving', 'brengen', 'vastgoedrecht', 'deelstaten_van_duitsland', 'rijk', 'edwin_land', 'vasteland', 'grondbezit', 'din_land', 'aarde', 'vaderland', 'naties', 'onroerende_zaken', 'landhuis', 'deelstaat', 'immobilia', 'vastgoedmarkt', 'landrechten', 'territorium', 'hectare', 'percelen_landbouwgrond', 'immobiliën', 'vaste_grond', 'res_publica', 'onroerend_goed', 'landgoed', 'landmassa', 'gemenebest', 'onroerende_goederen', 'kasteeldomein', 'declaratieve_theorie_van_de_staat', 'machtsgebied', 'mexicaanse_staat', 'de', 'bezit', 'bodem', 'feodale_domein', 'boerenbedrijf', 'sixology', 'huizenmarkt', 'mexicaanse_staten', 'doen_landen', 'vastgoed', 'trek', 'nationaal', 'grondgebied', 'staat', 'zate', 'onroerende_zaak', 'natie']
laugh	lachen	Match	['slappe_lach', 'koddigheid', 'grapje', 'plaisanterie', 'uitlachen', 'witz', 'schertsende', 'laugh', 'joke', 'bak', 'gebbetje', 'aardigheid', 'lach', 'lachen', 'grap', 'mop', 'glimlach', 'grappen', 'gelach', 'geestigheid', 'intastella']
law	strafrecht	Found close match: ['recht']	['politiebescherming', 'm72_law', 'natuurlijke_wet', 'hermandad', 'rechten', 'juridische_studies', 'codex_iuris_canonici', 'kit', 'juridische_theorie', 'geschreven_recht', 'klabak', 'mensgemaakte_regel', 'rechtsfilosoof', 'rechtsgeleerdheid', 'wetmatigheid', 'recht', 'kerkelijk_wetboek', 'natuurkundewet', 'afdeling_van_de_politie', 'skotoe', 'canonieke_recht', 'gewapende_politie', 'rechtsfilosofie', 'kerkelijk_of_canoniek_recht', 'marechaussee', 'natuurwet', 'regel', 'politie', 'wetgeving', 'kerkelijke_wet', 'rechtswetenschapper', 'wet_van_de_natuur', 'canon', 'regel_door_de_mens_gemaakt', 'rechtswetenschappen', 'luó', 'kanoniek_recht', 'rechtshulp', 'fysische_wetten', 'politiediensten', 'geschreven_wet', 'kerkelijk_recht', 'wetten_van_de_fysica', 'praktijk_van_het_recht', 'kreinbahn_aurich_gmbh', 'juridische_bijstand', 'juridische', 'natuurkundewetten', 'wet', 'law', 'juridische_filosofie', 'rechtswetenschap', 'prinsemarij', 'juridische_strijd', 'kreisbahn_aurich', 'rechtenstudie', 'wetenschappelijke_wet', 'juridisch', 'lijst_van_natuurwetten', 'natuurrecht', 'politiekorps', 'spelregel', 'natuurwetten', 'politiemacht', 'rechtskundige_bijstand', 'veiligheidstroepen', 'canon_advocaat', 'professor_in_de_rechten', 'wetboek_van_canoniek_recht', 'juridische_diensten', 'taak_politie', 'canoniek_recht', 'veiligheidsmacht', 'student_in_de_rechten', 'tilaï', 'jurisprudentie', 'politieapparaat', 'earthling', 'ongeoorloofde_praktijk_van_het_recht']
left	achterblijver	Incorrect	['linkse_politiek', 'linkse', 'linkerkant', 'collectivistische', 'rood', 'left', 'politiek_links', 'linkse_oppositie', 'linksbuiten', 'linkerhand', 'venstre_danmarks_liberale_parti', 'linksen', 'liberale_partij_van_noorwegen', 'venstre', 'relatieve_richting', 'links', 'linker', 'linkervleugel', 'internationale_linkse_oppositie', 'esquerra_republicana_de_catalunya', 'centrumlinks']
level	niveau	Match	['plat', 'afbreken', 'graad', 'toontrap', 'horizontaal_oppervlak', 'niveau', 'vloer_nummering', 'evenen', 'ervaring_niveau', 'adema', 'buisniveau', 'slopen', 'libel', 'vlak', 'schaal_graad', 'podium', 'gelijk', 'stadium', 'gelijkmaken', 'klasse', 'etage', 'laag', 'evolutionaire_graad', 'verdieping', 'hoogte', 'plan', 'vlakke', 'neerhalen', 'mark_chavez', 'ervaring_punt', 'waterpas', 'punt', 'schaal_graden', 'verdiepingen', 'aanwijzen', 'platmaken', 'level', 'ervaringspunten', 'supertonica', 'ervaringspunt', 'experience_points', 'trap', 'gelijke', 'levél', 'uitkrabben', 'timmermanswaterpas', 'slechten', 'verdiep', 'peil', 'mate', 'xp', 'verhaal']
liar	leugenaar	Match	['so_far_so_good_so_what', 'jokkebrok', 'leugenaar', 'lyra', 'so_far_so_good_so_what_', 'furbara_airport', 'draaikont', 'glory', 'liar', 'liegbeest', 'lieren', 'liră', 'in_my_darkest_hour', 'republic', 'louder_now', 'white_rabbit', 'mary_jane', 'deceiver', 'bedrieger', 'hook_in_mouth', 'lier']
light	licht	Match	['raam', 'verlichting', 'apache', 'allumeur', 'belichten', 'christus_binnen', 'lichtbron', 'lichtgekleurd', 'ontsteken', 'pyrotechnische_initiator', 'licht', 'glans', 'lichtreflectie', 'tnfsf14', 'elektrische_lamp', 'inner_light', 'helderheidsniveau', 'ontsteker', 'popn_twinbee', 'team17', 'lichtgolf', 'innerlijke_licht', 'ontkoppelen', 'lichte', 'venster', 'visueel_spectrum', 'aansteken', 'vensterraam', 'light_regional_council', 'schijnen', 'lichten', 'licht_binnen', 'raampje', 'ruit', 'vensterruit', 'lamp', 'luminantie', 'air', 'aansteker', 'helderheid', 'ontbranden', 'zichtbare_straling', 'venstertablet', 'sigarettenaansteker', 'luminousness', 'aanstekers', 'verlichten', 'light', 'light_yagami', 'léquipier', 'zichtbaar_licht', 'vuurtje', 'lichtgolven', 'glasraam']
magic	magische	Found close match: ['magisch', 'magie', 'magic']	['alagaësia', 'dame_kiri_janette_te_kanawa', 'leandro_marín', 'eenwegspiegel', 'goochelaar', 'goochelarij', 'brom', 'octarine', 'tovenarij', 'trance', 'varden', 'garrow', 'hocuspocus', 'palancarvalei', 'erfgoedtrilogie', 'eragon', 'toverkracht', 'transfiguratie', 'ban', 'schijfwereld', 'justin_timberland', 'occultmagisch', 'animagus', 'orik', 'betovering', 'murtagh', 'illusionisten', 'islanzadì', 'thaumaturg', 'eragon_shadeslayer', 'kiri_te_kanewa', 'dame_kiri_te_kanawa', 'octiron', 'planeswalker', 'confrontatiespiegel', 'a_kind_of_magic', 'gegoochel', 'het_erfgoed', 'toverij', 'thaumaturgus', 'mtg', 'wonderwerkende', 'take_me_home', 'justin_timberlake', 'occlumentie', 'magic_the_gathering', 'hekserij', 'podium_magie', 'magisch', 'magic', 'palancarvallei', 'kiri_te_kanawa', 'goocheltoer', 'discworld', 'toverkunst', 'verweer_tegen_de_zwarte_kunsten', 'oromis', 'meinedigen', 'artefact', 'magick', 'driving_rain', 'goochelkunst', 'sisseltong', 'toverspreuk', 'goocheltruc', 'gedaanteverwisseling', 'wonderdoener', 'duivelskunstenarij', 'the_ys', 'matra_r550_magic', 'magie', 'eenrichtingsspiegel', 'pluto', 'goochelen', 'oneway_mirror', 'tweeweg_spiegel', 'magie_in_de_wereld_van_harry_potter', 'magie_in_harry_potter', 'arya', 'roran_garrowsson', 'razac', 'make_a_scene', 'axel_rudi_pell', 'illusionist', 'arya_dröttningu', 'urza', 'betoverende_bende', 'ajihad', 'islanzadi', 'galbatorix', 'charlene', 'te_kanawa', 'carvahall', 'secret_time', 'illusionisme', 'nasuada', 'arya_drottningu', 'halfdoorlatende_spiegel', 'goocheltruuk', 'thaumaturgic', 'morzan', 'roran', 'saphira', 'toveren', 'thaumaturgy']
marriage	huwelijk	Match	['echtelijke_verbintenis', 'vereniging', 'trouwerij', 'echt', 'nulliteit', 'huwelijkssluiting', 'echtelijke_relatie', 'verbond', 'bruiloften', 'echtverbintenis', 'hymeneals', 'huwelijksfeest', 'huwelijkse', 'huwelijksceremonie', 'verbintenis_ceremonie', 'man_en_vrouw', 'hoogtijd', 'getrouwd_stel', 'huwelijk', 'trouwfeest', 'huwelijksvoltrekking', 'marriage', 'getrouwd', 'trouw', 'huwen', 'bruiloftsfeest', 'bruidspaar', 'burgerlijk_huwelijk', 'matrimonium', 'echtelijke', 'echtvereniging', 'trouwen', 'bruiloft', 'huwelijksvermogensrecht', 'gehuwde_paren', 'huwelijken', 'unie', 'huwelijksband', 'katholieke_huwelijk', 'nietigheid', 'trouwdienst', 'huwelijksformulier', 'eiken_bruiloft']
material	materiaal	Match	['waar', 'leæther_strip', 'materialisme', 'vod', 'stof', 'materialistische', 'schaakblind', 'laken', 'fysicalisten', 'materialisten', 'goedje', 'textiel', 'geweven_stof', 'kleed', 'doek', 'stoffen', 'materiaal', 'fysicalisme', 'textielfabriek', 'weefsel', 'material_design', 'spul', 'manufacturen', 'material', 'fysieke_ontologie', 'materialen']
mathematical	mathematische	Match	['wiskundig', 'wiskunde', 'mathematische', 'mathematica', 'mathesis', 'theoretisch', 'wiskundige', 'voldoend_grote', 'mathematisch', 'rekenvaardigheid', 'mathematiek']
mechanism	mechanisme	Match	['mechanisme', 'reactiestap', 'beweging', 'machinerie', 'statisch_onderbepaald', 'machinepark', 'reactiesequentie', 'machine', 'toestel', 'mechaniek', 'reactiemechanisme', 'uurwerk', 'chemisch_mechanisme', 'apparaat', 'machines', 'kapitaalgoederen', 'machinery']
medication	medicatie	Match	['farmacon', 'medicinal_drug', 'geneesmiddelen', 'medication', 'blockbuster_drug', 'heilzaam_middel', 'version_20', 'farmaceutisch', 'heelmiddel', 'farmaceutische', 'farmaceutische_geneesmiddelen', 'medicijn', 'medicijnen', 'medicatie', 'traditioneel_medicijn', 'geneesmiddel', 'rescue', 'medicament']
money	geld	Match	['duiten', 'history', 'centen', 'peace', 'pornograffitti', 'contant_geld', 'geldmiddelen', 'the_sound_of_girls_aloud_the_greatest_hits', 'largent', 'ping', 'me_i_am_mariah…_the_elusive_chanteuse', 'history__past_present_and_future_book_i', 'money', 'pingping', 'middelen', 'monetair', 'money_ep', 'geldelijke', 'pecunia', 'pegulanten', 'straight_up', 'thesaurie', 'portamento', 'geld', 'middel', 'monetaire', 'poen', 'history_past_present_and_future_book_i', 'financiën', 'vermogen']
mountain	berg	Match	['lading', 'bergachtig', 'bulk', 'troep', 'boel', 'goede_deal', 'pak', 'veel', 'aardig_centje', 'hoop', 'zooi', 'passel', 'schep', 'vracht', 'muckle', 'zwik', 'smak', 'mickle', 'david_oreilly', 'bergtop', 'veelheid', 'stoot', 'stelletje', 'partij', 'bergachtige', 'bups', 'bergen', 'kluit', 'een_groot_aantal', 'kwak', 'bom', 'draaien', 'sahtu', '482', 'the_mountain', 'bende', 'berg', 'mountain', 'heel_wat', 'massa']
movement	beweging	Match	['kunststroming', 'movement', 'fecalien', 'groepactie', 'ba', 'groep_actie', 'kruistocht', 'meute', 'sociale_beweging', 'groepsactie', 'phi_fenomeen', 'vogelpoep', 'drek', 'vuiligheid', 'drol', 'faecalieen', 'feces', 'fecaliën', 'defecatie', 'excrement', 'she_wolf', 'filosofische_beweging', 'afgang', 'drukte', 'shitting', 'fecale_materie', 'excrementen', 'uitwerpselen', 'schijt', 'beer', 'faecaliën', 'dierlijke_motoriek', 'stront', 'stoelgang', 'schare', 'uitwerpsel', 'uurwerk', 'legioen', 'kunststromingen', 'verroering', 'doel', 'defaecatie', 'bewegingen', 'beweging', 'horde', 'hondenkeutel', 'verplaatsing', 'poepen', 'kunstbeweging', 'derrie', 'faecalieën', 'faeces', 'fecale', 'the_movement', 'ontlasting', 'kak', 'artistieke_beweging', 'aanleiding', 'zaak', 'phifenomeen', 'detroit_electronic_music_festival', 'hele_volksstammen', 'reden', 'poep', 'sociale_bewegingen', 'the_pillows', 'trend', 'fecaal', 'myriade', 'motiliteit', 'leger', 'ontlasten', 'drom', 'transpositie', 'beweeglijkheid', 'defeceren', 'menigte', 'schijnbare_beweging', 'translocatie', 'massa', 'faecalien', 'omzetting']
movie	film	Match	['film', 'motionpicture_show', 'filmwetenschap', 'motionpicture', 'bewegende_beelden', 'picture_show', 'cinematografie', 'filmdistributeur', 'full_motion_video', 'bewegende_beelden_laten_zien', 'grote_scherm', 'motion_picture', 'fullmotion_video', 'bewegend_beeld', 'fmv', 'kites', 'speelfilm', 'movie', 'filmpje', 'witte_doek', 'rolprent', 'films', 'speelfilms', 'a_movie', 'grote_film', 'theatrale_film']
music	muziek	Match	['countryrock', 'prehistorische_muziek', 'the_music', 'muziek', 'friends_of_hell', 'welluidendheid', 'music', 'muziekuitvoering', 'eufonie', 'musiek', 'de_muziek', 'music_archaeology', 'toonkunst', 'country_rock', 'muziekeducatie', 'partituur', 'melomaan', 'muzikale', 'bladmuziek']
nation	natie	Match	['politieke_lichaam', 'duitse_deelstaat', 'länder', 'landen', 'kendrik_lamar', 'bestuurlijke_indeling_van_mexico', 'natio', 'soevereine_staat', 'natieclub', 'land', 'soevereine_staten', 'nationaal_als', 'natie', 'politieke_samenleving', 'deelstaat_van_duitsland', 'discworld_boeken', 'deelstaten_van_duitsland', 'collegium_nationale', 'carry_nation', 'carrie_nation', 'naties', 'nationes', 'deelstaat', 'kendrick_lamar', 'uhaa_nation', 'res_publica', 'gemenebest', 'collegia_nationalia', 'nation', 'declaratieve_theorie_van_de_staat', 'carry_amelia_moore_nation', 'student_natie', 'mexicaanse_staten', 'nationaal', 'staat', 'grondgebied', 'station_nation', 'mexicaanse_staat']
news	nieuws	Match	['het_nieuws', 'nieuwsberichten', 'reportage', 'journaal', 'news', 'woord', 'news_jpop', 'nieuwsbron', 'tvnieuws', 'tijding', 'actualiteit', 'actua', 'current_events', 'nieuws_show', 'nieuwsprogramma', 'verklaring', 'actualiteiten', 'actuele_gebeurtenissen', 'nieuwsuitzendingen', 'actueel', 'nieuws', 'nieuwswaarde']
noise	geluidssignaal	Found close match: ['geluidsgolf', 'geluidshinder', 'geluidsgolven']	['harde_ruis', 'geluidsbron', 'kosmische_microgolf_achtergrond_straling', 'geluid', 'elektrische_ruis', 'geluiden', 'kabaal', 'kakofonie', 'geluidsoverlast', 'interferentie', 'dissonant', 'elementary_os', 'geluidsgolven', 'lawaai', 'sneeuw', 'klank', 'toevalligheid', 'elementaryos', 'cmb', 'beeldruis', 'geluidsvervuiling', 'lawaaioverlast', 'radioruis', 'akoestische_golf', 'geluidsgolf', 'wanklank', 'gerucht', 'atmosferische', 'noise', 'atmosferische_statische', 'kans', 'geluidhinder', 'lawaai__geluidshinder', 'naoise', 'mika_horiuchi', 'geluidshinder', 'elektronische_ruis', 'geluidsvoortplanting', 'willekeurige_ruis', 'stochasticiteit', 'herrie', 'kosmische_achtergrondstraling', 'cbr', 'microgolf_achtergrondstraling', 'ruis', 'cmbr', 'industrielawaai', 'toeval', 'kosmische_microgolf_achtergrondstraling']
obligation	verplichting	Match	['verbintenis', 'vereist', 'promesse', 'verplichtingen', 'verbintenissenrecht', 'belofte', 'verplichting', 'toezegging', 'algemene_gedeelte_van_het_verbintenissenrecht', 'algemeen_gedeelte_van_het_verbintenissenrecht', 'obligaties', 'plicht', 'boek_6_van_het_nederlandse_burgerlijk_wetboek', 'verantwoordelijkheid', 'schuldinstrument', 'obligatoir', 'obligatielening', 'obligaat', 'obligatie', 'schuldbekentenis', 'duty', 'bounden']
pain	pijn	Match	['irritatie', 'hinder', 'smart', 'dolor', 'and_the_anonymous_nobody', 'angst', 'nood', 'leed', 'acute_pijn', 'ellende', 'wrevel', 'overlast', 'pijnlijk_gevoel', 'wee', 'games_pain', 'teisteren', 'pijngevoel', 'geselen', 'pijnsensatie', 'afknijpen', 'pain', 'king_of_da_ghetto', 'pijn_in_de_kont', 'zeer', 'above_the_rim', 'ergernis', 'plagen', 'tormenteren', 'pijn', 'lastpost', 'my_name_is_my_name', 'forever', 'pijnigen', 'kwellen', 'martelen', 'last']
personality	persoonlijkheid	Match	['geest', 'persoonlijkheid', 'persoonlijkheidskenmerken', 'personality']
philosophy	filosofie	Match	['isme', 'leerstellige', 'doctrine', 'filosofisch', 'belijdenis', 'leerstelling', 'filosofische', 'toegepaste_filosofie', 'rationele_geest', 'wijsbegeerte', 'levensfilosofie', 'levensbeschouwing', 'wijsgerig', 'filosofie', 'lijst_van_filosofische_vakgebieden', 'prolepse', 'filosofen', 'school_van_denken', 'philosophy', 'filosofisch_vakgebied', 'geloofsleer', 'occidentaalse_filosofie', 'leer', 'wereldbeschouwing', 'leerstuk', 'subgenre', 'geloofsartikel', 'substroming', 'politieke_doctrine', 'levensvisie', 'doctrines', 'school', 'filosofisch_systeem', 'stroming', 'dogma']
picture	filmposter	Found close match: ['films']	['woordbeeld', 'zien', 'persoonsbeschrijving', 'motionpicture', 'geïllustreerd', 'schilderkunst', 'mentale_afbeelding', 'signalement', 'fotografie', 'avatar', 'kijkspel', 'klassieke_schilderkunst', 'cinema', 'afschilderen', 'doek', 'plaatje', 'fotos', 'toneel', 'kiss', 'schilderen', 'illustratie', 'verbeelden', 'mentale_rotatietaak', 'tekening', 'witte_doek', 'tafereel', 'kunstschilder', 'uitbeelding', 'transfiguratie', 'grote_film', 'mentaal_beeld', 'tekeningen', 'mentale_beeld', 'schilder', 'film', 'cobol', 'animagus', 'schilderwerk', 'cinematografie', 'illustraties', 'grote_scherm', 'picture', 'schilderijen', 'lijntekening', 'toneeltje', 'voorstellen', 'programmeertaal_cobol', 'vormgeving', 'profielfoto', 'tekenkunst', 'rolprent', 'occlumentie', 'speelfilms', 'tekenen', 'mentale_rotatie', 'tableau', 'prent', 'picturale', 'schilderstuk', 'motionpicture_show', 'filmwetenschap', 'picture_show', 'verweer_tegen_de_zwarte_kunsten', 'portret', 'figuurlijke_beschrijving', 'mentale_voorstelling', 'perceptie', 'motion_picture', 'bewegend_beeld', 'sisseltong', 'mentale_beelden', 'gedaanteverwisseling', 'uitbeelden', 'illustreren', 'picturale_materie', 'diamond_dreamer', 'beeld', 'magie_in_de_wereld_van_harry_potter', 'magie_in_harry_potter', 'accountafbeelding', 'kopie', 'verven', 'bewegende_beelden', 'schilders', 'weergeven', 'afbeelden', 'filmdistributeur', 'bewegende_beelden_laten_zien', 'mentale_constructie', 'mentale_beeldvorming', 'figuur', 'afbakening', 'woordschilderij', 'geïllustreerde_boeken', 'foto', 'speelfilm', 'beeltenis', 'schouwspel', 'films', 'schilderij', 'theatrale_film', 'afbeelding']
pig	varken	Match	['diender', 'politiebeambte', 'verslinden', 'koddebeier', 'dikzak', 'flic', 'shoat', 'sloddervos', 'ever', 'raymond_watts', 'varkensvlees', 'varken', 'shote', 'conjoiners', 'schransen', 'pijpleidinginspecties_gauge', 'everzwijn', 'slordig_persoon', 'spoons', 'sus_scrofa', 'biggetje', 'smeerlap', 'zaaien', 'smeris', 'juut', 'vreten', 'gerechtsdienaar', 'tamme_varken', 'agent', 'flik', 'gelt', 'politie', 'pigging', 'metselen', 'schrokken', 'binnenspelen', 'slons', 'zeug', 'sus_domesticus', 'wout', 'big', 'sjouter', 'varkentje', 'zwelgen', 'porc', 'vetzak', 'klabak', 'bunkeren', 'modder', 'champetter', 'scrofa', 'politieagent', 'slokken', 'luiaard', 'zwijn', 'veldwachter', 'zhuba_jie', 'varkens', 'pig', 'krulstaart', 'opschrokken', 'echte_zwijnen', 'buffelen', 'wild_zwijn', 'varkensrassen', 'pandoer', 'als_huisdier_gehouden_varkens', 'opslokken', 'wilde_varken', 'politieambtenaar', 'wilde_zwijnen', 'verzwelgen', 'glimmerik', 'conjoiner', 'viezerik', 'prop', 'varken_bed', 'wilde_zwijn', 'hog', 'tuut', 'humber_pig', 'opschransen', 'fats', 'sus_domestica', 'sus_scrofa_domestica', 'zandbed', 'sus_scrofa_domesticus']
plan	plan	Match	['plan_international', 'tekeningen', 'ontwerp', 'ontwerpen', 'voornemen', 'chinese_marine', 'plan_bolzano', 'marine_van_het_volksbevrijdingsleger', 'plannen', 'bovenaanzicht', 'idee', 'program_management', 'vinden', 'beramen', 'bouwkundig_plan', 'programma_management', 'concipiëren', 'foster_parents_plan', 'architectonische_planning', 'programma_manager', 'bestek', 'verzinnen', 'plan_torino', 'plan_nederland', 'plan', 'bouwplan', 'platte_grond', 'bedenken', 'uitdenken', 'schema', 'programma', 'uitstippelen', 'projecteren', 'bouwtekening', 'bedoeling']
plant	plant	Match	['produktielijn', 'bedrijfsleider', 'creaturetype', 'floras', 'plantae', 'vast_te_stellen', 'institueren', 'machinestraat', 'trigun', 'transportband', 'plantenrijk', 'plantensoorten', 'productielijn', 'produktiestraat', 'fabrieksterrein', 'zeeflora', 'eigen_veiling', 'tot_stand_brengen', 'assemblagelijnen', 'inplanten', 'gewas', 'vegetabilia', 'productiestraat', 'factorij', 'staalfabriek', 'gronden', 'snookerjargon', 'lijn', 'lijst_van_plantensoorten', 'papierfabriek', 'werken', 'montageband', 'fabriek', 'oprichten', 'industriële_installaties', 'fysieke_installatie', 'vegetatie', 'grondvesten', 'stichten', 'plantensoort', 'fabrieksarbeider', 'fabricage', 'feitoria', 'vestigen', 'plantenleven', 'fabrieken', 'plant', 'planten', 'instellen', 'productielocatie', 'plant_aosta', 'flora', 'lopende_band', 'metaphyta', 'straat', 'dekken', 'productiebedrijf', 'productieline', 'phytobiota', 'lijst_van_termen_in_het_professioneel_worstelen', 'plantengroei', 'textielfabriek']
play	spelen	Match	['stoeien', 'play', 'dramatische_kunst', 'theateropvoering', 'android_market', 'optreden', 'manoeuvre', 'spelen', 'stageplay', 'gokken', 'gokkers', 'betonen', 'beurt', 'toneelstukken', 'glans', 'kinderspel', 'bespelen', 'speelperiode', 'vrije_loop', 'google_play_store', 'dramas', 'dramatische_kunsten', 'voordoen', 'kansspel', 'luchtsprong', 'wedden', 'brengen', 'houden', 'spelletje', 'drama', 'speling', 'manipuleren', 'dartelen', 'recreëren', 'spel', 'vallen', 'opvoeren', 'spelletjes', 'play_framework', 'google_play', 'opzetten', 'er_op_kunnen_rekenen', 'filmdrama', 'musiceren', 'stoeipartij', 'dramatiek', 'periode_van_het_spel', 'verpozen', 'schermen', 'gokspel', 'christopher_martin', 'afspelen', 'capriool', 'uithangen', 'draaien', 'theaterstuk', 'toneel', 'spelregel', 'rollenspel', 'dramatisch_spel', 'toneelspel', 'acteren', 'días_que_no_vuelven', 'meespelen', 'afdraaien', 'stuk', 'spelregels', 'play_store', 'toneelspelen', 'rechte_spelen', 'toneelstuk', 'aanrichten', 'spell', 'speel']
pleasure	plezieren	Found close match: ['plezier']	['pleasure', 'bang_camaro', 'sondre_lerche', 'plezier', 'semisonic', 'aangename', 'fredrik_ball', 'genot', 'il_piacere', 'pearl', 'vreugde', 'genoegen', 'pleasure_p', 'genieten']
poor	slechte	Incorrect	['vrijwillige_armoede', 'armzaligheid', 'armoedigheid', 'nooddruftig', 'behoeftig', 'stedelijke_armoede', 'pauper', 'behoeftigheid', 'nood', 'relatieve_armoede', 'kaal', 'ellende', 'armoedig', 'armoe', 'arme', 'bezitloos', 'nooddruft', 'paupers', 'berooid', 'kommer', 'lage_inkomens', 'minvermogend', 'gelofte_van_armoede', 'armoede_in_de_wereld', 'armoedzaaier', 'onvermogend', 'arm', 'onbemiddeld', 'henry_varnum_poor', 'armoede', 'arme_mensen', 'verarming']
prison	gevangenis	Match	['fängelse', 'gevangenis_systeem', 'justitiële_inrichting', 'bajes', 'tuchthuis', 'cellenhuis', 'gevang', 'kast', 'rijkshotel', 'tom_robinson', 'opsluiten', 'strafgevangenis', 'gevangenhuis', 'bak', 'lik', 'jailhouse', 'kot', 'strafinrichting', 'pokey', 'nor', 'pot', 'tom_robinson_band', 'medium_beveiligde', 'gevangenissen', 'stadsgevangenis', 'kerker', 'de_gevangenis', 'penitentiaire_inrichting', 'prison', 'cachot', 'hokkerig', 'opgesloten', 'huis_van_bewaring', 'bureau_selectie_en_detentiebegeleiding', 'gevangenis', 'medium_security', 'petoet', 'fangelse']
professional	professionele	Match	['professional', 'beroepssporter', 'professioneel_uitziende', 'uitblinker', 'professionele_atleten', 'kiss_land', 'prof', 'ambtshalve', 'beroeps_professional', 'profesioneel', 'kei', 'profesionalac', 'expert', 'rot', 'deskundigen', 'professionele', 'kenner', 'professionele_sport', 'connaisseur', 'professionele_atleet', 'beroepsmatig', 'deskundoloog', 'professioneel', 'vrij_beroep', 'professionals', 'beroeps', 'professionele_persoon', 'vrije_beroepen', 'professionaliteit', 'autoriteit', 'beroepskracht', 'deskundige', 'specialist', 'experts', 'beroepshalve', 'expertise']
protection	bescherming	Match	['protectie', 'beschutting', 'overtrek', 'zekerheid', 'verdediging', 'protectionistische_maatregelen', 'veiligheidsvoorschrift', 'auspiciën', 'beveiliging', 'onderdak', 'bescherm', 'protection', 'schild', 'scherm', 'bescherming', 'onveiligheid', 'veilig', 'beschermkap', 'veiligheid', 'down_where_the_spirit_meets_the_bone', 'aegis']
quality	kwaliteit	Match	['klankkleur', 'karakter', 'timbres', 'geluid', 'kwalitatief', 'toon', 'timbre', 'kwaliteit', 'uitwisseling', 'kwaliteitsborging', 'timbrale', 'eigenschap', 'hoedanigheid', 'kleine_kwaliteit', 'qa', 'klasse', 'quality']
reaction	reactie	Match	['chemische_reacties', 'reaction', 'derde_wet_van_newton', 'actie__min_reactie', 'actie_en_reactie', 'chemische_reactie', 'scheikundige_reactie', 'chemisch', 'reactie']
read	lezen	Match	['passing', 'horen', 'aflezen', 'nemen', 'gelezen', 'staan', 'studeren', 'robert_william_read', 'gelezen_worden', 'luiden', 'zeggen', 'veronderstellen', 'lees', 'opzeggen', 'inlezen', 'catherine_read', 'bestuderen', 'te_bestuderen', 'passeren', 'lezen', 'opgeven', 'david_charles_read', 'read', 'voorlezen', 'lezer']
relationship	relatie	Match	['familieband', 'binding', 'kennismaking', 'contactpersoon', 'menselijke_relaties', 'familierelatie', 'verhouding', 'maagschap', 'verwantschap', 'lange_termijn_relatie', 'verwantschap_en_afkomst', 'interpersoonlijke_relaties', 'kennis', 'band', 'interpersoonlijke', 'betrekking', 'relatie', 'gezelschap', 'menselijke_interactie', 'menselijke_relatie', 'interpersoonlijke_relatie', 'relatie_op_lange_termijn']
religious	religieuze	Match	['klerk', 'godsdienstig', 'geestelijke', 'kloosterling', 'godvruchtig', 'clergyman', 'godvrezend', 'religieus', 'vroom', 'zuster', 'gelovig', 'monnik', 'religieuze', 'religieus_dienaar', 'cenobiet']
residence	verblijfplaats	Match	['woongelegenheid', 'assistentschap', 'woonstee', 'home', 'heem', 'woonhuis', 'tehuis', 'ingeburgerde', 'inwoner', 'ingezetene', 'stamgast', 'herenhuizen', 'onderkomen', 'thuis', 'bewoner', 'onderdak', 'villa', 'huizen', 'inwoners', 'optrekje', 'verblijfplaats', 'woning', 'privewoning', 'plaats', 'behuizing', 'landhuis', 'honk', 'herenhuis', 'residencia', 'huis', 'verblijf', 'woonruimte', 'woning_woonst', 'woningen', 'domicilie', 'woonplaats', 'residentie', 'patriciërshuis', 'domicili']
road	asfaltweg	Found close match: ['straatweg']	['reisduur', 'straatweg', 'weg_spel', 'weg', 'ruch_obywatelski_akcja_demokratyczna', 'verhoogde_wegen', 'burgerbeweging_democratische_actie', 'steenweg', 'road', 'baan', 'kasseiweg', 'the_road', 'uitduel', 'landweg', 'uitwedstrijd', 'new', 'wegenbouw', 'reistijd', 'dammen', 'heenwedstrijd', 'straat']
sad	droevige	Found close match: ['droevig', 'droef', 'droefgeestig']	['somber', 'rouwig', 'pijnlijk', 'seizoensgebonden_affectieve_stoornis', 'soera_saad', 'moedeloos', 'ongelukkigheid', 'sad', 'droef', 'droefgeestig', 'mistroostig', 'ص', 'triest', 'terneergeslagen', 'bedrukt', 'mismoedig', 'sip', 'special_activities_division', 'droefenis', 'verdriet', 'winterblues', 'depressief', 'triestig', 'verdrietig', 'lost_dogs', 'østerlars', 'sadhe', 'winterdepressie', 'droevig', 'treurig', 'smartelijk', 'winterdip', 'neerslachtig', 'bedroefd', 'teneergelagen']
science	wetenschap	Match	['kennis', 'wetenschappelijk', 'wetenschappelijke', 'wetenschapsbeleid', 'wetenschappers', 'algemene_wetenschap', 'mainstream_wetenschap', 'discovery_science', 'weten', 'empirische_wetenschap', 'science_channel', 'ervaring', 'gevestigde_wetenschap', 'the_science_channel', 'vaardigheid', 'science', 'wetenschap', 'wetenschappen', 'wetenschappelijke_discipline']
seafood	zeevruchten	Match	['zeevruchten', 'fruits_de_mer', 'seefood', 'zeebanket', 'fruit_de_mer']
sell	verkopen	Match	['christian_sell', 'verkoop', 'maritieme_handel', 'verkopen', 'kopen', 'negotie', 'commercie', 'scharrelen', 'business', 'slijten', 'verlinken', 'commerce', 'commerciële', 'handelsverkeer', 'verhandelen', 'zaak', 'handel', 'commerciele', 'commercieel', 'vak', 'handelsstad', 'postzegelhandel', 'verraden', 'lijst_van_termen_in_het_professioneel_worstelen', 'sell']
sew	naaien	Match	['naaien', 'naai', 'stitchery', 'naaister', 'aannaaien']
sexy	sexy	Match	['sexy', 'les_jumo', 'elephunk']
shape	druppelvormige	Incorrect	['supreme_allied_commander_europe', 'toestand', 'vormleer', 'muziekvorm', 'menselijk_lichaam', 'gedaante', 'muzikale_vorm', 'personage', 'vorm', 'vorm_te_geven', 'formatie', 'cijfer', 'vormen', 'bepalen', 'schijn', 'definitie', 'configuratie', 'wm_formatie', 'figuur', 'geallieerd_commando_operaties', 'supreme_headquarters_allied_powers_europe', 'menselijke_huidskleur', 'menselijke_anatomie', 'menselijke_fysiologie', 'bod', 'status', 'mourvèdre', 'determineren', '433', 'verschijningsvorm', 'fysiek', 'shape', 'patroon', 'materiële_lichaam', 'structuur', 'conditie', 'hoofdkwartier_van_de_geallieerde_mogendheden_in_europa', 'primitieve', 'vlees', 'lichaam', 'staat', 'menselijke_verrichtingsleer', 'pigmentatie_van_de_huid', 'afbeelding']
ship	schip	Match	['schepen', 'scheeptype', 'doorgeven', 'inpp5d', 'boot', 'vaartuig', 'zeeschepen', 'verschepen', 'kiel', 'embarkeren', 'the_ship', 'schip', 'inschepen', 'zeeschip', 'shippenburg_university']
show	show	Match	['hardmaken', 'aflezen', 'zien', 'toon', 'gokken', 'laten_zien', 'tentoonspreiden', 'te_presenteren', 'vertoning', 'performance', 'tentoonstellen', 'getuigen', 'gokkers', 'show_luo', 'geven', 'landbouwevenement', 'voorstelling', 'show', 'uiten', 'weergeven', 'afbeelden', 'landbouwshow', 'wijzen', 'aanduiden', 'kansspel', 'wedden', 'presenteren', 'aantonen', 'uitwijzen', 'showen', 'uitstallen', 'indiceren', 'op_beurzen', 'the_show', 'demonstreren', 'vertonen', 'gokspel', 'exposeren', 'afschilderen', 'vaststellen', 'voorstellen', 'aan_te_tonen', 'aanwijzen', 'uitbeelden', 'te_bewijzen', 'bewijzen', 'kermis', 'bevestigen', 'tonen', 'schouwspel', 'staven', 'landbouwbeurs', 'spektakel']
sign	onderteken	Match	['signalering', 'polariteit', 'semioticus', 'astrologische_huizen', 'bewegwijzering', 'klinische_symptomen', 'bekrachtigen', 'elektronegativiteit', 'brown_eyed_girls', 'huizen_in_de_astrologie', 'elektronegatieve_waarde', 'contracteren', 'onderteken', 'speciaal_teken', 'electronegativiteit', 'informatiebord_of_paneel', 'commerciële_bewegwijzering', 'bord', 'paneel', 'elektronegatieve', 'auspicium', 'wenk', 'sein', 'nietnegatieve', 'elektronegatief', 'sterrenbeeld', 'signeren', 'medisch_teken', 'auspiciën', 'omen', 'sign', 'semiotiek', 'informatiebord', 'enw', 'grafemen', 'preindication', 'stuursignaal', 'semiotische', 'bebording', 'logogram', 'ratificeren', 'astrologische_teken', 'schild', 'te_ondertekenen', 'karakter', 'informatiepaneel', 'planetaire_huis', 'seinen', 'geste', 'elektropositieve', 'semeiotiek', 'signaal', 'sein_of_teken', 'huis', 'polarisatie', 'negatief', 'positief_getal', 'zodiacteken', 'gebarentaal', 'outofband_signalering', 'ondertekend', 'grafeem', 'electronegatief', 'ondertekenen', 'beduiden', 'dierenriem', 'aanwijzing', 'grafisch_symbool', 'gebaar', 'tekenleer', 'klinisch_beeld', 'uithangbord', 'tekenen', 'ik_heb_dorst', 'teken', 'semiologie', 'voorteken', 'letter']
silly	kinderachtig	Found close match: ['ondoordacht']	['onnozel', 'breinloos', 'debiel', 'ondoordacht', 'suf', 'domme', 'silly', 'afgestompt', 'onverstandig', 'onintelligent', 'kletskoek', 'onzinnige', 'stompzinnig', 'stom', 'idioot', 'dom', 'opzullik', 'lariekoek', 'bedrog', 'verstandeloos', 'imbeciel', 'stupide', 'oenig', 'onverstandige', 'hersenloos', 'bot', 'zwakhoofdig', 'simpel', 'bullshit', 'onzinnigheid', 'nonsens', 'onbenullig', 'onwijs', 'flauwekul', 'geesteloos', 'achterlijk', 'onzin', 'stomme']
sin	sin	Match	['kwaad', 'zondaars', 'sinusfunctie', 'een_bok_schieten', 'sin', 'zondigheid', 'zonde_in_het_jodendom', 'zondig', 'een_flater_slaan', 'utukku', 'sjien', 'polr3e', 'dwalen', 'zonde', 'xiǎn', 'sinhala', 'nannar', 'internationale_luchthaven_changi', 'dolen', 'س', 'changi_airport', 'law__order_special_victims_unit', 'zondaren', 'efs', 'utukki', 'nanna', 'ש', 'miskleunen', 'singapore_changi_airport', 'zondaar', 'nana', 'shin', 'vergalopperen', 'een_steek_laten_vallen', 'ontsporen', 'nusku', 'zondigen', 'sinus', 'singalese_taal', 'zonden', 'sjin', 'luchthaven_singapore', 'sinhala_taal', 'singalees', 'sinhalees', 'blunderen']
skin	huid	Match	['day_for_night', 'plugins', 'skinnable', 'seizoen_1_van_supernatural', 'schil', 'almost_human', 'ray_of_light', 'printplaten', 'pels', 'huid', 'psychiatrische_inrichting', 'skinhead', 'ontvellen', 'skin', 'onderhuid', 'blaadje', 'australische_aboriginal_verwantschap', 'psychiatrisch_ziekenhuis', 'bedekking', 'vloeitje', 'blender', 'afpellen', 'printplaat', 'rockland_records', 'pwb', 'invoegtoepassing', 'vel', 'bont', 'schillen', 'printed_circuit_board', 'cutis', 'vermogen_vliegtuig', 'deborah_anne_dyer', 'addin', 'afschillen', 'insteekkaart', 'exocarp', 'uitbreidingskaart', 'weergave', 'bangarra_dance_theatre', 'thema', 'vruchtwand', 'pellen', 'huidcellen', 'oppervlaktelaag', 'gedrukte_bedradingskaart', 'schaven', 'cutane', 'psychiatrische_instelling', 'r_kelly', 'zenuwlijdersinrichting', 'the_skin', 'gekkenhuis', 'robert_sylvester_kelly', 'plugin', 'kaart']
smart	slimme	Match	['pienter', 'intelligente', 'onbeschaamd', 'smartprincipe', 'begaafd', 'smart', 'intelligentie', 'inlichtingendienst', 'brutaal', 'mentale_capaciteit', 'schrander', 'lijst_van_termen_in_het_professioneel_worstelen', 'smarting', 'technologie_voor_zelfcontrole_analyse_en_rapportage', 'slim', 'snugger', 'astrant', 'intelligent', 'slimme']
smiling	glimlachend	Found close match: ['glimlachen', 'glimlach', 'lachend']	['lach', 'lachen', 'theresa_fu', 'lachend', 'glimlachen', 'lachende', 'smuilen', 'glimlach', 'grijns', 'the_beta_band', 'grijnzende']
solution	oplossing	Match	['oplossen_van_problemen', 'opgeloste_stoffen', 'oplossen_van_vergelijkingen', 'balansmethode', 'antwoord', 'oplossingen', 'zoutoplossing', 'resultaat', 'probleemoplossing', 'probleemoplossen', 'oplossing', 'probleemoplossend_denken', 'vergelijking_oplossen', 'probleemoplosmodel', 'solution']
soul	ziel	Match	['mens', 'mrmr', 'soulmuziek', 'on_the_soul', 'soul_muziek', 'individu', 'individuen', 'soul', 'deze_of_gene', 'hebp2', 'figuur', 'persoon', 'psyche', 'sterfelijk', 'sterveling', 'ziel', 'animus', 'soul_music', 'mensenziel', 'bezieling', 'aiúa', 'iemand', 'zielen', 'man', 'onsterfelijke_ziel', 'geest']
sound	geluid	Match	['uitklinken', 'geluidsbron', 'spraakgeluid', 'zeestraat', 'auditieve_sensatie', 'geluiden', 'geluidsgolven', 'klank', 'telefoon', 'sound', 'geluidsgolf', 'akoestische_golf', 'nauw', 'zeeëngte', 'klinken', 'sont', 'tecnocumbia', 'zeeengte', 'foon', 'geluidsvoortplanting', 'klanken', 'straat', 'sound_lerwick', 'geluid']
spoke	sprak	Match	['spraakcommunicatie', 'spreektaal', 'gesproken_communicatie', 'spraak', 'mondelinge_communicatie', 'spraak_communicatie', 'rundle', 'spaken', 'trede', 'sprak', 'praten', 'spaak', 'wiel_sprak', 'spoke', 'menselijke_spraak', 'spraken', 'spraakklank', 'taalbeheersing', 'spreken', 'spraakgebrek', 'toespraak', 'sport', 'gesproken_taal', 'tong']
star	sterren	Match	['ster_topologie', 'licht', 'star_tv', 'stertopologie', 'gucy2c', 'targz', 'kanjer', 'maven', 'bcgmatrix', 'beroemdheid', 'knapperd', 'hoofdrol', '﹡', 'titelrol', 'begaafd_persoon', 'kraan', 'een_hoofdrol_spelen', 'mul', 'celebrities', 'suizen', 'estelle_swaray', 'uitblinker', 'ster', 'crack', 'kei', 'expert', 'adept', 'superstar', 'acteurs', 'zon', 'milky', 'hotelclassificatie', '＊', 'star', 'xerox_star', 'duivelskunstenaar', 'hotshot', 'coryfee', 'hoofdpersoon', 'grootmeester', '✦', 'groeiaandeel_matrix', 'hoofdrolspeelster', 'popster', 'estelle', 'zelfbenoemde_specialist', 'hoofdrolspeler', 'roem', 'gouden_kampioensster', 'meesteres', 'sterren', 'hoofdfiguur', 'the_star', 'beroemd_persoon', 'meester', 'steroïdogene_acute_regulatory_protein', 'sterretje', 'aas', 'hoogvlieger', 'air', 'viersterrenhotel', 'media_persoonlijkheid', 'zelfbenoemde_expert', 'vijfsterren_hotel', 'the_rise_and_fall_of_ziggy_stardust_and_the_spiders_from_mars', 'grootheid', 'the_motion_picture', 'sterveelhoek', 'raspaardje', 'asterisk', 'virtuoos', 'bollebof', 'tvpersoonlijkheid', 'filmster', 'mavin', 'étoile', 'ilean_almaguer', '5sterren_hotel', 'beroemdheden', 'bedreven', 'star_pembrokeshire', 'swift_wind', 'sternetwerk', 'hotelclassificaties', 'hemelbekleding', 'ster_grafiek', 'celebrity', 'ster_veelhoek', 'meesterbrein', 'genie', 'beroemd', 'vedette', 'filmsterren', 'superster', 'topper', 'deskundige', 'specialist', 'vijf_sterren_hotel', 'bolleboos', 'tar']
student	student	Match	['leerling', 'scholier', 'studente', 'christ_church_oxford', 'eerste_jaar', 'geleerden', 'studeren', 'educatee', 'studerende', 'christ_church', 'boekhandel', 'william_sealy_gosset', 'boekenwinkel', 'boekhandels', 'wetenschapsman', 'politieke_boekhandel', 'student', 'boekhandelaar', 'studenten', 'boekwinkel', 'geleerde', 'boekverkopers', 'wetenschappelijke_persoon']
stupid	onbenullig	Found close match: ['onbenulligheid', 'onbenul', 'onintelligent']	['dom_persoon', 'sulligheid', 'augurk', 'druiloor', 'domme', 'minkukel', 'hansworst', 'sufferd', 'domoor', 'droplul', 'eendenkuiken', 'hals', 'stom', 'dom', 'flapdrol', 'leeghoofd', 'puddenhead', 'oen', 'ravensymoné', 'eendvogel', 'imbeciel', 'kaffer', 'stupide', 'uilebal', 'sufkont', 'ei', 'bal_gehakt', 'jojo', 'verbouwereerd', 'rund', 'kuiken', 'flight_360_the_takeoff', 'onintelligent', 'kwezel', 'zakkenwasser', 'sukkel', 'onbenulligheid', 'heet_kompres', 'sufkut', 'eend', 'schaapskop', 'oliebol', 'zultkop', 'stomme', 'gehaktbal', 'boerenlul', 'drol', 'dommerik', 'domkop', 'domme_gans', 'stompzinnig', 'sufferig', 'stomkop', 'idioot', 'ezelsveulen', 'gekheid', 'dombo', 'stommerik', 'koe', 'eikel', 'sufkop', 'achterlijk', 'ezel', 'uilenbal', 'kalf', 'pillock', 'onnozel', 'breinloos', 'debiel', 'weetniet', 'oelewapper', 'slechte_vis', 'onverstandig', 'domheid', 'stommerd', 'nitwit', 'uil', 'onbenul', 'oetlul', 'onverstandige', 'appelflap', 'stommeling', 'kalfskop', 'uilskuiken', 'kloris', 'onwijs', 'steenezel', 'stupidity']
successful	succesvolle	Match	['geslaagd', 'geslaagde', 'succesvol', 'successful', 'succesvolle']
sugar	suiker	Match	['duiten', 'koolhydraat', 'sugar', 'sacharose', 'contant_geld', 'glassheart', 'simoleons', 'dinero', 'melissuiker', 'mosselen', 'griessuiker', 'saccharide', 'suikers_in_de_wijn', 'kristalsuiker', 'batman_forever', 'sacchariden', 'tafelsuiker', 'suikers', 'koolhydraten', 'saccharose', 'suiker', 'sacharide', 'poen', 'geraffineerde_suiker', 'witte_suiker', 'suikerklontje', 'handel_in_suiker', 'kokkels', 'sachariden', 'gewin', 'uga', 'heptose']
suspect	verdacht	Match	['aannemen', 'twijfelen', 'verdenken', 'second_season_of_smallville', 'geloven', 'argwaan_koesteren', 'suspicie', 'verweerder', 'gedaagde', 'presumeren', 'gissen', 'betwijfelen', 'beschuldigde', 'wantrouwen', 'robert_crais', 'verwachten', 'denken', 'verdachte', 'vooronderstellen', 'achterdocht', 'verdacht', 'the_suspect', 'verdachten', 'menen', 'argwaan', 'beklaagde', 'vermoeden', 'verdenking', 'suspect', 'dader', 'assumeren', 'aangeklaagde', 'bevroeden', 'gerekwireerde', 'criminele_verdachte']
table	tabel	Match	['plateaus', 'tabellariseren', 'htmlcode', 'klankbord', 'opschorten', 'tafelberg', 'verschuiven', 'kijk_omhoog', 'mesas', 'iframe', 'tafel', 'temporiseren', 'vermenigvuldigingstafel', 'rekken', 'tafelbergen', 'geluidskaart', 'opzoektabel', 'htmlelement', 'verdagen', 'tabelvorm_serie', 'tafeltje', 'lookup_table', 'soundboard', 'gegevensblad', 'database_tabel', 'plateau', 'tabelleren', 'zangbodem', 'opschuiven', 'vertragen', 'relation', 'table', 'code', 'mesa', 'href', 'relatie', 'klankblad', 'resonansbodem', 'lookup', 'tabel', 'mengpaneel', 'zoekactie', 'uit_te_stellen', 'talmen', 'aanhouden', 'resonantiebodem', 'klankbodem', 'lijst_van_htmlelementen', 'uitstellen']
taste	smaak	Match	['natuurlijke_aromas', 'smaak_sensatie', 'primaire_smaken', 'proeverij', 'voorkeur', 'smaken', 'meug', 'tendens', 'kunstmatige_smaakstoffen', 'monster', 'smaak', 'basissmaken', 'het_proeven', 'smaakje', 'wijnkenner', 'smaakzin', 'kunstmatige_smaak', 'smaakmodaliteit', 'neiging', 'voorkeuren', 'proeft', 'smaakbeleving', 'oenoloog', 'taste', 'staal', 'esthetische_smaak', 'nasmaak', 'smaakstof', 'proef', 'wijnproeverij', 'smaakversterker', 'proeven', 'nowhere', 'smaaksensatie', 'wijnproeven', 'genieten', 'instelling', 'blinde_proeverij', 'bijsmaak']
team	team	Match	['span', 'sportteam', 'rock_band', 'ploeg', 'teamsporten', 'bespanning', 'muziekband', 'soloartiest', 'soloproject', 'instrumentaal_ensemble', 'muzikale_band', 'groep', 'gespan', 'werkcel', 'ploegsport', 'team', 'teamsport', 'muzikaal_ensemble', 'bar_band', 'rockband', 'rockgroep', 'band', 'pop_rock_band', 'muziekgroep', 'rock_bands', 'sportploeg', 'muziek_ensemble', 'pop_band']
texture	textuur	Match	['textuurcoordinaten', 'textuurcoordinaat', 'texture', 'textuurcoördinaat', 'muzikale_textuur', 'mondgevoel', 'textuurmapping', 'textuur', 'macrotextuur', 'textuur_kaart', 'textuurcoördinaten', 'texture_mapping']
time	tijd	Match	['systeemtijd', 'klok', 'mountain_khakis_fueled_by_jittery_joes', 'vadertje_tijd', 'straftijd', '44_maat', 'inception', 'y_not', 'tijden', 'hervormingspartij_ora', 'dubbel', 'tijd', 'timen', 'vader_tijd', 'kloksignaal', 'vroege_heelal', 'team_mountain_khakis', 'uur', 'dtime', 'the_klinik', 'time', 'fetty_wap', 'time_i', 'vierde_dimensie', 'tijdsduur', 'time_magazine', 'klokpuls', 'kosmologische_tijd', 'tijden_van_het_werkwoord', 'tijdseenheid', '24_tijd', 'team_smartstop', 'anastacia', 'klinik', 'termijn', 'milburn', 'meter', 'mountain_khakis_fueled_by_jittery_joe’s', 'art_official_age', 'werkwoordstijd', 'team_smartstopmountain_khakis', 'klokken', 'mountain_khakisjittery_joes', 'mountain_khakis', 'c_date_and_time_functions', 'samengestelde_maatsoort', 'scatmans_world', 'bulb', 'verbinding_meter', 'maal', 'een_klokpuls', 'polymeter', '68_maat', 'tijdrekening', 'xkcd_1190', 'tempus', 'chronologie_van_het_heelal', 'periode', 'tijdsafstand', 'draadontspanner', 'smartstop', 'klokfrequentie', 'space__time', 'gevangenis_termijn', 'team_smartstop_pb_mountain_khakis', '44', 'klokcyclus', 'verbinding_tijd', 'chronometreren', 'eenvoudige_tijd', '128', 'tijdstip', '44_beat', 'wals_tijd', 'in_my_own_words', 'mountain_khakis_epno', 'vierkwartsmaat', 'tijdstip_t', '24_maat', 'muzikale_maatsoort', 'moment', 'maatsoorten', 'grammaticale_tijd', 'keer', 'kloktijd', 'the_time', 'klokcycli', 'tijdsinterval', 'hypnotica', 'systeemklok', 'jungle', 'gespannen', 'pacific_ocean_blue', 'smartstopmountain_khakis', 'team_smartstop_presented_by_mountain_khakis', 'tijd_op_de_dag', 'maatsoort']
tool	tool	Match	['utensiliën', 'joystick', 'pik', 'tamp', 'programmeertool', 'piemel', 'development_tool', 'jongeheer', 'zwengel', 'software_development_tool', 'paal', 'hulpmiddel', 'penis', 'mannelijkheid', 'dick', 'tool', 'oorkonde', 'handgereedschap', 'gereedschap', 'slaaf', 'gerei', 'slurf', 'tampeloeres', 'lid', 'klokenhamerspel', 'instrument', 'snikkel', 'piel', 'geslachtsdeel', 'fluit', 'toeter', 'slavin', 'software_tool', 'plasser', 'sannie', 'roede', 'potlood', 'pisser', 'fallus', 'leuter', 'roe', 'lul', 'software_tools', 'werktuig', 'hulpprogramma']
toy	speelgoedauto	Found close match: ['speelgoed', 'speelgoed_hond', 'seksspeelgoed']	['stoeien', 'seksartikel', 'chatoyance', 'seksspeeltje', 'spelen', 'chatoyancy', 'speelgoed', 'seksspeeltjes', 'kattenoogeffect', 'miniatuur', 'chatoyeren', 'schoothondje', 'the_toy', 'speelgoed_hond', 'chattoyanceeffect', 'toy', 'chattoyance', 'speeltje', 'speelbal', 'chatoyant', 'sex_speeltje', 'chatoyanceeffect', 'seksspeelgoed', 'yello', 'toyline', 'chattoyance_effect']
tree	boom	Match	['boomdiagram', 'bomen', 'substructuur', 'bladknooppunt', 'tree', 'charlotte_brontë', 'boom_kruskals_stelling', 'bovenliggende_node', 'bovenliggend_knooppunt', 'hout', 'boom', 'gewortelde_boom', 'interne_knoop', 'woud', 'jonge_boom', 'currer_bell', 'heilige_boom', 'structuur', 'bos', 'interieur_knooppunt', 'boom_datastructuur', 'boomstructuur', 'binaire_boom', 'boom_aanbidding', 'sir_herbert_beerbohm_tree', 'herbert_beerbohm_tree', 'charlotte_bronte']
trial	vrijgesproken	Incorrect	['testen', 'strafgeding', 'driehoek', 'rechtszaken', 'experiment', 'paucal', 'causatie', 'pleitzaak', 'iii', 'pretrial', 'grammaticale_nummer', 'causaal_verband', 'burgerlijke_rechter', '３', 'trine', 'rechtzaak', 'gerechtszaak', 'causaliteit', 'juridisch_geschil', 'beproeving', 'aanklacht', 'kruis', 'procedure', '3', 'trits', 'deuceace', 'proces', 'trio', 'causaal', 'oorzaaksysteem', 'rechtszaak_proces', 'enkelvoud', 'berecht', 'nummer_overeenkomst', 'bezoeking', 'geprobeerd', 'trialis', 'rechtszaak', 'causale', 'aantal', 'drieregelig_vers', 'oorzakelijkheid', 'oorzaak', 'oorzaak_systeem', 'aangeklaagd', 'rechtzoekenden', 'proef', 'probeersel', 'nummer', 'rechtshandel', 'singulier', 'hoeveelheid', 'zaak', 'causaliteitsprincipe', 'een', 'test', 'trial', 'marteling', 'proefdraaien', 'drietal', 'civiele_zaak', 'getal', 'rechtsgeding', 'ternion', 'civiele_rechtszaak', 'causaal_mechanisme', 'kruisweg', 'tegenspoed', 'geding', 'drie', 'pleit', 'causa', 'rechtszitting']
tried	probeerde	Match	['rechtszitting', 'strafgeding', 'rechtzaak', 'proces', 'uitgeprobeerd', 'pleitzaak', 'rechtshandel', 'pleit', 'berecht', 'probeerde', 'geding', 'zaak', 'een', 'gerechtszaak', 'geprobeerd', 'rechtszaak', 'procedure', 'rechtsgeding']
typical	typische	Match	['typical', 'typische', 'typisch']
unaware	beseft	Not found	[]
usable	bruikbaar	Match	['bruikbaar', 'gebruiksvriendelijk', 'bruikbaarheid', 'gebruiksgemak', 'gebruikersvriendelijk', 'operationeel', 'gebruiksvriendelijkheid', 'bruikbare', 'functionerend', 'usability', 'werkend']
useless	nutteloos	Match	['waardeloos', 'zinloos', 'nutteloos', 'useless', 'onbruikbaar']
vacation	vakantie	Match	['verlof', 'op', 'vakantie', 'vacation', 'gaan', 'vacantie']
war	oorlog	Match	['youth_authority', 'krijgsbedrijf', 'hap_and_leonard', 'war_file_format', 'the_war', 'militaire_conflict', 'oorlogje', 'staat_van_oorlog', 'winaray', 'gewapende_conflicten', 'waraywaray_taal', 'all_or_nothing', 'oorlog', 'a_war', 'gewapend_conflict', 'the_red_badge_of_gayness', 'oorlogvoering', 'ares', 'krijgsvoering', 'krigen', 'oorlogen', 'waray', 'wint_boven_het_vervangingsniveau', 'upcoming_sum_41_sixth_studio_album', 'strijd', 'voyna', 'rogue_assassin', 'war', 'waraywaray', 'oorlogsvoering', 'krijg']
wash	insmeren	Incorrect	['washout', 'aquarel', 'spoelen', 'buried', 'wegspoelen', 'arroyo', 'reinigen', 'schoonwassen', 'wasvrouw', 'the_wash', 'lijst_van_afleveringen_van_prison_break', 'bevochtigen', 'wassen', 'drogen_wassen', 'wasgoed', 'lavation', 'bedrukken', 'washables', 'afspoelen', 'lotie', 'slipstreamen', 'waswater', 'schoonmaken', 'wash', 'slipstream', 'unearthed', 'scan', 'spoelwater', 'was', 'lost_dogs', 'chinese_wasserette', 'lijst_van_afleveringen_van_seizoen_2_van_prison_break', 'wasbeurt']
weak	zwakke	Match	['zwakke', 'law__order_special_victims_unit', 'zwakte', 'zwakheid', 'zwakken', 'zwak', 'spierzwakte', 'seaweed', 'slap', 'the_sea', 'asthenie']
wear	gedragen	Found close match: ['dragen', 'klederen', 'draag']	['op', 'afbeulen', 'afpeigeren', 'meegaan', 'kledingstuk', 'dameskleding', 'slijtvast', 'slijtage', 'kledingindustrie', 'kleren', 'sylvanus_wear', 'goed', 'aandoen', 'klerenmaken', 'breken', 'outfit', 'habiliment', 'versleten', 'draag', 'gijp', 'opzetten', 'gijpen', 'klederen', 'kleding', 'uitdossen', 'kleder', 'kledingmerk', 'kleer', 'draagbaar', 'slijtvastheid', 'kledij', 'afsloven', 'sneuvelen', 'dragen', 'wear']
weather	weersomstandigheden	Match	['weersverwachting', 'weerstoestand', 'weer_vooruitzichten', 'weather', 'atmosferische_omstandigheden', 'weerbericht', 'weder', 'weersgesteldheid', 'weersomstandigheid', 'weersomstandigheden', 'verweren', 'weersvoorspelling', 'weer']
willingly	onderdanig	Incorrect	['willingly', 'gewillig']
word	woord	Match	['paswoord', 'wachtwoorden', 'verbaliseren', 'religieuze_teksten', 'wachtwoord', 'woord_van_eer', 'woorden', 'testament', 'religieuze_tekst', 'bijbel', 'uitspreken', 'bijbels', 'ms_word', 'datawoord', 'password', 'discussie', 'about_a_mile', 'woordgrootte', 'microsoft_word', 'woordenwisseling', 'heilige_boeken', 'gods_woord', 'heilige_boek', 'microsoft_office_word', 'λόγος', 'vertolken', 'woord', 'erewoord', 'schrift', 'heilige_geschrift', 'zoon', 'parool', 'word', 'formuleren', 'toezegging', 'heilig_geschrift', 'heilige_tekst', 'heilige_teksten', 'tijding', 'woord_grootte', 'heilige_geschriften', 'schriftuurlijke', 'verwoorden', 'christelijke_geschriften', 'de_schrift', 'schibbolet', 'heilig_boek', 'bespreking', 'bijbelse', 'sleutel', 'woordlengte', 'geschriften', 'sjibbolet', 'heilige_schrift', 'vervatten', 'christelijke_bijbel', 'toegangscode', 'wordart', 'good_book', 'zonen', 'word_records', 'consigne', 'logos', 'complex_woord', 'nieuws', 'wachtwoordcode', 'msword']
