ability	abilitatea	Match	['iscusință_abilitate', 'putință', 'destoinicie', 'capacitate', 'aptitudini', 'abilitate', 'abilitatea', 'iscusință', 'pricepere', 'capacitatea', 'potențial', 'aptitudine']
accomplished	remarcat	Found close match: ['realizat']	['stabilit', 'desăvârșit', 'împlinit', 'realizat', 'îndeplinit', 'complet', 'înfăptuit']
angry	furios	Match	['mânios', 'furie', 'mad_season', 'furioasă', 'rău', 'supărată', 'agitat', 'tumefiat', 'rea', 'inflamat', 'angriness', 'intens', 'mânie', 'kay_starr', 'furios', 'press_to_play', 'suparat', 'supărat']
apartment	apartament	Match	['complex_de_apartamente', 'apartamentul', 'bloc_de_apartamente', 'apartment', 'apartament', 'bloc_conac', 'clădiri_de_apartamente', 'apartamente']
applause	aplauze	Match	['applause', 'mână_aplauze', 'aplauze', 'handclaps', 'aplauzele']
argument	argumentez	Found close match: ['argumente', 'argument', 'argumentare']	['declarația', 'argumentare', 'dispută', 'raționament', 'disceptation', 'argumentul_verbul', 'ceartă', 'discuta', 'argument_logic', 'polemică', 'argumentul_literar', 'dovadă', 'argumentul_unui_număr_complex', 'argumentul_muzical', 'probă', 'controversat', 'argument_oblică', 'dezbateri', 'contraargumentare', 'argumente', 'argumentație', 'mărturie', 'parametru', 'teoria_argumentării', 'controverse', 'controversă', 'discute', 'rezumat', 'echipa_de_dezbateri', 'discuție', 'linia', 'argument', 'logic_argument', 'argumentul', 'dezbatere', 'linia_de_raționament', 'argumentând', 'dezxadbatere', 'tăgăduire', 'contestare']
art	artă	Match	['artistice', 'artistice_de_producție', 'artist_fin', 'articol_posesiv', 'artăfrumoasă', 'bravură', 'fine_art', 'operă_de_artă', 'bellearte', 'talent', 'art', 'măiestrie', 'articol', 'arte_plastice', 'operelor_de_artă', 'arta', 'beaux_arts', 'grafice', 'artă', 'myst', 'opera_de_arta', 'arte_frumoase', 'grafică', 'agouti_legate_de_peptida', 'beauxarts_arhitectura', 'creației_artistice', 'materie_nontextual', 'beaux_arts_arhitectura', 'iscusință', 'dni', 'element_grafic', 'lucrare_de_artă']
attitude	atitudinea	Match	['mentale_atitudine', 'postură', 'attitude', 'malpresentation', 'orientare_spațială', 'prezentație', 'orientare', 'purtare', 'fapte', 'orientarea', 'atitudine', 'conduită', 'comportamentul_social', 'tendință', 'reload', 'comportare', 'poză', 'poziție', 'tendința', 'dispoziţie', 'comportamentale', 'înclinație', 'atitudinea', 'abateri_disciplinare', 'unghiuri_euler', 'comportament', 'dispoziție', 'orientarea_spațială', 'atitudinementală', 'postura', 'unghiurile_lui_euler', 'ținută', 'poziția', 'agresiv']
bag	poșete	Found close match: ['poșetă']	['valiza', 'hoașcă', 'se_umfla', 'bag_pesta', 'genți_de_mână', 'pungădehârtie', 'pungă_de_hârtie', 'multiset', 'geanta_de_transport', 'fura', 'bag', 'răpi', 'geantă', 'cotoroanță', 'bag_ungaria', 'uger', 'comuna_bag', 'geanta', 'se_dilata', 'băbătie', 'pungă', 'multiseturi', 'vechi_sac', 'călătoresc_sac', 'trofeu', 'mezelic', 'geamantan', 'buzunări', 'multimulțime', 'punga', 'bază', 'comuna_bag_pesta', 'babetă', 'valiză', 'multimulţime', 'puneînpungă', 'floarelaureche', 'sac', 'sacoșă', 'geantă_de_mână', 'ceașcă_de_ceai', 'poșetă', 'geantă_mare', 'comuna_bag_ungaria']
ball	minge	Match	['boț', 'cocoloși', 'mingi_de_tenis', 'glonţ', 'glob', 'mingedetenis', 'boașe', 'testicule', 'boașă', 'sferă', 'mingea_deschis', 'bol', 'grevă_zonă', 'bilă', 'minge_închis', 'balon', 'globulara', 'muschetă_mingea', 'minge_de_fotbal', 'bila', 'coi', 'testicular', 'ballock', 'bal', 'coaie', 'ouă', 'glonte', 'grunz', 'gloanțe', 'mingea', 'boș', 'minge_muschetă', 'fotbal', 'mingea_de_fotbal', 'ghem', 'rotunjime', 'tenis_de_minge', 'cocoloș', 'teste', 'plumb', 'bulgăre', 'minge_de_tenis', '2sfera', 'facecocoloș', 'glonț', 'minge', 'lucilleball', 'ball', 'prostii', 'testicul', 'lucille_ball', 'john_ball', 'faceghem']
bar	bar	Match	['rezistență', 'baruri', 'local', 'tavernă', 'gratie', 'tact', 'bar_vinnîțea', 'bár_baranya', 'grub_pub', 'mbar', 'închide', 'farnesoid_receptorilor_x', 'case_publice', 'profesia_de_avocat', 'înfunda', 'comuna_bár_ungaria', 'puburi', 'ginmill', 'comuna_bár_baranya', 'juridic_comunitar', 'baar_baranya', 'exila', 'dungă', 'bancuri', 'profesie_de_jurist', 'bar_corrèze', 'barul', 'bară', 'bar', 'semn_pub', 'berărie', 'bar_vinnița', 'cârciumă', 'bancurile_de_nisip', 'măsură', 'milibari', 'surghiuni', 'advocatus', 'bar_raionul_bar_regiunea_vinnița', 'bár_ungaria', 'drug', 'banc', 'taphouse', 'bar_muntenegru', 'barou', 'astupa', 'bar_ucraina', 'receptorilor_beta2', 'barline', 'prevenire', 'braserie', 'împiedica', 'country_inn', 'pothouse', 'beta2_receptorilor_adrenergici', 'bloca', 'baricada', 'han', 'bar_bar', 'taverne', 'portar_salon', 'foobar', 'bodegă', 'profilaxie', 'obstrucționa', 'pușcăautomatăbrowning', 'browning_automat_pușcă', 'comuna_bár', 'pub', 'milibar', 'patronymics', 'antibari', 'calup', 'rezistor', 'alunga', 'robinet_fabrică_de_bere', 'patronimul', 'obtura', 'proscrie', 'bar_raionul_bar_regiunea_vinnîțea', 'antivari', 'bara', 'prevenirea', 'preîntâmpinare', 'exclude', 'bár', 'râul_bar', 'patrynomic', 'ostraciza', 'patronim', 'barroom', 'gin_moara', 'patronimic', 'foo']
bear	fiare	Incorrect	['ursi', 'răbda', 'jucător_de_bursă', 'ține', 'așteptauncopil', 'ursu', 'bear', 'ursine', 'webelos', 'se_comporta', 'conține', 'păți', 'ursidae', 'sta', 'urs', 'speculant', 'daviață', 'aducevenit', 'urside', 'trage', 'aducebeneficiu', 'mike_brown', 'tolera', 'aducepelume', 'fiînsărcinată', 'îndura', 'suporta', 'plăti', 'avea', 'naște', 'ursoaică', 'tu95v', 'îngădui', 'se_purta', 'deține', 'tupolev_tu95', 'danaștere', 'suferi', 'ursul', 'prelua', 'purta', 'lua', 'și_asuma', 'tu95']
beat	învingea	Found close match: ['învinge', 'înfrânge']	['hăitui', 'bate', 'metru', 'frânt', 'tăcăi', 'străluci', 'beatnik', 'batetactul', 'ritm', 'freca', 'batetoba', 'se_stoarce', 'nedumeri', 'beatnic', 'se_vlăgui', 'măsură', 'ritmică', 'se_epuiza', 'bătaie', 'păcăli', 'cadență', 'ritm_muzical', 'se_extenua', 'măsură_metrică', 'tâcâi', 'puneînîncurcătură', 'siteswap', 'unitate_ritmică', 'flutura', 'se_sfârși', 'offbeat', 'se_slei', 'metru_cantitativă', 'se_secătui', 'se_istovi', 'ritmuri', 'muzical_ritm', 'lumina', 'rond', 'lovirepetat', 'metru_poetic', 'fâlfâi', 'pulsa', 'învinge', 'înfrânge', 'ticăi', 'escroca', 'lăsaperplex', 'luci', 'puls', 'beat']
bed	patul	Match	['regiuneabisală', 'fute', 'facedragoste', 'patul', 'răzor', 'depresiuneoceanică', 'bed', 'albiemajoră', 'pătură', 'brazdă', 'pat', 'creek_pat', 'fund', 'streambed', 'zăcământ', 'albia_râului', 'avearelațiisexuale', 'se_iubi', 'se_culca', 'sădi', 'pune', 'fosăabisală', 'planta', 'cunoaște', 'face_sex', 'cusătură', 'caza', 'ducelaculcare', 'groapăabisală', 'culca', 'mergelaculcare', 'albie', 'strat']
beer	bere	Match	['bere', 'ale', 'beer', 'berea', 'bitter', 'industria_berii']
big	big	Match	['adult', 'lăudăros', 'fălos', 'îngâmfat', 'intens', 'generos', 'încrezut', 'gravid', 'însărcinat', 'bjarke_ingels_group', 'dezvoltat', 'echilibrul', 'înfumurat', 'grav', 'stypsis', 'fanfaron', 'violent', 'fudul', 'greu', 'mărinimos', 'pepiciormare', 'matur', 'foartebine', 'puternic', 'important', 'minerality', 'proeminent', 'darnic', 'umflatînpene', 'mare', 'tare', 'astringență', 'însemnat', 'mari', 'big', 'infatuat', 'închipuit', 'fructe', 'norm_nixon']
bird	păsări	Match	['clasa_aves', 'huiduitură', 'fetișcană', 'huiduială', 'mikuni_shimokawa', 'avifaunei', 'yardbird_parker', 'puicuță', 'drăguță', 'aves', 'avafauna', 'degetul_mijlociu', 'nuu', 'adăpostire', 'charlie_parker', 'târfă', 'bird_parker', 'bird', 'fluturaș', 'pasăre', 'tipă', 'razzing', 'charles_christopher_parker', 'razz', 'bronx_majorete', 'shuttlecock', 'boo', 'pasare', 'degetul', 'pasărea', 'păpușă', 'păsări']
blood	sânge	Match	['moștenirea_genetică', 'destrăbălat', 'descendență', 'moștenire_biologică', 'blood', 'sanguin', 'sange', 'părinți', 'rakehell', 'vin_bordeaux', 'fluxul_de_sânge', 'bordeaux', 'ereditare', 'roue', 'sînge', 'ereditate', 'vs', 'persistence_of_time', 'sânge', 'desfrânat', 'sângele', 'collective_soul', 'ereditar', 'linia_de_sânge', 'origine', 'hematologice', 'depravat', 'the_black_parade', 'bordo', 'bordeaux_vin', 'sânge_oxigenat', 'getting_away_with_murder', 'familie']
body	corpul	Match	['cu_efect_de_câmp_tranzistori', 'caroserie_autoportantă', 'corp_mort', 'densitate', 'caroserii', 'punct', 'coachbuilder', 'ziarul_articol', 'corp', 'tranzistor_cu_efect_de_câmp', 'articol_de_știri', 'polytopes', 'tors', 'cadavru', 'catsuit', 'echilibrul', 'personifica', 'caroserie_neportantă', 'structura_fizică', 'stârv', 'articol', 'stypsis', 'tranzistor_unipolar', 'poarta', 'caroserie_semiportantă', 'tabără', 'teairra_mari', 'organismul_costum', 'fet', 'tranzistori_cu_efect_de_câmp', 'salopeta', 'dimensiunea_punctului_mici', 'articoldeștiri', 'cuprins', 'uşă', 'asociație', 'structura_organică', 'costum_corp', 'punctul', 'minerality', 'corpul', 'cutiederezonanță', 'trup', 'caroserie', 'consistență', 'tricou', 'întrupa', 'știrile_poveste', 'trunchi', 'organism', 'fructe', 'corpul_subtil', 'body', 'astringență', 'corpul_fizic', 'tranzistoare_unipolare', 'doză', 'teairra_marí', 'receptor', 'cadavre', 'bodysuit', 'eubstance', 'pisică_costum', 'tranzistor_cu_efect_de_cîmp', 'colectivitate', 'polytope', 'hoit', 'tranzistorcuefectdecâmp']
brain	creierului	Match	['geniu', 'lovilacap', 'capacitatementală', 'conținut_mental', 'banks', 'mintea_umană', 'raționament', 'psihic', 'minte', 'raţional', 'erudit', 'creierului', 'rațiune', 'creier', 'capacitatea_mentală', 'cap', 'brain', 'capacității_de_învățare', 'bryan_mantia', 'crăpacapul', 'psihicului', 'creierul', 'the_brain', 'capitalului_intelectual', 'crăpațeasta', 'psyche', 'mintea', 'encefal', 'raţiune', 'capul', 'brainiac', 'brain_côtedor', 'judecată', 'rațional', 'nous']
broken	rupt	Match	['zdrobit', 'ms_kelly', 'defect', 'frânt', 'degradat', '12_stones', 'eronat', 'denivelat', 'delta_machine', 'broken', 'spart', 'stricat', 'plastic_beach', 'falit', 'înjosit', 'învălurat', 'accidentat', 'neregulat', 'umilit', 'the_best_of_bruce_dickinson', 'rupt', 'winterhearts_guild', 'echo', 'defectuos', 'rupte']
building	clădire	Match	['edificare', 'construcții', 'zidire', 'siteuri_de_construcții', 'cladire', 'clădire', 'construcție', 'clădiri_publice', 'industria_construcțiilor', 'clădiri', 'edificiu', 'construire', 'construcţii', 'clădirea', 'proiect_de_construcție', 'clădire_publică']
burn	arde	Match	['curs_de_apa_temporar', 'eritem_solare', 'bronzare', 'focul', 'arsurădesoare', 'arde', 'fc_dallas', 'gradul_doua_arde', 'piele_bronzată_de_soare', 'curs_de_apa', 'parau', 'arde_marca', 'arsuri_solare', 'potok', 'cauteriza', 'dafoc', 'burn', 'curs_de_apă', 'se_arde', 'pară', 'flacără', 'incendii', 'toca', 'curs', 'foc', 'văpaie', 'matcă', 'ape_curgătoare', 'în_flăcări', 'copia', 'arsuri_de_gradul_iii', 'ruisseau', 'vad', 'se_mistui', 'bronz', 'pârâu', 'cafeniu', 'apă_curgătoare', 'arsură', 'ard', 'ardeperug', 'incinera', 'arsuri_de_gradul_trei', 'albie']
business	business	Match	['pantomimă', 'profesie', 'client', 'comerciant', 'comerț', 'îndeletnicire', 'pentruprofit', 'sectordeafaceri', 'profesiune', 'carieră', 'dreptul_companii', 'afaceri', 'concern', 'business', 'sectorul_de_afaceri', 'sistemul_de_afaceri', 'întreprindere', 'afacerea', 'pentru_profit', 'întreprinderi', 'etapă_de_afaceri', 'firmă', 'organizarea_afacerilor', 'afaceri_îngrijorare', 'clientela', 'lucru', 'afacere', 'contractor_independent', 'ocupaţie', 'vacant', 'ocupație', 'improvizație', 'linia_de_muncă', 'contractori_independenți', 'treabă', 'meserie', 'activitatecomercială', 'clientelă', 'buclă_de_afaceri', 'cifrădeafaceri', 'preocupare']
camera	fotografiat	Not found	[]
carefully	atent	Not found	[]
challenge	competiție	Incorrect	['întărâtare', 'obiecție', 'legitima', 'tăgădui', 'provoca', 'provocare', 'provocarea', 'obiecta', 'conteste', 'provocarerăspuns', 'recuzare', 'contesta']
charity	caritabil	Found close match: ['statut_caritabil', 'caritate', 'caritate_publice']	['caritate_publice', 'filantropie', 'instituțiefilantropică', 'caritate_înregistrată', 'organizațiefilantropică', 'organizație_de_caritate', 'publice_de_caritate', 'polemonium_vanbruntiae', 'polemonium_caeruleum', 'binefacere', 'polemoniumcaeruleum', 'polymonium_caeruleum_vanbruntiae', 'scaradomnului', 'frățească_dragoste', 'statutul_de_caritate', 'charity', 'caritate', 'statut_caritabil', 'organizații_de_caritate', 'milapublică']
charming	încântător	Incorrect	['fermecător', 'fermecat', 'magic', 'fermecătoare']
clothes	haine	Match	['industria_de_îmbrăcăminte', 'rufe', 'îmbrăcăminte', 'pentru_femei', 'articole_de_îmbrăcăminte', 'articol_de_imbracaminte', 'haină_veșmânt_articol_de_îmbrăcăminte', 'haină', 'strai', 'veşmânt', 'veșmânt', 'tinuta', 'ușor_de_purtat', 'haine', 'vestimentație', 'hainele', 'vestimentaţie']
cockroach	heloderma	Incorrect	['subordinulblattodea', 'subordinea_blattaria', 'gândac_de_bucătărie', 'blattaria', 'cockroach', 'gândac', 'subordinea_blattodea', 'blatodee', 'gandaci', 'gandac_de_bucatarie', 'libarcă', 'blattodea', 'subordinulblattaria', 'gândacdebucătărie']
code	codul	Match	['cod_de_computer', 'cod', 'coduri', 'codul_de_calculator', 'cifra', 'coda', 'planificare', 'codificare', 'cod_de_legi', 'programa', 'codul']
collection	colecție	Match	['hawkwind', 'colecție', 'mulțime', 'colecţie', 'colecţia', 'compendiu', 'strângere', 'colecția', 'akon', 'colectare_a_datoriilor', 'strâns', 'agenție_colectare', 'colectie', 'culegere', 'gruparea_de_produs', 'joe_sample', 'colecții_de_artă', 'solicitaredefonduri', 'container', 'set', 'compilatie', 'colectare', 'collection', 'adunare', 'colecție_de_artă', 'colecțiedeartă', 'colecția_de_artă', 'seceriș', 'the_charlatans', 'compoziție_de_obiecte', 'the_offspring_collection', 'asamblare', 'agregare']
computer	calculator	Match	['procesatorul_de_date', 'calcul_digitale', 'calculator_de_uz_general', 'estimatorul', 'calculator', 'calcul_mașină', 'sistem_computer', 'calculatoare', 'computerul', 'computer', 'informații_sistem_de_prelucrare', 'ordinator', 'electronice_de_calculator', 'calculator_electronic', 'calculatorul', 'computer_technology', 'muzica_pe_calculator', 'omcalculator', 'sistem_informatic', 'calcul_dispozitiv', 'figurer', 'computerizat', 'sistemele_informatice']
construction	construcția	Found close match: ['construcții', 'construcție', 'construcţii']	['expresie', 'edificare', 'construcție', 'edificiu', 'interpretarea_judiciară', 'construire', 'construcţii', 'construcție_gramaticală', 'interpretare_constituțională', 'clădire', 'mentale_sinteza', 'figură', 'structură', 'gramaticale_de_construcție', 'runescape', 'siteuri_de_construcții', 'industria_construcțiilor', 'figurăgeometrică', 'construcțiegramaticală', 'constructii', 'construcții', 'model', 'constructie', 'structura', 'proiect_de_construcție']
cook	cook	Match	['pregăti', 'bucătar', 'prepara', 'james_cook', 'coace', 'face', 'captain_cook', 'căpitanul_james_cook', 'gătesc', 'cook_south_australia', 'fierbe', 'falsifica', 'găti', 'mistifica', 'bucătarșef', 'bucătar_scopul_de_scurt', 'executive_chef', 'bucătăreasă', 'cook', 'bucătari', 'bucătari_celebri', 'denatura', 'frédérick_cook']
counting	numărare	Match	['bazez', 'numărarea', 'numărare', 'listă', 'numărat', 'numerație', 'sistem_de_numerație', 'sistem_de_numeraţie', 'enumerare', 'numărătoare', 'socoteală']
crazy	excuse	Incorrect	['smintire', 'looney', 'famous_last_words', 'nebunie', 'sminteală', 'alienare', 'țicnit', 'țăcănit', 'crazy', 'alienat', 'țicneală', 'usher', 'dement', 'nebuna', '(you_drive_me)_crazy', 'nebun', 'the_red_album', 'prostesc', 'nebună', 'alienație_mintală', 'because_of_you', 'demență', 'playing_with_fire', 'loca', 'nebuni', 'demențial', 'nebunesc', 'insanitate', 'descreierat', 'erika_jayne', 'alienație', 'smintit', 'necugetat', 'înnebunitor', 'înnebunit', 'alienare_mintală']
damage	pagube	Match	['damage', 'cost', 'juridică_a_prejudiciului', 'vătămare', 'avarie', 'daune', 'vătăma', 'desfigura', 'stricăciune', 'rănire', 'preţ', 'prejudiciu', 'pierderematerială', 'pagube', 'stricăciuni', 'avarii', 'se_deteriora', 'preț', 'se_agrava', 'pagubă', 'deteriorare', 'degenera', 'utilaje_accidentului', 'prețul', 'se_înrăutăți', 'strica', 'degradare', 'daună']
dance	dans	Match	['muzicădedans', 'dănțui', 'dance_music', 'țopăi', 'dansatoare', 'dans', 'danseze', 'muzică_de_dans', 'petrecere_de_dans', 'muzicădansată', 'danseaza', 'dance', 'dansatori', 'bal', 'dansa', 'dansator', 'dancé_orne', 'muzică_dance', 'dansuri', 'dancé', 'juca', 'oliver_heldens', 'dancé_loire', 'dansul', 'dansează', 'waterloo', 'joc', 'postdisco']
dangerous	periculoase	Match	['serios', 'riscant', 'periculoase', 'periculos', 'grav', 'dangerous', 'primejdios', 'periculoasă', 'its_hard', 'periculoasa', 'amenințător']
deceive	îndrăznesc	Not found	[]
dedication	dedicația	Found close match: ['dedicație', 'dedication', 'dedicare']	['închinare', 'dedicare', 'dedication', 'dăruire', 'inaugurare', 'devotamentul', 'dedicație', 'abnegație', 'devotament', 'angajament']
deliberately	neintenționat	Found close match: ['intenționat', 'intenționat_premeditat']	['special', 'dinadins', 'intenționat', 'intenționat_premeditat', 'cumpănit', 'anume', 'înadins', 'măsurat', 'expres', 'în_mod_deliberat', 'deliberat']
delivery	livrare	Match	['alienabil', 'trasporturi', 'livrare', 'transport', 'glumă', 'delivery', 'infrastructura_de_transport', 'nastere', 'eliberare', 'născare', 'fertil', 'aducere', 'salvare', 'livrare_la_domiciliu', 'legală_de_transfer', 'muncă_și_livrare', 'fel_de_a_vorbi', 'obstetrical_de_livrare', 'glumeț', 'aruncare', 'poantă', 'predare', 'scăpare', 'procreație', 'durerile_facerii', 'naștere', 'mijlocdetransport', 'înstrăinarea', 'banc', 'glume', 'transmisiune', 'băiat_de_livrare', 'procreare', 'vaginale_naștere', 'devoluțiune', 'livrarea', 'bancuri', 'limbaj', 'industria_de_transport', 'furnizare']
dessert	prăjituri	Incorrect	['desert_vin', 'desert', 'afters', 'desertul', 'vin_de_desert', 'vinurile_de_desert', 'deserturi']
device	dispozitiv	Match	['mecanism', 'mijloaceartistice', 'device', 'telefoane_celulare', 'telefon', 'mobil', 'cellphone', 'aparatură', 'hardvare', 'însemn', 'șiretlic', 'calculatoare', 'aparataj', 'mașină', 'telefonie_mobilă', 'telefoncelular', 'dispozitivul', 'configsys', 'comunicații_mobile', 'telefon_celular', 'tehnică', 'tertip', 'dispozitiv_mobil', 'telefoanele_celulare', 'vicleșug', 'celular', 'telefoane_mobile', 'dispozitiv', 'procedeuartistic', 'celular_telefon', 'sistem', 'truc', 'model', 'aparat', 'șmecherie', 'echipamente_de_capital', 'telefon_mobil', 'mobile_celulare', 'hardware', 'mașini', 'telefonmobil', 'maşină']
dig	scoate	Found close match: ['sape']	['jibe', 'trudi', 'săgeată', 'dig', 'înțepătură', 'percepe', 'săpa', 'împunge', 'împunsătură', 'osteni', 'se_prinde', 'sapă', 'îmboldi', 'sape', 'sesiza', 'excava', 'săpătură', 'săpare', 'glumă_răutăcioasă', 'înțelege', 'săpat', 'arheologic_siteul', 'excavare', 'pricepe', 'excavație', 'escava']
dinner	cină	Match	['ceai_dupăamiaza', 'prânz', 'ceai', 'ceașcă_de_ceai', 'nutreț', 'cină', 'dejun', 'masa_de_prânz', 'ora_ceaiului', 'cina', 'tiffin', 'dineu', 'cinei', 'dejeuner', 'masăprincipală', 'masă_de_seară', 'banchet']
disease	boala	Match	['afecțiune', 'rata_de_morbiditate', 'begowal', 'boli', 'boala', 'îmbolnăvire', 'afecțiune_medicală', 'pleurezie', 'pleurita', 'maladie', 'tulburare_medicale', 'boală', 'morbidă', 'starepatologică', 'unwellness', 'morbus', 'afecțiune_mdicală']
dissolve	dizolvă	Match	['dizolva', 'slăbi', 'se_dizolva', 'se_atenua', 'se_stinge', 'se_estompa', 'se_rupe', 'solvi', 'dezgheța', 'se_voala', 'dizolvă', 'se_dizolvă', 'desființa', 'se_diminua', 'se_topi']
disturb	liniștesc	Not found	[]
do	gîndesc	Not found	[]
doctor	doctor	Match	['drege', 'doctorat_mai_mare', 'doctorand', 'doftorici', 'medici', 'doctor', 'al_unsprezecelea_doctor', 'doctoriță', 'trata', 'rude_boy', 'medicul', 'doctoralbisericii', 'operare_chirurg', 'doftori', 'chirurg', 'falsifica', 'chirurgi', 'dr', 'eliza', 'învățător_al_bisericii', 'doctore', 'medică', 'doctorat_de_cercetare', 'învăţător_al_bisericii', 'doctori', 'loïc_nottet', 'doctorat', 'doctorate', 'medic', 'doctori_ai_bisericii', 'repara', 'îngriji', 'doctor_who', 'drd', 'doctorul', 'medical_officer', 'doctor_al_bisericii', 'doftor', 'phd']
dog	câine	Match	['carne_de_câine', 'cârnat', 'wienerwurst', 'urmări', 'firedog', 'familiaris', 'opritor', 'piedică', 'cățea', 'siguranță', 'câini', 'canis_familiaris', 'câinede_fier', 'hot_dog', 'câinele', 'femeie_cicălitoare', 'suport_pentru_bușteni', 'nemernic', 'weenie', 'detent', 'canids', 'câine', 'familiei_canidae', 'canide', 'escroc', 'balcâz', 'canidae', 'duck_hunt', 'canis_lupus_familiaris', 'caine', 'dog', 'hotdog', 'netrebnic', 'internă_de_câine', 'câinii', 'ticălos', 'frankfurter', 'a_urmări', 'fugi', 'vâna']
dressing	îmbrăcau	Found close match: ['îmbrăcat', 'îmbrăcare', 'imbracat']	['industria_de_îmbrăcăminte', 'rufe', 'legare', 'aplicare', 'pentru_femei', 'pansare', 'fertilizare', 'îmbrăcare', 'haină', 'ușor_de_purtat', 'vestimentație', 'vestimentaţie', 'echipare', 'articole_de_îmbrăcăminte', 'haine', 'articol_de_imbracaminte', 'strai', 'legat', 'prelucrare', 'imbracat', 'bandajare', 'umplutură', 'medicale_pansament', 'bandajarea', 'îmbrăcăminte', 'dressing', 'pansament', 'umplutura', 'haină_veșmânt_articol_de_îmbrăcăminte', 'veşmânt', 'sos_pentru_salată', 'tinuta', 'veșmânt', 'îmbrăcat', 'pansat', 'salata']
driver	pilotul	Found close match: ['pilot']	['păduri_de_conifere', 'șoferprofesionist', 'mulțime', 'șoferdecamion', 'osii_cuplate', 'șofer', 'camion_de_conducere', 'șofer_de_camion', 'wälder', 'camionagii', 'pădure', 'conducător', 'automobilistă', 'driver_san_francisco', 'automobilist', 'driver_de_imprimantă', 'conducător_auto', 'numărul_unu_din_lemn', 'pilot', 'roată_motrice', 'camionar', 'cowcatcher', 'silvă', 'sofer', 'conducere_camion', 'driver_de_dispozitiv', 'driver', 'camion_șofer', 'conducator', 'împădurită', 'șoferii_de_camioane', 'păduri', 'camionagiu', 'drivere_de_dispozitiv', 'șoferul', 'curățătordelinie']
economy	economia	Match	['economice', 'economia_rurală', 'walden', 'economie', 'economie_politica', 'cumpătare', 'thriftiness', 'economia_reală', 'știința_economiei', 'economist_politic', 'sferă_economică', 'sistem_economic', 'economia', 'economiei', 'economist', 'viață_economică', 'economy', 'sistemului_economic', 'economisire', 'rata_de_economisire', 'economie_politică', 'chibzuială', 'științe_economice', 'economic']
election	alegerile	Found close match: ['alegeri', 'alegere', 'realegere']	['pct', 'alegeri', 'realegerea', 'election', 'alegere', 'sa', 'realegere', 'titlu_alegerilor', 'vot_popular', 'politica_electorale', 'ales_în_mod_democratic', 'elecție', 'votare', 'elecțiune']
electron	electroni	Match	['negatron', 'raze_catodice', 'electron', 'electroni']
elegance	eleganță	Match	['eleganta_matematica', 'frumos', 'grație', 'estetic', 'mândrețe', 'frumusete_clasica', 'frumusețe', 'frumuseţe', 'finețe', 'eleganta', 'karlgeorg_hoefer', 'elegant', 'splendoare', 'elegantă', 'eleganță', 'frumusete', 'eleganţă', 'decorative', 'beaut']
emotion	emoție	Match	['emoţie', 'emoția_umană', 'emoție', 'emotion', 'human_after_all']
emotionally	emoțional	Match	['emoţie', 'emoția_umană', 'emoție', 'emoționant', 'emoțional', 'emoţional']
engine	motorul	Match	['motorului_feroviar', 'mașină', 'locomotiva', 'locomotiva_motor', 'motor_grafic', 'mașinătermică', 'feroviară_locomotiva', 'locomotivă', 'motor', 'ray_alder', 'motor_de_joc_video', 'motoare', 'engine', 'motor_3d', 'locomotive', 'motorul', 'motor_de_joc']
event	eveniment	Match	['evenimentul', 'eveniment', 'urmare', 'efect', 'efectul', 'manipulare_eveniment', 'rezultatul', 'rutină_de_tratare_a_evenimentului', 'situație', 'apăsare_de_tastă', 'rezultat', 'consecință', 'tasta_de_accident_vascular_cerebral', 'consecință_urmare', 'eveniment_program', 'fapt_istoric', 'cască', 'tratare_a_evenimentului', 'caz', 'ascultător', 'event', 'auditor', 'întâmplare']
experiment	experimente	Match	['experimentale', 'experimentul', 'experimentează', 'the_experiment', 'experimenta', 'experiment_științific', 'experimente', 'experiment', 'experimentare', 'știința_experimentală', 'încerca', 'încercare', 'experimenteze', 'știință_experimentală', 'grupul_experimental']
extremely	foarte	Incorrect	['extrem', 'în_mod_extrem']
feeling	sentimentele	Found close match: ['sentimente', 'sentimentul', 'sentimental']	['impresia', 'sentiment', 'sentimental', 'suflet', 'tactile', 'sistemul_somatosenzorial', 'intuitiv_sentiment', 'feedbackul_tactil', 'atingere_senzație', 'tactil_senzație', 'sentimente', 'somatosenzorial', 'simt', 'simț', 'trăire', 'impresie', 'senzație', 'simțământ', 'ton', 'spiritul', 'simțire', 'senzațietactilă', 'sentimentul', 'atmosferă']
fight	lupta	Match	['facepropagandă', 'angajament_militar', 'se_chinui', 'se_război', 'se_bate', 'duceocampanie', 'se_osteni', 'încăierări', 'competitivității', 'se_munci', 'batalie', 'se_forța', 'lupta', 'se_canoni', 'se_zbate', 'luptă_bătaie', 'câmpul_de_luptă', 'se_sili', 'încăierare', 'bătălie', 'luptă', 'bătaie', 'promova', 'se_lupta', 'se_opune', 'se_trudi', 'spiritdeluptă', 'brooke_candy', 'formare_luptă', 'luptăarmată', 'angajament', 'opune', 'se_necăji', 'ținepiept', 'se_sforța', 'armate_luptă', 'se_strădui', 'lupte', 'se_împotrivi', 'se_căzni', 'mecidebox', 'fight']
fish	pești	Match	['popaprostu', 'fish', 'hrană_pentru_pești', 'go_fish', 'pești', 'pește_mic', 'peşti', 'peștișor', 'pisces', 'pterygiophore', 'alevin', 'pește', 'fry', 'pesti', 'fluorescenta_in_hibridizare_situ', 'pesti_pesti', 'caracudă', 'pește_ca_aliment', 'pescui', 'ihtiofaunei', 'phish', 'pește_marin', 'raze_moi', 'elver', 'anatomia_peștilor', 'peşte', 'hibridizarea_fluorescentă_in_situ']
flow	debitul	Match	['menstruatiei', 'debitul', 'curgere', 'mers', 'dinamica_fluidelor', 'menstruație', 'hidraulică', 'revărsare', 'curent', 'ciclu', 'debitul_volumetric', 'rețea', 'debit', 'dinamicista_lichid', 'calea_de_sporire', 'rap', 'rapper', 'aveamenstruație', 'debit_volumic_de_curgere', 'rata_de_curgere', 'se_revărsa', 'presiunea_hidraulică', 'inunda', 'flux', 'curs', 'veniciclul', 'young_money_entertainment', 'gravity_recovery_and_interior_laboratory', 'fizica_fluidelor', 'florent_mothe', 'flow', 'catamenia', 'se_așeza', 'manieră', 'fluxul', 'emceeing', 'hidraulic', 'mecanicii_fluidelor', 'protorap', 'curge', 'flux_constant', 'raper', 'mecanica_fluidelor', 'hidraulice', 'muzică_rap', 'rapperul', 'rețea_flux', 'îneca', 'șiroi', 'artist_rap', 'mecanicafluidelor', 'ciclumenstrual', 'cădea', 'menstruaţie', 'hidrodinamice', 'rapperi', 'rapping', 'șuvoi']
food	alimente	Match	['mâncare', 'nutrienți', 'mâncarea', 'intelectuală_alimentație', 'hrană_consistentă', 'alimentare', 'alimente', 'mancare', 'hrană_spirituală', 'produse_alimentare', 'kirby', 'papă', 'hranăspirituală', 'hrană', 'aliment', 'macronutrienți']
garbage	gunoiul	Match	['refuza', 'resturi', 'gunoiul', 'rămășițe', 'rebut', 'deseu', 'deșeuri_alimentare', 'deşeu', 'fier_vechi', 'deșeuri_de_materiale', 'deșeurilor_de_produse', 'withering_to_death', 'deșeurilor_solide', 'deșeuri_municipale_solide', 'prostie', 'reziduu', 'materie_deșeuri', 'deșeuri_municipale', 'gunoi_menajer', 'lucru_nevaloros', 'deșeuri', 'garbage', 'deșeu', 'gunoaie', 'gunoi']
gold	argint	Found close match: ['aurit', 'disc_argint', 'disc_de_argint']	['open_beta', 'versiune_alpha', 'platină', 'prealfa', 'numărul_atomic_79', 'record_de_aur', 'testarealfa', 'gold', 'versiune_alfa', 'aurit', 'lansare_în_fabricație', 'medaliedeaur', 'beta_publică', '(4955)_gold', 'stadiul_de_dezvoltare_al_unui_software', 'beta_tester', 'disc_de_platina', '4955_gold', 'lansare_software', 'closed_beta', 'alfasoftware', 'versiune_beta', 'aurmedalie', 'alfa_de_testare', 'medalie_de_aur_olimpică', 'galben', 'alfa_softwareul', 'wanna_one', 'certificată_de_aur', 'triplu_platină', 'chihlimbar', 'aurul', 'stadiu_de_dezvoltare_a_unui_software', 'album_de_aur', 'testarebeta', 'medalia_de_aur', 'froot', 'bobby_brown', 'release_candidate', 'medaliat_cu_aur', 'the_heist', 'aur', 'auriu', 'software_beta', 'multiplatina', 'aur_lode', 'aur_nativ', 'test_beta', 'cocoșel', 'disc_de_aur', 'disc_de_argint', 'certificare_de_aur', 'medalii_de_aur', 'ciclul_de_viață_al_softwareului', 'disc_argint', 'young_lust_the_aerosmith_anthology', 'anthology', 'beta_de_testare', 'ioan_cătălina']
great	mare	Match	['deosebit', 'capital', 'mare', 'tare', 'mișto', 'măreția', 'celebritate', 'grandoare', 'remarcabil', 'măreție', 'grandiozitate', 'grozav', 'mărire', 'mărime', 'măreț', 'verzal', 'greu', 'gravid', 'însărcinat']
gun	mitraliera	Found close match: ['triggerman']	['unsoaregun', 'pedală_de_accelerație', 'salvădesalut', 'accelerator', 'armă', 'artilerie', 'armădefoc', 'arme_de_foc', 'arme_de_calibru_mic', 'hitman', 'arma', 'asasin', 'gunfighting', 'arme', 'hand_armă', 'conventional_weapons', 'pușcă', 'om_lovit', 'gun', 'pușcaș', 'arma_pentru_închiriere', 'magazin_arme', 'pistolarii', 'armă_de_foc', 'pedala_de_accelerație', 'tragecupușca', 'angajat_arma', 'omul_lovit', 'magazin_de_arme', 'pistolar', 'pistol', 'pedală_de_accelerare', 'pistolarul', 'ucigașplătit', 'micibraț', 'louder_than_love', 'triggerman', 'salvă', 'mici_arme']
hair	părul	Match	['hairslățimea', 'părul', 'hair', 'par', 'firele_de_păr', 'blană', 'mustață', 'păros', 'parul', 'perișor', 'păr', 'hairsbreadth', 'postav_din_păr_de_animale', 'firdepăr', 'puf', 'păr_uman']
help	ajute	Found close match: ['i_ajute', 'ajută', 'ajuta']	['contribui', 'ușura', 'cinsti', 'favoriza', 'se_servi', 'the_help', 'înlesnire', 'asistentă', 'folosi', 'ajutoare', 'ajutorul', 'servi', 'sprijin', 'asistent', 'trata', 'asista', 'asistenţă', 'remediu', 'ospăta', 'ajuta', 'ajutor', 'ajutor_umanitar', 'lucrător_de_relief', 'ajută', 'ajutor_online', 'slujire', 'înlesni', 'facilita', 'asistență_umanitară', 'a_ajuta', 'asistență', 'lucrător_de_ajutor', 'auxiliar', 'sprijini', 'i_ajute', 'abține', 'help']
hurting	descurajăm	Not found	[]
ignorance	ignoranță	Match	['ignoranta', 'ignoranţa', 'ignoranță', 'ignorant', 'ignoranța', 'avidya', 'neștiință', 'ignorance']
illness	boală	Match	['afecțiune', 'morbus', 'boli', 'boala', 'afecțiune_medicală', 'tulburare_medicale', 'îmbolnăvire', 'maladie', 'unwellness', 'boală', 'morbidă', 'starepatologică', 'rata_de_morbiditate', 'afecțiune_mdicală']
impress	seducă	Incorrect	['întipări', 'încorporare', 'emoționa', 'vopsi', 'pătrunde', 'imprima', 'trage', 'tipări', 'tulbura', 'atinge', 'mișca', 'insufla', 'impresioneze', 'înrolare', 'luacuarcanul', 'impressment', 'inspira', 'impresionează', 'recrutare', 'bandele_de_presă', 'impresiona']
invention	invenția	Found close match: ['invenții', 'invenție', 'invenţie']	['inventarea', 'inovații', 'invenții', 'invenţie', 'inovație', 'descoperire', 'inovatoare', 'inventare', 'creație', 'inventat', 'invenție', 'inventatori', 'inovațional', 'inventie', 'concepere', 'imaginare', 'inovatie', 'inovaţie', 'inovare']
investigation	investigații	Found close match: ['investigație', 'investigare', 'investigarea']	['cercetători', 'investigarea', 'cercetare', 'cercetare_originale', 'anchetă', 'cercetare_academică', 'ancheta', 'investigare', 'investigație', 'metode_de_cercetare']
invisible	invizibil	Match	['invizibili', 'invizibil', 'nevăzut', 'holy_diver', 'invizibilă', 'invisible', 'elevate', 'pardoseală', 'taylor_swift', 'etaje', 'sound_of_white_noise', 'dream_evil', 'invizibile', 'invizibilitate', 'evilized']
job	angajatul	Found close match: ['angaja', 'angajatori', 'angajare']	['aplicație', 'problema', 'profesie', 'jaf', 'muncă_casnică', 'îndeletnicire', 'job_puydedôme', 'serviciu', 'profesiune', 'tâlhărie', 'ispravă', 'carieră', 'sarcină', 'afaceri', 'ocupării_forței_de_muncă', 'luașpagă', 'specula', 'funcție', 'luamită', 'angajare', 'cartealuiiov', 'activitate_de_făcut', 'iov', 'post', 'luptător_preliminare', 'control_de_locuri_muncă', 'cartea_lui_iov', 'a_angaja', 'ocuparea_forței_de_muncă', 'lucru', 'angaja', 'problemă', 'angajatori', 'operațiune', 'slujbă', 'vacant', 'ocupaţie', 'ocupație', 'viața_profesională', 'îndatorire', 'linia_de_muncă', 'job', 'treabă', 'meserie', 'contract_de_muncă', 'sarcina', 'probleme', 'subînchiria', 'personal', 'program', 'dificultate', 'subcontracta']
jungle	junglele	Found close match: ['jungle', 'junglă', 'jungla']	['vagabond_tabără', 'junglă', 'shine_a_little_love', 'out_of_the_blue', 'jungle', 'jungla_oldschool', 'jungla']
kindness	compasiunea	Incorrect	['bunăvoință', 'bine', 'bunătate_amabilitate', 'forgivingness', 'bunătatea', 'bunătate']
king	regele	Match	['bbking', 'capîncoronat', 'riley_b_regele', 'reverend_horton_heat', 'regalitate', 'bărbat_monarh', 'kingcom_ltd', 'mogul', 'rex', 'magnat', 'liderul_de_afaceri', 'monarhie', 'bb_king', 'suveran', 'king_north_carolina', 'mareindustriaș', 'king_carolina_de_nord', 'billie_jean_king', 'popă', 'martin_luther_king', 'george_king', 'b_b_regele', 'top_executive', 'popă_rege', 'încoronat_capul', 'domnitorului', 'b_b_king', 'rege', 'regele', 'charles_bird_king', 'regină', 'kingcom', 'martin_luther_king_jr', 'king_wisconsin', 'monarhii', 'industriaș', 'king_digital_entertainment_plc', 'king_ov_hell', 'monarhi', 'billie_jean_moffitt_regele', 'mare_om_de_afaceri', 'king', 'monarhic', 'monarh', 'monarhică', 'lumeabeater', 'monarhia', 'king_ontario', 'magnat_de_transport_maritim', 'magnaților', 'monarhice', 'martinlutherking']
lady	lady	Match	['doamna', 'maria_din_nazaret', 'boieroaică', 'madam', 'stilul', 'sfânta_maria', 'fercioaramaria', 'sfânta_fecioară', 'sfântamaria', 'fecioara', 'madona', 'lady', 'titluri', 'doamna_şi_vagabondul', 'pair', 'maria', 'maria_mama_lui_iisus_cristos', 'maria_din_nazareth', 'cucoană', 'sfânta_fecioară_maria', 'formă_de_adresare', 'maicii_domnului', 'titlu', 'maria_mama_lui_isus_cristos', 'doamna_și_vagabondul', 'nobila', 'maria_mama_lui_isus', 'titlu_de_respect', 'sfanta_fecioara', 'maica_domnului', 'fecioara_maria', 'the_lady', 'născătoareadedumnezeu', 'dame', 'doamnelor', 'doamnă']
land	terenurile	Found close match: ['terenuri', 'terenului', 'teren']	['natiune', 'realty', 'latifundiu', 'proprietatea_funciară', 'uscatul', 'acosta', 'landurile_germaniei', 'țară', 'drept_imobiliar', 'patrie', 'doborî', 'titular_a_aterizat', 'teoria_declarativ_al_statalității', 'industria_imobiliara', 'ţară', 'ţări', 'edwin_herbert_land', 'politic_organism', 'acri', 'sol', 'uscat', 'lansa', 'land', 'imobil', 'guvernamentale', 'agricultură', 'din_land', 'nație', 'se_așeza', 'poposi', 'imobiliare', 'la_nivel_național', 'moșie', 'debarca', 'pământ', 'proprietate_imobilă', 'domeniul_feudal', 'stat_suveran', 'ţara', 'ancora', 'aterizat_imobiliare', 'agricultura', 'statele_mexicului', 'împărăție', 'state_suverane', 'terenuri', 'domeniu', 'domeniul', 'stat_independent', 'proprietate_imobiliară', 'stat', 'utilizatorrobert_claudiustestedomeniul_feudal', 'a_ateriza', 'aborda', 'proprietateimobiliară', 'aducepepământ', 'tărâmul', 'tărâm', 'aduce', 'culca', 'teren', 'solid_sol', 'ținut', 'duce', 'stat_mexican', 'dinland', 'terra_firma', 'posesiune', 'terenului', 'faceescală', 'național', 'statele_germaniei', 'națiuni', 'teritoriu', 'domeniu_feudal', 'real_estate', 'edwinherbertland', 'țara', 'tipuri_de_state', 'țări', 'organizarea_administrativă_a_mexicului', 'naţiune', 'societatea_politică', 'proprietate', 'stat_național', 'moşie', 'națiune', 'statul_mexican', 'res_publicații', 'statele_mexicane']
laugh	prostesc	Incorrect	['glume', 'poantă', 'razi', 'bancuri', 'râs', 'râset', 'glumeț', 'râzi', 'banc', 'râde', 'glumă', 'rîde', 'rade']
law	legislație	Match	['m72_law', 'legi', 'legea', 'legea_scrisă', 'poliţia', 'procesul_legislativ', 'avocatie', 'poliţie', 'jurisprudență', 'poliție', 'luptă_juridică', 'jandarmerie', 'drept_canonic', 'studentladrept', 'jurisprudenţă', 'teoria_juridică', 'lege_a_naturii', 'poliției', 'politie', 'avocație', 'drept_natural', 'servicii_juridice', 'lege_fizică', 'student_la_drept', 'practică_neautorizată_a_legii', 'avocatură', 'legislație', 'protecția_poliției', 'legiferare', 'avocat_canon', 'law', 'legi_fizice', 'juridică_filosofie', 'legile_naturale', 'drept', 'poliție_înarmați', 'studii_juridice', 'lege', 'forțelor_de_poliție', 'legile_fizicii', 'legeecleziastică', 'practica_de_drept', 'filozof_juridice', 'ecleziastică_drept', 'profesor_de_drept', 'earthling', 'jurisprudența', 'legii_naturale', 'forțele_de_securitate', 'poliția']
left	stânga	Match	['politica_de_stânga', 'stânga_modernă', 'colectivist', 'stângist', 'stanga', 'stânga_politică', 'stânga', 'direcție_relativă', 'stînga', 'stângismul', 'venstre', 'stângă', 'mâna_stângă', 'lastânga', 'politică_de_stânga', 'esquerra_republicana_de_catalunya', 'left_wing', 'mânastângă', 'stâng', 'stângism', 'rămas']
level	nivelul	Match	['plat', 'suprafață_orizontală', 'punct', 'cumpănă', 'monoton', 'podea_de_numerotare', 'îndrepta', 'se_nivela', 'etaje', 'comuna_levél_győrmosonsopron', 'nivela', 'cat', 'egal', 'adema', 'nivele', 'strâns', 'poveste', 'ținti', 'grad', 'treaptă', 'nivelul_de_experiență', 'aținti', 'nivelăcubuledeaer', 'notă', 'puncte_de_experiență', 'neted', 'faceunacupământul', 'fază', 'indica', 'revista_level', 'echilibrat', 'etapă', 'etaj', 'comuna_levél_ungaria', 'plan', 'comuna_levél', 'stadiu', 'nivelă', 'punctul', 'drept', 'nivel', 'punct_de_experiență', 'level', 'nivelul', 'grade_la_scară', 'dărâma', 'levél', 'grad_evolutiv', 'suprafațăorizontală', 'nivelă_cu_bulă_de_aer', 'gradul', 'etajul_al', 'levél_ungaria', 'se_netezi', 'grade', 'boloboc', 'șes', 'levél_győrmosonsopron']
liar	mincinos	Match	['mincinos', 'so_far_so_good_so_what', 'louder_now', 'prevaricator', 'glory', 'lire', 'liar', 'liră', 'republic']
light	lumină	Match	['reflexia_luminii', 'lampă', 'nisipos', 'clar', 'semnal', 'vizibilă_radiații', 'destrăbălat', 'brichete', 'aprindeoțigară', 'sclipire', 'brichetă', 'lumina_vizibilă', 'neaccentuat', 'fereastră', 'pastelat', 'inițiator_pirotehnic', 'scânteie', 'incumba', 'nivelul_de_luminozitate', 'lumină', 'aprinde', 'luminanță', 'funcție', 'aprindere', 'leșinat', 'iveală', 'yagami_light', 'sursădelumină', 'dajosdepecal', 'reveni', 'în_lumina', 'corp_de_iluminat', 'luminos', 'luminozitate', 'în_hristos', 'promiscuu', 'aton', 'undă_a_luminii', 'lampagiu', 'aprinzător', 'fereastra', 'lampăelectrică', 'strălucire', 'desfrânat', 'atribui', 'lampă_electrică', 'a_ațâța', 'cumpătat', 'lumina', 'depravat', 'da', 'far', 'yagami_raito', 'lumina_interioară', 'light', 'light_yagami', 'sursă_de_lumină', 'dietetic', 'atonic', 'ușor', 'cădea', 'radiațievizibilă', 'lumina_interioara', 'ilumina', 'descărcadepecal']
magic	magick	Found close match: ['magic', 'magică', 'magice']	['magie_scenică', 'truc_magic', 'magică', 'alagaësia', 'magie_colecţia_definitivă_de_povestiri_fantastice', 'prestidigitație_truc', 'magic', 'kiri_te_kanawa', 'make_a_scene', 'axel_rudi_pell', 'leandro_marín', 'vrajă', 'schimbarea', 'vrăjitorie', 'animagus', 'magice', 'magie_truc', 'lumea_disc', 'octarine', 'taumaturg', 'ciclul_moştenirea', 'artefact', 'schimbării', 'te_kanawa', 'taumaturgíe', 'driving_rain', 'secret_time', 'dame_kiri_te_kanawa', 'magie_colecția_definitivă_de_povestiri_fantastice', 'oglindă_întro_direcție', 'fermecat', 'magician', 'occlumency', 'iluzionist', 'parseltongue', 'tric', 'prestidigitație', 'ciclul_moștenirea', 'octiron', 'planeswalker', 'iluzioniști', 'iluzionism', 'thaumaturgic', 'telescopul_magic', 'minuni', 'taumaturgul', 'take_me_home', 'magie', 'magie_etapă', 'justin_timberlake', 'pluto', 'farmec', 'magia', 'truc_de_magie', 'taumaturgie', 'dame_kiri_te_kanawa_janette', 'thaumaturgy']
marriage	căsătorie	Match	['nulitatea', 'ceremonia_de_căsătorie', 'nunta', 'menaj', 'neființă', 'ceremonienupțială', 'ceremonie_angajament', 'neant', 'căsătoria', 'nimic', 'cununia_civila', 'uniune_conjugală', 'căsnicie', 'casatoria', 'nunti', 'hymeneals', 'ceremonia_de_nunta', 'căsătorie', 'inexistență', 'cuplu_căsătorit', 'casă', 'mariaj', 'nuntă', 'căsătorit_cupluri_care', 'casatorie', 'căsătorii', 'uniune', 'conjugal_relație', 'nihility', 'soț_și_soție', 'căsătorire', 'unire', 'unitate', 'matrimonial']
material	materialele	Found close match: ['materiale', 'materialul', 'material']	['material_textil', 'chestii', 'materialism', 'physicalism', 'stofă', 'pânză', 'țesătură', 'materialul', 'materiale', 'corporal', 'țesături', 'textil', 'materialiști', 'material_țesut', 'textile', 'materialismul', 'fizic', 'material', 'materie', 'materialistă']
mathematical	matematice	Found close match: ['matematic', 'matematică', 'matematici']	['matematic', 'matematica', 'matematică', 'matematici']
mechanism	mecanism	Match	['sistem', 'mecanism', 'mașină', 'aparat', 'mecanismului', 'mecaxadnism', 'chimice_mecanism', 'echipamente_de_capital', 'mecanismele', 'mecanisme', 'mașini', 'modalitate', 'dispozitiv', 'mașinărie', 'mecanism_de_reacție', 'mecanismchimic', 'maşină', 'mecanismul_de_reacție', 'mecanismul', 'mecanism_de_reacţie']
medication	medicamente	Not found	[]
money	bani	Match	['history_past_present_and_future_book_i', 'avere', 'banii', 'monedă', 'money', 'avuție', 'monedănațională', 'the_sound_of_girls_aloud', 'monetare', 'pecuniare', 'ban', 'bani', 'avut']
mountain	muntele	Match	['sumedenie', 'mulțime', 'munți', 'rotire', 'passel', 'sumă_frumușică', 'muckle', 'buna_afacere', 'grup_montan', 'munte', 'masiv_muntos', 'muntele', 'mickle', 'munţi', 'duium', 'destul_de_un_pic', 'afacere_bună', 'sahtu', '482', 'grămadă', 'mare_afacere', 'mountain', 'potop']
movement	mișcarea	Match	['mişcare', 'mecanism', 'mișcareaparentă', 'movement', 'scaun', 'mulțime', 'purgație', 'mișcarea', 'fenomenul_phi', 'armată', 'curent_filozofic', 'aparentă_de_mișcare', 'mișcare_socială', 'grup', 'materii_fecale', 'motil', 'mișcareartistică', 'mişcarea', 'activitatea_locomotoare', 'materiefecală', 'materie_fecală', 'she_wolf', 'mulțimea', 'excrement', 'bati_joc', 'miscarea_social', 'locomoție_animală', 'înclinare', 'defecat', 'curent_filosofic', 'cauză', 'materie_fecale', 'rahat', 'purgare', 'excremente_de_păsări', 'intestinului_circulație', 'front', 'treabamare', 'miscare', 'tendință', 'mutare', 'acțiuni_de_grup', 'aparentă_circulație', 'deplasare', 'artistice_circulație', 'miscarea', 'acțiune_de_grup', 'fecale', 'înclinație', 'defeca', 'dezmăț', 'campanie', 'motilitatea', 'grămadă', 'curent_artistic', 'the_pillows', 'mișcare_filosofică', 'locomoția', 'arta_circulație', 'caca', 'mișcare_artistică', 'ieșire', 'excremente', 'căcat', 'mișcare', 'motilitate', 'mișcare_de_artă', 'mișcaresocială', 'defecație', 'parte', 'schimbareapoziției', 'locomoție', 'pornire', 'mișcări_sociale', 'defecare']
movie	film	Match	['imagini_în_mișcare_spectacol', 'imagine_în_mișcare', 'motion_picture', 'cinema', 'fullmotion_video', 'mișcare_imaginespectacol', 'filme', 'film', 'film_de_teatru', 'marele_ecran', 'mișcare_imagine', 'imagine_de_mișcare_majoră', 'kites', 'pe_marele_ecran', 'picture_motion', 'peliculă']
music	muzică	Match	['countryrock', 'the_music', 'music', 'melodie', 'eufonie', 'rock_țară', 'muzica', 'country_rock', 'muzică']
nation	națiune	Match	['ţara', 'natiune', 'ţări', 'ţară', 'politic_organism', 'discworld', 'statele_mexicului', 'land', 'național', 'lumea_disc', 'state_suverane', 'guvernamentale', 'statele_germaniei', 'națiuni', 'carrynation', 'țară', 'stat_independent', 'landurile_germaniei', 'carry_nation', 'carry_nation_amelia_moore', 'nație', 'stat', 'carryameliamoorenation', 'patrie', 'țara', 'tipuri_de_state', 'țări', 'naţiune', 'organizarea_administrativă_a_mexicului', 'societatea_politică', 'neam', 'kendrick_lamar', 'seminție', 'teoria_declarativ_al_statalității', 'nation', 'la_nivel_național', 'stat_național', 'națiune', 'statul_mexican', 'res_publicații', 'stat_mexican', 'stat_suveran', 'statele_mexicane']
news	știri	Match	['noutate', 'ştiri', 'veste', 'știri', 'raport_de_știri', 'informație', 'ştire', 'noutati', 'stiri', 'stiri_programului', 'știre', 'stiri_spectacol', 'stirii', 'cuvânt', 'news', 'buletindeștiri']
noise	zgomot	Match	['vacarm', 'val_de_sunet', 'radiaţia_cosmica_de_fond', 'facezgomot', 'radiația_cosmică_de_fundal', 'radiaţia_cosmică_de_fond', 'radiațiecosmicădefond', 'muzica_de_zgomot', 'caracteraleatoriu', 'interferențe', 'zgomotul_de_imagine', 'zgomot_de_semnal', 'facegălăgie', 'sunete', 'răsunet', 'perturbație', 'paraziți_atmosferici', 'poluare_sonoră', 'elementary_os', 'undă_sonoră', 'radiația_de_fond', 'zgomot_industrial', 'strigăt', 'radiația_cosmică_de_fond', 'radiațiilor_cosmice_de_fond', 'cu_undă_acustică', 'radiaţie_cosmică_de_fond', 'cmb', 'cuptor_cu_microunde_cosmice_de_fond_radiații', 'răsuna', 'stochasticity', 'radiația_de_fond_de_microunde_cosmice', 'zgomotul', 'audio', 'undăacustică', 'zgomote', 'zgomot', 'noise', 'radiației_cosmice_de_fond', 'poluaresonoră', 'zgomotul_industrial', 'poluare_fonică', 'zgomotul_electric', 'poluării_fonice', 'undăsonoră', 'radiaţia_cosmică_de_fundal', 'parazit', 'radiaţia_de_fond', 'gălăgie', 'radiație_cosmică_de_fond', 'undă_acustică', 'radiaţia_de_fond_de_microunde_cosmice', 'atmosferică_statică', 'haphazardness', 'cuptor_cu_microunde_cosmice_de_fond', 'zgomotul_electronic', 'sunet', 'radiația_cosmica_de_fond', 'radiatia_cosmica_de_fond', 'cbr', 'undele_sonore', 'sunet_de_poluare', 'radio_zgomotul', 'cmbr', 'poluare_acustică', 'larmă']
obligation	obligația	Match	['obligație', 'vorbă', 'instrumentdecredit', 'obligațiuni', 'certificat_de_îndatorare', 'datoria_instrument', 'promisiunea', 'responsabilitate', 'obligația', 'răspundere', 'responsabilitatea', 'obligațiile', 'creanță', 'făgăduială', 'datorie', 'promisiune', 'cuvânt', 'legământ', 'făgăduință']
pain	dureri	Match	['dureri_de_senzație', 'ține', 'suferință', 'chinui', 'persoană_enervantă', 'iritare', 'doare', 'durea', 'dureri', 'senzațiedureroasă', 'pacoste', 'durerea', 'mâhni', 'games_pain', 'îndurera', 'chin', 'le_pain', 'pain', 'king_of_da_ghetto', 'doare_curul', 'dureroasă_senzație', 'om_plictisitor', 'forever', 'durere', 'pisălog']
personality	personalitatea	Match	['personalitatea', 'personality', 'personalitate']
philosophy	filosofie	Match	['filozof', 'doctrina', 'filozofia', 'filosofia', 'doctrină', 'filozofie', 'învățătură', 'filosofică_sistem', 'filozofic', 'doctrinele', 'școală', 'filosof', 'filosofie', 'dogmatism', 'filosofice', 'doctrinară', 'filozoafă', 'ism', 'școală_de_gândire']
picture	imagine	Match	['imagine_în_mișcare', 'pictura', 'imagini_în_mișcare_spectacol', 'cărți_ilustrate', 'scenă', 'film', 'cobol', 'picturi', 'pictori', 'pictura_cuvânt', 'imagine_mentală', 'imaginea', 'picture_motion', 'materie_pictorial', 'pe_marele_ecran', 'ilustrat', 'schimbarea', 'animagus', 'întrevedea', 'închipui', 'ilustrare', 'imagini_mentale', 'poză_poze', 'caracterizare', 'fotografie', 'mișcare_imaginespectacol', 'fotografii', 'avatar', 'schimbării', 'ilustrații', 'imagine_de_cont', 'fotograf', 'imagini', 'ilustrație', 'peliculă', 'înfățișa', 'motion_picture', 'imagina', 'cinema', 'occlumency', 'reprezenta', 'desen', 'poză', 'film_de_teatru', 'parseltongue', 'mișcare_imagine', 'imaginementală', 'pictură', 'imagine_de_mișcare_majoră', 'definire', 'grafică', 'descriere_pitorească', 'tablou', 'foto', 'pictura_clasică', 'kiss', 'fotografia', 'mentale_imagine', 'filme', 'marele_ecran', 'întruchipare', 'vedea', 'cuvântpictura', 'poza', 'imagine']
pig	vițel	Found close match: ['vier']	['semăna', 'godac', 'porculeț', 'purcel', 'sus', 'curcan', 'se_lăcomi', 'porcmistreț', 'sticlete', 'cocină_de_porci', 'ciuf', 'hăpăi', 'pigging', 'gabor', 'devora', 'scrofa', 'neîngrijită_persoană', 'inspecție_ecartament_conducte', 'polițist', 'făta', 'carne_de_porc', 'ghețarul_pine_island', 'mitocan', 'porc_sălbatic', 'purcea', 'slob', 'patdeturnare', 'râmător', 'conjoiner', 'mistreţ', 'mistreţul', 'poarcă', 'shoat', 'vier', 'porc_de_casă', 'nesimțit', 'scroafă', 'mistretul', 'pig', 'mistrețul', 'porc_sălbatici', 'porcușor', 'bloc', 'shote', 'porci', 'purceluș', 'conjoiners', 'pudge', 'gheţarul_pine_island', 'nespălat', 'porcan', 'porcul', 'porcine', 'copoi', 'porc_mistreț', 'suine', 'mistreț', 'porc_domestic', 'sus_scrofa_domestica', 'sus_scrofa', 'porci_sălbatici', 'porc', 'caraliu']
plan	planul	Match	['desene', 'plănui', 'planifice', 'manager_de_program', 'design', 'planuri', 'gând', 'planul_arhitectural', 'intenționa', 'planul', 'planarhitectural', 'tinde', 'proiecta', 'plan', 'schemă', 'planificarea_arhitectural', 'planifica', 'plan_isère', 'program', 'schiță', 'se_gândi']
plant	plante	Match	['specii_de_plante', 'floras', 'linia_de_asamblare', 'plantae', 'shill', 'prinde', 'vegetaţia', 'combinat', 'trigun', 'plantele', 'implanta', 'linie', 'înființa', 'vegetația', 'fixa', 'regnul_plantae', 'linie_de_asamblare', 'vegetabilia', 'vegetație', 'factorij', 'înțepeni', 'instalații_industriale', 'linie_de_producție', 'stabili', 'plantă', 'vegetaţie', 'fonda', 'plasa', 'uzină', 'regnum_plantae', 'muncitor', 'fabrică', 'linii_de_asamblare', 'a_plantelor', 'vegetatie', 'sădi', 'pune', 'terminologie_wrestling', 'producțieline', 'a_plasa_un_spion', 'funda', 'planta', 'momeala', 'lucrări', 'feitoria', 'înscenare', 'înfige', 'plant', 'trigun_maximum', 'plante', 'fabrici', 'instalație_industrială', 'propune', 'instaura', 'fabricare_a_plantelor', 'întemeia', 'vegetală', 'fabrica', 'sistemdelucruînlinie', 'plantelor_de_viață', 'floră', 'flagrant', 'înființat', 'flora', 'linie_de_montaj', 'regn_plantae', 'punebazele']
play	juca	Match	['rând', 'play', 'mânuirea_sabiei', 'se_juca', 'pâlpâit', 'bătaiedejoc', 'frâuliber', 'android_market', 'dramă', 'executa', 'mânui', 'stageplay', 'paria', 'face', 'reacție', 'sclipire', 'cânta', 'joaca', 'jocuri', 'dramatică_joc', 'gratuit_frâu', 'punerămășag', 'folosire', 'google_play_store', 'pâlpâire', 'zbenguială', 'pâlpâitură', 'scrieredramatică', 'jocul', 'drame', 'au', 'bisa', 'teatru', 'întâlni', 'dramaturgie', 'haz', 'manevrare', 'piese_de_teatru', 'perioada_de_joc', 'produce', 'jocdenoroc', 'hârjoneală', 'jocuri_de_noroc', 'recul', 'se_distra', 'google_play', 'joaca_perioadă', 'piesă', 'joc_de_noroc', 'intona', 'piesă_de_teatru', 'joacă', 'țâșni', 'se_amuza', 'manevră', 'trăi', 'sări', 'jocdecărți', 'juca', 'hârjoană', 'faceprinsoare', 'zbengui', 'lucraredramatică', 'pariuri', 'viețui', 'miza', 'pâlpâială', 'tactică', 'aduce', 'luaînderâdere', 'operădramatică', 'play_store', 'circulație', 'mișcare', 'joc', 'piesa_de_teatru', 'lărgime', 'se_recrea', 'interpreta']
pleasure	plăcerea	Match	['sondre_lerche', 'plăcută', 'placere', 'semisonic', 'juisare', 'încântare', 'plăcerea', 'deliciu', 'plăcere', 'satisfacție', 'placerea', 'desfătare', 'pleasure_p']
poor	sărace	Found close match: ['sărac', 'săracă', 'săraci']	['nevoie', 'sărac', 'lipsă', 'jalnic', 'mizer', 'trist', 'sărman', 'nevoiaș', 'rata_sărăciei', 'pauper', 'sărăcie_relativă', 'paupertate', 'săraci', 'nevoiași', 'nenorocit', 'sărăciei_urbane', 'săracul', 'jurământ_de_sărăcie', 'insuficient', 'sărăcie', 'săracă', 'sărăcia_voluntară', 'oamenii_săraci', 'saraca', 'limita_sărăciei', 'mizerie']
prison	închisoare	Match	['pușcărie', 'sistemul_penitenciar', 'încarcerat', 'inchisoare', 'securitate_medie', 'tom_robinson', 'inchisoarea', 'închisoare_județ', 'încarcera', 'instituție_corecțională', 'penitenciar', 'securitate_mediu', 'jailhouse', 'pokey', 'recluziune', 'temniță', 'închisoarea', 'ca_vai_de_lume', 'închisoare', 'arest', 'închisori', 'ocnă']
professional	profesionist	Match	['cu_înfățișare_profesională', 'meșter', 'atlet_profesionist', 'profesioniști', 'profesionale', 'profesională', 'cunoscător', 'profesionale_persoană', 'expert', 'profesionistă', 'maistru', 'profesionalism', 'specialist', 'profesional', 'profesionist', 'sportivprofesionist', 'experți']
protection	protecția	Match	['adăpost', 'egidă', 'protectie', 'auspiciile', 'învelișprotector', 'apărare', 'sprijin', 'scud', 'siguranță', 'oblăduire', 'asigurare', 'protecția', 'protejare', 'protection', 'taxădeprotecție', 'comerțului_de_protecție', 'securitate', 'ocrotire', 'acoperiș_protector', 'patronaj', 'protecție', 'auspiciu']
quality	calitatea	Match	['timbrul', 'timbral', 'timbre', 'atribut', 'caracteristic', 'particularitate', 'schimb', 'tonul_de_culoare', 'calitatea', 'însușire', 'primamână', 'tonul', 'select', 'trăsătură', 'ton', 'distins', 'timbru', 'notazece', 'calitate', 'deosebit', 'caracterul', 'calibru', 'ales', 'quality', 'valoare']
reaction	reacția	Match	['reacție_chimică', 'reacția', 'reacțiechimică', 'reacțiune', 'chimic', 'reaction', 'reacția_chimică', 'răspuns', 'reacție', 'reacţie', 'reacţie_chimică', 'reactie', 'reacții_chimice']
read	citit	Match	['citeste', 'citire', 'învăța', 'înregistra', 'se_citi', 'lectură', 'ști', 'citi', 'citit', 'auzi', 'studieze', 'scana', 'citește', 'arăta', 'indica', 'studia', 'înțelege', 'cunoaște', 'pricepe', 'ia', 'read', 'lectura', 'lua']
relationship	relație	Match	['companie', 'conexiune', 'înrudire', 'relaţii_interpersonale', 'interpersonale', 'relații_interpersonale', 'relație_pe_termen_lung', 'relațiile_umane', 'legătură', 'interacțiunea_umană', 'cunoștință', 'cunoaștere', 'familia_relație', 'rudenie', 'relatie', 'relația', 'raport', 'rudă', 'interacțiune_umană', 'relațiederudenie', 'relațiile_interpersonale', 'relație', 'acquaintanceship', 'relația_umană', 'rudenie_și_coborâre']
religious	religioase	Match	['religioasa', 'religioase', 'religioasă', 'pios', 'religios', 'călugăr', 'evlavios', 'smerit', 'cleric', 'cucernic', 'cuvios', 'preacredincios']
residence	locuință	Match	['domiciliere', 'reședință', 'domiciliu', 'resedinta', 'dinastie', 'locuire', 'curte', 'vile', 'rezidenţă', 'locuitori', 'locuințe', 'palat', 'locuitoare', 'locuință', 'conac_de_lux', 'ședere', 'acasă', 'reședință_privată', 'casă', 'residencia', 'conac', 'rezidență', 'reședința', 'locuitor', 'locuință_de_lux', 'locul', 'sălaș', 'familie_dinastică']
road	drum	Match	['construcția_de_drumuri', 'the_road', 'drum', 'causeways', 'new', 'șosea', 'rutieră_joc', 'road', 'drumul', 'oaspeți_joc', 'cale']
sad	naša	Incorrect	['abătut', 'trista', 'sad_ucraina', 'sad_dnipropetrovsk', 'jalnic', 'trist', 'deplorabil', 'amărăciune', 'divizia_pentru_activități_speciale', 'sad', 'abătută', 'tristețe', 'trist_tristă', 'nenorocit', 'triste', 'tristă', 'mâhnire', 'tulburari_afective_sezoniere', 'sad_raionul_sînelnîkove_regiunea_dnipropetrovsk', 'lamentabil', 'lost_dogs', 'mizerabil', 'sadhe', 'sad_sînelnîkove', 'întristător', 'tristeţe']
science	știință	Match	['stiinta_oficiala', 'științific', 'știință', 'ştiinţa', 'disciplină', 'științe', 'ştiinţific', 'științifice', 'disciplină_științifică', 'ştiinţă', 'știința', 'măiestrie', 'pricepere', 'științifice_disciplina', 'stiinta', 'ştiinţe', 'discovery_science', 'science_channel', 'dibăcie', 'științei_empirice', 'iscusință', 'science']
seafood	mâncăruri	Not found	[]
sell	cumpăra	Incorrect	['plasa', 'cere', 'comerț', 'căuta', 'comert', 'trăda', 'prinde', 'vinde', 'vand', 'vind', 'terminologie_wrestling', 'comerţ', 'se_vinde', 'vânzare', 'desface', 'vând', 'sell']
sew	cusut	Match	['stitchery', 'cusute', 'coase', 'cusut', 'coasere', 'cusătură']
sexy	sexy	Match	['sexi', 'sexy', 'elephunk', 'afrodiziac', 'afrodisiac']
shape	dimensiunile	Incorrect	['formă', 'aranjament', 'formație', 'comandamentul_suprem_al_puterilor_aliate_din_europa', 'comandantul_suprem_aliat_din_europa', 'siluetă', 'tonul_pielii', 'organismul_fizic', 'modela', 'formarea_wm', 'influența', 'fasona', 'stare', 'carne', 'pigmentare_a_pielii', 'corpomenesc', 'formaţie', 'conformație', 'comandamentul_aliat_pentru_operații', 'concretizare', 'formă_muzicală', 'profil', 'forma', 'aspect', 'fizionomie', 'bod', 'primitive', '433', 'configurație', 'materialul_corpului', 'shape', 'corpului_uman', 'corpul_uman', 'înfățișare', 'anatomia_umană', 'determina', 'modelul', 'cifra']
ship	navio	Found close match: ['navă', 'nave', 'nava']	['faceocroazieră', 'vas', 'încărcalabord', 'se_îmbarca', 'navă', 'vapor', 'navă_maritimă', 'nave', 'transporta', 'nava', 'corabie', 'trimite']
show	show	Match	['susține', 'înregistra', 'lăsasăvadă', 'demonstra', 'ieșilaiveală', 'dalaiveală', 'jocuri', 'prezenta', 'prezinte', 'evidenția', 'show', 'declara', 'arata', 'spectacol', 'adeveri', 'afișează', 'târguri_județene', 'se_arăta', 'dovedi', 'stabili', 'jocdenoroc', 'apărea', 'arăta', 'jocuri_de_noroc', 'atesta', 'înfățișa', 'aparență', 'indica', 'plasa', 'joc_de_noroc', 'proba', 'arată', 'jocdecărți', 'expoziție', 'confirma', 'arătau200e', 'exterioriza', 'pariuri', 'exprima', 'demonstreze', 'reprezentație']
sign	semnele	Found close match: ['semneze', 'semnul', 'semnal']	['binecuvânta', 'semneaza', 'semnal', 'semnzodiacal', 'auspiciile', 'brown_eyed_girls', 'număr_pozitiv', 'semn', 'polaritate', 'se_angaja', 'grapheme', 'semnul_stea', 'semnaliza', 'casa', 'semnalizare', 'semn_clinic', 'semnul_astrologic', 'blagoslovi', 'semna', 'scala_pauling', 'gestual', 'facesemn', 'nonnegativ', 'simbolgrafic', 'ratifica', 'semne_clinice', 'preindication', 'subsemna', 'scala_mulliken', 'electronegativitatea', 'iscăli', 'semnat', 'firmă', 'semn_medical', 'electronegativitate', 'semiotica', 'zodia', 'semn_zodiacal', 'polaritatea', 'nenegativ', 'electropozitiv', 'electronegativ', 'simbolul_grafic', 'se_însărcina', 'piază', 'zodie', 'semnalizare_comerciale', 'planetar_casa', 'prevestire', 'stele_semn', 'subscrie', 'semiotică', 'graphemes', 'semnul', 'semnează', 'panou', 'outofband_semnalizare', 'literă', 'semneze', 'semnal_de_control', 'grafem', 'semnalul', 'semn_astrologic', 'semiologie', 'se_obliga']
silly	repet	Incorrect	['ilogism', 'jalnic', 'fără_sens', 'nesăbuit', 'tont', 'năuc', 'deplorabil', 'silly', 'ridicol', 'prostcrescut', 'năucit', 'prost', 'nenorocit', 'absurditate', 'buimăcit', 'stupid', 'nonsensicality', 'amețit', 'hokum', 'nebunesc', 'prostie', 'lent', 'lamentabil', 'zăpăcit', 'tâmpit', 'molâu', 'prăpădit', 'prostii', 'nerod', 'necugetat', 'nonsens', 'neinteligent', 'buimac', 'încet']
sin	dumnezeul	Incorrect	['faceboacănă', 'limba_sinhaleză', 'păcătoșii', 'aeroportul_internațional_changi', 'greși', 'sin', 'aeroportul_internațional_singapore', 'sinhala', 'funcția_sinus', 'ispită', 'facegafă', 'păcatele', 'păcătos', 'sinhaleză', 'limba_sinhala', 'sinhaleza', 'păcatul', 'nanna', 'păcătoase', 'păcătuiască', 'păcătui', 'aeroportul_singapore_changi', 'shin', 'păcatului', 'wsss', 'aeroportul_internaţional_changi', 'sinus', 'limba_singaleză', 'aeroportul_singapore', 'păcat', 'păcătoșenia', 'aeroportul_internaţional_singapore']
skin	pielii	Found close match: ['pieliță', 'piele', 'pielea']	['circuite', 'day_for_night', 'almost_human', 'zgâria', 'coajă', 'decoji', 'pluginuri', 'ray_of_light', 'se_cățăra', 'placădecircuit', 'supernatural', 'burduf', 'tegument', 'circuit_imprimat', 'skin', 'cablaj_imprimat', 'placă', 'azil_de_nebuni', 'blană', 'piele', 'blender', 'pielea', 'mentale_instituție', 'cu_posibilitatea_de_personalizare', 'coji', 'printed_circuit_board', 'spitalul_de_psihiatrie', 'rudenie_aboriginal_australian', 'addin', 'se_răni', 'cutanate', 'coaja', 'jupui', 'mentale_spital', 'circuit_carte', 'pieliță', 'placa_de_circuit_imprimat', 'dermă', 'insert', 'ospiciu', 'tegumentului', 'fațetă', 'mentale_acasă', 'r_kelly', 'înveliș', 'celulelor_pielii', 'adaugain', 'plugin', 'pcb', 'planul_de_alimentare']
smart	inteligent	Match	['smart', 'ager', 'agil', 'usturător', 'obiective_smart', 'deștept', 'sprinten', 'vioi', 'minte', 'destept', 'îndrăzneț', 'neobrăzat', 'durea', 'șic', 'inteligenţă', 'pricepere', 'inteligent', 'impertinent', 'usturime', 'repede', 'inteligentă', 'terminologie_wrestling', 'dotat', 'inteligență', 'inteligenta', 'iute', 'isteț', 'smart_–_tehnologia_care_te_anunţă_că_hardiskul_tău_se_va_defecta_curând', 'tehnologie_de_automonitorizare_analiză_și_raportare', 'capacitatea_mentală']
smiling	zâmbit	Found close match: ['zâmbitor', 'zâmbet', 'zâmbind']	['zâmbind', 'rânjet', 'zâmbitor', 'zâmbet', 'zâmbesc', 'rânjit', 'surâs']
solution	soluție	Match	['solutie', 'rezolvaredeprobleme', 'soluția', 'soluționare', 'solutii', 'rezultatul', 'rezolvare', 'rădăcină', 'răspuns', 'ecuația_rezolvarea', 'dezlegare', 'solution', 'rezolvarea_ecuațiilor', 'rezolvare_a_problemelor', 'soluții', 'rezultat', 'soluţie', 'soluție', 'răspunsul', 'substanțelor_dizolvate']
soul	sufletul	Match	['unic', 'suflet', 'singur', 'cineva', 'plinatatii_de_suflet', 'muzica_soul', 'muzică_soul', 'sufletul', 'sufletul_nemuritor', 'soul', 'persoană_fizică', 'muritor', 'aiúa', 'soul_music', 'individ', 'persoană', 'persoană_juridică', 'personificare', 'despre_suflet', 'om', 'întruchipare']
sound	sunet	Match	['sigur', 'telefon', 'face', 'adânc', 'răsunet', 'sunete', 'undă_sonoră', 'brațdemare', 'sunetului', 'senzațieauditivă', 'suna', 'cu_undă_acustică', 'teafăr', 'strâmtoare', 'semnalsonor', 'greu', 'auditiv_senzație', 'audio', 'sound', 'undăacustică', 'discurs_de_sunet', 'legal', 'sonor', 'daglas', 'vocaliza', 'tecnocumbia', 'zdravăn', 'temeinic', 'bun', 'undăsonoră', 'sunetul', 'solid', 'undă_acustică', 'sunet', 'sănătos', 'strașnic', 'just', 'nevătămat', 'sonda', 'profund', 'undele_sonore', 'val_de_sunet', 'întemeiat']
spoke	vorbit	Not found	[]
star	star	Match	['geniu', 'bâzâit', 'steluță', 'topologie_stea', 'celebrități', 'stele', 'estelle', 'mavin', 'încearcă', 'gudron', 'vedetă', 'ilean_almaguer', 'stelele', 'vedetădecinema', 'chefal', 'principal', 'erou', 'puneasterisc', 'hotel_de_cinci_stele', 'personalitate_tv', 'as', 'actor_principal', 'adept', 'poligon_stele', 'stea', 'superstar', 'targz', 'vedeta', 'maven', 'wiz', 'asterisc', 'prim', 'celebritate', 'celebru_persoană', 'steluţa', 'rating_stele', 'virtuoz', 'cap_de_afis', 'personalitate_massmedia', 'popstar', 'star', 'xerox_star', 'the_rise_and_fall_of_ziggy_stardust_and_the_spiders_from_mars', 'jucaînrolprincipal', 'personajprincipal', 'star_de_cinema', 'steaua', 'steadecinema', 'expertule', 'protagonist', 'matrice_boston', 'părtaș', 'stea_de_cinema', 'tar']
student	studenție	Found close match: ['student', 'studentă']	['științifică_persoană', 'elevă', 'librar', 'bookman', 'studentă', 'cursant', 'magazin_de_carte', 'student', 'elev', 'educatee', 'librării', 'librărie', 'învățat', 'cărturar', 'savant', 'erudit', 'william_sealy_gosset', 'vivliopole']
stupid	prostul	Found close match: ['prost', 'prostie', 'prostia']	['prostia', 'uimit', 'uluit', 'compresă', 'ravensymone', 'puddencap', 'prost_persoană', 'stupefiat', 'prost', 'tâmp', 'consternat', 'perplex', 'idiot', 'stupid', 'neisprăvit', 'surprins', 'stupiditate', 'budinca_cap', 'neghiob', 'prostie', 'lent', 'tâmpit', 'molâu', 'slabă_de_pește', 'cretin', 'nerod', 'imbecil', 'neinteligent', 'încet']
successful	succes	Not found	[]
sugar	zahăr	Match	['sugar', 'para', 'zaharidă', 'comerțul_cu_zahăr', 'glassheart', 'îndulci', 'simoleons', 'gologan', 'dinero', 'zaharuri', 'glucidă', 'zaharuri_din_vin', 'gelt', 'zaharul', 'mălai', 'rafinat_zahăr', 'îndulcicuzahăr', 'zahăr', 'chior', 'batman_forever', 'zahar', 'glucide', 'moluște_comestibile', 'carbohidraţi', 'zaharide', 'carbohidrați', 'cub_de_zahăr', 'hidrocarbonat', 'niveluri_de_zahăr', 'sicli', 'ochiul_dracului', 'carbohidrat', 'hoge', 'carbohidrati', 'zahăr_alb', 'scoici', 'zahărul']
suspect	suspectez	Found close match: ['suspect', 'suspecta', 'suspectul']	['pârât', 'acuzat', 'suspiciune', 'neîncredere', 'inculpat', 'robert_crais', 'inculpat_penal', 'ciudat', 'presupune', 'necurat', 'făptuitorul', 'difidență', 'suspecți', 'bănuială', 'suspecta', 'suspectul', 'suspect', 'nuaveaîncredere', 'bănui', 'neîncrederea', 'învinuit']
table	tabelul	Match	['foaie_de_date', 'mesas', 'iframe', 'tabula', 'etichetă_html', 'tabular_matrice', 'masa', 'placăderezonanță', 'amâna', 'tablă', 'placa_de_sunet', 'investigare', 'cercetare', 'examinare', 'etichetă', 'table', 'amâne', 'href', 'mesa', 'element_html', 'tablou', 'analizare', 'tabel_de_bază_date', 'tabel', 'căutare', 'relație', 'tabelul', 'întârzia', 'masă', 'examen']
taste	gust	Match	['preferință', 'gusturi', 'agent_aromatizant', 'aromă_artificială', 'degusta', 'gusta', 'gust_de_bază', 'simțulgustului', 'aroma', 'aromă', 'gustativ', 'gust_senzație', 'se_înfrupta', 'gust', 'simțul_gustului', 'gustul_de_bază', 'aveagust', 'taste', 'savoare', 'degustare_orb', 'arome_artificiale', 'preferințele', 'înclinație', 'gustul_estetic', 'gustare', 'încerca', 'predilecție', 'nowhere', 'degustare_de_vinuri', 'degustare', 'gustativ_modalitatea', 'fiaromat', 'percepția_gustului', 'potențiator_de_aromă', 'gustativ_senzație', 'simți', 'simț_al_gustului', 'gustativ_percepția', 'gustul', 'gustă', 'arome_naturale']
team	echipă	Match	['formaoechipă', 'trupa_muzicala', 'formație', 'echipa_de_sport', 'grup', 'formație_muzicală', 'atelaj', 'formaţie_muzicală', 'proiect_solo', 'trupa_de_rock', 'formaţii_muzicale', 'ansamblu_instrumental', 'grup_muzical', 'formaţie', 'team', 'rock_trupa_pop', 'trupa_pop', 'trupă', 'grupul_rock', 'sport_de_echipă', 'formații_muzicale', 'echipa', 'echipă', 'ansamblu_muzical', 'sportdeechipă', 'rock', 'artist_solo']
texture	textură	Match	['țesătură', 'textura_lor', 'macrotexturii', 'cartografiere', 'gustării', 'textura', 'calitate_a_țesăturii', 'textură']
time	perioadă	Incorrect	['potriviceasul', 'metru', 'in_my_own_words', '68_timp', 'scatmans_world', 'cicluri_de_ceas', 'time_magazine', 'timpul', 'închisoare_pe_termen', 'potrivi', 'impuls_de_ceas', 'bec', 'time_norvegia', 'cronometra', 'timp_gramatical', 'intervalul_de_timp', 'polymeter', '24_timp', 'sincroniza', 'muzical_timp_semnării', 'universul_timpuriu', 'y_not', 'vreme', 'oră', 'timp_compus', 'xkcd_1190', 'metru_compus', 'cronologia_big_bangului', 'semnături_de_timp', 'ciclu_de_ceas', 'programa', 'ceas', 'anastacia', 'hypnotica', 'ora', 'prizonierat', 'timp_semnării', 'oară', 'dată', 'duple', 'ceasul_de_sistem', 'smartstop', 'planifica', 'pacific_ocean_blue', '44', 'fracție', 'timpurilor', 'patra_dimensiune', 'timp', 'metru_muzical', 'timp_simplu', '44_timp', 'semnal_de_ceas', 'time', 'încordat', 'răstimp', 'timp_vals', '128', 'ceas_de_timp', 'revista_time']
tool	unealtă	Match	['instrumente_de_dezvoltare_software', 'marionetă', 'instrument_software', 'pula', 'instrumente', 'a_mobila', 'instrument', 'instrument_de_dezvoltare', 'sculă', 'pulă', 'puță', 'miel', 'instrument_de_dezvoltare_software', 'unealtă', 'tool', 'păpușă', 'omdepaie', 'instrument_de_programare']
toy	jucărie	Match	['bibelou', 'se_juca', 'jucărie_de_pluș', 'jucării', 'chatoyancy', 'câinedejucărie', 'clasificarea_jucariilor', 'câinemic', 'jucarii_sexuale', 'câinepitic', 'jucarie', 'se_distra', 'jucăria', 'toy', 'se_amuza', 'jucărie', 'chatoyant', 'miniatură', 'câinedebuzunar', 'cățel', 'câine_jucărie', 'jucărie_câine', 'jucarie_sexuala', 'yello', 'toyline']
tree	copac	Match	['sir_herbert_beerbohm_copac', 'puiet', 'copac', 'teorema_lui_kruskal_copac', 'tree', 'copac_rădăcini', 'charlotte_brontë', 'nod_intern', 'sirherbertbeerbohmtree', 'pădure', 'copaci', 'copac_sacru', 'nodul_copil', 'nod_interior', 'arbore', 'arborele', 'nodul_rădăcină', 'subarbore', 'încolți', 'diagrama_arbore', 'băgalacolț', 'lemn', 'pom', 'nod_părinte', 'nod_frunză', 'copacul', 'nodul_părinte', 'herbert_beerbohm_tree', 'charlotte_bronte']
trial	rejudecare	Found close match: ['judecată']	['numărul', 'experiment', 'preproces', 'paucal', 'singular', 'iii', 'procesul', 'costum_lege', 'studiu_pe_termen', 'cauzalitate', '3', 'deuceace', 'procese', 'cauză', 'proces', 'numărul_acordului', 'trigon', 'plural', 'proces_civil', 'probă', 'testare', 'caz_juridic', 'terzetto', 'sistemul_de_cauza', 'număr', 'încercare', 'încercat', 'trei', 'restriște', 'caz_judiciar', 'cauza', 'terțet', 'cauză_civilă', 'test', 'ternar', 'preliminarii', 'ternion', 'proces_cauză', 'judecată', 'caz', 'examen', 'causa']
tried	încercat	Match	['încercat', 'proces', 'judecată']
typical	tipic	Match	['definitoriu', 'distinctiv', 'tipice', 'tipic', 'caracteristic']
unaware	crezând	Not found	[]
usable	reutilizabil	Found close match: ['utilizabil', 'utilizabile', 'utilizabilitate']	['uzabilitate', 'disponibil', 'întrebuințabil', 'userfriendly', 'folosibil', 'operațional', 'utilizabilitate', 'liber', 'aptitudine_de_utilizare', 'ușurința__în_utilizare', 'folosibilitate', 'ușurința_de_utilizare', 'funcțional', 'utilizabil', 'utilizabile']
useless	inutilă	Match	['inutilă', 'inutil', 'useless', 'nefolositoare', 'nefolositor']
vacation	vacanță	Match	['vacanță', 'anulare', 'national_lampoons_vacation', 'plecaînconcediu', 'abrogație', 'plecaînvacanță', 'golire', 'mergeînconcediu', 'concediu', 'vacanța', 'vacanta', 'mergeînvacanță', 'abrogare']
war	război	Match	['război', 'the_war', 'ares', 'conflagrație_militară', 'conflict_armat', 'conflict', 'răzbel', 'razboi', 'războiul', 'războaie', 'starederăzboi', 'declararăzboi', 'winaray', 'conflicte_armate', 'luptă', 'stării_de_război', 'limba_waraywaray', 'conflict_militar', 'war', 'all_or_nothing']
wash	spălând	Found close match: ['spăl', 'spăla', 'spălat']	['firmăcuprofitzero', 'jilăvi', 'buried', 'eliminare', 'se_spăla', 'uda', 'arroyo', 'spoială', 'acoperi', 'the_wash', 'albieseacă', 'washables', 'erodare', 'suflu', 'rufă', 'umezi', 'a_spăla', 'spăl', 'se_curăța', 'spală_desen', 'spălătorie_chinez', 'wash', 'uscat_se_spală', 'spălat', 'curent_de_aer', 'unearthed', 'eroziune', 'spală', 'spala', 'purtătoare', 'suflulelicei', 'spăla', 'acuarelă', 'rufărie', 'spălătoreasă', 'lost_dogs', 'scanare', 'spălare', 'scălda', 'spălătorie']
weak	slab	Match	['subțiat', 'aton', 'lânced', 'slaba', 'îndoit', 'slabă', 'atonic', 'astenie', 'nedesăvârșit', 'debil', 'slăbit', 'slab', 'neaccentuat', 'imperfect', 'slăbiciune_musculară', 'decrepit', 'slăbiciune', 'the_sea', 'apos', 'vag']
wear	purtau	Found close match: ['purta', 'purtare']	['industria_de_îmbrăcăminte', 'stoarce', 'se_păstra', 'rufe', 'jibe', 'pentru_femei', 'ține', 'rezistenta_la_uzura', 'haină', 'se_ponosi', 'ușor_de_purtat', 'vestimentație', 'și_lua', 'vestimentaţie', 'se_facebucăți', 'purtare', 'se_fărâma', 'articole_de_îmbrăcăminte', 'articol_de_imbracaminte', 'strai', 'istovi', 'extenua', 'uzură', 'avea', 'sfârși', 'slei', 'vlăgui', 'și_pune', 'epuiza', 'se_îmbrăca', 'uzura', 'secătui', 'îmbrăcăminte', 'veşmânt', 'rezista', 'haină_veșmânt_articol_de_îmbrăcăminte', 'tinuta', 'purta', 'poartă', 'veșmânt', 'haine', 'seca', 'wear']
weather	meteo	Match	['atmosferică_condiție', 'meteo', 'vremea_vremea', 'desfide', 'vremeaprobabilă', 'înfrunta', 'timp', 'prognoza_meteo', 'vreme', 'veniînvânt', 'prognozămeteorologică', 'vremea', 'vremea_condiție', 'prognoză_meteo', 'condițiile_meteorologice', 'brava']
willingly	pedepsească	Not found	[]
word	cuvântul	Found close match: ['cuvânt', 'cuvînt', 'cuvant']	['parolă', 'vorbă', 'veste', 'cuvintele', 'sfanta_scriptura', 'biblia', 'informație', 'formula', 'cuvânt_de_date', 'cuvânt', 'ms_word', 'biblii', 'text_religios', 'microsoft_word', 'cartea_sfântă', 'scriptură', 'fiu', 'știre', 'sfânta_scriptură', 'termen', 'word', 'parole', 'textul_sacru', 'lungimea_cuvântului', 'biblice', 'fii', 'daglas', 'scripturile', 'dimensiunea_cuvânt', 'bibliolatrie', 'biblic', 'cuvânt_de_onoare', 'fiul', 'sfântă_scriptură', 'cuvînt', 'formulă', 'parola', 'angajament', 'discuție', 'discutare', 'biblia_creștină', 'textele_sacre', 'cod_de_acces', 'texte_religioase', 'scripturile_creștine', 'dezbatere', 'bine_rezervă', 'exprima', 'cuvant', 'bibliei_creștine', 'logos', 'biblie', 'discuții', 'cuvântdeonoare', 'cuvinte']
