ability	förmågan	Match	['aptitude', 'förmåga', 'förmågan']
accomplished	framgångsrik	Incorrect	['uppnått', 'uträttat', 'åstadkommit']
angry	upprörd	Incorrect	['arga', 'rasande', 'mad_season', 'furiös', 'arg', 'angriness', 'raseri', 'kay_starr', 'ursinnig', 'vrede', 'ilska', 'press_to_play', 'ilsken']
apartment	lägenhet	Match	['flerbostadshus', 'lägenhetskomplex', 'lgh', 'herrgård_block', 'lägenheter', 'genomgångslägenhet', 'apartment', 'lägenheten', 'trädgård_lägenhet', 'lägenhet']
applause	applåder	Match	['ovation', 'bifall', 'klappa', 'applåder', 'handen_klappar', 'applause', 'handklapp', 'applåd', 'applådera', 'klappar', 'hattifnatta']
argument	argumentet	Match	['kontrovers', 'logiska_argument', 'resonemang', 'dispyt', 'parametrar', 'disceptation', 'argumentera', 'litterära_argument', 'debattör', 'debattera_samhället', 'musikaliska_argumentet', 'politisk_debatt', 'kontroversiell', 'argumentet', 'logisk_argumentation', 'diskutera', 'kontroverser', 'ordstrid', 'uttalande', 'diskussionsklubb', 'argumentation_teori', 'samhällsdebattör', 'debattprogram', 'argumentationsteori', 'debatter', 'tal_och_debatt', 'debatt', 'argumentationsanalys', 'argument', 'musikaliska_argument', 'samhällsdebatt', 'kulturdebatt', 'verb_argument', 'gräl', 'debattera', 'paneldebatt', 'sned_argument', 'diskussion', 'parameter', 'bestridande', 'argumentation', 'linje', 'debattpanel']
art	konst	Match	['beauxarts', 'agrp', 'grafisk_teknologi', 'konstföremål', 'fine_arts', 'artisteri', 'sköna_konsterna', 'fri_konst', 'bestämd_artikel', 'nontextual_materia', 'konsten', 'art', 'sköna_konster', 'skön_konst', 'tapperhet', 'beauxarts_stil', 'grafiska', 'konstnär', 'konstnärlig_produktion', 'konst', 'beaux_arts', 'konstnärliga', 'de_sköna_konsterna', 'agoutirelaterad_peptid', 'konst_design', 'bestämd_form', 'artikel', 'grafik', 'konstnärlig', 'arab_radio_and_television_network', 'konstart', 'konstbegrepp', 'konstverk', 'grafisk_konst', 'konstnärliga_uttryck', 'definition_av_konstbegreppet', 'beauxarts_arkitektur', 'obestämd_artikel', 'konstnärligt_skapande', 'beaux_arts_arkitektur', 'dni', 'grafisk_teknik', 'artn', 'konstarterna', 'konstbegreppet']
attitude	attityd	Match	['hållning', 'dåligt_uppförande', 'böjelse', 'beteende', 'attitude', 'malpresentation', 'socialt_beteende', 'devils_dance', 'tendens', 'euler_vinklar', 'benägenhet', 'eulers_vinkel', 'vandel', 'issue_of_attitude', 'attityd', 'förehavande', 'mentala_inställning', 'förkärlek', 'low_man´s_lyric', 'reload', 'uppträdande', 'inställning', 'orientering', 'ställning', 'position', 'riktning', 'plie', 'beteendemässiga', 'low_mans_lyric', 'trend', 'rumslig_orientering', 'göranden', 'lista_över_balettermer', 'skenande', 'eulervinklar', 'uppförande', 'väsen', 'disposition']
bag	resväska	Match	['handväska', 'bag', 'multiset', 'säck', 'multimängd', 'bögslunga', 'plast_shoppingväska', 'kopp_te', 'bärkasse', 'juver', 'stjäla', 'påse', 'väska', 'resväska', 'handväskor', 'multisets', 'gamla_väska', 'papperspåse', 'knycka', 'bagful', 'sno', 'axelväska', 'påsen', 'koffert', 'väskor']
ball	bollen	Match	['bollar', 'strejken_zonen', 'klot', 'lucy_ball', 'glob', 'fotboll', 'pungkula', 'testikulär', 'john_ball_naturalist', 'strikezonen', 'fotbollar', 'äggcell', 'strike_zone', 'boll', 'trampdyna', 'testiklarna', 'sittfru', 'tennisbollar', 'pungkulor', 'halvsfärisk', 'ballock', 'fotbollsboll', 'skitsnack', 'balle', 'ball_lucille', 'slugs', 'klotformiga', 'bal', 'tennisboll', 'kulor', 'nystan', 'testis', 'musköt_boll', 'debutantbal', 'slutna_bollen', 'teste', 'slug', 'sfärisk', 'kula', '2sfären', 'klump', 'kula_(solid', 'ball', 'slugg', 'muskötkula', 'sfär', 'bollen', 'sfäriska', 'lucille_ball', 'testikel', 'testiklar', 'john_ball']
bar	bar	Match	['gästgivargård', 'faders', 'advokatsamfund', 'patronymikon', 'ribba_stång', 'sandbank', 'månsson', 'mbar', 'spett', 'järnspett', 'taverna', 'bayerska', 'pub_grub', 'beta2receptorn', 'pubar', 'offentliga_hus', 'patronymikum', 'krog', 'disk', 'förebygga', 'streck', 'ginmill', 'åtgärd', 'stim', 'patronym', 'domarskrank', 'efternamn', 'pub_tecken', 'utelämna', 'bar_corrèze', 'bar', 'salong_djurhållare', 'pub_mat', 'exkludera', 'avlysa', 'millibar', 'advocatus', 'barriär_strand', 'stång', 'taphouse', 'bom', 'taproom', 'farnesoid_xreceptorn', 'qionghai_boao_airport', 'gin_mill', 'barlokal', 'barline', 'ibn', 'streckfärg', 'ölsjapp', 'bar_serbien_och_montenegro', 'browning_automatgevär', 'nr1h4', 'rättsgemenskap', 'spärra', 'bar_montenegro', 'tap_house', 'bonaventure_de_bar', 'foobar', 'bar_ukraina', 'drag', 'land_inn', 'pub', 'isbill', 'public_house', 'strimma', 'beta2adrenerga_receptorer', 'krogar', 'antibari', 'bannlysa', 'bajerska', 'antivari', 'fadersnamn', 'tavernor', 'avvisa', 'baren', 'utesluta', 'förebyggande', 'adrb2', 'jurister', 'patrynomic', 'boariska', 'takt', 'barroom', 'patronymikom', 'sandbankar', 'puls', 'foo']
bear	björnar	Match	['tu95_bear', 'björnen_samhället', 'paul_hoffman', 'stå_ut_med', 'bear', 'björnar', 'ursine', 'stå_ut', 'björnrörelsen', 'björn', 'webelos', 'ursidae', 'ta', 'björnflagga', 'mike_brown', 'björnbög', 'tupolev_tu142', 'stå', 'rymma', 'föda', 'tolerera', 'bear_delaware', 'bära', 'uthärda', 'baissespekulant', 'bear_islotes', 'tupolev_tu95', 'betala', 'baisse', 'innehålla', 'tu95']
beat	kvartsfinalen	Incorrect	['runda', 'taktslag', 'beatnik', 'rytm', 'metrik', 'stikisk_vers', 'rytmisk', 'kvantitativ_vers', 'versform', 'verslära', 'mätare', 'rytmisk_enhet', 'slå', 'svävningsfrekvens', 'besegra', 'banka', 'siteswap', 'varv', 'meter', 'hjärtslag', 'offbeat', 'poetisk_mätare', 'slag', 'övervinna', 'musikalisk_rytm', 'vispa', 'takt', 'stikisk', 'rytmer', 'versrad', 'versmått', 'versläror', 'versmåttet', 'svävning', 'puls', 'bunden_vers', 'beat']
bed	säng	Match	['knulla', 'bäck', 'bädd', 'resesäng', 'sängar', 'ha_sex', 'bed', 'rabatt', 'sängkläder_plan', 'flodbädden', 'säng', 'dubbelsäng', 'slaf', 'sängarna', 'spjälsäng', 'söm', 'dra_sig_tillbaka', 'hetsätningsstörning', 'flodbädd', 'ligga_med', 'binge_eating_disorder', 'creek_bed', 'strö_plan', 'sängen', 'ström_säng']
beer	öl	Match	['campaign_for_real_ale', 'ale', 'beer', 'alkoholfri_öl', 'ölframställning', 'bärs', 'pivo', 'alkoholfritt_öl', 'bira', 'camra', 'bryggerinäringen', 'öl', 'öltillverkning', 'bier']
big	big	Match	['bjarke_ingels_group', 'norm_nixon', 'mineralitet', 'balans', 'kropp', 'big', 'bouquet', 'stort', 'skrytsamt', 'stypsis', 'vuxen', 'stora', 'balansen', 'torra', 'stor', 'frukt']
bird	fåglar	Match	['fingret', 'fuck_off', 'fågelarter', 'fågelfaunan', 'övernattningsplatser', 'mikuni_shimokawa', 'fjäderboll', 'yardbird_parker', 'finger', 'piga', 'aves', 'fågeln', 'avafauna', 'badmintonboll', 'charlie_parker', 'jänta', 'bird_parker', 'slinka', 'kustfåglar', 'bird', 'fågel', 'kjoltyg', 'parker', 'roosting', 'bronx_cheer', 'tupp', 'parker_charlie', 'älskling', 'razzing', 'charles_christopher_parker', 'razz', 'fuck_you', 'boo', 'tjej', 'fåglars', 'fåglar']
blood	blod	Match	['blood', 'blodbana', 'blodmat', 'syresatt_blod', 'dead', 'humant_blod', 'rakehell', 'blodet', 'blodslinje', 'the_black_parade_the_bsides', 'bordeaux', 'blodledningen', 'roue', 'anor', 'bordeauxvin', 'vs', 'ärftlig', 'the_black_parade_the_bside', 'persistence_of_time', 'ärftlighet', 'blodtillförsel', 'bordeauxviner', 'hematologiska', 'biologiska_arv', 'blood_the_game', 'collective_soul', 'blodsystemet', 'genetiskt_arv', 'the_black_parade', 'biologiskt_arv', 'blod', 'bordeaux_vin', 'linje', 'getting_away_with_murder', 'hematopoetiska_systemet', 'hereditet', 'blodflöde']
body	kroppen	Match	['balans', 'cstolpe', 'point', 'grind', 'fysiska_kroppen', 'bålen', 'kropps', 'peka', 'fysiska_strukturen', 'subtila_kroppen', 'mittel', 'kvartspetit', 'soundbox', 'body', 'borgis', 'karosser', 'punkt', 'teairra_marí', 'eubstance', 'nyhetsartikel', 'torso', 'leotard', 'fysiskt_objekt', 'typografisk_punkt', 'bilkaross', 'polytopes', 'kroppen', 'överkropp', 'karosseri', 'kolonel', 'artikel', 'bouquet', 'kvartpetit', 'fysisk_kropp', 'förlik', 'geometrisk_kropp', 'föremål', 'skyddsdräkt', 'katt_kostym', 'mottagaren', 'brödtext', 'bomlik', 'polytop', 'frukt', 'catsuit', 'bål', 'nyhet', 'fälteffekttransistor', 'stypsis', 'dstolpe', 'fet', 'kropp', 'geometisk_kropp', 'punktstorlek', 'överlik', 'karosserier', 'kadaver', 'stående_lik', 'torra', 'karosstyp', 'mineralitet', 'dörr', 'fälteffekttransistorer', 'jfet', 'astolpe', 'coachbuilder', 'mignon', 'didotpunkt', 'organisk_struktur', 'balansen', 'nonpareille', 'trikåer', 'tidskriftsartikel', 'as', 'döda_kroppar', 'lik', 'döda_kropp', 'kaross', 'kropp_kostym', 'gate', 'tidningsartiklar', 'tertia', 'tidningsartikel', 'bstolpe', 'tidskriftsartiklar', 'unitard']
brain	hjärna	Match	['encefalon', 'banks', 'resonemang', 'människans_hjärna', 'sinnet', 'hjärnans_funktion', 'psyke', 'minnesfunktioner_i_hjärnan', 'brian_mantia', 'intellekt', 'hjärnorna', 'intellektuella_resurser', 'genidrag', 'hjärnforskare', 'inlärningsförmågan', 'mantia_bryan', 'brain', 'huvudet', 'inspector_gadget', 'mental_innehåll', 'psyket', 'encephalon', 'bryan_mantia', 'hjärnforskning', 'genialitet', 'kommissarie_gadget', 'klinik', 'geni', 'sinne', 'genial', 'hjärnhalva', 'intellektuell', 'snille', 'förnuft', 'mantia_brian', 'högra_hjärnhalvan', 'genialisk', 'förstånd', 'mänskliga_sinnet', 'minnescentrum', 'brain_côtedor', 'brainiac', 'hjärnan', 'genier', 'the_klinik', 'intellektuella', 'vänstra_hjärnhalvan', 'hjärnfunktion', 'mantia', 'psykisk', 'hjärna', '(c)brain', 'däggdjurshjärnan', 'hjärnhalvor', 'mental_kapacitet', 'förnuftet', 'nous']
broken	sönder	Incorrect	['ms_kelly', 'felaktig', '12_stones', 'winterhearts_guild', 'plastic_beach', 'trasig', 'bruten', 'trasigt', 'the_best_of_bruce_dickinson', 'echo', 'brutet', 'delta_machine', 'defekt', 'broken']
building	byggnaden	Found close match: ['byggnader', 'byggnad', 'byggande']	['byggprojekt', 'fristående_byggnad', 'byggnation', 'konstruktion', 'byggnadskomplex', 'byggprocessen', 'byggnadsverksamhet', 'kontorskomplex', 'byggprocess', 'hus', 'byggnad', 'offentlig_byggnad', 'byggnader', 'building', 'husbyggnad', 'byggbranschen', 'byggarbetsplats', 'utbyggnad', 'byggarbetsplatser', 'offentliga_byggnader', 'byggande', 'byggnadskonstruktionslära', 'tits_byggnad', 'byggnadskonstruktion', 'bygga', 'bygge', 'byggnadsarbete']
burn	bränna	Match	['fc_dallas', 'erytem_solare', 'andra_gradens_brännskada', 'bäck', 'bäckar', 'solbränna', 'brännas', 'brinna', 'burn', 'grad', 'bål', 'kanal', 'bränn', 'ström', 'brännsår', 'bränder', 'brännskada', 'flammande', 'tredje_gradens_brännskada', 'bränna', 'brand', 'eld', 'brännskador', 'brasa', 'låga', 'ruisseau', 'brännblåsa', 'bränner', 'flamma', 'dallas_burn', 'flodbädd', 'kauterisera', 'brännmärke', 'tredje_gradens_brännskador', 'vattendrag', 'kase', 'solbränd', 'intermittent_ström']
business	finansbranschen	Incorrect	['företaget', 'vakans', 'näringsliv', 'vinstdrivande', 'stadium_affärer', 'företagsform', 'företagsorganisation', 'yrke', 'företagsledare', 'business', 'oberoende_entreprenörer', 'slutbrukare', 'kunderna', 'byplay', 'verksamhet_oro', 'kommersiellt_företag', 'kundstock', 'företagande', 'sitt_jobb', 'affärssektor', 'näringslivet', 'verksamheten', 'affärsområde', 'affärer', 'försäljare', 'kundbehov', 'verksamhet_sporre', 'företag', 'verksamhet', 'oberoende_leverantör', 'enskild_firma', 'kunder', 'näringsväsen', 'företag_slinga', 'kunden', 'sysselsättning', 'kundfordringar', 'kund', 'lob', 'arbete', 'klientel', 'kundkrets', 'affärsverksamhet', 'typ_av_arbete', 'företag_lag', 'affärssystem', 'jobb']
camera	kameran	Match	['film_kamera', 'the_back_room', 'rörelsebild_kamera', 'kameror', 'kamera', 'filmkamera', 'spegeln_malmö', 'spegeln', 'kameran', 'filmkameror', 'tvkamera', 'professionell_videokamera', 'televisionskamera', 'camera', 'fotografisk_kamera', 'stillbildskamera']
carefully	noggrant	Match	['ängslan', 'bekymmer', 'försiktigt', 'omsorgsfullt', 'oro', 'noga', 'noggrant']
challenge	vinna	Incorrect	['challengeresponse', 'attackera', 'utmaning', 'tvista', 'ifrågasättande', 'angripa', 'utmana', 'utmaningen', 'challenge', 'ifrågasätta', 'utmanar', 'challengeresponse_autentisering']
charity	välgörenhetsorganisation	Match	['melinda_padovano', 'polemonium_vanbruntiae', 'polemonium_caeruleum', 'offentlig_välgörenhet', 'charity_mount', 'polymonium_caeruleum_vanbruntiae', 'hjälporganisationer', 'välgörenhet', 'välgörenhetsorganisationer', 'blågull', 'allmännyttig', 'broderlig_kärlek', 'charity', 'filantropisk', 'välgörenhetsorganisation', 'registrerad_välgörenhetsorganisation']
charming	älskvärda	Incorrect	['charming', 'charmig', 'charmerande']
clothes	kläder	Match	['dräkt', 'klädindustrin', 'klädedräkt', 'kläd', 'klädnad', 'habiliment', 'klädsel', 'dam', 'kostym', 'bärbar', 'dress', 'toalett', 'klädesplagg', 'kläder', 'plagg']
cockroach	fjärilslarver	Incorrect	['kackerlacka', 'avrop_blattodea', 'blattaria', 'cockroach', 'blattodea', 'jättekackerlackor', 'kackelacka', 'kackelackor', 'kackerlackor', 'avrop_blattaria']
code	kod	Match	['kryptera', 'kodifikation', 'programmera', 'datakod', 'lagsamling', 'utveckla_mjukvara', 'lagbok', 'regel', 'kodifiering', 'avkodning', 'kod', 'kodas', 'kodning', 'avkoda', 'schemalägga', 'kodifierad_lag', 'lagboken', 'koda', 'mjukvaruutveckla', 'code', 'koder', 'lagkodifikation', 'lag']
collection	samlingen	Match	['mazharfuatözkan', 'samlingen', 'hawkwind', 'montering', 'romansvit', 'mfö', 'kollekt', 'dont_matter', 'bärgningshögtiden', 'akon', 'kollekthåv', 'inkassobyrå', 'bokserie', 'inkasso', 'skuld_insamlare', 'uppsättning', 'trouble', 'sample_joe', 'kompendiös', 'charlatans', 'kollektomat', 'samling', 'joe_sample', 'samla', 'indrivning', 'kompendier', 'konstsamling', 'insamling', 'kompendium', 'lonely', 'collection', 'relation', 'konstsamlingar', 'the_charlatans', 'monografiserie', 'inkassokrav', 'bundling', 'the_offspring_collection', 'kombinerade_produkterbjudanden', 'behållare', 'sammanställning', 'ghetto', 'mängd', 'inkassoavgift', 'appell', 'aggregering', 'sample', 'bunt']
computer	dator	Match	['synthrock', 'siffermaskin', 'elektronhjärna', 'syntmusik', 'mänsklig_dator', 'computer', 'datorsystem', 'elektronisk_dator', 'dator_musik', 'datamaskin', 'industrisynth', 'synthare', 'datamaskinen', 'huvudräknare', 'kalkylator', 'datasystemet', 'mänsklig_räknare', 'datorerna', 'datoranordning', 'synthmusik', 'datan', 'generell_dator', 'datorpionjär', 'processorfläkt', 'datateknik', 'estimator', 'cpufläkt', 'figurer', 'dataprocessor', 'datorer', 'digital_databehandling', 'syntare', 'digitala_datorer', 'matematikmaskin', 'dator', 'datorn', 'digital_dator']
construction	byggandet	Found close match: ['byggande', 'bygge', 'byggnadsarbete']	['rättslig_tolkning', 'byggprojekt', 'byggnation', 'konstruktion', 'rsbot', 'lagtillämpning', 'uttryck', 'mental_syntes', 'byggprocessen', 'domstolstolkning', 'byggnadsverksamhet', 'andrew_gower', 'byggprocess', 'modell', 'runescape', 'syntaktisk_konstruktion', 'grammatisk_konstruktion', 'husbyggnad', 'byggbranschen', 'byggarbetsplats', 'struktur', 'byggarbetsplatser', 'konstitutionell_tolkning', 'unscape', 'byggande', 'byggverksamhet', 'byggnadskonstruktionslära', 'lagtolkning', 'deviousmud', 'byggnadskonstruktion', 'wilderness', 'bygge', 'byggnadsarbete']
cook	cook	Match	['anrätta', 'james_cook', 'captain_cook', 'cook_frederick', 'tillaga', 'mattant', 'koka', 'laga_mat', 'laga', 'souskock', 'souskocken', 'stjärnkockar', 'alec_empire', 'förbereda', 'frederick_cook', 'köksmästarinna', 'ordna', 'kockar', 'köksmästare', 'cook', 'kockpojke', 'kocka', 'kokerska', 'mygla', 'cook_james', 'köksmästare_kock', 'kock', 'kort_order_kock', 'kort_för_kock', 'kapten_james_cook', 'kom_kock']
counting	räkna	Match	['redundanta_talsystem', 'talsystemet', 'räkning', 'räknar', 'uppräkning', 'räknande', 'lista', 'räkna', 'numrering', 'redundant_talsystem', 'talsystem']
crazy	daddy	Incorrect	['sinnessjukdom', 'galen', 'crazy', 'sjukt', 'because_of_you', 'usher', 'galenskap', 'looney', 'erika_jayne', 'famous_last_words', 'playing_with_fire', 'tokig', 'vansinne', 'loca', 'sinnessjuk', '(you_drive_me)_crazy', 'the_red_album', 'galet', 'loony']
damage	skador	Match	['skador', 'pris', 'skumningsprissättning', 'skada', 'försämras', 'köpeskilling', 'utrustning_olyckan', 'damage', 'juridisk_skada', 'priset', 'priser', 'penetrationsprissättning', 'prissättning', 'försämra', 'scathe', 'vanställa']
dance	dans	Match	['dansös', 'clubmusic', 'dansör', 'dansande', 'dans', 'danser', 'klubbmusik', 'danserskor', 'dansmusik', 'dansar', 'dance', 'dansa', 'dancé_orne', 'dansinn', 'club_music', 'dancé', 'danskurs', 'fbln5', 'nathaniel_danceholland', 'dance_dance', 'oliver_heldens', 'dancé_loire', 'dansare', 'waterloo', 'danspartner', 'danserska', 'showdans', 'postdisco']
dangerous	farliga	Match	['dangerous', 'riskabel', 'decemberadio', 'its_hard', 'farliga', 'farligt', 'farlig', 'riskfylld', 'tillbaka_till_livet']
deceive	avsikter	Not found	[]
dedication	ära	Incorrect	['hängivenhet', 'dedicera', 'lojalitet', 'dedication', 'dedikation', 'dedicerad', 'engagemang']
deliberately	avsiktligt	Match	['medvetet', 'avsiktligt']
delivery	leverans	Match	['partus', 'född', 'leverans_pojke', 'vaginal_förlossning', 'sätt_att_tala', 'födande', 'lagenlig_överlåtelse', 'utanförskap', 'transport', 'delivery', 'skämt', 'sätesbjudning', 'transportbranschen', 'kast', 'förlossningar', 'oförytterlig', 'transportväsen', 'föra', 'undsättning', 'skämtsam', 'tal', 'barnafödande', 'samfärdsel', 'befrielse', 'blade_the_series', 'barnafödsel', 'födelse', 'tillgång', 'teckenblödning', 'förlossning', 'leverans', 'transportinfrastruktur', 'lurifax', 'persontransport', 'violaskämt', 'jape', 'accouchement', 'rädda', 'föda_barn', 'hemleverans', 'segerhuva', 'beräknad_partus', 'barnsbörd', 'födsel']
dessert	maträtter	Found close match: ['efterrätter']	['dessert', 'dessertvin', 'desserter', 'dessertviner', 'afters', 'efterrätt', 'efterrätter']
device	pekskärm	Incorrect	['device', 'mobiltjänster', 'enheten', 'mobiltelefoni', 'juppinalle', 'kapital_utrustning', 'mobil', 'personlig_hårdvara', 'apparat', 'mobila_nät', 'maskiner', 'maskin', 'apparater', 'maskinvara', 'anordning', 'ficktelefon', 'nalle', 'redskap', 'configsys', 'mobiltelefon', 'mobiltelefoner', 'yuppienalle', 'msc', 'mobilen', 'devve', 'nicolai_reedtz', 'enhet', 'mobil_kommunikation', 'trådlös_telefon', 'cellulära_kommunikationssystem', 'mobiltelefon_utomlands', 'mobil_telefon', 'hårdvara', 'mobila_cellulära']
dig	gräva	Match	['デチェン・シャングリラ空港', '廸慶香格里拉機場', 'utgrävning', 'gräv', 'stick', 'gibe', 'gräver', 'schakta', 'díqìng_xiānggélǐlā_jīchǎng', 'arkeologiska_platsen', 'andré_dignimont', '迪庆香格里拉机场', 'diqing_shangrila_airport', 'hugg', 'dig', 'gipp', 'gräva', 'förstå']
dinner	middag	Match	['middag', 'kvällsmåltid', 'eftermiddagste', 'kvällsmat', 'dinner', 'tiffin', 'supé', 'lunch', 'dejeuner', 'teatime', 'fika', 'te']
disease	sjukdomen	Found close match: ['sjukdom', 'sjukdomar', 'sjukdomskänsla']	['begowal', 'åkomma', 'sjukdomskänsla', 'sjukdomar', 'medicinsk_störning', 'sjuk', 'lungsäcksinflammation', 'medicinskt_tillstånd', 'naturalförlopp', 'morbid', 'tillstånd', 'sjukdom', 'pleurit', 'sjuklighet', 'medicinska_tillstånd']
dissolve	bilda	Not found	[]
disturb	störa	Match	['uppröra', 'störa', 'stör']
do	modifiera	Not found	[]
doctor	doktorn	Match	['högre_doktorsexamen', 'leg_läkaren', 'kyrkolärare', 'dr_who', 'doktorsgrad', 'reparera', 'doktorspromovering', 'återställ', 'familjeläkare', 'doctor', 'legitimerad_läkare', 'doktorera', 'manipulera', 'doktor', 'doktorsgraden', 'doktorspromotion', 'the_black_guardian', 'klinisk_blick', 'rude_boy', 'opererande_kirurgen', 'laga', 'promotion', 'politices_doktor', 'kliniska_blicken', 'professionell_doktorsexamen', 'dr', 'leg_läkare', 'rude_boys', 'eliza', 'doctor_communis_ecclesiae', 'läkaren', 'promovering', 'doktor_who', 'loïc_nottet', 'läkare_i_kyrkan', 'promovera', 'doktorsexamen', 'doctorat', 'doktorsvärdighet', 'doktorn', 'kirurg', 'kirurger', 'poldr', 'läkar', 'doktorstitel', 'doctor_ecclesiae', 'doctor_who', 'bensågare', 'fiffla_med', 'dalek', 'medical_officer', 'the_doctor', 'läkarexamen', 'husläkare', 'läkare', 'genesis_of_the_daleks']
dog	hund	Match	['vovve', 'hundvalpar', 'korv_och_bröd', 'familjen_canidae', 'antonio_angelo_del_sambro', 'hund', 'tik', 'varmkorvar', 'människans_bästa_vän', 'wienerkorv', 'knackkorv', 'familiaris', 'trist_kvinna', 'korv', 'hynda', 'tamhundar', 'tamhund', 'bröd_med_korv', 'canis_familiaris', 'hot_dog', 'nattkorv', 'hunddjur', 'tamhunden', 'weenie', 'hundar', 'hunden', 'skurk', 'förfölja', 'varmkorv', 'korv_med_bröd', 'spärr', 'eldhund', 'hundavel', 'hot_dogs', 'jaga', 'inhemska_hund', 'spärrhaken', 'canidae', 'duck_hunt', 'jycke', 'canis_lupus_familiaris', 'andiron', 'hotdog', 'hundhistoria', 'hundjärn', 'hundens_historia', 'frankfurter', 'hundkött', 'varm_korv', 'hundvalp']
dressing	omklädningsrum	Found close match: ['påklädning']	['klädindustrin', 'blandfärs', 'klädnad', 'påklädning', 'klädesplagg', 'påklädnad', 'kläder', 'klädedräkt', 'habiliment', 'fyllning', 'bandage', 'bärbar', 'salladsdressing', 'köttfärs', 'fläskfärs', 'nötfärs', 'älgfärs', 'förband', 'kläd', 'lammfärs', 'medicinskt_förband', 'dressing', 'klädsel', 'dam', 'plagg']
driver	förare	Match	['drivrutin', 'skogen', 'förare', 'chaufför', 'skogsvegetation', 'åkarna', 'privatchaufför', 'wälder', 'kluster', 'nummer_ett_trä', 'lastbilsförare', 'långtradarchaufför', 'kopplade_axeln', 'skog', 'kopplade_hjul', 'tradarchaffis', 'driver_san_francisco', 'timmer', 'virke', 'pilot', 'trä', 'samling', 'örtrik_granskog', 'barrskog', 'yrkeschaufför', 'lastbilschaufför', 'skoglig', 'driver', 'truckkörning', 'bilist', 'skogar', 'skrivardrivrutin', 'the_driver', 'föraren', 'drivhjul', 'tempererade_skogsmiljöer', 'barrskogar', 'trucker', 'enhetsdrivrutin', 'kopplade_axlar', 'drivrutiner', 'plog', 'yrkesförare']
economy	ekonomin	Match	['sparande', 'lokalekonomi', 'walden', 'ekonomiskt_system', 'politisk_ekonomi', 'eurozonens_ekonomi', 'skogsliv_vid_walden', 'hushållning', 'global_ekonomi', 'politiska_ekonomin', 'statsekonom', 'reala_ekonomin', 'landsbygdens_ekonomi', 'nationalekonomi', 'ekonomin', 'ekonomisk_teori', 'sparkvoten', 'ekonomiska', 'världsekonomi', 'socialekonomisk', 'nationalekonom', 'ekonomier', 'politisk_ekonom', 'ekonomiska_system', 'sparsamhet', 'socialekonom', 'statsekonomi', 'besparing', 'socialekonomi', 'statshushållning', 'nationalekonomin', 'ekonomiska_systemet', 'economy', 'ekonomisk_vetenskap', 'ekonomisk', 'landsekonomi', 'samhällsekonomi', 'ekonomiskt', 'ekonomi', 'nationalekonomisk']
election	valet	Match	['omval', 'parlamentsval', 'valet', 'election', 'utvalda', 'valpolitik', 'väljare', 'politiska_val', 'valår', 'politiskt_val', 'förordnande_om_val', 'demokratiskt_valda', 'valdagen', 'val', 'valprocessen']
electron	elektroner	Match	['elektroner', 'elektron', 'negatron', 'electron']
elegance	skönhet	Match	['elegans', 'estetisk_kompetens', 'karlgeorg_hoefer', 'klassisk_skönhet', 'elegant', 'dekorativa', 'skönhet', 'snygg', 'fägring', 'matematisk_elegans', 'vacker', 'beaut', 'matematiska_skönhet']
emotion	känslor	Match	['stolt', 'känslomässiga', 'känslorna', 'emotionell', 'emotionellt', 'emotion', 'känslosam', 'känslo', 'känslor', 'känsla', 'känsloliv', 'affekt', 'mänskliga_känslor', 'human_after_all']
emotionally	känslomässigt	Match	['stolt', 'känslomässiga', 'känslorna', 'emotionell', 'emotionellt', 'känslosam', 'känslo', 'känslor', 'känsla', 'känsloliv', 'affekt', 'känslomässigt', 'mänskliga_känslor']
engine	motorn	Match	['motorn', 'motorer', 'järnväg_motorn', 'locomotiv', 'videospel_motor', '3dmotor', 'motorns', 'loktyp', 'ray_alder', 'lokomotiv', 'kraftmaskin', 'spelmotor', 'lokomotiv_motor', 'engine', 'motorlok', 'motor', 'lok']
event	tävlingarna	Incorrect	['elizabeth_bachinsky', 'evenemang', 'verkan', 'händelse_evenemang', 'fall', 'resultat', 'effekt', 'resultatet', 'evenemanget', 'händelse', 'knapptryckning', 'lur', 'tangenttryckning', 'händelsehanterare', 'följden', 'händelsehantering', 'konsekvens', 'tangentnedslag', 'lyssnare', 'event', 'åhörare', 'följd']
experiment	experiment	Match	['pröva', 'experimentell_forskning', 'experimentell', 'experiment', 'the_experiment', 'expriment', 'utpröva', 'experimentera', 'experimentet', 'testa', 'vetenskapliga_experiment', 'experimentell_vetenskap']
extremely	extremt	Match	['oerhört', 'ytterst', 'extremt', 'synnerligen']
feeling	känslor	Match	['sensation', 'intuitiv_känsla', 'anda', 'känner', 'känsla', 'känsel', 'somatosensoriska_systemet', 'beröring_känsla', 'feeling', 'känna', 'känsligt', 'taktil', 'känslan', 'taktil_återkoppling', 'tonen', 'somatosensoriska', 'känslig', 'känslorna', 'känsloupplevelse', 'tro', 'stämning', 'beröring', 'känslor', 'intryck']
fight	slåss	Match	['väpnad_strid', 'träffning', 'kämpa', 'renkonterslag', 'renkonterstrid', 'strid', 'slaget_vid', 'motsätta', 'skärmytslingar', 'engagemang', 'barslagsmål', 'brooke_candy', 'bekämpa_utbildning', 'slag', 'militära_engagemang', 'strida', 'fejd', 'konkurrenskraft', 'konflikt', 'slåss', 'handgemäng', 'kamp', 'slagsmål', 'fight']
fish	fisk	Match	['lista_över_pokertermer', 'fiskarnas_stjärntecken', 'fish', 'mager_fisk', 'sh3pxd2a', 'marina_fiskar', 'fiskben', 'headsup', 'matfisk', 'main_event', 'pokerjargong', 'fisken', 'fiskyngel', 'finns_i_sjön', 'fisk', 'fiskar', 'go_fish', 'fesk', 'fiskarna_fiskar', 'all_in', 'pokeruttryck', 'mjölke', 'pokertermer', 'fiskkött', 'utdragning', 'allin', 'fiskarna', 'checka', 'fet_fisk', 'bad_beat', 'ichthyofauna', 'yngel', 'pisces', 'pterygiophore', 'fluorescens_in_situ_hybridisering', '♓', 'fiska', 'check', 'fluorescerande_in_situhybridisering', 'lista_över_pokeruttryck', 'dragfjäder', 'phish', 'longhanded', 'elver', 'fingerling', 'feta_fiskar']
flow	flöde	Match	['flytande_fysik', 'young_money', 'mens', 'volymetriska_flödet', 'hyudralisk', 'rinna', 'menstruationsblödningar', 'rappande', 'flyter', 'menstruera', 'menstruationen', 'rapmusik', 'hydrauliksystem', 'hydrauliskt', 'tendens', 'strömning', 'flow_festival', 'menstruation', 'rap', 'hydraultryck', 'hydralik', 'hydraulik', 'flöde', 'fluidmekanik', 'hydrodynamisk', 'ström', 'strömningsmekanik', 'hydrauliska', 'vattenbyggnad', 'fluiddynamik', 'räp', 'rap_artist', 'young_money_entertainment', 'gravity_recovery_and_interior_laboratory', 'hydraulsystem', 'ha_menstruation', 'florent_mothe', 'reglering', 'flow', 'strömningslära', 'catamenia', 'lingonveckan', 'emceeing', 'flödeshastighet', 'flödet', 'flödesdynamik', 'flytande_dynamicist', 'riktning', 'vattenbyggnadslära', 'protorap', 'flödesmekanik', 'rappa', 'hydraulisk', 'flöde_nätverk', 'rappare', 'hydrodynamiska', 'utöka_sökvägen', 'nätverk', 'rapping', 'vätskeflöde']
food	mat	Match	['king_dedede', 'krubb', 'proviant', 'näringskälla', 'makronäringsämnen', 'livsmedel', 'matos', 'storgitssjön', 'förplägning', 'nutrient', 'matvara', 'förplägnad', 'maten', 'näringsämne', 'macronutrient', 'proviantering', 'tankeställare', 'födoämnen', 'varm_måltid', 'föda', 'matvaror', 'fast_föda', 'mata', 'födoämne', 'näring', 'mat', 'näringsämnen', 'moanda', 'kirby', 'intellektuell_näring', 'närings']
garbage	skräp	Match	['rosk', 'avfallsmaterial', 'hushållsavfall', 'steve_marker', 'duke_erikson', 'avfall', 'avskräde', 'avfall_materia', 'restprodukt', 'kommunalt_avfall', 'withering_to_death', 'vägra', 'klipp', 'sopor', 'fast_avfall', 'skräp', 'kommunalt_fast_avfall', 'hushållssopor', 'skrot', 'metallavfall', 'garbage', 'järnskrot', 'matavfall']
gold	guld	Match	['guldmedaljer', 'aurum', 'atomnummer_79', 'alfa_testet', 'guldfärgad', 'mjukvaruutveckling', 'prealfa', 'utvecklingsstadiet', 'guld_album', 'guld_och_platinacertifikat', 'grönt_guld', 'sandhja', 'gold', 'platina_rekord', 'osguld', 'beta_mjukvara', 'programutveckling', 'guld', 'dubbel_platina', 'platina_certifikat', 'programvara_livscykel', 'releasekandidat', 'stängd_beta', 'gyllene_rekord', 'betatest', 'abba_gold__greatest_hits', '4955_gold', 'programvaruutveckling', 'öppen_beta', 'blått_guld', 'programvarudesign', 'silver_skiva', 'certifierad_guld', 'abba_gold_greatest_hits', 'betatestare', 'purpurfärgat_guld', 'programversion_livscykel', 'alfaversion', 'wanna_one', 'guldskiva', 'caseverktyg', 'bärnsten', 'guld_certifiering', 'kiss_gold_197482', 'lode_guld', 'guld_och_platina_certifikat', 'trippel_platina', 'abba_gold_–_greatest_hits', 'platinaskiva', 'platina', 'infödda_guld', 'guldalbum', 'abba_gold', 'bobby_brown', 'platinumcertifiering', 'guldmedalj', 'cold', 'släpp_till_tillverkning', 'programvarudesingn', 'the_heist', 'gyllene', 'mjukvaruteknik', 'multiplatina', 'ifpi_certifikat', 'släppa', 'amber', 'publik_beta', 'shooting_star', 'guld_singel', 'gult_guld', 'musikinspelning_försäljning_certifiering', 'guldmedaljör', 'platinaalbum', 'programversion', 'sandhja_kuivalainen', 'mcvities', 'platina_album', 'alfa_programvara', 'e175', 'e_175', 'young_lust_the_aerosmith_anthology', 'anthology']
great	väldig	Found close match: ['härligt']	['illustriousness', 'härligt', 'rxfp2', 'jättebra', 'storhet', 'stor', 'toppen', 'enastående']
gun	eldhandvapen	Match	['vapenaffär', 'vapen', 'revolverman', 'handeldvapen', 'anlitade_pistol', 'skjutvpane', 'torped', 'skjutvapen', 'gaspedalen', 'skytte', 'hitman', 'krutvapen', 'bössa', 'pedal', 'gunfighting', 'gaspedal', 'eldhandvapen', 'skjuta', 'conventional_weapons', 'gun', 'fettgun', 'små_handeldvapen', 'pistol_att_hyra', 'puffra', 'sanjiegun', 'små_arm', 'pistol', 'distrikt_i_japan', 'handeldvapnen', 'gevär', 'heavy_weapon', 'revolvermän', 'louder_than_love', 'gunslinger', 'triggerman', 'eldvapen']
hair	hår	Match	['kroppshår', 'kroppsbehåring', 'hair', 'hårvård', 'hårväxt', 'håret', 'hårstrå', 'tageltyg', 'sidecut', 'hairsbredd', 'hårsmån', 'hår', 'fjun', 'huvudet_hår', 'huvudhår', 'lanugohår', 'hårig', 'människohår']
help	hjälpa	Match	['utnyttja', 'stödja', 'the_help', 'hjälpreda', 'servera', 'assistent', 'undsättning', 'biståndsarbetare', 'hjälparbete', 'bistånd', 'assistera', 'hjälp', 'humanitärt_bistånd', 'avbytare', 'stöd', 'nistration', 'humanitär_hjälp', 'hjälpa', 'nödhjälp', 'niceville', 'tjäna', 'bistå', 'onlinehjälp', 'help']
hurting	inser	Not found	[]
ignorance	okunnighet	Match	['ignorans_okunskap', 'okunnighet', 'okunskap', 'avidya', 'ignorance']
illness	sjukdom	Match	['åkomma', 'sjukdomskänsla', 'sjukdomar', 'medicinsk_störning', 'medicinskt_tillstånd', 'naturalförlopp', 'sjuklighet', 'morbid', 'tillstånd', 'sjukdom', 'sjuk', 'medicinska_tillstånd']
impress	imponera	Match	['tvångsrekvirering', 'press_gäng', 'imponera', 'pressgäng', 'trycka']
invention	uppfinning	Match	['omstörtande_innovationer', 'innovativa', 'innovatör', 'uppfinna', 'teknisk_innovation', 'innovationer', 'uppfanns', 'uppfinningsrikedom', 'innovationsprocess', 'innovation', 'invention', 'uppfinnare', 'uppfinning', 'innovationsprocessen', 'uppfinningar']
investigation	förundersökning	Found close match: ['undersökning', 'undersökningen', 'forskning']	['research', 'undersökningen', 'efterforskning', 'forskningsmetoder', 'egen_forskning', 'akademisk_forskning', 'utredning', 'forska', 'forskare', 'vetenskapsmän', 'förfrågan', 'undersökning', 'forskning', 'utreda']
invisible	osynliga	Match	['dold', 'osynligt', 'omärklig', 'golv', 'fördold', 'evilized', 'elevate', 'undangömd', 'sound_of_white_noise', 'dream_evil', 'diskret', 'förstulen', 'invisible', 'osynlighet', 'tillbakadragen', 'osynliga', 'holy_diver', 'osynlig', 'taylor_swift', 'rainbow_in_the_dark', 'oansenlig']
job	jobb	Match	['andré_jobin', 'arbetslivet', 'vakans', 'anställda', 'job_puydedôme', '(tråkig)_rutinuppgift', 'preliminär_brottare', 'tjänst', 'arbetsgivare', 'uppdrag', 'jobin_andre', 'yrke', 'anställd', 'jobs_bok', 'kontrakt_arbetskraft', 'jobin', 'spekulera', 'syssla', 'arbetsplats', 'uppgift', 'sitt_jobb', 'anställa', 'att_görauppgift', 'sysselsättning', 'jobbstyrning', 'job', 'ayub', 'arbete', 'problem', '(tråkigt)_rutinarbete', 'personal', 'affärsverksamhet', 'typ_av_arbete', 'anställning', 'jobb']
jungle	djungeln	Match	['djungel', 'tash_sultana', 'jungel', 'luffare_läger', 'djungler', 'shine_a_little_love', 'djungeln', 'jungle', 'out_of_the_blue', 'oldschool_djungel']
kindness	hjälpsamhet	Incorrect	['vänlighet', 'forgivingness']
king	kung	Match	['spaderkung', 'monark', '♚', 'king_digital_entertainment', 'stora_affärsman', 'riley_b_king', 'hjärterkung', 'kungamakt', 'industriman', 'the_reverend_horton_heat', 'reverend_horton_heat', 'monarker', 'tc_king', 'monarkisk', 'visnes_tom_cato', 'högsta_verkställande', 'tidningsmogul', 'sjöfart_magnat', 'monarki', 'rex', 'magnat', 'kungamakten', 'billie_jean_king', 'bb_king', 'ruterkung', 'storkonung', 'klöverkung', 'industrialister', 'företagsledare', 'martin_luther_king', 'george_king', 'lumber_baron', 'kung', 'billie_jean_moffitt_kung', 'konung', 'monarkiska', 'tycoon', 'b_b_king', 'suveräna', 'kingcom', 'konungadöme', 'charles_bird_king', 'manlig_monark', 'martin_luther_king_jr', 'billie_jean_moffitt', 'kunglig', 'tom_cato_visnes', 'kungarike', 'konungar', 'industrialist', 'worldbeater', 'kungadöme', 'king_cape', 'monarkier', 'stormän', 'regnant', 'kungar', 'king_ov_hell', 't_c_king', 'monarken', 'king_billie_jean', 'king', '♔', 'kungadömet', 'kungen', 'monarkin', 'suverän', 'konungarike', 'king_bb', 'industrimagnat', 'krönt_huvud', 'verksamhet_magnat', 'b_b_kung', 'furste']
lady	lady	Match	['damer', 'stil', 'madonnan', 'fin_dam', 'titel', 'form_av_adress', 'the_virgin', 'titulatur', 'lady', 'kvinna_av_stånd', 'titlarna', 'damen', 'heliga_jungfrun', 'lady_och_lufsen', 'maria', 'vergil_sparda', 'frun', 'adelsdam', 'vergil', 'jungfru', 'chefstitel', 'sta_maria', 'titlar_för_social_status', 'maria_jesu_moder', 'mary', 'den_heliga_jungfrun', 'assumptio', 'brorskål', 'madonna', 'titlar', 'vår_fru', 'sankta_maria', 'maria_jesu_mor', 'jungfru_maria', 'titel_av_respekt', 'the_lady', 'dam', 'fru', 'lady_and_the_tramp', 'dame']
land	tunnland	Match	['jordbruk', 'nationen', 'realty', 'statsmakterna', 'nya_förbundsländerna', 'deklarativa_teorin_om_statsbildning', 'statskroppen', 'självständigt_land', 'fast', 'politiska_samhället', 'administrativ_territoriell_enhet_av_mexiko', 'fastighet', 'deklarativa_teorin_om_självständig_stat', 'godsägare', 'i', 'nation', 'hektar', 'statliga', 'statsmakt', 'alte_bundesländer', 'nationer', 'domän', 'edwin_herbert_land', 'jordbruksskiften', 'feodal_domän', 'landsbygdens_folk', 'självständig_stat', 'eget_land', 'tysklands_förbundsländer', 'lantgods', 'land', 'mexikanska_delstaten', 'föra', 'pulau_landu', 'jorden', 'jordagods', 'delstat', 'din_land', 'jordmån', 'suverän_stat', 'landmassa', 'res_publica', 'oberoende_politisk_enhet', 'fast_egendom', 'jordegendom', 'tysklands_delstater', 'nationalitet', 'egendom', 'mexikanska_stater', 'marken', 'statligt', 'staten', 'statlig', 'landet', 'jordegendomen', 'vad_är_suveräna_stater', 'fastighetsbeteckning', 'gamla_förbundsländerna', 'edwin_land', 'tunnland', 'neue_bundesländer', 'stat', 'rlftidningen', 'backe', 'fast_mark', 'fastighetsmarknaden', 'fastigheter', 'suveräna_stater', 'torra_land', 'nationellt', 'landlevande', 'fastighetsbranschen', 'världens_länder', 'gods', 'jord', 'terra_firma', 'länder', 'markrättigheter', 'landade_egendom', 'jord_som_egendom', 'mark', 'landa', 'statsmakten', 'sfären', 'kungsgård', 'nationaliteten', 'fastighetsrätt', 'oavhängig_stat', 'territorium', 'egendom_hus', 'edwin_h_land', 'äga']
laugh	skratta	Match	['jape', 'skratt', 'lurifax', 'skämtsam', 'skratta', 'violaskämt', 'haha', 'grina', 'skämt', 'skrattar']
law	lagstiftning	Match	['m72_law', 'polisskydd', 'snuten', 'naturlagar', 'rättsvetare', 'naturlig_rätt', 'kyrkorätt', 'ius_naturale', 'advokatverksamhet', 'kyrkolagfarenhet', 'av_lag', 'skriven_lag', 'kanoniskrättslig', '⚖', 'rättskunskap_a', 'corpus_juris_canonici', 'jur', 'polisärenden', 'snutar', 'lagstiftningsprocessen_i_sverige', 'juridikprofessor', 'juris', 'kyrkan_lag', 'rättvetenskap', 'juridiska_tjänster', 'kanon_advokat', 'polisen', 'lagstiftningen', 'rättslärd', 'naturrätten', 'lagstiftande_makten', 'lagstiftning', 'corpus_iuris_canonici', 'rättskunskap', 'polisens', 'juridik', 'poliser', 'law', 'codex_juris_canonici', 'beväpnad_polis', 'kyrkliga_lag', 'rätt', 'eart_hl_i_ng', 'kyrkolag', 'natural_law', 'polismakt', 'den_kanoniska_rätten', 'sakområde', 'lagkunskap', 'polisväsen', 'rättsområde', 'juridiska_studier', 'codex_iuris_canonici', 'naturlag', 'naturlig_rättighet', 'polismyndigheter', 'juridisk', 'naturliga_lagen', 'kanoniska_lagen', 'lagfarenhet', 'svarthjälm', 'rättslig_strid', 'kanonisk_lag', 'kanonisk_rätt', 'polis', 'rättsskipning', 'lagstiftande', 'constabulary', 'otillåten_öva_av_lag', 'lagstiftande_organ', 'sociallagstiftning', 'rättskipning', 'polisväsendet', 'naturrättsfilosofi', 'den_lagstiftande_makten', 'rättslära', 'rättsteori', 'luo', 'bängen', 'poliskår', 'juridisk_filosof', 'polisman', 'lag', 'earthling', 'polisaktion', 'kanoniska_rätten', 'polisväsende', 'lagstiftare', 'naturens_lagar', 'lagen', 'juridikstuderande', 'säkerhetsstyrkor', 'juridiken', 'fysiska_lagar', 'jus_naturale', 'regel', 'svarthjälmare', 'lagar', 'legislativ_makt', 'juridiska', 'rättsfilosofi', 'fysisk_lag', 'rättsvetenskaplig', 'juris_studiosus', 'naturrätt', 'naturlagarna', 'rättsvetenskap', 'fysikalisk_lag', 'lagstiftande_makt', 'potatisgris', 'kanonist', 'fysikens_lagar', 'snut', 'kyrkans_lag', 'ordningspolis']
left	lämnade	Incorrect	['vänsteroppositionen', 'vänsterkanten', 'vänstra', 'politiska_vänstern', 'kvar', 'venstre_norge', 'left', 'vänsterpartier', 'vänsterpolitik', 'vänstra_hand', 'vänsterism', 'venstre_danmark', 'vänsterorienterade', 'vänsterismen', 'vänsterlutande', 'politisk_vänster', 'vänsterparti', 'vänstern', 'venstre', 'vänster', 'vänsterytter', 'vänsterpolitiker', 'vänsterpolitiskt', 'esquerra_republicana_de_catalunya', 'kollektivistiska', 'vänsterregering']
level	nivå	Match	['bottenplan', 'libell', 'experience_point', 'plana_ut', 'bana', 'utjämna', 'adema', 'dosvattenpass', 'flat', 'berättelse', 'datorspelsnivå', 'grad', 'jämna_ut', 'platta_till', 'slangvattenpass', 'jämn', 'våning', 'jämna', 'peka', 'nivå', 'slät', 'etage', 'entrévåning', 'plan', 'mark_chavez', 'nivån', 'skala_grader', 'datorspelsbana', 'ett', 'erfarenhetsnivå', 'våningen', 'våningar', 'rasera', 'level', 'doslibell', 'horisontell_yta', 'vattenpass', 'experience_points', 'platt', 'erfarenhetspoäng', 'höjd', 'levél', 'laservattenpass', 'punkt', 'bottenvåning', 'graden', 'våningsplan', 'entréplan', 'golv_numrering']
liar	oförskämt	Incorrect	['person_som_slingrar_sig', 'so_far_so_good_so_what', 'louder_now', 'glory', 'lyra', 'lyres', 'lögnhals', 'liar', 'lögnare', 'liră', 'republic']
light	ljus	Match	['lampa', 'solskyddsglas', 'cigarettändare', 'fönster', 'fönstersmyg', 'ljusreflektion', 'licht', 'lätt', '⊞', 'twinbeeserien', 'tnfsf14', 'vindöga', 'fyrluftsfönster', 'inner_light', 'belysa', 'lättare', 'lysförmåga', 'fönsteraxlar', 'fönsterrad', 'byggnadsglas', 'fönsternisch', 'demontera', 'engångständare', 'inre_ljuset', 'tvåluftsfönster', 'kristus_inom', 'energisparglas', 'tända', 'bakgrund', 'luminans', 'ljuset', 'air', 'ruta', 'ljus', 'ljusvågor', 'fönsteraxel', 'lågenergiglas', 'tändare', 'blek', 'ljuskälla', 'elektrisk_lampa', 'ljust', 'lista_över_airavsnitt', 'planglas', 'fönsterruta', 'glugg', 'fönstret', 'fönsterbåge', 'fönsterband', 'ljusstyrka', 'synlig_strålning', 'ljus_inom', 'energiglas', 'light', 'light_yagami', 'fönsterrader', 'ljusvåg', 'fönsterglas', 'antända', 'synligt_ljus', 'pyroteknisk_initiator']
magic	magiska	Match	['alagaësia', 'hufflepuffs_bägare', 'magiskt', 'osynlighetsmantlar', 'illvrål', 'dame_kiri_janette_te_kanawa', 'polyjuice_elixir', 'leandro_marín', 'magiska', 'bertie_botts_bönor_i_alla_smaker', 'helga_hufflepuffs_bägare', 'trolldrycker_i_harry_potter', 'mandragorans_återställande_koncept', 'skeletoväx', 'minnsallt', 'hemlighetssensor', 'weasley_klocka', 'transfiguration', 'trollkarls_schack', 'octarine', 'black_lotus', 'svart_magi', 'transferenstestet', 'hemlighetssensorer', 'hemlighetsensor', 'priori_incantatem', 'hjälpande_handen', 'occlumency', 'r550_magic', 'wonderworking', 'trollkonst', 'sorteringshatten', 'magi_i_fiktion', 'snabbcitatspenna', 'flampulver', 'veritaserum', 'arvtagaren', 'chokladgrodor', 'flytt_nycklar', 'pumpapastej', 'trolleri', 'pell_axel_rudi', 'honungsöl', 'ocklumenering', 'trollkarlskort', 'horrokrux', 'te_kanawa_kiri', 'skelettoväx', 'levande_dödbrygden', 'flytt_nyckel', 'vilietjuskraft', 'marodörkartan', 'trolldom', 'animagus', 'sanningsdryck', 'sorteringshattens', 'borttrollningsskåp', 'reverse_spell_effect', 'mörkrets_märke', 'horrukrux', 'skivvärlden', 'chokladgrodskorten', 'bok_4', 'dame_kiri_te_kanawa', 'sorteringshatt', 'ellesmera', 'magin', 'ellesméra', 'bertie_botts_bönor', 'illusionism', 'ravenclaws_diadem', 'parseltongue', 'octiron', 'snokoskop', 'planeswalker', 'nattbussen', 'tvåvägsspegel', 'thaumaturgus', 'trolleri_trick', 'take_me_home', 'minnessåll', 'justin_timberlake', 'transferens', 'magic_the_gathering', 'legilimering', 'thaumaturgy', 'legilimency', 'chokladgrodkort', 'horrokruxerna', 'ormviskning', 'magiska_förmågor', 'magic', 'minnesåll', 'magiska_krafter', 'kiri_te_kanawa', 'magiskt_beskyddande', 'ormviskare', 'chokladgrodkorten', 'en_gnutta_magi', 'spionspegel', 'trick', 'felix_felicis', 'trans', 'magisk', 'slytherins_medaljong', 'försvinnande_skåp', 'magi_i_harry_potter', 'weasleyklocka', 'animagisk_förvandling', 'gamla_språket', 'tidvändare', 'animagusar', 'förtrollning', 'magi', 'magiskt_trick', 'snabbcitatpenna', 'magiska_föremål_i_harry_potter', 'metamorfmagisk_förvandling', 'driving_rain', 'rhox', 'den_hjälpande_handen', 'spöktransferens', 'en_spegel', 'obrytbara_eden', 'naturmagi', 'dominia', 'gryffindors_svärd', 'flammande_bägaren', 'umbridges_penna', 'fläderstaven', 'magicthe_gathering', 'chokladgrodekorten', 'amortentia', 'horcrux', 'the_ys', 'besvärjelse', 'matra_r550_magic', 'gobstenar', 'pluto', 'tvåvägs_spegel', 'envägsspegel', 'föremål_i_harry_potter', 'den_obrytbara_eden', 'flyttnycklar', 'erisedspegeln', 'flyttnyckel', 'chokladgroda', 'illusionister', 'metamorfmagus', 'tidsvändare', 'släckare', 'chokladgrodekort', 'gamps_lag', 'make_a_scene', 'axel_rudi_pell', 'trolleritrick', 'polyjuice', 'hemlighets_sensor', 'polyjuiceelexir', 'hjälpande_hand', 'illusionist', 'den_flammande_bägaren', 'gubraitiansk_eld', 'artefakt', 'wolfsbanetrolldryck', 'den_levande_dödbrygden', 'taskspeleri', 'erised_spegeln', 'minnessållet', 'timberlake_justin', 'natt_bussen', 'chokladgrodskort', 'horrokruxerna_i_harry_potter', 'marodörkarta', 'trollkarlschack', 'avslöjare', 'svartkonster_i_harry_potter', 'te_kanawa', 'secret_time', 'smutsskallar', 'kittelkaka', 'minnessallt', 'svartkonst', 'thaumaturge', 'trollformel', 'fiendespegel', 'timberlake', 'trollkarlsschack', 'konfrontationsspegel', 'thaumaturgic', 'polyjuice_elexir', 'obrytbar_ed', 'polyjuiceelixir', 'försvinnandeskåp', 'fiende_spegel']
marriage	äktenskap	Match	['äktenskapets_sakrament', 'bröllopet', 'gifta', 'att_gifta_sig', 'gift_par', 'ogiltighet', 'bröllop', 'bröllopssvit', 'katolska_äktenskap', 'gifta_sig', 'hymeneals', 'könsneutrala_äktenskap', 'giftermål', 'borgerlig_vigsel', 'union', 'makar_relation', 'bröllops', '⚭', 'äktenskapet', 'gifte', 'brudlopp', 'man_och_hustru', 'makar', 'ogift', 'vigsel', 'vigselceremonier', 'nihility', 'ingifte', 'äktenskapsmål', 'åtagande_ceremoni', 'var_gift_par', 'brölopp', 'äktenskap', 'bröllopp', 'bröllopsdag']
material	material	Match	['stoff', 'grejer', 'materiellt', 'vävnad', 'saker', 'materialist', 'väv', 'textilier', 'materialistiska', 'ämne', 'materialister', 'tyger', 'fysikalism', 'materialism', 'textilmaterial', 'stoppning', 'materialistisk', 'tyg', 'textil', 'material', 'materialismen', 'fysisk_ontologi']
mathematical	matematiska	Match	['matematisk', 'matematiskt', 'matematiken', 'mattematik', 'matematik', 'matematiska_begrepp', 'matte', 'matematikterminologi', 'matematiskt_begrepp', 'matheseos', 'matematiska']
mechanism	mekanismerna	Found close match: ['mekanismen', 'mekanism', 'reaktionsmekanismer']	['apparat', 'mekanistisk', 'maskineri', 'maskiner', 'maskin', 'apparater', 'reaktionsmekanismen', 'kemisk_mekanism', 'rörelse', 'mekanism', 'reaktionsmekanism', 'kapital_utrustning', 'reaktionsmekanismer', 'mekanismen']
medication	läkemedelsbehandling	Found close match: ['läkemedelsdosering', 'läkemedlen', 'läkemedel']	['storsäljande_läkemedel', 'läkemedel_läkemedel', 'medicin', 'botemedel', 'kurera', 'medicinering', 'läkemedelsdosering', 'version_20', 'farmaka', 'läkemedel', 'mediciner', 'farmaceutiska', 'medikament', 'läkemedlen', 'rescue']
money	pengar	Match	['history_past_present_and_future_book_i', 'something_kinda_ooooh', 'history', 'penningväsen', 'money', 'penningeväsen', 'monetär', 'pornograffitti', 'the_sound_of_girls_aloud', 'ekonomisk', 'extreme_ii_pornograffitti', 'pekunjär', 'pengar', 'betalningsmedel', 'rikedom', 'monetära', 'peng', 'kosing', 'schaber', 'stålar']
mountain	berg	Match	['dräpte', 'mycket', 'passel', 'muckle', 'berget', 'mickle', 'en_del', 'bergiga', 'parti', 'bra_affär', 'bergstopp', 'bergmassiv', 'nätt_summa', '482', 'sahtu', '⛰', 'ganska_liten', 'hel_del', 'berg', 'mängd', 'mountain']
movement	rörelsen	Match	['movement', 'bajsar', 'konströrelse', 'exkrement', 'hundbajs', 'konstnärlig_rörelse', 'sats', 'korståg', 'folkrörelserna', 'naturbehov', 'filosofisk_rörelse', 'uträtta_sina_behov', 'konkelbär', 'did_it_again', 'rörelser_konst', 'feces', 'förflyttning', 'djurs_rörelse', 'she_wolf', 'skit', 'publiken', 'samhällsrörelse', 'motilitet', 'defekation', 'bajs', 'folkrörelser', 'hästspillning', 'defekera', 'fæces', 'hästbajs', 'fekal', 'uppenbar_rörelse', 'lort', 'bajsa', 'phifenomenet', 'konst_rörelse', 'give_it_up_to_me', 'rörelsen', 'skiter', 'bajskorvar', 'kinematik', 'rörelse', 'faeces', 'bajsat', 'sak', 'nummer_två', 'grupptalan', 'skenbar_rörelse', 'avföring', 'kogödsel', 'kollektiv_handling', 'skitkorv', 'bajskorv', 'the_pillows', 'fekalier', 'dynga', 'estetisk_rörelse', 'lokomotion', 'fågelspillning', 'social_rörelse', 'tarmrörelser', 'phi_fenomen', 'spillning', 'skita', 'likformig_rörelse', 'folkrörelse', 'exkrementer', 'träck', 'sociala_rörelser', 'hop', 'rörelseaktivitet', 'rörelser']
movie	filmen	Match	['filmkonst', 'rörliga_bilder', 'rörlig_bild', 'filmen', 'filmpris', 'film', 'rörliga_bilder_visar', 'färgfilm', 'större_film', 'rörelsebild', 'full_motion_video', 'motion_picture', 'fullmotion_video', 'filma', 'kinematografi', 'kites', 'biograf', 'rörelsebildspel', 'stora_skärmen', 'filmer', 'filmatisera', 'bildspel']
music	musik	Match	['countryrock', 'musikalisk', 'musikarkeologi', 'the_music', 'what_it_feels_like_for_a_girl', 'musik', 'landrock', 'music', 'förhistoriska_musik', 'välljud', 'impressive_instant', 'eufoni', 'countryrockmusik', 'musiken', 'country_rock', 'musikåret', 'tonkonst']
nation	nationen	Match	['lord_vetinari', 'skivvärlden´s_böcker', 'nationen', 'staten', 'statlig', 'esmerelda_vädervax', 'statsmakterna', 'nationsobligatorium', 'landet', 'länder', 'trollkarlens_stav', 'discworld', 'eget_land', 'självständig_stat', 'nya_förbundsländerna', 'tysklands_förbundsländer', 'herrskapsfolket', 'mexikanska_delstaten', 'vad_är_suveräna_stater', 'deklarativa_teorin_om_statsbildning', 'land', 'gamla_förbundsländerna', 'statskroppen', 'självständigt_land', 'nationsbyggnad', 'viväcka_vitlöök', 'statsmakten', 'skivvärlden', 'politiska_samhället', 'margret_vitlöök', 'delstat', 'nationaliteten', 'carry_nation', 'neue_bundesländer', 'studentnationer', 'stat', 'administrativ_territoriell_enhet_av_mexiko', 'suverän_stat', 'det_fantastiska_ljuset', 'carrie_nation', 'mort', 'deklarativa_teorin_om_självständig_stat', 'oavhängig_stat', 'nationes', 'angua', 'kapten_morot', 'skivvärldens_böcker', 'kendrick_lamar', 'oberoende_politisk_enhet', 'res_publica', 'studentnation', 'nation', 'nations', 'suveräna_stater', 'statsmakt', 'tysklands_delstater', 'nationalitet', 'nanny_ogg', 'carry_amelia_moore_nation', 'statliga', 'svartkonster', 'nationellt', 'landlevande', 'alte_bundesländer', 'världens_länder', 'nation_station', 'mexikanska_stater', 'nationshus', 'nationer', 'statligt']
news	nyhetssändningar	Incorrect	['tvnyheter', 'nyhetsrapport', 'nyhetsprogram', 'nyheder', 'koyama_keiichiro', 'nyhetsvärde', 'aktuella_händelser', 'nyhet', 'ord', 'news', 'nyheter', 'kato_shigeaki', 'nyheterna', 'nyhets', 'nyheter_rapport']
noise	högtalarna	Incorrect	['saltbrus', 'elektriskt_brus', 'elektroniskt_brus', 'buller', 'oljud', 'bullrande', 'industribuller', 'buller_reglering', 'noise_music', 'bullrig', 'ljud', 'störningar', 'elementary_os', 'hagelbrus', 'signalbrus', 'atmosfäriska', 'radio_buller', 'ljudutbredning', 'cmb', 'atmosfäriska_statiska', 'stochasticity', 'noisepop', 'noisemusik', 'myrkrig', 'brus', 'bildbrus', 'ljudet', 'noise', 'kosmisk_bakgrundstrålning', 'myrornas_krig', 'oväsen', 'mika_horiuchi', 'akustisk_våg', 'slumpmässigt_brus', 'ljudvågor', 'haphazardness', 'noise_pop', 'stomljud', 'kosmiska_bakgrundsstrålningen', 'bakgrundsstålning', 'kosmisk_bakgrundsstrålning', 'ljudförorening', 'cbr', 'ljudvåg', 'buller_musik', 'cmbr', 'ljudföroreningar']
obligation	förpliktelse	Match	['obligationsrätt', 'skyldigheter', 'fordringsrätt', 'förlagsbevis', 'löften', 'löfte', 'utfästelse', 'ansvarsområde', 'tomt_löfte', 'intyg_om_skuldsättning', 'förpliktelse', 'förlagslån', 'plikt', 'ansvar', 'plikter', 'skyldigheten', 'skyldighet', 'skuldebrev']
pain	smärta	Match	['pina', 'skada', 'värk', 'nociception', 'smärta', 'pain', 'smärta_i_röven', 'nociceptiv', 'king_of_da_ghetto', 'smärtsinnet', 'akut_smärta', 'smärtupplevelse', 'smärtan', 'forever', 'irritation', 'smärttröskel', 'smärtsam_känsla', 'smärtor', 'games_pain']
personality	personlighet	Match	['personality', 'personligheten', 'personlighet']
philosophy	filosofi	Match	['filosofin', 'philosophy', 'filosofi', 'filosofisk', 'doktrinära', 'tillämpad_filosofi', 'filosofisk_skola', 'läror', 'skola', 'filosofiska', 'lära', 'tänkare', 'politisk_doktrin', 'läran', 'filosoferande', 'filosofiskt_system', 'doktrin', 'ism', 'filosofen']
picture	bilden	Match	['illustrationer', 'hufflepuffs_bägare', 'illustrationen', 'osynlighetsmantlar', 'illvrål', 'polyjuice_elixir', 'bertie_botts_bönor_i_alla_smaker', 'målare', 'helga_hufflepuffs_bägare', 'trolldrycker_i_harry_potter', 'mandragorans_återställande_koncept', 'se', 'skeletoväx', 'minnsallt', 'hemlighetssensor', 'fotografi', 'weasley_klocka', 'transfiguration', 'trollkarls_schack', 'ordet_bild', 'avatar', 'konstnär', 'transferenstestet', 'hemlighetssensorer', 'hemlighetsensor', 'priori_incantatem', 'hjälpande_handen', 'occlumency', 'kinematografi', 'scenen', 'fotografier', 'sorteringshatten', 'föreställa_sig', 'snabbcitatspenna', 'flampulver', 'veritaserum', 'kiss', 'chokladgrodor', 'avbildning', 'teckning', 'flytt_nycklar', 'pumpapastej', 'photos', 'filmatisera', 'honungsöl', 'ocklumenering', 'trollkarlskort', 'horrokrux', 'skelettoväx', 'bild', 'levande_dödbrygden', 'flytt_nyckel', 'filmen', 'film', 'cobol', 'vilietjuskraft', 'marodörkartan', 'animagus', 'sanningsdryck', 'sorteringshattens', 'borttrollningsskåp', 'reverse_spell_effect', 'mörkrets_märke', 'horrukrux', 'chokladgrodskorten', 'pennteckning', 'picture', 'sorteringshatt', 'bertie_botts_bönor', 'ravenclaws_diadem', 'filma', 'parseltongue', 'snokoskop', 'målning', 'biograf', 'tonmåleri', 'ord_målning', 'nattbussen', 'mental_bild', 'tvåvägsspegel', 'stora_skärmen', 'minnessåll', 'transferens', 'legilimering', 'legilimency', 'profilbild', 'chokladgrodkort', 'rörliga_bilder', 'wordmålning', 'horrokruxerna', 'ormviskning', 'mentala_bilder', 'magiska_förmågor', 'filmpris', 'fotografiet', 'minnesåll', 'magiskt_beskyddande', 'illustrerade_böcker', 'ormviskare', 'chokladgrodkorten', 'färgfilm', 'felix_felicis', 'slytherins_medaljong', 'försvinnande_skåp', 'teckningskonst', 'magi_i_harry_potter', 'weasleyklocka', 'animagisk_förvandling', 'tidvändare', 'målningar', 'animagusar', 'magi', 'bilden', 'tavlor', 'magiska_föremål_i_harry_potter', 'snabbcitatpenna', 'större_film', 'metamorfmagisk_förvandling', 'tavla', 'tecknare', 'måleri', 'den_hjälpande_handen', 'spöktransferens', 'motion_picture', 'ordmålning', 'obrytbara_eden', 'gryffindors_svärd', 'flammande_bägaren', 'umbridges_penna', 'fläderstaven', 'chokladgrodekorten', 'amortentia', 'målarkonst', 'horcrux', 'gobstenar', 'filmer', 'föremål_i_harry_potter', 'kort', 'den_obrytbara_eden', 'bilder', 'bildspel', 'flyttnycklar', 'erisedspegeln', 'filmkonst', 'chokladgroda', 'flyttnyckel', 'rörlig_bild', 'metamorfmagus', 'handteckning', 'tidsvändare', 'släckare', 'chokladgrodekort', 'gamps_lag', 'design', 'polyjuice', 'hemlighets_sensor', 'polyjuiceelexir', 'hjälpande_hand', 'rörliga_bilder_visar', 'den_flammande_bägaren', 'gubraitiansk_eld', 'wolfsbanetrolldryck', 'den_levande_dödbrygden', 'erised_spegeln', 'chokladgrodskort', 'minnessållet', 'horrokruxerna_i_harry_potter', 'natt_bussen', 'marodörkarta', 'avslöjare', 'trollkarlschack', 'svartkonster_i_harry_potter', 'rörelsebild', 'smutsskallar', 'kittelkaka', 'minnessallt', 'illustrerad', 'svartkonst', 'fiendespegel', 'klassisk_målning', 'målarinna', 'trollkarlsschack', 'illustration', 'foto', 'rörelsebildspel', 'polyjuice_elexir', 'obrytbar_ed', 'polyjuiceelixir', 'försvinnandeskåp', 'fiende_spegel']
pig	kyckling	Found close match: ['styckning', 'kulting']	['smutsgris', 'vildsvin', 'so', 'zhū_bājiè', 'griskulting', 'fläskbog', 'zhu_baije', 'svinuppfödning', 'sus', 'grisa', 'fetto', 'svin_scrofa', 'watts_raymond', 'zhu_wuneng', 'grisen', 'styckning', 'svindjur', 'grisning', 'fläskkotlett', 'pigging', 'scrofa', 'sidfläsk', 'tamgris', 'polis', 'fläskkött', 'svinavel', 'vilda_svin', 'griskött', 'gris_säng', 'pine_island_glacier', 'rulta', 'slaktsvin', 'vildsvinet', 'fetknopp', 'grisar', 'shoat', 'tamgrisar', 'svin', 'piggy', 'svinskötsel', 'conjoiner', 'raymond_watts', 'pig', 'tamsvin', 'fläsk', 'slusk', 'shote', 'conjoiners', 'kulting', 'fläskhare', 'spädgris', 'hog', 'grisuppfödare', 'zhu_bajie', 'vilda_grisar', 'sugga', 'sluka', 'sus_domestica', 'sus_scrofa_domestica', 'gris', 'grisarna', 'sus_scrofa', 'slovenly_personen', 'vilda_hog', 'fläskfilé', 'snut', 'porc', 'tjockis']
plan	plan	Match	['pay_day', 'planerar', 'planer', 'designa', 'kinas_flotta', 'kinesiska_flottan', 'anna_hägg_sjöquist', 'plan_sverige', 'planera', 'folkets_befrielsearmés_flotta', 'plan', 'tänka_ut', 'peoples_liberation_army_navy', 'programchef', 'arkitektonisk_plan', 'teckningar', 'plan_isère', 'plan_pay_day', 'arkitektonisk_planering', 'program', 'planen', 'anna_häggsjöquist']
plant	växterna	Found close match: ['växter', 'växten', 'växtarter']	['fysiska_anläggningen', 'växten', 'plantae', 'löpandebandsprincipen', 'fabriken', 'vegetabilisk', 'trigun', 'floror', 'fabriker', 'löpandebandprincipen', 'floran', 'lockfågel', 'industrianläggningar', 'växter', 'växtriket', 'löpande_bandprincipen', 'factorij', 'manufactory', 'löpande_band', 'bruk', 'tillverkningsanläggning', 'fabrik', 'monteringslinje', 'aktrisen', 'löpande_bandet', 'faktorier', 'varelse_typ', 'produktionslinje', 'sveriges_flora', 'produktionline', 'faktori', 'löpandet_bandet', 'floristisk', 'archaeplastida', 'planta', 'plantera', 'produktionsanläggning', 'feitoria', '⛭', 'plant', 'växtliv', 'vegetation', 'industrianläggning', 'när_uppträdde_växter', 'växt', 'växtarter', 'flora', 'fabriksarbetare', 'anläggning', 'etablera']
play	spela	Match	['svärdkamp', 'kördes', 'play', 'glapp', 'satsa', 'android_market', 'dramatiskt', 'dramatik', 'anna_sundstrand', 'gambling', 'vadslagning', 'lekar', 'stageplay', 'tur', 'spelare', 'scenkonst', 'dramatisk_konst', 'fria_tyglar', 'dramatiken', 'skimmer', 'google_play_store', 'upptåg', 'slå_vad', 'teaterföreställning', 'drama', 'lekkamrat', 'versdrama', 'dramer', 'kasinospel', 'spel', 'agera', 'teaterstycke', 'hasardspel', 'google_play', 'sällskapslek', 'fäktning', 'dramagenre', 'teaterstycken', 'skådespel', 'pjäser', 'skådespelen', 'christopher_martin', 'teaterpjäs', 'spela_under', 'psykologiskt_drama', 'gaming', 'spela', 'period_lek', 'leka', 'dramat', 'pjäs', 'pjäsen', 'pjäsförfattare', 'teaterpjäser', 'play_store', 'glädjesprång', 'spel_och_dobbel', 'lek', 'manöver', 'dramatisk_lek']
pleasure	behag	Incorrect	['sondre_lerche', 'semisonic', 'njuta', 'fredrik_ball', 'glädje', 'lerche_sondre', 'nöje', 'semisomic', 'lerche', 'njutning', 'pleasure_p']
poor	dåliga	Incorrect	['frivillig_fattigdom', 'armod', 'den_globala_fattigdomen', 'utblottade', 'fattighjon', 'arm', 'fattiga_människor', 'löfte_av_fattigdom', 'pauperism', 'fattigdom', 'absolut_fattigdom', 'utarmning', 'fattig', 'relativ_fattigdom', 'stackars', 'fattiga', 'låg_inkomst']
prison	fängelset	Match	['fängelse', 'fängelsen', 'glad_to_be_gay', 'minsta_säkerhet', 'anstalt', 'fängslad', 'kriminalvårdsanstalt', 'länet_fängelse', 'fängelser', 'robinson_tom', 'tom_robinson', 'sector_27', 'robinson', 'fängelsesystemet', 'sluten_anstalt', 'fängelset', 'jailhouse', 'pokey', 'medelhög_säkerhet', 'tom_robinson_band', 'prison', 'poky', 'fängsla', 'ffängelsestraff']
professional	professionella	Match	['hockeyproffs', 'halvtidsproffs', 'professionell', 'professionell_fotboll', 'sakkunnig', 'professionella', 'fackman', 'expert', 'professionellt', 'professionalism', 'halvproffs', 'som_ger_ett_professionellt_intryck', 'professionell_idrott', 'deltidsproffs', 'helproffs', 'yrkesverksam_person', 'heltidsproffs', 'experter', 'fulltidsproffs', 'proffs', 'professionella_idrottare', 'professionell_idrottsman', 'mästare']
protection	skydd	Match	['protection', 'säkerhet', 'skydd', 'regi', 'egenskapsuttryck', 'anquan_xiang', 'handelspolitiska_skyddsåtgärder', 'anquan', 'resesäkerhet', '安全乡', 'trygghet', '安全', 'beskydd', 'skyddskåpa']
quality	kvalitet	Match	['tonen', 'stånd', 'klanger', 'timbral', 'egenskap', 'timbre', 'kvalitet', 'klangfärg', 'utbytet', 'kvaliteten', 'karaktär', 'kvalité', 'klang', 'hög_rang', 'kvalitativ', 'quality']
reaction	reaktion	Match	['kemiskt', 'reaktioner', 'kemisk_produkt', 'reaction', 'reaktionsprodukt', 'svar', 'reaktion', 'kemiska_reaktioner', 'kemiska_reaktionen', 'kemisk_reaktion']
read	läsa	Match	['läser', 'högläsning', 'katharine_read', 'läsa', 'tar', 'ta', 'läste', 'nördning', 'studera', 'läst', 'läsning', 'read', 'läs', 'läsande']
relationship	relationen	Found close match: ['relationer', 'relation', 'sociala_relationer']	['matertera', 'släktskap_och_härkomst', 'systerdotter', 'skyldemän', 'systerson', 'härkomst_grupp', 'släktskap', 'frände', 'sjumänning', 'kontakt', 'släktsamband', 'brorsdotter', 'nevö', 'förhållande', 'släktskapsrelation', 'farmor', 'sociala_relationer', 'relation_mellan_personer', 'bekant', 'slägt', 'släkt', 'mellanmänskliga_relationer', 'långsiktig_relation', 'ättling', 'förhållandet', 'morbror', 'mellanmänskligt_förhållande', 'bekantskap', 'mellanmänsklig_relation', 'fosterson', 'faster', 'farfar', 'släktled', 'nevö_och_niece', 'moster', 'relationer', 'relation', 'mänskliga_relationer', 'kognatisk_härstamning', 'släkting', 'sällskap', 'umgänge', 'brorson', 'släktskapsrelationer', 'nièce', 'socialt_umgänge', 'adoptivförälder', 'fosterdotter', 'fränka', 'ätter', 'mänsklig_interaktion', 'femmänning', 'mormor', 'farbror', 'social_relation', 'trassling', 'släktingar', 'släktskapstermer', 'släkter', 'morfar', 'sexmänning', 'adoptivdotter', 'niece', 'adoptivson']
religious	religiösa	Match	['klerk', 'kerikalinstitut', 'religiös', 'gudfruktig', 'religiösa', 'religiöst', 'klerikalinstitut']
residence	bostad	Match	['bosättning', 'boställe', 'bostadshus', 'habitant', 'boplats', 'boende', 'hus', 'hemvist', 'uppehållstillstånd', 'herrgård', 'vistelse', 'residencia', 'bostad', 'platsen', 'invånare', 'privat_bostad', 'dweller', 'boning', 'hem', 'bostäder', 'residens', 'hem__hemma', 'herrgårdar', 'bostäder_i_sverige', 'privatbostad']
road	landsvägen	Found close match: ['landsväg', 'landsvägar', 'vägen']	['landsvägstrafik', 'the_road', 'vägbyggen', 'tvåfältsväg', 'bortaplan', 'landsvägar', 'vägbeläggning', 'väg', 'vägar', 'landsväg', 'bortamatch', 'vägtrafik', 'vägen', 'road', 'väg_spel', 'new', 'gångbanan', 'bilväg']
sad	sorgen	Found close match: ['sorgsen', 'sorg', 'sorgsenhet']	['sorgligt', 'tragiskt', 'sorg', 'mörkerdepression', 'sad', 'höstdepression', 'höst_och_vinterdepression', 'vinterdepression', 'årstidsbundna_depressioner', 'surat_sad', 'osterlars', 'österlarsker', 'sorgsen', 'sorgsenhet', 'årstidsrelaterad_depression', 'årstidsrelaterad_affektiv_störning', 'lost_dogs', 'østerlarskirke', 'tsadi', 'österlars', 'sadhe', 'østerlars', 'seasonal_affective_disorder', 'ledsen', 'årstidsbunden_depression', 'tråkigt']
science	naturvetenskap	Match	['vetenskapen', 'vetenskapligt', 'vetenskaplig_disciplin', 'empirisk_vetenskap', 'grundforskning', 'discovery_science', 'naturvetenskap', 'vetenskaplig', 'science_channel', 'vetenskaperna', 'skicklighet', 'vetenskap', 'science', 'etablerade_vetenskapen', 'tillämpad_forskning', 'vetenskapliga']
seafood	fiskmjöl	Incorrect	['skaldjur', 'fisk_och_skaldjur']
sell	sälja	Match	['utrikeshandel', 'handelns_historia', 'inrikeshandel', 'förråda', 'realisera', 'handeln', 'utbjuda', 'tillhandahålla', 'maritima_handel', 'svika', 'sälj', 'sälja', 'idka_handel', 'kränga', 'erbjuda', 'nasa', 'handel', 'säljer', 'handlar', 'sell']
sew	fläta	Incorrect	['sömnad', 'stitchery', 'syr', 'sy']
sexy	sexiga	Match	['sexy', 'sexig', 'elephunk', 'sexiga']
shape	cirkelrund	Incorrect	['humanfysiologi', 'mänsklig_kropp', 'fotbollsuppställning', 'siffran', '4231uppställning', 'vers–refrängform', 'kött', 'primitiv', 'bilda', '442', 'materiella_kroppen', 'fysiska_kroppen', 'människans_fysiologi', 'mänskliga_kroppen', 'anatomiska_variation', 'hudpigmentering', 'allied_command_operations', 'spelsystem', 'människans_anatomi', 'mönstret', 'kropp', 'överbefälhavare_för_de_allierade_commander_europa', 'forma', 'supreme_headquarters_allied_powers_europe', 'definition', 'bod', 'tillstånd', 'monastrell', '433', 'människokropp', 'shape', 'avgöra', 'högsta_allierade_styrkorna_europa', 'wm_bildning', 'form', 'högkvarteret_allied_powers_europe', 'människokroppen', 'musikalisk_form', 'anatomisk_variation']
ship	fartyget	Found close match: ['fartygets', 'fartyg']	['ship', 'skepp', 'fartyg', 'inpp5d', 'fartygets', 'ship_morena', 'skicka']
show	showen	Found close match: ['show']	['ställa_ut', 'uttrycka', 'vadslagning', 'gambling', 'spelare', 'lantbruksmöte', 'show', 'vitsorda', 'kasinospel', 'spel', 'hasardspel', 'visar', 'uppvisning', 'demonstrera', 'fastställa', 'visa', 'bevisa', 'gaming', 'föreställning', 'länets_mässor', 'spel_och_dobbel', 'county_fair']
sign	avsiktsförklaring	Incorrect	['signalering', 'järtecken', 'bokstav', 'kliniska_tecken', 'brown_eyed_girls', 'elektronegativ', 'skriva_under', 'underteckna', 'signera', 'nonnegative', 'skyltar', 'omen', 'positivt_tal', 'planetariska_hus', 'elektropositiv', 'semiology', 'hus', 'preindication', 'grafisk_symbol', 'kommersiella_skyltar', 'paulingskalan', 'elektronegativa', 'stjärntecken', 'auspicier', 'förbud', 'tecken', 'elektronegativitet', 'fynd', 'skylt', 'teckensystem', 'zodiaktecken', 'semiotik', 'signal', 'födelsetecken', 'ratificera', 'signum', 'medicinsk_tecken', 'polaritet', 'semiotiska', 'skyltning', 'auspicia', 'astrologiska_tecken', 'ickenegativa', 'stjärntäcken', 'grafem', 'semiotiker', 'semiologi']
silly	tycker	Incorrect	['dumma', 'nonsensicality', 'silly_belgien', 'meningslösa', 'dum', 'dumt', 'dåraktig', 'hokum', 'löjlig', 'nonsens', 'omtöcknad', 'fånigt', 'löjligt', 'silly', 'meningslös', 'enfaldig']
sin	gudomen	Incorrect	['singalesiska', 'siṃhala', 'sin', 'singalesiska_språket', 'polr3e', 'singapore_changi_flygplats', 'synder', 'synd', 'sinhala', 'nannar', 'syndare', 'singales', 'sinusoidal', 'sinhalesiska', 'syndfullhet', 'synda', 'singalesisk_skrift', 'synden', 'sinusfunktionen', 'nanna', 'sinuskurva', 'singapore_changi_airport', 'syndelse', 'shin', 'sinus', 'syndaren', 'efs', 'simhala']
skin	huden	Match	['huden', 'day_for_night', 'plugins', 'tryckta_kretskort', 'pied_piper_of_rb', 'skinnable', 'almost_human', 'mentalsjukhus', 'flerlagerkort', 'ray_of_light', 'the_r_in_rb_vol_1', 'psykiatriskt_sjukhus', 'makt_plan', 'public_announcement', 'plugin_program', 'trapped_in_the_closet_the_book', 'deborah_dyer', 'tillägg', 'zomba_records', 'skin', 'por', 'asyl', 'trapped_in_the_closet_the_movie', 'nothing_really_matters', 'the_r_in_rb', 'fuck_yall', 'blender', 'effekt_plan', 'hudcell', 'the_r_in_rb_collection_vol_1', 'skal', 'mental_hem', 'skala', '2_chainz', 'cutis', 'mönsterkortet', 'zest', 'printed_circuit', 'kretskort', 'insticksmodul', 'insticksprogram', 'australiensisk_aboriginal_släktskap', 'epic', 'remix_city_vol_1', 'kelly_r', 'kungen_av_rb', 'breakout_board', 'skinn', 'hud', 'kelly', 'hy', 'honey_love', 'king_of_rb', 'mönsterkort', 'r_kelly', 'the_power_of_goodbye', 'pied_piper', 'pluginprogram', 'kutan', 'trapped_in_the_closet', 'robert_sylvester_kelly', 'plugin', 'tilläggsprogram', 'dårhus', 'inneragnen', 'fjällning']
smart	smart	Match	['selfmonitoring_analysis_and_reporting_technology', 'klok', 'smart', 'oförskämd', 'intelligensnivå', 'klyftig', 'intellekt', 'motorisk_kunskap', 'smart_automobile', 'fräck', 'smart_målformulering', 'svidande', 'begåvning', 'förstånd', 'intelligent', 'näsvis', 'skada', 'smarta', 'intellektuellt', 'intelligensforskning', 'intelligens', 'mental_kapacitet', 'begåfning']
smiling	förtjusande	Incorrect	['leende', 'smil', 'grin', 'flinade', 'ler', 'le']
solution	lösning	Match	['mättnad', 'omättad_lösning', 'hypoton', 'övermättad_lösning', 'ekvationslösning', 'lösta_ämnen', 'resultat', 'homogen_blandning', 'mättnadspunkt', 'hypotonic', 'övermättad', 'solution', 'problemlösande', 'resultatet', 'lika_löser_lika', 'hyperton', 'lösning', 'vattenlösligt', 'problemlösning', 'mättad_lösning', 'hypertonic', 'lösningar', 'svar']
soul	soul	Match	['själfullhet', 'hebp2', 'själ', 'individer', 'någon', 'individualitet', 'soulmusik', 'själen', 'soul', 'aiúa', 'själar', 'dödlig', 'individ', 'person']
sound	ljudbild	Found close match: ['ljud']	['talljud', 'kry', 'låta', 'havssund', 'telefon', 'språkljud', 'ljud', 'frisk', 'auditiva_sensation', 'ljudutbredning', 'foner', 'sound', 'sund', 'ljudet', 'nor', 'tecnocumbia', 'akustisk_våg', 'ljudvågor', 'stomljud', 'fon', 'ljudvåg']
spoke	talade	Match	['talspråklig', 'hjul_talade', 'prat', 'ekrarna', 'talsignal', 'talkommunikation', 'talförmåga', 'muntlig_kommunikation', 'språk', 'rundle', 'tal', 'mänskligt_tal', 'pratade', 'eker', 'talade_språket', 'prata', 'talförmågan', 'spoke', 'talade', 'talspråk', 'tungomål', 'röstkommunikation']
star	stjärna	Match	['✶', 'stjärnutveckling', 'estelle', 'känd_person', '✬', 'stjärnan', 'popstjärna', 'blå_eftersläntrar', 'stjärntopologi', 'tarball', 'ilean_almaguer', 'mavin', 'stjärna', 'star_idaho', '✫', 'lyxhotell', '★', 'stjärngraf', '✰', 'headliner', '∗', '✹', 'swift_wind', 'bcgmatrisen', 'ledande_aktör', 'steroidogena_akut_regulatoriskt_protein', 'ledande_skådespelerska', 'adept', 'tjära', 'starring', 'känd', 'gucy2c', 'stjärnorna', '☆', 'superstar', 'superstjärna', 'mästerskapsstjärna', 'tillväxtaktien_matris', 'targz', 'maven', 'wiz', 'celebritet', 'air', 'mulle', 'stjärna_polygon', 'klassificering_av_hotell', 'kändisar', 'stjärnnät', 'star', 'asterisk', 'lista_över_airavsnitt', 'media_personlighet', 'xerox_star', 'stjärnformat_datanät', 'ckändis', 'femstjärnigt_hotell', 'the_rise_and_fall_of_ziggy_stardust_and_the_spiders_from_mars', 'filmstjärna', 'äss', '✴', 'hotshot', 'vina', '✪', '✭', '✵', 'blå_eftersläntrare', '✩', 'kändis', '✷', 'filmstjärnor', 'starbåt', 'bkändis', '✮', '✸', 'tvpersonlighet', 'stjärnor', 'dkändis', '✯', 'stjärnklassificering', 'tar']
student	studenter	Match	['christ_church_college_oxford', 'gosset', 'studera', 'christ_church_oxford', 'vetenskapsman', 'elev', 'bookselling', 'educatee', 'bokhandlande', 'christ_church', 'första_år', 'studerande', 'bookman', 'studenterna', 'forskare', 'bokhandeln', 'gosset_william_sealy', 'studerade', 'vetenskaplig_personen', 'studier', 'studietid', 'bokhandlar', 'student', 'universitetsstudier', 'boklåda', 'studerat', 'studenten', 'bokhandel', 'william_sealey_gosset', 'studenter', 'christ_church_college', 'stundent', 'bokhandlare', 'studentska', 'william_sealy_gosset']
stupid	tröttsamt	Incorrect	['dumbom', 'stupe', 'idiot', 'dumma', 'pillock', 'puddenhuvud', 'dumhuvud', 'dum_person', 'stackars_sate', 'dum', 'dumt', 'dumhet', 'tönt', 'ravensymone', 'omtöcknad', 'dolt', 'meningslös']
successful	framgångsrika	Match	['framgångsrikt', 'framgångsrika', 'lyckat', 'framgångsrik', 'lyckad', 'successful']
sugar	socker	Match	['kolhydrat', 'vitt_socker', 'sugar', 'glassheart', 'dinero', 'raffinerat_socker', 'syltsocker', 'sockerhandeln', 'siklar', 'moolah', 'gelt', 'socker', 'kolydrat', 'batman_forever', 'råsocker', 'sockerbitar', 'pelf', 'sackarid', 'sugar__i_hetaste_laget', 'sockerbit', 'kolhydrater', 'musslor', 'simdaler', 'sockra', 'sugar_ep', 'karbonylkol', 'bitsocker', 'kolhydratuppladda', 'socker_nivåer', 'deg', 'socker_i_vinet']
suspect	misstänker	Match	['misstro', 'misstänksamhet', 'svarande', 'kriminell_svarande', 'misstänkt', 'misstanke', 'robert_crais', 'misstänkta', 'svaranden', 'misstänker', 'anklagad', 'misstänkte', 'förövaren', 'misstänka']
table	tabell	Match	['senarelägga', 'ljudkort', 'resonansbotten', 'mesas', 'iframe', 'tabell', 'slagbord', 'bord', 'tagg', 'högplatån', 'tabeller', 'träbord', 'htmlelement', 'htmltagg', 'skjuta_upp', 'bordet', 'sökning', 'klangbotten', 'soundboard', 'minoritetsbordläggning', 'bordläggning', 'platåberg', 'relation', 'href', 'mesa', 'databastabell', 'datablad', 'lookup', 'tabellform', 'tabellform_array', 'uppslagstabell', 'bordlägga', 'taffelberg']
taste	smak	Match	['smakbit', 'smakprov', 'vinprovning', 'beskt', 'smakförstärkare', 'surt', 'böjelse', 'smakupplevelsen', 'preferenser', 'provsmaka', 'smak_uppfattning', 'arom', 'smaksinne', 'smaken', 'tendens', 'gustation', 'vinprovare', 'artificiella_smakämnen', 'naturliga_smakämnen', 'njuta', 'smak', 'smakämne', 'förkärlek', 'taste', 'sur', 'sälta', 'försmak', 'smakar', 'smak_sensation', 'smak_modalitet', 'grundsmak', 'blindprovning', 'grundläggande_smak', 'prova', 'smakupplevelse', 'nowhere', 'smakerna', 'smaka', 'savor']
team	team	Match	['soloartist', 'musikalisk_band', 'soloprojekt', 'idrottslag', 'lagsporter', 'rockgruppen', 'pop_rockband', 'sportlag', 'stall_qualifier', 'laget', 'musikband', 'antal_spelare', 'team', 'bar_band', 'rockband', 'grupp', 'musik_ensemble', 'lagsport', 'lagidrott', 'pop_rock_band', 'arbetslag', 'musikgrupp', 'musikalisk_ensemble', 'lag', 'musik_band', 'popband', 'arbetsgrupp']
texture	färgnyanser	Incorrect	['struktur', 'munkänsla', 'granulär', 'makrotextur', 'känsla_i_munnen', 'textur', 'texturering', 'texturmappning', 'musikalisk_struktur', 'konsistens', 'mouthfeel', 'faktur', 'konsistens_karta']
time	tid	Match	['fängelse', 'taktarter', 'in_my_own_words', 'scatmans_world', 'musikalisk_taktart', 'timemagazine', 'time_magazine', 'time_kommun', 'kosmologins_tidslinje', 'klockcykler', 'klocktid', 'tider', 'på', 'spänd', '44_takt', 'polymeter', 'ta', 'y_not', 'mätare', 'tidsram', 'tidpunkt', 'klockpuls', 'ta_tid', 'klockfrekvens', 'xkcd_1190', '24_tid', 'sekvens_av_händelser', 'dags', 'kosmologiska_tid', 'tempus', 'dubbel', 'klockslag', 'klinik', 'anastacia', 'hypnotica', 'fjärde_dimension', 'smartstop', 'tidskoordinat', 'vals_tid', 'universums_historia', 'pacific_ocean_blue', 'kabel_release', 'systemklockan', '44', 'tidiga_universum', 'gång', 'planckepoken', 'klocka', 'klockcykel', 'the_klinik', 'tiden', 'time', 'taktart', 'tid', '128', '68_tid', 'klocksignal', 'tidsrymd', 'förening_tid', 'tiden_t', 'enkla_tid']
tool	verktyg	Match	['marionett_marionettregering_marionettstat', 'programmeringsverktyg', 'verktyg', 'kuk', 'verktyget', 'pitt', 'marionett', 'lakrymologi', 'lachrymology', 'tool', 'mjukvaruutveckling_verktyg', 'verktyg_för_programvaruutveckling', 'balle']
toy	leksaken	Found close match: ['leksaker', 'leksak', 'sexleksaker']	['leksak', 'le_jouet', 'knähund', 'toy', 'leksak_hund', 'chatoyant', 'sexleksaker', 'sexleksak', 'kattögoneffekt', 'chatoyancy', 'leksaker', 'dvärghund', 'oh_yeah', 'knähundar', 'yello', 'sexhjälpmedel', 'toyline', 'teacup', 'leka', 'sexuella_hjälpmedel']
tree	träd	Match	['trädkult', 'rotat_träd', 'sly', 'tree', 'ektyp', 'charlotte_brontë', 'grantyp', 'bronte', 'underträd', 'trädet', 'skog', 'träd_dyrkan', 'överordnad_nod', 'barn_nod', 'trädstam', 'bronte_charlotte', 'inre_nod', 'trä', 'intern_nod', 'rotade_träd', 'träd', 'uppspännande_träd', 'märkt_träd', 'höga_träd', 'tree_herbert_beerbohm', 'förälder_nod', 'träd_datastruktur', 'currer_bell', 'planta', 'palmtyp', 'kruskal_s_träd_teorem', 'rotnoden', 'heliga_träd', 'träddiagram', 'stam', 'trädstruktur', 'sir_herbert_beerbohm_tree', 'herbert_beerbohm_tree', 'charlotte_bronte', 'lövnod', 'kruskal_s_träd_sats']
trial	rättegången	Match	['ansökan_om_stämning', 'stämde', 'ⅲ', 'kausal', 'tredje', 'juridiskt_fall', 'stämningsansökning', 'paucal', 'iii', 'rättsfall', 'rättegången', 'experiment', 'kausal_sekvens', 'tercet', 'trine', 'verkan', 'provkörning', 'tre', 'ental', 'orsaken_systemet', 'stämningar', '3', 'deuceace', 'fall', 'tvistemål', 'mål', 'prövning', 'singularis', 'försök', 'tåfjutt', 'numerus', 'kausalitetsprincipen', 'rättegångsordning', 'provisorisk', 'rättegångar', 'försökte', 'kausalitet', 'rannsakning', 'terzetto', 'trialis', 'tillfällig', 'brottmål', 'civil_domstol', 'nummer', 'ternära', 'grammatisk_nummer', 'kausala', 'prov', 'före_rättegången', 'lista_över_fotbollstermer', 'massrättegång', 'test', 'lobb', 'orsak', 'ternion', 'stämningsansökan', 'orsakssamband', 'causa', 'rättegång', 'före_rättegång', 'överstegsfint', 'stämning', 'vedermöda', 'antalsform', 'process', 'nummer_avtal', 'tretal', 'tvist']
tried	försökte	Match	['rättegångar', 'experiment', 'mål', 'brottmål', 'rättegång', 'rättegången', 'försök', 'prov', 'process', 'massrättegång', 'provade', 'provat', 'rättegångsordning', 'försökte', 'rannsakning']
typical	typiska	Match	['typisk', 'typiskt', 'typiska']
unaware	misstänker	Incorrect	['omedvetna', 'ovetande', 'omedveten']
usable	användbart	Match	['användbarhet', 'användbart', 'fungerande', 'användbara', 'användarvänlig', 'användbar', 'bruklig', 'användarvänlighet']
useless	meningslös	Incorrect	['värdelöst', 'värdelös', 'useless', 'värdelösa', 'oanvändbar']
vacation	semester	Match	['tjänstledig', 'tjänstledigt', 'semester', 'ett_päron_till_farsa_nästa_generation', 'vacation', 'ferie', 'tjänstledighet', 'ledighet', 'lov', 'semestra']
war	kriget	Match	['krigsföring', 'kriga', 'krigföring', 'militär_konflikt', 'the_war', 'kriget', 'winaray', 'krigstillstånd', 'all_or_nothing', 'krigståg', 'krigstid', 'ares', 'krigen', 'väpnade_konflikter', 'i_krigets_skugga', 'waray_waray', 'krigskonst', 'erövringskrig', 'leytesamarnon', 'wáraywáray', 'wáray_wáray', 'war', 'waraywaray', 'waraywaray_språk', 'krig']
wash	tvättas	Found close match: ['tvätta', 'tvättar', 'tvätt']	['washout', 'tvättar', 'buried', 'arroyo', 'tvätta', 'the_wash', 'tvätterska', 'två', 'lavyr', 'lavation', 'washables', 'tvagning', 'löga', 'tvätta_ritning', 'torr_tvätt', 'slipstream', 'wash', 'unearthed', 'scan', 'tvätt', 'kroppstvätt', 'tvaga', 'lavering', 'lost_dogs', 'fukta', 'väta', 'kinesisk_tvätt']
weak	svaga	Match	['svagt', 'somasteni', 'svaga', 'svaghet', 'astenia', 'muskelförsvagning', 'muskelsvaghet', 'asteni', 'svag', 'klen', 'the_sea', 'astenisk']
wear	bära	Match	['klädindustrin', 'bär', 'slitage', 'klädnad', 'klädesplagg', 'kläder', 'nötning', 'klädedräkt', 'sätta_på', 'habiliment', 'bärbar', 'slitstyrka', 'klä', 'river_wear', 'trötta_ut', 'slita_ut', 'gipp', 'bära', 'kläd', 'klädsel', 'dam', 'tattargipp', 'wear', 'plagg']
weather	väder	Match	['uthärda', 'vädret', 'väderlek', 'atmosfäriska_tillstånd', 'väderförhållanden', 'väderprognos', 'väder', 'väder_prognos', 'vädersystem']
willingly	hämnas	Incorrect	['villigt']
word	ordet	Match	['hedersord', 'heliga_böcker', 'passord', 'löfte', 'helig_text', 'biblar', 'den_heliga_skrift', 'biblisk', 'religiösa_texter', 'helig_skrift', 'bibliska', 'kristna_skrifterna', 'ordet', 'ms_word', 'the_bible', 'microsoft_word', 'lösen', 'biblen', 'nyhet', 'microsoft_office_word', 'lexem', 'skrifterna', 'bibeln', 'word', 'dataord', 'logosteologi', 'kristendomen_bibeln', 'ordlängd', 'logotyper', 'bibelcitat', 'kristna_bibeln', 'ord', 'heliga_texter', 'nyheter', 'bibelns', 'religiös_text', 'heliga_boken', 'heliga_skrift', 'bibel', 'ord_storlek', 'formulera', 'lösenord', 'diskussion', 'söner', 'son', 'bra_bok', 'skriften', 'logos', 'heliga_skrifter', 'msword']
