ability	sposobnosti	Match	['nadarjenost', 'talent', 'bistrost', 'zmožnost', 'zmožnosti', 'sposobnost', 'zmogljivost', 'sposobnosti']
accomplished	talentiran	Found close match: ['realiziran']	['doseženo', 'dokončan', 'realiziran', 'popoln']
angry	prestraši	Incorrect	['jeza', 'mad_season', 'besen', 'jezno', 'viharen', 'angriness', 'kay_starr', 'divji', 'jezen', 'press_to_play', 'jezni', 'jezna']
apartment	stanovanje	Match	['apartment', 'apartmajsko_naselje', 'stanovanjskem_bloku', 'stanovanje']
applause	občinstvo	Incorrect	['aplavz', 'aklamacija', 'applause', 'ročno_ploskanje', 'ploskanje', 'handclaps']
argument	argumentu	Found close match: ['argument', 'argumentacija', 'argumentiranje']	['polemiko', 'disceptation', 'razmišljanje', 'argumentacija', 'logična_trditev', 'utemeljitvijo', 'prerekanje', 'razprave', 'debata', 'govor_in_razprava', 'politične_razprave', 'glasbenega_argumenta', 'prepir', 'razpravljati', 'presojanje', 'sklepanje', 'razlaga', 'dokazovanje', 'spor', 'polemika', 'argument', 'utemeljitev', 'izpodbijanja', 'argumentiranje', 'polemik', 'polemike', 'parameter', 'literarna_trditev', 'logičnega_argumenta', 'izjava', 'razprava']
art	umetnosti,	Found close match: ['umetnosti', 'umetnost', 'lepe_umetnosti']	['likovna_umetnost', 'fino_umetnost', 'umetnina', 'umetnosti', 'junaštvo', 'art', 'likovno_delo', 'grafika', 'člen', 'likovne_umetnosti', 'umetnine', 'beauxarts_arhitekture', 'beaux_arts', 'vsebina_nontextual', 'umetniško_delo', 'umetniškega_izražanja', 'grafik', 'lepe_umetnosti', 'umetnica', 'umetniško_ustvarjanje', 'dni', 'umetnik', 'umetnost']
attitude	brezbrižnost	Incorrect	['vedenje', 'vladanje', 'težnja', 'besen', 'attitude', 'malpresentation', 'nagnjenost', 'vedenjske', 'eulerjevi_koti', 'odnos', 'reload', 'stališče', 'prostorsko_orientacijo', 'usmerjenost', 'položaj', 'drža', 'predsodkov', 'obnašanje', 'nagnjenje', 'odnosu', 'tendenca', 'držo', 'neprimernega_vedenja', 'poza']
bag	gumijasto	Incorrect	['torbica', 'večkratna_množica', 'torbo', 'multiset', 'bag_madžarska', 'vime', 'papirnato_vrečko', 'torbice', 'torbico', 'prevoznik_vrečko', 'polna_torba', 'multisets', 'kovček', 'stara_vreča', 'baza', 'torba', 'vrečka', 'ukrasti', 'vimena', 'vrečko', 'vreča', 'potovalna_torba', 'skodelica_čaja']
ball	žogo	Match	['plesna_zabava', 'teniško_žogico', 'gruda', 'glob', 'ples', 'moda', 'modo', 'žoga', 'teniških_žogic', 'odprta_krogla', 'jajce', 'wilfred_williams_ball', 'ballock', 'testisov', 'sfera', 'žogo', 'testis', 'stavke_cona', 'teste', 'nogomet', 'krogla', 'jajca', 'polkrogle', 'sranje', '2sferi', 'okrogla', 'ball', 'puško_žogo', 'zaprto_kroglo', 'blazinica', 'žogica', 'kepa', 'lucille_ball', 'john_ball']
bar	bar	Match	['sandbars', 'pub_hrano', 'izključiti', 'patronimik', 'pravniški_poklic', 'krčma', 'gostilno', 'cev_v_električnem_grelcu', 'taberna', 'zabarikadirati', 'mbar', 'javnih_hiš', 'milibarov', 'beta2_adrenergičnih_receptorjev', 'točilni_pult', 'taverna', 'gin_mlin', 'javna_hiša', 'ovirati', 'zapreti', 'ginmill', 'izgnati', 'patronym', 'pregnati', 'browningova_avtomatska_puška', 'proga', 'bar', 'metrum', 'barva_črte', 'obstati', 'zatesniti', 'kos', 'pivnica', 'advocatus', 'preventiva', 'pivotoč', 'bife', 'zamašiti', 'taphouse', 'gostilna', 'izvzeti', 'črta', 'pravna_stroka', 'drog', 'taproom', 'vratar_limuzina', 'objave', 'točilna_miza', 'biti', 'izključevati', 'barline', 'pub_znak', 'country_inn', 'beta2_receptorja', 'plitvina', 'pothouse', 'ukrep', 'prevencija', 'preprečevanje', 'zavirati', 'zadelati', 'bonaventure_de_bar', 'foobar', 'browning_avtomatska_puška', 'rodbinsko_ime', 'milibar', 'taktnica', 'motiti', 'antibari', 'pult', 'blokirati', 'tablica', 'bar_viniška_oblast_ukrajina', 'antivari', 'preprečitev', 'preprečiti', 'tapnite_hišo', 'vrstica', 'bár', 'baru', 'šank', 'odvrnitev', 'prodajalni_pult', 'absorbirati', 'patrynomic', 'receptorja_farnesoid_x', 'patronim', 'takt', 'barroom', 'patronymic', 'prečka', 'pravna_skupnost', 'bar_črna_gora', 'foo', 'prepovedati']
bear	špicparkeljc	Incorrect	['nositi', 'biti', 'roditi', 'medvedka', 'peljati', 'prinašati', 'mêdved', 'sprejeti', 'paul_hoffman', 'podpirati', 'podpreti', 'poviti', 'prevzeti', 'bear', 'medo', 'ursine', 'vztrajati', 'prenesti', 'dobiti', 'medved', 'webelos', 'obdelati', 'voditi', 'dopustiti', 'zadržati', 'ursidae', 'pomagati', 'rojevati', 'pričakovati_otroka', 'trpeti', 'pričakovati', 'prebivati', 'imeti', 'jemati', 'mike_brown', 'vzeti', 'pustiti', 'biti_noseč', 'obsegati', 'skupnosti_medveda', 'nosi', 'pretrpeti', 'prenašati', 'tupoljev_tu95', 'vsebovati', 'plačati', 'obnašati_se', 'vesti_se', 'vsebuje', 'medvedi', 'morati', 'medvedje', 'tolerirati', 'stati', 'medvedek', 'vzdržati', 'tu95']
beat	premagal	Match	['biti', 'glasbeni_ritem', 'beatnik', 'izčrpati', 'kvantitativno_meter', 'zmesti', 'bitje', 'prevarati', 'metrum', 'udariti', 'premagati', 'dobiti', 'presegati', 'utruditi', 'tolči', 'premagal', 'ritem', 'obhod', 'verzologija', 'izigrati', 'drhteti', 'prelisičiti', 'siteswap', 'osupiti', 'zmagati', 'biti_zmagovit', 'meter', 'offbeat', 'zbegati', 'utrip', 'mrtev', 'utripanje', 'razumeti', 'osvojiti', 'podjarmiti', 'pokoriti', 'ritmično', 'tiktakati', 'poraziti', 'bobnati', 'tepsti', 'jeziti', 'prekaniti', 'beat']
bed	posteljo	Match	['postelja', 'lezike', 'znati', 'spolno_občevati', 'rečna_struga', 'ležišče', 'korito', 'gredica', 'ljubiti', 'dno', 'seksati', 'posteljo', 'bed', 'struga', 'popivanje_motnje_prehranjevanja', 'občevati', 'séksati', 'spati_z_nekom', 'ljubiti_se', 'sloj', 'jebati', 'kavsati', 'podlaga', 'postelji', 'porivati', 'posaditi', 'strugo', 'vedeti', 'potok_postelja', 'fukati', 'greda', 'poznati', 'plast']
beer	pivo	Match	['ale', 'beer', 'angleško_ale_pivo', 'piva', 'pivo', 'svetlo_pivo', 'pir', 'johann_georg_beer', 'ol', 'pivovarstvo']
big	»velika	Found close match: ['velika', 'velik', 'veliki']	['dorasel', 'krepek', 'velika', 'odrasel', 'postavljaški', 'noseča', 'velik', 'radodaren', 'bjarke_ingels_group', 'nabrekel', 'doraščen', 'bahav', 'viden', 'pomemben', 'stypsis', 'telo', 'plemenit', 'zrasel', 'sadje', 'odličen', 'znamenit', 'domišljav', 'suho', 'vinska_cvetica', 'darežljiv', 'obilen', 'nečimrn', 'ugleden', 'minerality', 'hud', 'slab', 'v_drugem', 'hvalisav', 'liberalen', 'močen', 'odraščen', 'big', 'ničemuren', 'velikodušen', 'prominenten', 'veliki', 'velike', 'norm_nixon']
bird	ptica	Match	['ptica', 'žogica_za_badminton', 'zatočišč', 'perjanica', 'ptic', 'mikuni_shimokawa', 'yardbird_parker', 'edward_bird', 'ptička', 'deklič', 'aves', 'seznam_ptičev', 'wench', 'avafauna', 'ptiček', 'prst', 'žogic', 'bejba', 'dečva', 'ptiči', 'ptič', 'charlie_parker', 'ptice', 'avifauna', 'bird_parker', 'bird', 'perutnina', 'seznam_ptic', 'razzing', 'bronx_navijanja', 'charles_christopher_parker', 'razz', 'boo', 'pišče']
blood	krvi	Match	['rodbina', 'blood', 'človeške_krvi', 'genetske_dediščine', 'rakehell', 'bordeaux_vino', 'kisikom_krvi', 'dednosti', 'bordeaux', 'vino_bordeaux', 'krvna_linija', 'hematoloških', 'krvi', 'roue', 'vs', 'bloodline', 'lahkoživec', 'persistence_of_time', 'dednost', 'razvratnež', 'predniki', 'collective_soul', 'krvni_linija', 'razuzdanec', 'oksidirano_kri', 'the_black_parade', 'krvni_obtok', 'kri', 'cj', 'getting_away_with_murder']
body	telesa	Match	['fizično_strukturo', 'tranzistor_na_poljski_pojav', 'učinkom_polja_tranzistor', 'труп', 'resonančni_trup', 'coachbuilder', 'leotard', 'zgradba_telesa', 'prtljažnik', 'novica', 'mrlič', 'mrtvak', 'mrtvo_telo', 'konsistenca', 'catsuit', 'trupla', 'članek', 'fizično_telo', 'stypsis', 'telo_obleka', 'mačka_obleko', 'telesa', 'subtilno_telo', 'telo', 'sporočilo', 'sadje', 'truplo', 'fet', 'richard_body', 'mrtvec', 'politop', 'pokazati_na', 'ogrodje', 'novico', 'život', 'dreezy', 'suho', 'vinska_cvetica', 'torzo', 'kadaver', 'sprejemnik', 'unipolarni_tranzistor', 'soundbox', 'organ', 'fizikalno_telo', 'minerality', 'geometrijsko_telo', 'časopisni_članek', 'trup', 'pika', 'točkovni_velikosti', 'organske_strukture', 'poosebiti', 'body', 'učinkom_polja_tranzistorji', 'časopisna_zgodba', 'teairra_marí', 'organska_struktura', 'bodysuit', 'eubstance', 'karoserije', 'telo_obleko', 'polytope', 'trupel', 'politopov', 'vrata', 'unitard']
brain	nevroza	Incorrect	['možganih_sesalcev', 'pamet', 'genij', 'banks', 'misel', 'možgane', 'intelektualnega_potenciala', 'delovanja_možganov', 'možganov', 'um', 'mentalna_sposobnost', 'brain', 'možgani', 'človeškega_uma', 'encephalon', 'bryan_mantia', 'možganska', 'rázum', 'intelekt', 'možgansko', 'duševno', 'intelektualec', 'brainiac', 'glava', 'možganski', 'glavo', 'umska_sposobnost', 'duševne_vsebine', 'razum', 'nous', 'sposobnost_učenja']
broken	zlomljena	Found close match: ['zlomljen', 'zlomljeno', 'zlomljeni']	['mclean', 'zlomljeni', 'ms_kelly', 'zlomljeno', 'nizek', 'bloden', 'netočen', 'winterhearts_guild', 'plastic_beach', '12_stones', 'nepravilen', 'nevzdrževan', 'zlomljen', 'the_best_of_bruce_dickinson', 'pogrešen', 'zmoten', 'echo', 'pomoten', 'delta_machine', 'broken']
building	stavba	Match	['konstrukcija', 'hiša', 'gradbišča', 'gradbene_dejavnosti', 'poslopje', 'javna_zgradba', 'stavba', 'gradbeništvo', 'zgradba', 'gradnja']
burn	zažiganje	Found close match: ['zažgal', 'zažgati']	['eritem_solare', 'fc_dallas', 'vodni_tok', 'vodotok', 'sežgati', 'zgori', 'zažgati', 'plamen', 'ogenj', 'potok', 'burn', 'požar', 'tan', 'sončenje', 'zažgal', 'opeklina', 'streljati', 'gorela', 'zagorelost', 'goreti', 'zgorevati', 'ruisseau', 'ožganina', 'obcestni_potok', 'opekline_tretje_stopnje', 'sežigati', 'gorijo_znamke', 'gristi', 'gorečih']
business	podjetništvo	Found close match: ['podjetij', 'podjetje', 'podjetja']	['neodvisni_izvajalci', 'za_dobiček', 'samostojni_podjetnik', 'podjetje', 'zaposlitev', 'klientela', 'dejavnost', 'poslovni_sistem', 'business', 'poklic', 'poslovanje', 'firma', 'gospodarski_sektor', 'prodajalec', 'poslovno_pot', 'epizoda', 'byplay', 'neprofitna', 'posel', 'prosto_delovno_mesto', 'linija_dela', 'za_podjetja', 'podjetja', 'stranke', 'briga', 'poslovna_organizacija', 'strank', 'podjetij', 'faza_podjetja', 'delo', 'posli', 'poslovni_subjekt', 'poslovanje_podjetja', 'služba', 'stvar', 'gospodarstvo', 'poslovni_sektor']
camera	fotoaparatu	Found close match: ['fotoaparat', 'fotokamera', 'fotográfski_aparát']	['the_back_room', 'tv_kamere', 'kamero', 'fotoaparat', 'kamera', 'fotokamera', 'film_kamere', 'motionpicture_kamere', 'cinekamera', 'tv_kamero', 'televizijsko_kamero', 'fotografske_kamere', 'fotográfski_aparát', 'kamere', 'televizijskih_kamer', 'camera']
carefully	skrbno	Match	['skrb', 'preglavica', 'skrbi', 'težava', 'skrbno', 'briga', 'tegoba', 'previdno']
challenge	zmagovalki	Incorrect	['izziv', 'spodbijati', 'zanikati', 'napadati', 'spodbiti', 'ugovarjati', 'izzivodziv']
charity	dobrodelni	Found close match: ['dobrodelna', 'dobrodelnost', 'javno_dobrodelnost']	['dobrodelna_organizacija', 'dobrodelna_ustanova', 'dobrodelnost', 'polemonium_vanbruntiae', 'polemonium_caeruleum', 'polymonium_caeruleum_vanbruntiae', 'javno_dobrodelnost', 'charity', 'dobrodelne_organizacije', 'bratska_ljubezen', 'dobrodelna']
charming	dobrosrčen	Incorrect	['očarljiva', 'očarljiv', 'očarljivo', 'čarovniški', 'čaroben']
clothes	oblačila	Match	['oblačil', 'oblačilno_industrijo', 'ženskih_oblačil', 'člen_oblačil', 'odevalo', 'nosljivi', 'oblačilo', 'obleka', 'perílo', 'habiliment', 'oblačila', 'obleko', 'obleke']
cockroach	žuželke	Incorrect	['ščurek', 'podred_blattodea', 'podred_blattaria', 'ščurki', 'žohar', 'blattaria', 'cockroach', 'blattodea', 'ščurka']
code	kodo	Match	['računalniške_kode', 'zakonik', 'računalniško_kodo', 'računalniški_kod', 'koda', 'oznaka', 'kodo', 'kod', 'kodirani', 'kode', 'kodifikacija', 'šifrirati', 'računalniška_koda', 'kodeks', 'razporediti', 'šifra']
collection	zbirka	Match	['hawkwind', 'kolekcija', 'montaža', 'pobiranje', 'združevanje', 'žetev', 'akon', 'umetniška_zbirka', 'paket', 'umetniških_zbirk', 'joe_sample', 'zbirko', 'zbirkah_umetnosti', 'collection', 'the_charlatans', 'vsebnik', 'zbiranje', 'the_offspring_collection', 'združitev', 'zbirka', 'množica']
computer	računalniško	Match	['kalkulator', 'računar', 'namizni_računalnik', 'računalniško', 'ocenjevalnik', 'obdelavo_podatkov_sistem', 'elektronski_računalnik', 'računalniška', 'računalo', 'računalniški_sistem', 'računalnik', 'računalniški', 'digitalnih_računalnikov', 'obdelovalec_podatkov', 'računski_stroj', 'figurer', 'prvo_računalo', 'računalniško_generirane_glasbe', 'osebni_računalnik', 'računalniške_naprave', 'kompjuter']
construction	gradnjo	Found close match: ['gradnja', 'gradbeništvo']	['konstrukcija', 'izraz', 'model', 'slovnične_gradbeništvo', 'runescape', 'gradbena_konstrukcija', 'gradbišča', 'interpretacija', 'gradbene_dejavnosti', 'sodno_razlago', 'gradbeništvo', 'zgradba', 'duševne_sintezo', 'gradnja']
cook	slaney	Incorrect	['biti', 'ponarediti', 'kuhar_provizije', 'kuhati', 'kuharica', 'ustvariti', 'kuhamo', 'james_cook', 'kuhati_se', 'captain_cook', 'kuhar', 'pripraviti', 'kapitan_james_cook', 'skuhati', 'dušiti_se', 'določiti', 'kratkoročno_da_kuhar', 'cvreti_se', 'narediti', 'alec_empire', 'frederick_cook', 'kuharski_mojster', 'souschef', 'manipulirati', 'cook', 'kuharji', 'pripravljati', 'chef']
counting	številskih	Found close match: ['številski_sistem', 'številski_sestav']	['štirinajstiški_številski_sistem', 'številski_sistem', 'petiški_številski_sistem', 'sedmiški_številski_sistem', 'popisnih', 'petnajstiški_številski_sistem', 'štetje', 'seštevek', 'enajstiški_številski_sistem', 'številski_sestav', 'štiriški_številski_sistem', 'seznam', 'devetiški_številski_sistem', 'šestiški_številski_sistem', 'računam', 'trinajstiški_številski_sistem', 'trojiški_številski_sistem', 'rezultat']
crazy	»zdaj	Incorrect	['blazen', 'besen', 'looney', 'famous_last_words', 'ekstravaganten', 'čudaški', 'nori', 'crazy', 'noro', 'usher', 'blaznost', 'neprištevnost', '(you_drive_me)_crazy', 'norec', 'the_red_album', 'nepriseben', 'because_of_you', 'nor', 'playing_with_fire', 'loca', 'divji', 'nora', 'bebav', 'erika_jayne', 'you_drive_me_crazy', 'prismuknjen', 'norost', 'umobolen']
damage	poškodovani	Found close match: ['poškodovati', 'poškodovanje', 'škoda']	['poškodovanje', 'pačiti', 'cene', 'damage', 'škoda', 'skaziti', 'popačiti', 'izprevreči_se', 'kaziti', 'maličiti', 'izroditi', 'kvariti', 'cena', 'poškodovati', 'pravna_škode', 'zmaličiti', 'izguba_opreme', 'izmaličiti', 'degenerirati', 'oprema_za_nezgode', 'pasti', 'scathe']
dance	ples	Match	['plesalci', 'plesanje', 'plesalka', 'plesati', 'plesno', 'ples', 'george_dance_the_younger', 'waterloo', 'plesov', 'dance', 'plesalec', 'nathaniel_danceholland', 'postdisco', 'pleši', 'oliver_heldens']
dangerous	nevarno	Match	['pustolovski', 'resen', 'kritičen', 'nezanesljiv', 'dangerous', 'vratolomen', 'tvegan', 'divji', 'nevarni', 'riskanten', 'its_hard', 'nevarne', 'nevaren', 'nevarna', 'nevarno', 'hazarden', 'aleatoričen']
deceive	opravičiti	Not found	[]
dedication	počastitev	Incorrect	['posvetilo', 'dedication', 'zaveza', 'predanost', 'zvestoba', 'vdanost']
deliberately	namerno	Match	['zanalašč', 'hote', 'namerno', 'nalašč', 'namenoma']
delivery	prenosnega	Incorrect	['prometne_infrastrukture', 'šalo', 'pogodbeni_prenos', 'rojevanje', 'šala', 'odtujitve', 'transport', 'delivery', 'prevozno_sredstvo', 'ob_rojstvu', 'potniški_promet', 'dobava', 'govor', 'porod', 'vaginalni_porod', 'šaljiv', 'vložitev', 'dostavo', 'dostava_fant', 'burka', 'šali', 'odtujitev', 'prevoz', 'ponudba', 'šale', 'pravna_nalogi', 'dostava', 'dostavi', 'pošiljka_', 'jape', 'accouchement', 'rojstvo', 'reševanje', 'način_govorjenja', 'dovtip', 'otuđiv', 'rodni', 'deliverance']
dessert	omako	Incorrect	['desertno_vino', 'sladica', 'desert', 'sladice', 'posladek', 'afters', 'poobedek']
device	naprava	Match	['domislica', 'priprava', 'device', 'mobilni_telefon', 'računalniške_strojne_opreme', 'strojna_oprema', 'mobilnih_celičnih', 'izrazno_sredstvo', 'mobilnih_komunikacijskih', 'configsys', 'pripomoček', 'zgradba_računalnika', 'osebne_računalniške_strojne_opreme', 'mobilne_komunikacije', 'nicolai_reedtz', 'mobilnih_telefonov', 'hardver', 'stroj', 'prijem', 'strojna_oprema_računalnika', 'mobile', 'hardware', 'prenosni_telefon', 'naprava', 'mobilna_celična', 'gsm_telefon', 'računalniška_strojna_oprema', 'mobitel']
dig	izkopal	Found close match: ['izkop', 'izkopati', 'kopati']	['kopati', 'razuméti', 'izkopati', 'zatopiti_se', 'dig', 'dojeti', 'doumeti', 'andré_dignimont', 'roganje', 'arheološko_najdišče', 'aretirati', 'kopanje', 'podsmijeh', 'prijeti', 'vedeti', 'izkop', 'pojmiti', 'rugati', 'garati', 'razumeti', 'eksploatacija', 'mučiti_se', 'zasmeh', 'delati', 'gročiti', 'prekopati', 'ríti', 'preiskovati', 'suniti']
dinner	večerjo	Match	['banket', 'večerjo', 'čaj', 'popoldanska_čajanka', 'kosilo', 'popoldanski_čaj', 'obed', 'južina', 'hrana', 'tiffin', 'večerja', 'dejeuner', 'teatime', 'družabna_večerja']
disease	bolezni	Match	['bolnik', 'bolezni', 'bolezen', 'begowal', 'bolézen', 'obolenje', 'plevritis', 'unwellness', 'obolevnost', 'obolenjem', 'zdravstveno_stanje']
dissolve	raztopijo	Found close match: ['raztopimo', 'raztopi', 'raztopiti']	['raztopiti', 'raztopi', 'odtaliti', 'staliti', 'stajati', 'odtajati', 'odmrzniti', 'prepričati_se', 'topiti', 'otajati', 'navzkrižno_pojemanje', 'razpasti', 'raztopimo', 'razpustiti']
disturb	zaspijo	Not found	[]
do	potrudimo	Not found	[]
doctor	zdravnik	Match	['popraviti', 'doktorat_znanosti', 'deluje_kirurg', 'seznam_cerkvenih_učiteljev', 'zdravniki', 'kirurgi', 'cerkvena_učiteljica', 'doktor', 'doktoratov', 'rude_boy', 'zdravnika', 'restavrirati', 'cerkveni_učitelj', 'dr', 'eliza', 'doktor_cerkve', 'rudie', 'cerkveni_oče', 'zdravnica', 'sawbones', 'loïc_nottet', 'doctorat', 'doktorant', 'kirurg', 'doktorica', 'doktor_znanosti', 'zdravnik', 'vzpostaviti', 'loic_nottet', 'cerkveni_učitelji', 'cekvena_učiteljica', 'doktorat', 'obnoviti', 'strokovni_doktorat']
dog	prašiček	Incorrect	['preganjati', 'psa', 'wienerwurst', 'antonio_angelo_del_sambro', 'firedog', 'familiaris', 'pes', 'lopov', 'canis_familiaris', 'hot_dog', 'frump', 'zasledovati', 'goniti', 'weenie', 'pawl', 'kljuko', 'hrenovka', 'canids', 'kuža', 'hulja', 'zatikalo', 'poditi', 'canidae', 'pasji', 'duck_hunt', 'canis_lupus_familiaris', 'pes_železo', 'andiron', 'dog', 'pasja', 'hotdog', 'loviti', 'psi', 'hrenovke', 'domači_pes', 'družina_canidae', 'položaj_stikala']
dressing	oblečeno	Found close match: ['obleko', 'obleke', 'oblačenje']	['nosljivi', 'prevezovanje', 'obveza', 'povijanje', 'polnjenje', 'odevalo', 'člen_oblačil', 'habiliment', 'solatni_preliv', 'preliv', 'obleko', 'oblačilno_industrijo', 'oblačilo', 'gnojenje', 'nadev', 'obleka', 'oviljača', 'oblačenje', 'povoj', 'obvezovanje', 'apretura', 'obleke', 'ženskih_oblačil', 'preveza', 'oblačila', 'medicinskih_oblačenju']
driver	dirkača	Incorrect	['gozda', 'šofer', 'chauffer', 'voznik', 'wälder', 'slap', 'številka_ena_les', 'kamiondžija', 'tovornjakarjev', 'voznika', 'driver_san_francisco', 'strojevodja', 'struktura_gozda', 'gozdu', 'gonilnik_naprave', 'tovornjakar', 'gozd', 'cowcatcher', 'pilota', 'gonilniki_naprav', 'gonilnik_tiskalnika', 'driver', 'iglavci', 'pogonskega_kolesa', 'voznik_tovornjaka', 'gonilnik', 'vezanih_osi']
economy	gospodarstvo	Match	['politični_ekonomist', 'walden', 'prihranek', 'realno_gospodarstvo', 'ekonomija', 'varčevanja', 'prihranki', 'politična_ekonomija', 'stopnjo_varčevanja', 'gospodarnost', 'varčevanje', 'ekonomičnost', 'varčnost', 'nacionalnega_gospodarstva', 'štednja', 'ekonomska_znanost', 'gospodarstva', 'gospodarsko', 'politične_ekonomije', 'stopnjo_prihrankov', 'gospodarskih_sistemov', 'economy', 'ekonomika', 'gospodarski_sistem', 'gospodarstvo']
election	volitvah	Found close match: ['volitve', 'volitev', 'izvolitev']	['glasovanje', 'election', 'izbira', 'ponovni_izvolitvi', 'sklep_o_izvolitvi', 'volilni_politiki', 'izbor', 'volitve', 'demokratično_izvoljeni', 'izvolitev', 'volitev', 'ponovno_izvolitev']
electron	elektronov	Match	['elektronov', 'electron', 'negatron', 'masa_elektrona', 'elektron']
elegance	elegantni	Found close match: ['elegantno', 'eleganco', 'elegance']	['elegantno', 'elegance', 'eleganca', 'lepota', 'karlgeorg_hoefer', 'lepotica', 'klasično_lepoto', 'matematično_eleganco', 'lepotec', 'klasične_lepote', 'matematične_lepote', 'eleganco']
emotion	čustvo	Match	['human_after_all', 'čustev', 'čustvo', 'emotion', 'maverick_sabre', 'človeških_čustev', 'emocija', 'čustva', 'čustveno']
emotionally	čustveno	Match	['čustev', 'čustvo', 'človeških_čustev', 'emocija', 'čustva', 'čustveno']
engine	motorjet	Found close match: ['motorja', 'motor', '3d_motor']	['železniška_lokomotiva', 'igralni_pogon', 'pogon_iger', 'lokomotiva_motor', 'motorja', 'ray_alder', 'železniške_lokomotive', 'lokomotiva', '3d_motor', 'motorja_video_iger', 'pogonski_stroj', 'stroj', 'orožje', 'engine', 'motor', 'lokomotive']
event	dogodek	Match	['prireditev', 'elizabeth_bachinsky', 'event_loop', 'programski_dogodek', 'primer', 'slušatelj', 'upravljanje_z_dogodki', 'event_driven', 'event_handling', 'tega_izhaja', 'event_handler', 'primeru', 'učinek', 'konsekvenca', 'poslušalec', 'event_driven_programming', 'dogodkovno_programiranje', 'izid', 'rutina_za_obravnavo_dogodkov', 'posledica', 'rezultat', 'dogodek', 'dogodkovna_zanka', 'slučaj', 'dogodka', 'ključni_kap', 'vpliv', 'dogodkovno_vodeno_programiranje', 'dogodkovno_orientirano_programiranje', 'keystroke']
experiment	eksperiment	Match	['znanstveni_eksperiment', 'čoln_na_konjski_pogon', 'the_experiment', 'experiment', 'eksperimentalne_znanosti', 'eksperimentiranje', 'poskus', 'preizkušanje', 'poizkus', 'eksperimentalne_raziskave', 'eksperiment', 'preskus']
extremely	zelo	Match	['skrajno', 'visoko', 'izjemno', 'nenavadno', 'izredno', 'čezmerno', 'nadvse', 'zelo']
feeling	občutenje	Match	['predstava', 'čutenje', 'taktilno_občutek', 'somatosenzorični_sistem', 'duh', 'občutek_za_dotik', 'občutki', 'taktika_feedback', 'intuitivni_občutek', 'otip', 'ton', 'mnenje', 'vtis', 'vzdušje', 'somatosenzoricnih', 'dotik', 'občutek', 'čustvo', 'okus', 'počutje', 'mišljenje', 'občutenje']
fight	boj	Match	['spopadih', 'oponirati', 'boj_proti', 'bojevati_se', 'ugovarjati', 'biti_se', 'oborožen_boj', 'boriti_se', 'borba', 'bojevati', 'nasprotovati', 'bojno_usposabljanje', 'boj', 'dvoboj', 'spopad', 'boriti', 'bojevnik', 'prepir', 'konkurenčnost', 'bitka', 'mučiti_se', 'borbenost', 'pretep', 'braniti', 'fight']
fish	ribe	Match	['fish', 'go_fish', 'hrana_rib', 'ribi', 'pojdi_fish', 'mehko_ray', 'riba', 'ichthyofauna', 'rib', 'pisces', 'pterygiophore', 'ribice', 'ribo', 'morskih_rib', 'jasper_fish', 'ribe', 'ribariti', 'loviti_ribe', 'ribe_so_ribe', 'phish', 'fluorescentna_in_situ_hibridizacija', 'elver', 'fingerling', 'fluorescenčna_in_situ_hibridizacija']
flow	pretoka	Found close match: ['pretok', 'pritok', 'protorap']	['biti', 'teče', 'hidravlično', 'mesečno_perilo', 'tekočine_dynamicist', 'volumski_pretok', 'menstruacija', 'scensko', 'kretati_se', 'číšča', 'držati_se', 'rap', 'rapper', 'menstruacije', 'dinamike_tekočin', 'tok', 'mehanika_tekočin', 'prostorninski_pretok', 'viseti', 'mehanike_tekočin', 'volumski_tok', 'hidravlike', 'young_money_entertainment', 'gravity_recovery_and_interior_laboratory', 'raperji', 'florent_mothe', 'potek', 'flow', 'catamenia', 'mesečna_čišča', 'rap_umetnika', 'emceeing', 'hidravlika', 'tečenje', 'povečuje_poti', 'pritok', 'menstruacijo', 'protorap', 'pretok', 'mesečna_perioda', 'raper', 'zanos', 'obesiti', 'teči', 'pasti', 'prostorninski_tok']
food	hrano	Match	['jed', 'hranilo', 'hranil', 'živila', 'prehrana', 'intelektualna_hrana', 'hrana_za_možgane', 'hrana', 'trdno_živilo', 'živilskih_proizvodov', 'makrohranil', 'kirby', 'hranilna_snov', 'trdna_hrana', 'hrano']
garbage	odpadkom	Found close match: ['odpadkov', 'odpadki', 'odpadek']	['komunalnih_odpadkov', 'kovinski_odpadki', 'ostanki', 'bones', 'odpadki', 'withering_to_death', 'zavrnejo', 'odpadna_snov', 'odpadek', 'živilski_odpadki', 'gospodinjski_odpadki', 'gospodinjskih_odpadkov', 'garbage', 'odpadkov', 'odpadni_material', 'smeti', 'odpadne_snovi', 'smet']
gold	zlato	Match	['alfa_različica', 'programska_izdaja', 'različica_alfa', 'lode_zlata', 'young_lust_the_aerosmith_anthology', 'trojno_platinasto_naklado', 'gold', 'zlata_medalja', 'atomsko_število_79', 'fazi_razvoja', 'zlata_olimpijska_medalja', 'beta_tester', 'srebrno_ploščo', 'beta_programske_opreme', 'zlato_medaljo', 'dvojno_platinasto_naklado', 'xau', 'au', 'bogastvo', 'izdati', 'jantarna_barva', 'zlato_ploščo', 'zlat', 'zlato', 'prodaja_snemanje_glasbe_certificiranje', 'zlate', 'zlati', 'pozlačen', 'zlate_medalje', 'bobby_brown', 'alfa_preskus', 'the_heist', 'platinastih', 'zlata_kolajna', 'zlata', 'zlato_certifikacijo', 'beta_testiranje', 'različica_rtm', 'olimpijsko_zlato_medaljo', 'platinasto_ploščo', 'programje_alfa', 'anthology', 'gabriel_ríos']
great	velikaš	Found close match: ['velika', 'velik']	['prima', 'veličastnost', 'odlično', 'pomemben', 'illustriousness', 'nenavaden', 'velika', 'ugleden', 'po_modi', 'sijajen', 'noseča', 'eleganten', 'prvovrsten', 'v_drugem', 'veličino', 'velik', 'super']
gun	mitraljez	Incorrect	['majhno_roko', 'strelno_orožje', 'najel_pištolo', 'zadeti_človeka', 'strel', 'revolveraš', 'pištola_za_najem', 'hitman', 'mazalna_tlačilka', 'gunfighting', 'težkega_orožja', 'gunslingers', 'trgovini_pištolo', 'conventional_weapons', 'topništvo', 'gun', 'pištolo', 'najeti_morilec', 'pedal_plin', 'top', 'pedal_za_plin', 'ognjeno_orožje', 'artilerija', 'mastgun', 'louder_than_love', 'gunslinger', 'pištola', 'triggerman', 'morilec']
hair	nohta	Incorrect	['mišja_dlaka', 'lase', 'hairsširina', 'hair', 'dlačje', 'kosmato', 'haircloth', 'dlake', 'las', 'lasje', 'hairsbreadth', 'dlaka']
help	pomoč	Match	['humanitarna_pomoč', 'asistirati', 'podpreti', 'the_help', 'podpirati', 'humanitarno_pomoč', 'razbremenitev_dela', 'sodelavec', 'služiti', 'asistent', 'pomagati', 'prispevati', 'pomočnik', 'pomagáč', 'vo', 'pomoč', 'podpora', 'koristiti', 'asistenca', 'pomagaj', 'izkoristijo', 'pomoči', 'krepila', 'služijo', 'pomagač', 'humanitarne_delavce', 'pomagajte', 'help']
hurting	zasmehuje	Not found	[]
ignorance	brezbrižnosti	Incorrect	['nevednosti', 'avidya', 'ignoranca', 'neznanje', 'praznoglavost', 'nevednost', 'ignorance']
illness	boleha	Found close match: ['bolézen', 'bolezni', 'bolezen']	['bolnik', 'bolezni', 'bolezen', 'bolézen', 'obolenje', 'unwellness', 'obolevnost', 'obolenjem', 'zdravstveno_stanje']
impress	razkaže	Incorrect	['biti', 'doleteti', 'natisniti', 'tiskati', 'vtis', 'tiskovne_tolpe', 'impressment', 'ganiti', 'prizadeti', 'vplivati']
invention	iznajdba	Match	['iznajdba', 'izumov', 'invencija', 'inovacija', 'inovacij', 'izumil', 'inovator', 'izum', 'koncept', 'izumiteljev', 'izumljanja', 'zamisel', 'novost']
investigation	preiskava	Match	['akademske_raziskave', 'preiskava', 'raziskava', 'preiskovanje', 'raziskovanje', 'preiskavo', 'raziskovalnih_metod', 'preiskave', 'raziskovalci', 'raziskovalna_dejavnost']
invisible	nevidni	Match	['holy_diver', 'podrl', 'invisible', 'elevate', 'nevidnost', 'neopazen', 'taylor_swift', 'nevidni', 'sound_of_white_noise', 'nevidno', 'dream_evil', 'neviden', 'evilized', 'nevidna']
job	samozaposlitev	Found close match: ['zaposlitev', 'zadolžitev', 'zaposleni']	['opravilo', 'delodajalec', 'podjetje', 'zaposlitev', 'škoda', 'dejavnost', 'knjiga_job', 'kraja', 'študentsko_delo', 'zadolžitev', 'zaposlujejo', 'priložnostno_delo', 'opravek', 'poklic', 'zaposleni', 'firma', 'posel', 'prosto_delovno_mesto', 'linija_dela', 'jobova_knjiga', 'chore', 'naloga', 'zaposlenih', 'delo', 'job', 'delodajalci', 'služba', 'problem']
jungle	divjina	Incorrect	['džúngla', 'džunglo', 'tash_sultana', 'džungli', 'shine_a_little_love', 'oldschool_jungle', 'out_of_the_blue', 'džungla', 'jungle', 'džungle', 'skitnica_tabor']
kindness	dobroto	Found close match: ['dobrote', 'dobrota']	['prijaznost', 'prijaznosti', 'forgivingness', 'ljubeznivost', 'prizanesljivost', 'dobrota', 'kindness', 'dobrote']
king	kralj	Match	['kronal_glavo', 'riley_b_king', 'mogotec', 'reverend_horton_heat', 'mogočnik', 'samovlada', 'vladavini', 'tajkun', 'rex', 'magnat', 'billie_jean_moffit_king', 'magnatov', 'billie_jean_king', 'svetovni_mućkalica', 'kralj', 'monarhije', 'martin_luther_king', 'george_king', 'monarhov', 'ladijski_mogotec', 'vladar', 'mogočnež', 'billiejean_moffitt', 'veljak', 'monarhija', 'moški_monarh', 'b_b_king', 'poslovni_vodja', 'baron', 'charles_bird_king', 'kingcom', 'martin_luther_king_jr', 'billie_jean_moffitt', 'vrh_izvršilne', 'les_baron', 'suverena', 'monarhij', 'poslovni_magnat', 'regnant', 'king_ov_hell', 'monarhi', 'king', 'monarh', 'kraljica', 'industrialec', 'velikaš', 'monarhično', 'billie_jean_king_moffitt', 'billiejean_king', 'velik_poslovnež']
lady	gospa	Match	['mati_božja', 'virgin', 'brezmadežna', 'sv_marija', 'blažena_devica_marija', 'peeress', 'naslov_za', 'bogorodnica', 'slog', 'dama', 'sveta_devica', 'naslov', 'madona', 'lady', 'marija_zdravja', 'gospa', 'naziv', 'marija_iz_nazareta', 'častni_naziv', 'plemkinja', 'mary', 'maríja', 'marija', 'devica', 'gentlewoman', 'plemenitašinja', 'dama_in_potepuh', 'devica_marija', 'nobilistika', 'sveta_marija', 'oblika_naslova', 'the_lady', 'lady_and_the_tramp', 'dame']
land	zemljišča	Match	['biti', 'terra_firma', 'realty', 'edwin_herbert_land', 'zemlja', 'nemška_zvezna_dežela', 'zemljišča', 'pristal_imetnik', 'dežele_nemčije', 'nemške_zvezne_dežele', 'mehiški_državi', 'nepremičnine_hiša', 'kraljevina', 'pristal_nepremičnin', 'pristati', 'deklarativno_teorijo_državnosti', 'land', 'turistična_kmetija', 'fevdalna_domena', 'kopno', 'nepremičnina', 'nepremičnine', 'nepremičnin', 'prst', 'tla', 'demesne', 'politike_telesa', 'pristal_imetnika', 'državi', 'dežela', 'mehiške_države', 'kmetovanje', 'din_land', 'sfero', 'površje', 'suverena_država', 'zemljišče', 'posest', 'trdna_tla', 'suverenih_držav', 'posestvo', 'hektarjev', 'res_publica', 'narod', 'zvezna_dežela', 'država', 'edwin_h_land', 'nepremično_premoženje', 'nemške_dežele', 'zvezne_dežele_nemčije', 'nacija', 'politično_družbo', 'zemljo', 'naroda', 'kopnina', 'ozemlje', 'kraljestvo']
laugh	nasmejal	Found close match: ['nasmejati', 'nasmeh', 'nasmejati_se']	['nasmeh', 'jape', 'burka', 'nasmejati_se', 'smej', 'smeh', 'šali', 'nasmejati', 'šalo', 'dovtip', 'šale', 'šaljiv', 'smeha', 'krohot', 'šala', 'zasmejati_se', 'smejati_se']
law	zakonodajo	Found close match: ['zakonodaje', 'zakonodaja', 'zakon_zakon']	['pravne_filozofije', 'kanonsko_pravo', 'm72_law', 'varnostnih_sil', 'pravna_fakulteta', 'pravno_bitko', 'zakon', 'študent_prava', 'jus', 'naravni_zakon', 'pravo', 'pravilo', 'policiji', 'policijska_enota', 'zakon_narave', 'profesor_prava', 'pravoznanstvo', 'zakonodaja', 'policijsko_zaščito', 'oborožene_policije', 'pravna', 'pravni_filozof', 'naravno_pravo', 'pripravo_zakonodaje', 'constabulary', 'nedovoljene_prakse_prava', 'fizikalnih_zakonov', 'zakoni_fizike', 'zakonitost', 'naravnih_zakonov', 'zakonodaje', 'pravna_filozofija', 'zakon_zakon', 'seznam_fizikalnih_zakonov', 'cerkvenega_prava', 'praksa_prava', 'policija', 'pravne_storitve', 'earthling', 'policije', 'cerkveno_pravo']
left	desno	Incorrect	['levičarski_politiki', 'politična_levica', 'ostal', 'levičarstvo', 'preostal', 'levičarji', 'kolektivistična', 'esquerra_republicana_de_catalunya', 'levo_krilo', 'levo_roko', 'levi', 'leva', 'venstre', 'leva_stran', 'leftwing', 'levičarski', 'leva_roka', 'levica', 'politične_levice', 'levo']
level	nivoja	Found close match: ['nivo']	['vodna_tehtnica', 'stopnja', 'izkušnje_točk', 'razdejati', 'zabrisati', 'etaža', 'podreti', 'adema', 'pokazati', 'uničiti', 'fazi', 'meriti', 'točka', 'zbrisati', 'stopnjo', 'nadstropje', 'razirati', 'točke', 'nadstropju', 'naperiti', 'porušiti', 'odrgniti', 'usmeriti', 'ravni', 'mark_chavez', 'vodoravna_površina', 'nivo', 'level', 'mehurček_ravni', 'izbrisati', 'raven_izkušenj', 'enak', 'levél', 'raven', 'nadstropji', 'razred', 'zgodba', 'libela']
liar	zasmejal	Incorrect	['so_far_so_good_so_what', 'louder_now', 'prevaricator', 'lyres', 'lira', 'lažnivec', 'liar', 'republic']
light	svetlobe,	Found close match: ['svetlobe', 'svetlobo', 'svetloba']	['lahka', 'luč', 'žar', 'svetilka', 'svetilnost', 'svetlobe', 'razsvetljava', 'vžigalo', 'okno', 'kratek', 'odboj_svetlobe', 'razsvetliti', 'svetlobno_valovanje', 'osvetliti', 'svetel', 'jasen', 'iskra', 'električne_žarnice', 'luči', 'vidna_svetloba', 'iskrica', 'ožariti', 'notranja_luč', 'svetlost', 'svetloba_znotraj', 'veder', 'prižgati_se', 'lahek', 'vneti', 'iluminirati', 'električno_svetilko', 'komaj_zadosten', 'svetloba', 'láhek', 'svetlobo', 'svetlobnega_valovanja', 'razjahati', 'presvetliti', 'osvetljava', 'čist', 'razjasniti', 'nenaglašen', 'lahkoten', 'luminousness', 'svetlo', 'raven_svetlosti', 'pojasniti', 'vir_svetlobe', 'vidno_sevanje', 'razsvetiti', 'light_yagami', 'okrasiti', 'v_kristus', 'light', 'nezavesten', 'pasti', 'vžigalno', 'prižgati', 'pirotehničnega_pobudnika', 'vžigalnik']
magic	čarobni	Found close match: ['čarobno', 'čaroben', 'čarovnija']	['alagaësia', 'čarovniški_trik', 'magic', 'kiri_te_kanawa', 'make_a_scene', 'axel_rudi_pell', 'leandro_marín', 'trans', 'animagus', 'artefakt', 'octarine', 'illusionists', 'te_kanawa', 'magično', 'čaroben', 'driving_rain', 'legerdemain', 'secret_time', 'dame_kiri_te_kanawa', 'enosmerno_ogledalo', 'occlumency', 'dvosmerni_ogledalo', 'magijo', 'očarljiv', 'wonderworking', 'thaumaturge', 'čarovniški', 'parseltongue', 'iluzija', 'čarobno', 'octiron', 'planeswalker', 'thaumaturgic', 'thaumaturgus', 'mtg', 'take_me_home', 'justin_timberlake', 'čarovništvo', 'preobrazba', 'pluto', 'magic_the_gathering', 'urok', 'magija', 'čarovnija', 'dame_kiri_te_kanawa_janette', 'thaumaturgy']
marriage	poroko	Match	['zakonska_skupnost', 'zakonski_par', 'zakon', 'neveljavnost', 'civilno_poroko', 'ničnost', 'poročni_obred', 'obredov', 'hymeneals', 'poroke', 'mož_in_žena', 'plačevanja_odnos', 'zakonski_stan', 'svatba', 'poročeni_pari', 'zakonska', 'zakonsko_zvezo', 'krščanski_zakon', 'zavezanost_slovesnosti', 'poroka', 'zakonske_zveze', 'poročiti', 'unija', 'poročen_par', 'zakonska_zveza', 'zakonca', 'nihility', 'sveti_zakon', 'poroko', 'cerkvena_poroka', 'zveza']
material	material	Match	['snoven', 'dejanski', 'krpo', 'fizičen', 'stvari', 'tkanina', 'tekstil', 'materialisti', 'fizikalizem', 'pravi', 'blago', 'materializem', 'tvarina', 'tvar', 'materijal', 'bistven', 'realen', 'materialno', 'telesen', 'materiala', 'materiali', 'gradivo', 'tekstilni', 'materialistični', 'fizična_ontologija', 'snov', 'tkanine', 'materializma', 'material', 'tvaren', 'materialen']
mathematical	matematični	Match	['matematičarka', 'matematično', 'številčen', 'matematika', 'matematike', 'matematik', 'matematični', 'matematiki']
mechanism	mehanizem	Match	['mehanizem_reakcije', 'mašinerija', 'priprava', 'stroji', 'naprava', 'mehanizem', 'strojev', 'gibanje', 'urni_mehanizem', 'stroj', 'kemični_mehanizem']
medication	zdravljenje	Not found	[]
money	denarja	Found close match: ['denar', 'denarne']	['money', 'denarne', 'denar']
mountain	gorski	Match	['gomila', 'passel', 'gora', 'muckle', 'masa', 'ubi', 'gorski', 'mickle', 'planina', 'veliko', 'gore', 'grmada', 'kup', 'urejeno_vsoto', 'sahtu', '482', 'gorsko', 'zelo_malo', 'dober_posel', 'mountain', 'precej', 'goro', 'množica']
movement	gibanje	Match	['movement', 'defekacija', 'umetnost_gibanja', 'težnja', 'kampanja', 'defecated', 'fekalnih', 'gib', 'iztrebki', 'bm', 'premik', 'drek', 'iztrebek', 'urni_mehanizem', 'feces', 'umetniško_gibanje', 'she_wolf', 'nagnjenost', 'fekalnih_snovi', 'umetniških_gibanj', 'srala', 'premiki', 'stavek', 'blato', 'navidezno_gibanje', 'prebava', 'armada', 'družbeno_gibanje', 'gibanje_živali', 'fekalne', 'govno', 'kretnja', 'družbenih_gibanj', 'premikanje', 'razvidno_gibanje', 'filozofsko_gibanje', 'gibanja', 'nesnaga', 'gibanje', 'stolica', 'defecating', 'vsebina_odpade', 'fekalije', 'perutninskega_gnoja', 'iztrebljanje', 'the_pillows', 'ordure', 'izloček', 'kopica', 'stvar', 'punkrock', 'gibljivost', 'iztrebljanja', 'gibalni_dejavnosti', 'množica']
movie	film	Match	['gibljivih_slik_predstava', 'polnomotion_video', 'motion_picture', 'velik_filmski', 'film', 'filmov', 'zvočni_film', 'celovečerni_film', 'nemi_film', 'picture_show', 'kites', 'kino', 'velik_zaslon', 'motionpicture_predstava', 'premikanje_slike']
music	glasbo	Match	['glasbo', 'the_music', 'evfonija', 'glasbe', 'resna_glasba', 'zdravilo', 'lepoglasje', 'music', 'glasba', 'državarock', 'country_rock', 'blagoglasje', 'muzika', 'blagozvučnost', 'muziciranje']
nation	držav,	Found close match: ['državi', 'država']	['zemlja', 'nemška_zvezna_dežela', 'nemške_zvezne_dežele', 'dežele_nemčije', 'mehiški_državi', 'deklarativno_teorijo_državnosti', 'državi', 'politike_telesa', 'dežela', 'pleme', 'mehiške_države', 'apollo_crews', 'carry_nation', 'carry_nation_amelia_moore', 'suverena_država', 'carrie_nation', 'suverenih_držav', 'kendrick_lamar', 'res_publica', 'nation', 'narod', 'carry_amelia_moore_nation', 'zvezna_dežela', 'država', 'politično_družbo', 'nemške_dežele', 'zvezne_dežele_nemčije', 'nacija', 'naroda']
news	novice	Match	['informacija', 'novico', 'newsworthiness', 'informativna_oddaja', 'vest', 'obvestilo', 'informativni_program', 'novica', 'novice', 'sporočilo', 'vesti', 'news', 'beseda']
noise	zvok	Match	['zvočno_onesnaževanje', 'širjenje_zvoka', 'radio_hrupa', 'mikrovalovnega_sevanja_ozadja', 'zvok_valov', 'šuma', 'hrupa', 'kozmično_prasevanje', 'elementary_os', 'zvok_onesnaževanja', 'atmospherics', 'zvočne_valove', 'ostre_hrupa', 'cmb', 'interferenca', 'zveneti', 'stochasticity', 'kozmičnega_mikrovalovnega_sevanja_ozadja', 'zvok', 'kozmicno_sevanje', 'elektronskega_hrupa', 'kozmično_mikrovalovno_ozadje', 'industrijski_hrup', 'noise', 'kozmično_sevanje_ozadja', 'zvočnovalovne', 'naključnost', 'mika_horiuchi', 'prasevanje', 'atmosfersko_statično', 'motnja', 'obremenitev_s_hrupom', 'haphazardness', 'hrup', 'obremenjevanje_s_hrupom', 'reliktno_sevanje', 'kozmicno', 'kozmično_mikrovalovno_sevanje_ozadja', 'šum', 'cbr', 'neorganiziranost', 'cmbr']
obligation	obveznosti	Match	['obveza', 'obvezanost', 'potrdilo_o_zadolženosti', 'obveznice', 'odgovornost', 'dolžniški_inštrument', 'zadolžnic', 'obveznost', 'obveznosti', 'dolžnost', 'zavezanost', 'obljuba', 'dolžniški_instrument', 'obligacijsko_pravo', 'obljubo']
pain	bolečin	Found close match: ['bolečino', 'bolečine', 'bolečina']	['nadloga', 'boli', 'preglavica', 'boleti', 'bolečina', 'bol', 'bolečine', 'trpeti', 'mučiti', 'boleč_občutek', 'bolečina_in_nocicepcija', 'bolečino', 'games_pain', 'akutne_bolečine', 'pain', 'king_of_da_ghetto', 'nadležneš', 'nocicepcija', 'trn_v_peti', 'forever', 'težak', 'bolečina_senzacija', 'mora']
personality	osebnost	Match	['osebnosti', 'personality', 'osébnost', 'osebnost']
philosophy	filozofijo	Match	['filozofije', 'filozof', 'izem', 'nauk', 'šola_mišljenja', 'filozofsko', 'modroslovje', 'teorija', 'filozofski_sistem', 'doktrina', 'politična_doktrina', 'filozofinja', 'filozofijo', 'filozofija', 'doktrinarni']
picture	sliko	Match	['biti', 'prikazati', 'videti', 'predstava', 'scene', 'ilustracija', 'slikarstvo', 'cobol', 'velik_filmski', 'predstavljati_si', 'film', 'kino', 'picture_show', 'slika_računa', 'napraviti', 'fotografija', 'velik_zaslon', 'predočiti_si', 'animagus', 'pokazati', 'gibljivih_slik_predstava', 'slike', 'beseda_sliko', 'ilustriranih_knjig', 'gledati', 'avatar', 'slikovno_gradivo', 'celovečerni_film', 'zamišljati_si', 'mentalna_slika', 'motion_picture', 'occlumency', 'posnetek', 'filmov', 'zvočni_film', 'parseltongue', 'slikovno', 'nemi_film', 'beseda_barvanje', 'izkazati', 'kiss', 'opisati', 'živ_opis', 'slika', 'fotografije', 'fotografijo', 'risba', 'preobrazba', 'sliko', 'podoba', 'motionpicture_predstava', 'ilustracij', 'premikanje_slike']
pig	prašička	Found close match: ['prašiček', 'prašič', 'prašič_domači']	['merjasec', 'prašiček', 'sejati', 'pujsek', 'sus', 'pujs', 'svinjina', 'strganje', 'pujsk', 'debeluh', 'umazanec', 'divja_svinja', 'odojek', 'scrofa', 'požrešnež', 'sloven', 'prašič_postelja', 'svinjo', 'slob', 'pogoltniti', 'conjoiner', 'požirati', 'shoat', 'kifeljc', 'policaj', 'divji_prašič', 'divjih_prašičev', 'raymond_watts', 'svinja', 'goltati', 'porcelanski', 'surovi_svinec', 'shote', 'pudge', 'conjoiners', 'domači_prašič', 'prasec', 'prašič_domači', 'prase', 'aljkavo_oseba', 'pujska', 'sus_scrofa_domestica', 'sus_scrofa', 'surovo_železo', 'prašič', 'sus_scrofa_domesticus']
plan	načrt	Match	['zasnovati', 'biti', 'nameravati', 'zamisliti', 'vodja_programa', 'snovati', 'planirati', 'plan', 'načrtovati', 'arhitekturno_načrtovanje', 'program', 'naklepati', 'arhitekturni_načrt', 'konstruirati', 'načrt', 'zasnova']
plant	rastlina	Match	['biti', 'industrijski_obrat', 'osnovati', 'proizvodne_linije', 'floras', 'montažne_linije', 'delavnica', 'sejati', 'plantae', 'shill', 'rastlin', 'vzpostavljati', 'življenje_rastlin', 'traku', 'trigun', 'utemeljiti', 'rastlinskih_vrst', 'vaba', 'določiti', 'proizvodni_obrat', 'rastlinska_vrsta', 'ugotoviti', 'obrat', 'fizični', 'factorij', 'zasaditi', 'imenovati', 'tovarna', 'posaditi', 'proizvodnih_obratih', 'vcepiti', 'rastline', 'mlin', 'uvesti', 'vrsto_bitje', 'feitoria', 'rastlinstvo', 'dela', 'rastlina', 'plant', 'vzpostaviti', 'delavec_v_tovarni', 'fabrika', 'saditi', 'rastlinski_organizem', 'ustanoviti', 'določati', 'rastlinsko_kraljestvo', 'tekoči_trak', 'flora', 'uvajati', 'vsaditi', 'proizvodna_linija', 'tovarnar', 'tovarne', 'industrijski', 'proizvodno_linijo']
play	igra	Match	['postaviti', 'play', 'gledališko_igro', 'dramskih_umetnosti', 'igraj', 'dramatik', 'igrati', 'hazardiranje', 'skok', 'igráti', 'android_market', 'shimmer', 'hazard', 'zračnost', 'ravnati', 'stageplay', 'igrati_se', 'obdobje_igre', 'dramska_igra', 'prosto_pot', 'šala', 'igračkati_se', 'ride', 'odboj', 'igra_na_srečo', 'lesket', 'google_play_store', 'vesel', 'igranje_čas', 'drame', 'drama', 'narediti', 'vložke', 'manever', 'odbijanje', 'delati_se', 'igre_na_srečo', 'norenje', 'dramsko_delo', 'google_play', 'kvartanje', 'dramatičarka', 'igrati_z', 'nastopiti', 'zabavati_se', 'podenje', 'sabljanje', 'christopher_martin', 'nastopati', 'hazarderji', 'igralni_čas', 'ustvariti', 'vrsta', 'kockanje', 'igranje_na_srečo', 'igro', 'igrati_na', 'trzaj', 'dramsko_igro', 'imeti_vpliv', 'stave', 'otroška_igra', 'dramatika', 'vrtenja_mečev', 'igre', 'igrajo', 'prosta_pot', 'igra', 'mečevanje', 'delovati', 'play_store', 'pretvarjati_se', 'teči', 'potegovanje', 'lesketanje', 'vplivati', 'igrati_proti', 'staviti', 'poigravati_se', 'poteza', 'špekulacija']
pleasure	sočutje	Incorrect	['sondre_lerche', 'semisonic', 'užitek', 'prijetno', 'fredrik_ball', 'radost', 'veselje', 'ugodje', 'pearl', 'zadovoljstvo', 'pleasure_p']
poor	slabo	Found close match: ['slaba']	['bogi', 'ubogi', 'kratek', 'uboštvo', 'obubožanje', 'siromašen', 'zaobljubo_revščine', 'revni', 'pomanjkljiv', 'revne', 'revščina', 'nizkimi_dohodki', 'ganljiv', 'nesrečen', 'beračev', 'reven', 'osiromašenje', 'revni_ljudje', 'ubog', 'slaba', 'pomanjkanje', 'beden', 'prostovoljno_revščine', 'žalosten', 'izčrpanje', 'revščine', 'nezadosten', 'siromaštvo', 'henry_varnum_poor', 'uboga']
prison	zapora	Match	['zapora', 'tom_robinson', 'zapor', 'tijesan', 'ječa', 'kaznilnica', 'zaporna_kazen', 'zaporih', 'jemljejo', 'pripor', 'zaprt', 'jailhouse', 'kazen_zapora', 'prevzgojni_objekt', 'pokey']
professional	profesionalni	Found close match: ['profesionalno', 'profesionalen', 'profesionalec']	['poklicna', 'profesionalec', 'strokoven', 'strokovna_oseba', 'profesionalnega_videza', 'strokovnosti', 'strokovnost', 'izvedenec', 'mojster', 'strokovni', 'poklicen', 'strokovnjakov', 'strokovno', 'profesionalno', 'ekspert', 'profesionalni_športnik', 'poklicne', 'profesionalen', 'specialist', 'strokovna', 'ekspertnost_na_delovnem_mestu', 'strokovnjak']
protection	varovanje	Match	['davek_mafiji', 'protection', 'okrilje', 'varstvo', 'zaščita', 'varnosti', 'zaščitni_pokrov', 'varovanje', 'pokroviteljstvo', 'protekcionizem', 'trgovina_zaščita', 'zaščitno_pokrivalo', 'zavetje', 'zaščito', 'varnost', 'okriljem']
quality	kakovost	Match	['kvaliteta', 'visok_družbeni_položaj', 'eliten', 'timbral', 'karakter', 'lastnost', 'visok_položaj', 'značaj', 'ton', 'posebnost', 'kakóvost', 'timbres', 'barve_zvoka', 'kakovostno', 'barva_glasu', 'kakovost', 'značilnost', 'odličen', 'kakovosti', 'quality']
reaction	reakcijo	Match	['reakcija', 'kemična_sprememba', 'kemično', 'kemijska_sprememba', 'reaction', 'kemijske_reakcije', 'protireakcija', 'odgovor', 'odziv', 'kemijska_reakcija', 'nazadnjaštvo', 'kemična_reakcija', 'reakcijo']
read	napisat	Found close match: ['zapisati', 'vpisati']	['branje', 'biti', 'odčitati', 'razlagati', 'povedati', 'kazati', 'beležiti', 'prevesti', 'študirati', 'robert_william_read', 'registrirati', 'vpisati', 'pokazati', 'dojeti', 'se_glasi', 'jemati', 'čitati', 'čìtati', 'upoštevati', 'vzeti', 'prečitati', 'interpretirati', 'catherine_read', 'prebrati', 'razumeti', 'pojmiti', 'zapisati', 'praviti', 'preberi', 'preberite', 'brati', 'zabeležiti', 'read', 'odčitavati']
relationship	odnosi	Found close match: ['odnos']	['družinsko_razmerje', 'medčloveški_odnos', 'sorodstvu_in_spust', 'razmerje', 'poznanstvo', 'sorodstvena_zveza', 'človeški_odnos', 'druženje', 'sorodstveni_odnos', 'sorodstvo', 'odnos', 'znanstvo', 'dolgoročnega_odnosa', 'človeške_interakcije', 'sorodstveno_razmerje', 'sorodniki', 'medosebnih_odnosov', 'znanec', 'človeških_odnosov', 'acquaintanceship', 'povezava', 'zveza']
religious	verske	Match	['pobožen', 'devoten', 'verskega', 'nabožen', 'svetniški', 'verski', 'versko', 'verska', 'verske', 'bogoljuben', 'religiozen', 'klerik']
residence	prebivališče	Match	['hiša', 'prebivališče', 'bivanje', 'dvorec', 'stanovanj', 'rezidenca', 'dóm', 'doma', 'prebivanje', 'prebivalec', 'stanovnik', 'dom', 'domovanje', 'bivališče', 'vila', 'stanovanjska_hiša', 'residencia', 'dvorec_hiša', 'zasebno_bivališče', 'stanovanje', 'graščina', 'stanovalec', 'residenca', 'prebivalcev', 'prebivalca']
road	cesta	Match	['the_road', 'causeways', 'tekma_v_gosteh', 'stran_igre', 'pot', 'cesta', 'cesta_igre', 'nevejski_prelaz', 'new', 'javna_cesta']
sad	će	Incorrect	['lost_dogs', 'žalostna', 'potrtost', 'sadhe', 'beden', 'žalosti', 'žalosten', 'sezonsko_čustveno_motnjo', 'žalost', 'žalostno', 'sad', 'oddelek_za_specialne_aktivnosti']
science	znanost	Match	['znanstvene_discipline', 'veščina', 'mainstream_znanosti', 'model_razvoja_znanosti', 'veda', 'znanosti', 'spretnosti', 'spretnost', 'znanstvena_disciplina', 'science', 'empirične_znanosti', 'znanost']
seafood	zelenjave	Not found	[]
sell	prodajat	Not found	[]
sew	oblekico	Incorrect	['stitchery', 'šivanje', 'sešiti', 'šivati']
sexy	videospotu	Incorrect	['seksi', 'sexy', 'elephunk']
shape	podolgovate	Found close match: ['delovati']	['biti', 'anatomija', 'primitivni', 'ustvariti', 'pigmentacije_kože', 'meso', 'človeško_telo', 'vrhovno_poveljstvo_zavezniških_sil_v_evropi', 'stanje', 'urediti', 'se', 'vrhovni_poveljnik_zavezniških_sil_v_evropi', 'obliki', 'postava', 'regulirati', 'obliko', 'materialno_telo', 'fizično_telo', 'oblikovati', 'telo', 'saceur', 'vzorec', 'tonus_kože', 'fiziologija_človeka', 'formirati', 'ogrodje', 'oblika', 'forma', 'forme', 'glasbeno_obliko', 'tvoriti', 'mesa', 'bod', 'uravnavati', 'oblike', '433', 'shape', 'fiziologije_človeka', 'vrhovni_poveljnik_zavezniških_sil_za_evropo', 'izoblikovati', 'delati', 'izdelati', 'format', 'delovati', 'človeški_anatomiji', 'vplivati', 'vrhovno_poveljstvo_zavezniških_sil_evrope', 'oblikujejo']
ship	loď	Incorrect	['biti', 'ladjo', 'prepeljevati', 'ladja', 'ladje', 'prevažati', 'transportirati', 'vkrcati', 'voziti', 'prenesti', 'ladijske_izmere', 'poslati']
show	oddaji	Found close match: ['oddaja']	['biti', 'naznaniti', 'predložiti', 'prikazati', 'izpričati', 'predstava', 'hazardiranje', 'kazati', 'beležiti', 'hazard', 'oddaja', 'predstavitev', 'napraviti', 'registrirati', 'vpisati', 'show', 'igra_na_srečo', 'pokazati', 'ugotoviti', 'navesti', 'razkazati', 'pokaži', 'prikaži', 'vložke', 'imeti', 'igre_na_srečo', 'pričati', 'dokazati', 'kvartanje', 'demonstrirati', 'predstavi', 'hazarderji', 'kockanje', 'kažejo', 'igranje_na_srečo', 'izpovedati', 'pospremiti', 'razkazovanje', 'zapisati', 'zunanja_podoba', 'razstava', 'stave', 'izkazati', 'opisati', 'izraziti', 'vzpostaviti', 'ustanoviti', 'brati', 'zabeležiti', 'potrditi', 'označiti', 'predstaviti', 'špekulacija', 'sejmih_občine']
sign	znak	Match	['komercialne_signalizacije', 'tabli', 'klinični_znak', 'paulingova_lestvica', 'outofband_signalizacijo', 'grafični_simbol', 'semiologije', 'elektro', 'napis', 'brown_eyed_girls', 'astrološko_znamenje', 'podpisovati', 'potrjevati', 'signalnih', 'priznavati', 'signifikat', 'semiologija', 'označenec', 'nebesno_znamenje', 'znak', 'signalizacije', 'znaka', 'polarnost', 'klinične_znake', 'pisno_znamenje', 'signalizirati', 'priznati', 'signalizacijo', 'grafično_znamenje', 'črka', 'omen', 'preindication', 'elektropozitivnega', 'signalizacija', 'negativna', 'bolezenski_znak', 'nenegativno', 'semiotika', 'sankcionirati', 'grafemsko', 'kretnja', 'znamenj', 'semiotični', 'pozitivno_število', 'planetarna_hiša', 'reklamna_tabla', 'predznak', 'blagosloviti', 'reklamni_napis', 'odobriti', 'okriljem', 'graphemes', 'horoskop', 'signal', 'astrološki_znak', 'elektronegativnost', 'potrditi', 'podpišite', 'podpisati', 'kliničnih_znakov', 'znamenje', 'grafem', 'ratificirati']
silly	ponavljam	Incorrect	['ganljiv', 'nonsensicality', 'neumen', 'omotičen', 'nor', 'glúp', 'podvala', 'nesmisel', 'nesmiselno', 'neumno', 'čudaški', 'slepilo', 'omejen', 'aboten', 'vrtoglav', 'bedast', 'butast', 'silly', 'trapast']
sin	laž	Incorrect	['šin', 'hudič', 'sinus', 'grešiti', 'grehe', 'singalščina', 'sin', 'srbščina', 'grešniki', 'grešíti', 'greha', 'greh', 'sine', 'grešnost', 'shin', 'sinning']
skin	kože	Match	['day_for_night', 'podkožno_tkivo', 'skinnable', 'almost_human', 'ray_of_light', 'olupek', 'duševna_bolnica', 'dodatek', 'programska_razširitev', 'ovoja', 'skin', 'olupiti', 'krzno', 'usnjica', 'oplata', 'blender', 'koži', 'podkožje', 'zdravstvene_organizacije', 'kože', 'preobleka', 'cutis', 'psihiatrična_bolnišnica', 'vtičnik', 'programski_dodatek', 'kožuh', 'lupina', 'duševne_dom', 'tiskano_vezje', 'čutilna_telesca', 'psihiatrične_bolnišnice', 'tiskanih_vezij', 'koža', 'odreti', 'kožo', 'avstralski_aboriginal_sorodstvo', 'vezje_kartice', 'lupiti', 'umobolnico', 'dodatni_program', 'vezje', 'lupino', 'ovoj', 'r_kelly', 'plugin']
smart	brezžično	Incorrect	['obveščevalna_služba', 'inteligenco', 'smart', 'pametno', 'inteligenca', 'moder', 'predrzen', 'tehnologija_smart', 'pameten', 'smarting', 'pametna', 'brihten', 'boleti', 'svež', 'eleganten', 'inteligenten', 'nesramen']
smiling	zasmehuje	Not found	[]
solution	rešitev	Match	['enačba_reševanje', 'reševanje_težav', 'rešitev', 'rešitve', 'topljencev', 'reševanje_problemov', 'raztopina', 'odgovor', 'rešitev_enačbe', 'rezultat_dobljen', 'solution', 'rezultat', 'vodna_raztopina']
soul	dušo	Match	['kdo', 'nekdó', 'posamezniki', 'smrtnik', 'duše', 'posameznik', 'nekdo', 'človek', 'duša', 'občutek', 'dušo', 'neumrljivo_dušo', 'duši', 'posameznika', 'soul', 'aiúa', 'o_duši', 'soulfulness', 'občutenje', 'oseba']
sound	zvok	Match	['biti', 'ožina', 'zdrav', 'zvokom', 'širjenje_zvoka', 'zvoka', 'zvok_valov', 'telefon', 'administrativen', 'morska_ožina', 'zvočna_senzacija', 'zakonski', 'zdeti_se', 'govora_zvok', 'zvočne_valove', 'zveneti', 'preliv', 'upravičen', 'soden', 'slušna_zaznava', 'zvok', 'utemeljen', 'rokav', 'proizvesti_zvok', 'govor_zvok', 'praven', 'dobro_premišljen', 'dober', 'tecnocumbia', 'zvočnovalovne', 'zakonit', 'morski_rokav', 'globok', 'zvočni_dražljaj', 'iti', 'glas', 'izvabiti_zvok', 'razumen', 'morski_preliv', 'inteligenten']
spoke	govoril	Match	['napere', 'glasovno_komunikacijo', 'govorne_komunikacije', 'špica', 'napera', 'govorjeni_jezik', 'govorijo_sporočilo', 'govoril', 'govor', 'rundle', 'govorno_komunikacijo', 'govorna_komunikacija', 'ustno_sporočilo', 'ustna_komunikacija', 'človeškega_govora', 'govorno_sporazumevanje', 'govorili_kolo', 'sporočilu_govora', 'spoke', 'govora', 'govorni_jezik', 'jêzik', 'prečka', 'ustno_sporazumevanje']
star	zvezdo,	Found close match: ['zvezdo', 'zvezd', 'zvezdico']	['genij', 'estelle', 'hotel_s_petimi_zvezdicami', 'mavin', 'glavne_igralke', 'vodilen', 'šampion', 'ilean_almaguer', 'zvezdasta_topologija', 'zvezdico', 'žvižg', 'zvezda_topologije', 'zvezdni_mnogokotnik', 'zvezdica', 'zvezdni_poligon', 'zvezdnik', 'čarov', 'as', 'prvak', 'adept', 'mojster', 'zvezda', 'targz', 'zaigrala', 'maven', 'glavni_igralec', 'napihnjenec', 'slaven', 'virtuoz', 'bradač', 'spretni', 'popstar', 'star', 'xerox_star', 'zvezdo', 'the_rise_and_fall_of_ziggy_stardust_and_the_spiders_from_mars', 'zvezd', 'filmska_zvezda', 'znana_oseba', 'topologija_zvezde', 'tv_osebnost', 'tar']
student	študent	Match	['učenec', 'knjigarnar', 'študentka', 'dijak', 'učenjak', 'učenka', 'prvega_letnika', 'študenti', 'pisatelj', 'študent', 'znanstveni_oseba', 'knjigotrštvo', 'educatee', 'knjigarn', 'william_sealy_gosset']
stupid	neumen	Match	['tepec', 'puding_glavo', 'neumnost', 'butec', 'ravensymone', 'kreten', 'glúp', 'slaba_ribe', 'neumnosti', 'butast', 'trapast', 'neumen', 'pudden_glava', 'teleban', 'omejen', 'omamljen', 'dolt', 'tele', 'stupe', 'neumna_oseba', 'bebec', 'neumna', 'bedak', 'butelj', 'neumno', 'bedast']
successful	uspešna	Match	['uspešni', 'uspešna', 'uspešno', 'uspešen', 'izbran', 'successful']
sugar	sladkorja	Match	['ogljikovi_hidrati', 'beli_sladkor', 'prečiščenimi', 'penki_penki', 'krajcar', 'sugar', 'glassheart', 'simoleons', 'ficek', 'dinero', 'penez', 'sladkorjev', 'moolah', 'ogljikov_hidrat', 'gelt', 'plenk', 'školjke', 'rafiniranega_sladkorja', 'sladilo', 'keš', 'batman_forever', 'rafiniran_sladkor', 'šekelov', 'sladkorja_v_vinu', 'pelf', 'sladkor', 'kocki_sladkorja', 'mamon', 'ogljikovih_hidratov', 'žvenk', 'belič', 'sladkorji', 'pinke_ponke', 'sladkati', 'ravni_sladkorja', 'cvenk', 'karbohidrati', 'sladkorja', 'fičnik']
suspect	ugotoviš	Incorrect	['toženec', 'obdolženec', 'obtoženka', 'toženi', 'obtoženi', 'sumiti', 'čudaški', 'osumljeni', 'robert_crais', 'domnevati', 'zatoženec', 'nezaupanje', 'storilec', 'osumljenca', 'tožena', 'osumljencev', 'sumljiv', 'sum', 'osumljenec', 'tožena_stranka', 'nezaupljiv', 'ne_zaupati', 'obtožena', 'obtoženec']
table	tabeli	Match	['razvidnica', 'tabela', 'mesas', 'iframe', 'preložiti', 'odgoditi', 'planote', 'preglednica', 'iskanje', 'planota', 'razpredelnica', 'soundboard', 'zavlačevati', 'odložiti', 'hrana', 'mesa', 'lookup_tabelo', 'lookup', 'html_element', 'tabelarični', 'miza', 'oznaka_html', 'zmanjšati', 'tabeli', 'resonančno_dno', 'odlašati', 'tabelarični_niz', 'mizo']
taste	okus	Match	['draž', 'aroma', 'ojačevalec_okusa', 'preizkusiti', 'poskusiti', 'slepi_degustaciji', 'osnovni_okus', 'pokušina_vin', 'zalogaj', 'okusna_senzacija', 'taste', 'okusna', 'umetne_arome', 'okus_senzacija', 'kratka_izkušnja', 'arome', 'nowhere', 'okus_dojemanje', 'naravne_arome', 'okusna_zaznavanje', 'degustacija', 'degustacijski', 'okus', 'preferenca', 'okusna_modalnosti', 'grižljaj', 'nagnjenj', 'okušanje', 'okusa', 'okusi']
team	ekipa	Match	['rock_bend', 'kolektiv', 'rock_skupina', 'pop_rock_skupina', 'solo_projekt', 'solo_umetnik', 'vokalnoinstrumentalna_zasedba', 'ekipno', 'ansambel', 'skupina', 'team', 'ekipni_šport', 'moštvo', 'glasbena_skupina', 'skupinski_šport', 'tim', 'moštveni_šport', 'band', 'pop_skupina', 'bend', 'pop_rock_skupine', 'instrumentalni_ansambel', 'ekipa', 'rock_skupin', 'moštveni_športi']
texture	finozrnato	Incorrect	['preslikava_tekstur', 'tekstura', 'makrostrukture', 'teksturo', 'mouthfeel', 'občutek_v_ustih', 'struktura', 'granulacija']
time	čas	Match	['časovni_okvir', 'taktu', 'in_my_own_words', 'scatmans_world', 'časov', 'ure_ciklov', 'ura_čas', 'metrum', 'čas_podpis', 'čàs', 'zgodnjem_vesolju', 'napeto', 'trenutek', 'zapora', '68_čas', 'polymeter', 'glasbeni_čas_podpis', 'y_not', 'zaporna_kazen', 'sistemski_čas', 'čas', 'pravi_čas', 'času', 'času_valček', 'času_mešanicah', 'krat', 'ura', 'slovničnih_časov', 'časa', 'anastacia', 'časovne_podpise', 'hypnotica', 'obdobje', 'pravi_trenutek', 'duple', 'meter', 'smartstop', 'glagolski_čas', 'časovnem_intervalu', 'pacific_ocean_blue', '44', 'zaporna_doba', 'slovnični_čas', 'kraju_časa', 'četrta_dimenzija', 'time', 'pesniška_mera', '44_časa', '128', 'time_norveška', 'tiktakanje', '24_časa', 'zaporedja_dogodkov']
tool	orodje	Match	['kurac', 'sredstvo', 'lutka', 'orodij_za_razvoj_programske_opreme', 'orodja', 'marioneta', 'instrument', 'voziti_se', 'kurec', 'razvoj_programske_opreme_orodje', 'orodja_za_razvoj_programske_opreme', 'orodje', 'inštrument', 'programskih_orodij', 'razvojno_orodje', 'tool', 'tič', 'penis', 'programsko_orodje']
toy	igračo	Match	['igrača', 'toy', 'igrati', 'igrače_pes', 'chatoyancy', 'igrati_se', 'igračo', 'igralna', 'miniatura', 'yello', 'toyline', 'igračkati_se', 'chatoyant', 'poigravati_se', 'igrače']
tree	dreves	Match	['matično_vozlišču', 'tree', 'dreves', 'charlotte_brontë', 'čaščenja_dreves', 'drevesni_diagram', 'otrok_vozlišča', 'drevo', 'notranje_vozlišče', 'korensko_vozlišče', 'sveto_drevo', 'jelka', 'gozd', 'drevesa', 'nadrejeno_vozlišče', 'poddrevo', 'drevo_podatkovna_struktura', 'sadike', 'listno_vozlišče', 'sir_herbert_beerbohm_tree', 'herbert_beerbohm_tree', 'charlotte_bronte']
trial	obsodba	Found close match: ['sodba']	['nadloga', 'preizkus', 'sodna_obravnava', 'paucal', 'trivrstični', 'trojka', 'ujemanje_v_številu', 'iii', 'število', 'križ', 'primer', 'tercet', 'pravni_spor', 'eksperiment', 'pred_sojenjem', 'civilno_tožbo', 'vzročnosti', '3', 'slovnično_število', 'deuceace', 'proces', 'ednina', 'poskus', 'testiranje', 'tri', 'sodba', 'vzrok', 'sojenje', 'terzetto', 'sodni_proces', 'stiske', 'trojstvo', 'zadeva', 'preskus', 'ternarna', 'številka_sporazum', 'tožbo', 'strank', 'ternion', 'predtekmovanje', 'tožil', 'poskusno_obratovanje', 'causa', 'preizkušnja', 'trikotnik', 'tožb', 'sodi', 'tožba', 'trojica']
tried	poskušal	Match	['sodna_obravnava', 'probal', 'preizkušen', 'sodi', 'sojenje', 'poskusil', 'sodni_proces', 'poskušal']
typical	tipične	Found close match: ['tipično', 'tipičen']	['razločevalen', 'značilen', 'značilno', 'tipičen', 'tipično']
unaware	prepričana	Not found	[]
usable	neuporabno	Found close match: ['uporabno', 'uporabnost', 'uporabna']	['funkcionalen', 'uporabnost', 'delujoč', 'uporabna', 'uporabljiv', 'razpoložljiv', 'uporaben', 'prijazen_do_uporabnika', 'operativen', 'uporabno', 'na_voljo', 'dostopen', 'uporabniku_prijazen', 'enostavnost_uporabe']
useless	neuporabna	Found close match: ['neuporabno', 'neuporabni', 'neuporaben']	['neuporabni', 'brezploden', 'jalov', 'neporaben', 'neraben', 'brezuspešen', 'neuporabno', 'brezsmotrn', 'nesmotrn', 'nekoristen', 'useless', 'brezkoristen', 'neuporaben', 'neuporabljiv']
vacation	počitnice	Match	['praznik', 'oddih', 'dopust', 'prost_dan', 'počitnice']
war	vojno,	Found close match: ['vojno', 'vojn', 'vojne']	['the_war', 'zmaga_nad_zamenjavo', 'ares', 'vojskovanje', 'vojna', 'vojno_stanje', 'bojevanje', 'boj', 'vojaški_spopad', 'oboroženih_spopadih', 'war', 'vojn', 'all_or_nothing', 'waraywaray_jeziku', 'vojne', 'vojno']
wash	čistilih	Incorrect	['splakniti', 'buried', 'pranje_risanje', 'arroyo', 'izprati', 'umivanje', 'the_wash', 'namočiti', 'biti_pralen', 'miti', 'lavation', 'washables', 'navlažiti', 'zavetrju', 'sprati', 'slipstream', 'unearthed', 'izpiranje', 'scan', 'perilo', 'ovlažiti', 'vlažiti', 'vlážiti', 'suho_pranje', 'umazano_perilo', 'lost_dogs', 'kitajski_perila', 'prati', 'perica', 'pranje', 'biti_prepričljiv']
weak	močna	Found close match: ['nemočen']	['mlahav', 'ostarel', 'moker', 'betežen', 'šibko', 'šibka', 'slabotnost', 'izčrpan', 'bolan', 'šíbek', 'šibak', 'slàb', 'lahek', 'izpran', 'nemočen', 'bolehen', 'nenaglašen', 'redek', 'šibek', 'voden', 'slaboten', 'šibki', 'the_sea', 'mišična_oslabelost']
wear	obleči	Match	['nositi', 'biti', 'nosljivi', 'ožeti', 'izčrpati', 'oblačiti', 'utruditi', 'držati_se', 'odevalo', 'člen_oblačil', 'sylvanus_wear', 'vleči_se', 'razbiti', 'habiliment', 'zdelati', 'izžeti', 'imeti', 'izmučiti', 'obleko', 'oblačilno_industrijo', 'razbiti_se', 'oblačilo', 'obleka', 'nadeti_si', 'odpornost_proti_obrabi', 'obleci', 'razpočiti_se', 'obleke', 'ženskih_oblačil', 'zlomiti', 'obleči', 'dajo_na', 'kroženje', 'oblačila', 'ločiti_se', 'wear', 'utrujati']
weather	vremenski	Found close match: ['vreme', 'vremensko_napoved', 'vremenske_razmere']	['vreme', 'vremensko_napoved', 'vremenska_napoved', 'vremenske_razmere', 'atmosferski_pogoji']
willingly	obljubiti	Incorrect	['prostovoljno', 'rad', 'rade_volje', 'z_veseljem']
word	besede	Found close match: ['besed', 'besedo', 'beseda']	['mc', 'ukaz', 'častna_beseda', 'sin', 'svetega_pisma', 'ibn', 'geslo', 'verska_literatura', 'svetih_besedil', 'novica', 'biblicist', 'christian_bible', 'biblija', 'microsoft_word', 'verskih_besedil', 'bin', 'debata', 'oblikovati', 'zagotovilo', 'novice', 'sporočilo', 'biblije', 'besedo', 'word', 'sveto_pismo', 'informacija', 'ben', 'izraz', 'novico', 'navodilo', 'častno', 'vest', 'sveto_besedilo', 'izreči', 'knjižni', 'krščanske_biblije', 'diskusija', 'obljuba', 'logotipi', 'beseda', 'obljubljena_donacija', 'sveti_poziv', 'sina', 'obvestilo', 'dobro_knjiga', 'besed', 'gesla', 'versko_besedilo', 'sveta_knjiga', 'logos', 'razprava']
