ability	evne	Match	['evnen', 'evne', 'kapacitet', 'aptitude', 'evner']
accomplished	gennemførende	Incorrect	['fuldført']
angry	rasende	Found close match: ['vrede']	['gal', 'mad_season', 'ira', 'arrig', 'angriness', 'kay_starr', 'indignation', 'vrede', 'vred', 'press_to_play', 'sur']
apartment	værelse	Incorrect	['lejelejlighed', 'lejlighed', 'etageejendom', 'lejligheden', 'lejligheder', 'apartment', 'lejlighedskompleks', 'palæ_blok', 'boligblokke']
applause	bifald	Match	['hånd_der_klapper', 'klappe', 'applaus', 'klappede', 'applause', 'bifaldet', 'bifald', 'håndklap']
argument	argumenter	Match	['diskussionsklub', 'kontrovers', 'kontroversiel', 'disceptation', 'debat', 'litterære_argument', 'disput', 'politisk_debat', 'argumentet', 'tale_og_debat', 'skænderi', 'kontroverser', 'argumenter', 'erklæring', 'argumentationsteori', 'debatter', 'diskuterer', 'verbum_argument', 'anfægtelse', 'diskutere', 'argument', 'ræsonnement', 'parameter', 'linje', 'argumentation', 'argumenterer', 'logisk_argument', 'skrå_argument', 'musikalsk_argument']
art	kunst	Match	['beauxarts', 'dybtrykteknik', 'tapperhed', 'kunstnerisk_skaben', 'kunstform', 'kunstfærdighed', 'fine_arts', 'kunst', 'kunst_design', 'agoutirelateret_peptid', 'kunsten', 'nontextual_stof', 'art', 'de_skønne_kunster', 'beauxarts_stil', 'kunstner', 'fineart', 'beaux_arts', 'kunstnerisk_produktion', 'kunstneriske_udtryk', 'kunstneriske', 'artwork', 'artikel', 'grafik', 'beauxarts_arkitektur', 'kendeord', 'les_beauxarts', 'kunstnerisk_udtryk', 'grafisk', 'appropriation', 'beaux_arts_arkitektur', 'dni', 'kunstværk', 'skønne_kunster']
attitude	holdning	Match	['adfærd', 'attitude', 'dårlig_opførsel', 'malpresentation', 'orienteringen', 'positur', 'optræden', 'tendens', 'kropsholdning', 'rumlig_orientering', 'grasserende', 'holdning', 'euler_vinkler', 'papirretning', 'gerninger', 'fremtræden', 'reload', 'mental_indstilling', 'tilbøjelighed', 'demeanor', 'anstand', 'adfærdsmæssige', 'indstilling', 'beliggenhed', 'disposition', 'retning', 'opførsel', 'stilling', 'social_adfærd']
bag	håndtaske	Match	['kop_te', 'multiset', 'bærepose', 'rejsetaske', 'gamle_pose', 'taske', 'yvere', 'yver', 'kuffert', 'håndtasker', 'multisets', 'sæk', 'stjæle', 'papirspose', 'plastpose', 'pose', 'tasken', 'plastic_indkøbspose', 'håndtaske', 'bagful', 'plast_indkøbspose']
ball	bolden	Match	['nosse', 'klat', 'glob', 'strikeout', 'strejke_zone', 'kugleperiferi', 'bolden', 'sfære', 'projektil', 'testikler', '2sfære', 'lukkede_kugle', 'walk', 'kugler', 'strike_zone', 'tennisbold', 'sfærisk', 'ballock', 'bal', 'john_ball', 'kugleskal', 'nosser', 'testis', 'bolde', 'strike', 'tennisbolde', 'musket_kugle', 'teste', 'bold', 'slug', 'testiklerne', 'klump', 'kugleformet', 'ball', 'klunker', 'bordtennisbold', 'lucille_ball', 'halvkugleformet', 'testikel', 'fodbold', 'kugle', 'strikezone', 'kugleoverflade']
bar	bar	Match	['bryggeri_hanen', 'farnesoid_x_receptor', 'barline', 'eksludere', 'stribe', 'sandbanke', 'bar', 'bayrisk', 'patronymikon', 'barre', 'bajrisk', 'forebyggelse', 'stime', 'skænkestue', 'efternavne', 'pub_tegn', 'pothouse', 'country_inn', 'stimer', 'værtshuse', 'efternavn', 'baren', 'beta2receptor', 'browning_automatiske_riffel', 'mbar', 'brækstang', 'kro', 'pubber', 'bar_montenegro', 'sandbanker', 'barriere_strand', 'tap_house', 'udstøde', 'millibar', 'foobar', 'advocatus', 'bayersk', 'pub_grub', 'stregfarve', 'patronymnavn', 'bajersk', 'advokatbranchen', 'juridiske_samfund', 'værtshus', 'taphouse', 'offentlige_huse', 'hostelry', 'pub', 'bardisk', 'pub_fødevarer', 'patrynomic', 'public_house', 'offentlig_hus', 'slægtsnavn', 'foranstaltning', 'ginmill', 'bairisk', 'gin_mølle', 'beta2_adrenerg_receptor', 'barroom', 'takt', 'forvise', 'sedan_keeper', 'patronym', 'juridiske_profession', 'foo']
bear	næsebjørnen	Found close match: ['bjørne', 'bjørn']	['tage', 'paul_hoffman', 'bear', 'indeholde', 'bjørn', 'udstå', 'ursine', 'webelos', 'nedkomme', 'barsle', 'ursidae', 'klare', 'mike_brown', 'bære', 'bjørnen_samfund', 'udholde', 'stå', 'holde', 'tupolev_tu95', 'bjørne', 'bamse', 'betale']
beat	finalesejren	Found close match: ['besejre']	['rytme', 'taktslag', 'overvinde', 'beatnik', 'versemål', 'metrik', 'metrum', 'rytmisk', 'kvantitativ_vers', 'musikalsk_rytme', 'besejre', 'slå', 'kvantitative_meter', 'siteswap', 'poetisk_meter', 'meter', 'offbeat', 'rytmisk_enhed', 'rytmer', 'slået', 'puls', 'beat']
bed	sovepose	Incorrect	['søm', 'flodseng', 'nervøs_tvangsspisning', 'creek_seng', 'stream_seng', 'kane', 'seng', 'pule', 'knalde', 'tvangsspisning', 'bolle', 'nervøs_overspisning', 'streambed', 'underlagsplan', 'binge_spiseforstyrrelse', 'bed', 'kneppe', 'sengen']
beer	øl	Match	['overgæret', 'humle', 'ale', 'beer', 'ølsort', 'ølbrygning', 'fadøl', 'undergæring', 'øl', 'mjød', 'bajer', 'overgæring', 'lyst_øl', 'bryggeriindustri', 'bryggeriindustrien']
big	big	Match	['bjarke_ingels_group', 'mineralitet', 'big', 'balance', 'krop', 'bouquet', 'stort', 'stypsis', 'store', 'frugt', 'tør', 'stor', 'norm_nixon']
bird	fuglen	Match	['fuglen', 'redesnylter', 'pigebarn', 'redeparasit', 'pipfugl', 'mikuni_shimokawa', 'yardbird_parker', 'fugle', 'aves', 'fjerbold', 'avafauna', 'tøs', 'fuckfinger', 'charlie_parker', 'bird_parker', 'fuglefauna', 'bird', 'fugl', 'piphans', 'bronx_cheer', 'digitus_impudicus', 'charles_christopher_parker', 'razzing', 'razz', 'boo', 'fingeren']
blood	blod	Match	['be_free', 'herkomst', 'blood', 'biologisk_arv', 'humant_blod', 'rakehell', 'dancing_in_the_ashes', 'blodet', 'bordeaux', 'arvelig', 'hæmatologiske', 'roue', 'oxygentransport', 'gawm', 'vs', 'iltet_blod', 'take_me', 'persistence_of_time', 'biologiske_arv', 'collective_soul', 'blodledning', 'not_listening', 'the_black_parade', 'afstamning', 'blod', 'harder_than_a_coffin_nail', 'bordeaux_vin', 'arvelighed', 'genetiske_arv', 'blanket_of_fear', 'getting_away_with_murder', 'blodstrøm']
body	krop	Match	['avisartikel', 'rjmb', 'heldragt', 'torso', 'stammen', 'balance', 'karrosseri', 'modtageren', 'autokaretmager', 'polytop', 'felteffekttransistorer', 'cmos', 'organisk_struktur', 'system', 'drain', 'felteffekttransistor', 'nyhedsartikel', 'dør', 'polyedre', 'pkt', 'krop_og_sjæl', 'enhancementmode', 'kroppen', 'auto_krop', 'punktstørrelse', 'felteffekttransistoren', 'catsuit', 'bladartikler', 'fysiske_krop', 'stypsis', 'legeme', 'fysiske_struktur', 'dobbelgatefet', 'tør', 'fet', 'depletionmode', 'karetmager', 'igfet', 'kadaver', 'artikel', 'bouquet', 'soundbox', 'cadaver', 'kadavere', 'gate', 'frugt', 'nkanal', 'tidsskriftsartikel', 'meddelelsestekst', 'døde_krop', 'nmos', 'source', 'mineralitet', 'nyhedshistorie', 'body', 'trikot', 'overkrop', 'avisartikler', 'krop', 'punkt', 'organisme', 'lig', 'teairra_marí', 'pts', 'eubstance', 'bodysuit', 'jfet', 'subtile_krop', 'cat_suit', 'unitard']
brain	hjernen	Match	['psyken', 'sjæl', 'banks', 'hjernefunktion', 'psyke', 'kuppel', 'intellekt', 'pære', 'brain', 'fornuft', 'mental_indhold', 'inspector_gadget', 'bryan_mantia', 'hjernens_funktion', 'sind', 'menneskelige_sind', 'mentale_kapacitet', 'indersiden_af_hovedet', 'verstand', 'geni', 'karakter', 'hjernen', 'hjernevæv', 'mental', 'lampe', 'intellektuelle_ressourcer', 'ræsonnere', 'hjerne', 'indlæringsevnen', 'nous', 'hoved', 'indstilling', 'hukommelse', 'brainiac', 'sindet', 'hætte', 'den_øverste_etage', 'ræsonnement', 'cerebrum', 'pattedyrs_hjerne', 'menneskets_hjerne', 'tænker', 'inspektør_gadget']
broken	brudt	Match	['ødelagt', 'ms_kelly', 'the_broken', '12_stones', 'winterhearts_guild', 'plastic_beach', 'stumper_og_stykker', 'the_best_of_bruce_dickinson', 'fejlagtig', 'knækket', 'echo', 'brækket', 'delta_machine', 'fejlbehæftet', 'defekt', 'broken', 'brudt']
building	bygningen	Not found	[]
burn	brænde	Match	['brænd', 'fc_dallas', 'solbrændthed', 'flammende', 'åen', 'burn', 'bål', 'forbrænding', 'tan', 'strøm', 'flamme', 'suntan', 'brande', 'brand', 'tredje_grad_brænde', 'solskoldning', 'tredje_grads_forbrændinger', 'solbrændt', 'lue', 'brænder', 'ruisseau', 'dallas_burn', 'vandløbets_faser', 'brandsår', 'erythema_solare', 'vandløb', 'ild', 'brænde', 'bæk', 'anden_grad_brænde', 'intermitterende_strøm', 'brænde_op', 'brænde_mark']
business	forretnings	Found close match: ['forretning', 'forretninger', 'scene_forretning']	['business_system', 'scene_forretning', 'virksomhedsorganisation', 'erhvervsmand', 'virksomheder', 'selvstændige_entreprenører', 'virksomhed_bekymring', 'forretning', 'line_of_business', 'forretninger', 'business_loop', 'business', 'firma', 'forprofit', 'byplay', 'erhvervsvirksomhed', 'erhvervslivet', 'kundekreds', 'forhandler', 'erhvervsliv', 'erhvervskvinde', 'kunde', 'erhverv', 'business_videnskab', 'selskaber_lov', 'beskæftigelse', 'for_profit', 'enkeltmandsvirksomhed', 'besættelse', 'business_rute', 'linje_i_arbejde', 'virksomhed', 'job', 'lob', 'klientel', 'dag_job', 'kommerciel_virksomhed', 'firmaer']
camera	kamera	Match	['film_kamera', 'the_back_room', 'kamera', 'filmkamera', 'fjernsynskamera', 'fotografiapparat', 'motionbillede_kamera', 'cinekamera', 'tvkamera', 'kameraet', 'camera', 'fotografisk_kamera', 'kameraer']
carefully	omhyggeligt	Match	['forsigtig', 'bekymring', 'omhyggeligt', 'forsigtigt', 'omhyggelig']
challenge	udfordrerne	Found close match: ['udfordre', 'udfordringen', 'udfordring']	['challengeresponse', 'udfordringen', 'indvending', 'bestride', 'challenge', 'challengeresponsegodkendelse', 'udfordre', 'udfordring']
charity	velgørenhed	Match	['melinda_padovano', 'broderkærlighed', 'velgørende_organisationer', 'velgerning', 'almindelig_jakobsstige', 'polemonium_vanbruntiae', 'polemonium_caeruleum', 'polymonium_caeruleum_vanbruntiae', 'velgørenhed', 'charity', 'almennyttig', 'velgørende_organisation', 'velgørende', 'velgørenhedsorganisation', 'registreret_velgørenhedsorganisation', 'offentlig_velgørenhed']
charming	charmerende	Match	['charmerende', 'charming']
clothes	tøj	Match	['beklædningsgenstand', 'tøjet', 'artikel_i_tøj', 'klædedragt', 'beklædningsindustrien', 'wearable', 'beklædning', 'kluns', 'dragt', 'tøj', 'habiliment', 'beklædningsartikler', 'klæde', 'påklædning', 'klæder', 'dametøj']
cockroach	insekt	Incorrect	['underorden_blattodea', 'blattaria', 'kakerlak', 'cockroach', 'underorden_blattaria', 'blattodea', 'kakkerlakker', 'kakerlakker']
code	kode	Match	['kodex', 'kodninger', 'codification', 'kodet', 'enkryptere', 'lovsamling', 'kodifikation', 'kodificering', 'kode', 'computerkode', 'computer_kode', 'kryptere', 'planlægge', 'kodning', 'lov_kode', 'koden', 'kodeks', 'koder']
collection	samling	Match	['hawkwind', 'indsamling', 'kollekt', 'objektbeholder', 'akon', 'aggregation', 'inkasso', 'bundt', 'aliaune_damala_bouga_time_puru_nacka_lu_lu_lu_badara_akon_thiam', 'montage', 'opkrævning', 'samling', 'kunstsamlinger', 'joe_sample', 'pakkesalg', 'opsamling', 'ingathering', 'container', 'kompendium', 'sæt', 'collection', 'gruppe', 'relation', 'mængde', 'kunstsamling', 'bogserie', 'kompendie', 'afhentning', 'the_charlatans', 'samling_agentur', 'the_offspring_collection', 'inkassator', 'akkumulering', 'appel']
computer	computer	Match	['digital_computing', 'edbsystem', 'edbsystemer', 'analog_computer', 'elektronisk_computer', 'regnemaskine', 'elektronhjerne', 'computing_maskine', 'computer_musik', 'information_system', 'computersystem', 'lommeregner', 'computer', 'computergenereret_musik', 'computerenhed', 'arbejdsstation', 'datamat', 'komputer', 'menneskelig_computer', 'computer_technology', 'computeren', 'computere', 'edbmaskine', 'datamaskine', 'generelle_formål_computer', 'estimator', 'figurer', 'dataprocessor', 'almindelig_computer', 'digitale_computere', 'computerteknologi']
construction	byggeriet	Not found	[]
cook	cook	Match	['køkkenchef', 'lave_mad', 'kog', 'james_cook', 'tilberede', 'captain_cook', 'kaptajn_james_cook', 'kogning', 'koge', 'hurtig_kok', 'kort_rækkefølge_cook', 'alec_empire', 'frederick_cook', 'forfalske', 'souschef', 'kokkerere', 'kok', 'berede', 'kokke', 'cook', 'chefkok', 'kommis_kok']
counting	tælles	Found close match: ['tælle', 'tæller']	['talnotationssystem', 'positionstalsystemer', 'ordnet_liste', 'liste', 'tæller', 'tælle', 'optælling', 'tyvetalsystem', 'antal', 'talsystem']
crazy	jeezy	Incorrect	['sindssyge', 'nutcase', 'looney', 'famous_last_words', 'crazy', 'usher', 'skør', 'skøre', 'galskab', '(you_drive_me)_crazy', 'the_red_album', 'sindssyg', 'because_of_you', 'vanvittigt', 'playing_with_fire', 'loca', 'vanvid', 'vildt', 'tosset', 'sindssygt', 'loony', 'told_you_so', 'erika_jayne']
damage	skaderne	Found close match: ['skader', 'skade', 'skamfere']	['vansire', 'pris', 'skader', 'beskadigelse', 'damage', 'misbrugt', 'udstyr_ulykke', 'skade', 'priser', 'skamfere', 'scathe', 'juridisk_skade']
dance	dansepop	Found close match: ['danse', 'danser', 'dansere']	['dansetrin', 'danser', 'postdisco', 'dancé', 'dansere', 'waterloo', 'danse', 'dance', 'dansemusik', 'dans', 'nathaniel_danceholland', 'danserinde', 'oliver_heldens']
dangerous	farlige	Match	['farlige', 'dangerous', 'its_hard', 'farligt', 'farlig']
deceive	narre	Incorrect	['knavery', 'uærlighed', 'vildledende', 'bedrage', 'bedrag']
dedication	ære	Not found	[]
deliberately	bevidst	Match	['bevidst', 'forsætligt']
delivery	levering	Match	['kabeltransport', 'rumtransport', 'måde_at_tale', 'udbud', 'skibstransport', 'transport', 'vittigheder', 'delivery', 'transportere', 'transportmidler', 'spøgefuld', 'vittighed', 'arbejdskraft_og_levering', 'barnefødsel', 'levering_dreng', 'joke', 'leverance', 'redde', 'hjemmet_levering', 'vaginal_fødsel', 'vits', 'levering', 'redning', 'fremmedgørelse', 'udfrielse', 'landtransport', 'transportbranchen', 'spøg', 'overdragelse', 'transportinfrastruktur', 'hjem_levering', 'befordre', 'fødedygtige', 'afhændelig', 'obstetrisk_levering', 'omdeling', 'forløsning', 'jape', 'accouchement', 'barsel', 'banetransport', 'bringe', 'passagertransport', 'bæltetransport', 'transportmiddel', 'udbringning', 'fødsel']
dessert	dessertvin	Match	['dessert', 'dessertvin', 'dessert_vine', 'desserter', 'desserten', 'efterret', 'afters', 'dessert_vin']
device	processorkraft	Incorrect	['maskinel', 'device', 'mobiltelefoni', 'mobil', 'cellphone', 'computer_hardware', 'kapital_udstyr', 'digitale_mobiltelefoner', 'apparat', 'maskiner', 'cellulære_telefon', 'anordning', 'configsys', 'redskab', 'mobiltelefon', 'dev1ce', 'udstyr', 'hvad_kunne_den_første_mobil', 'rive', 'mobiltelefoner', 'mekanisk_anordning', 'mobiltlf', 'mekanisk_indretning', 'biltlf', 'grej', 'devve', 'nicolai_reedtz', 'isenkram_qualifier', 'mobil_kommunikation', 'maskinen', 'computerhardware', 'computerudstyr', 'trådløs_telefon', 'enhed', 'personlig_computer_hardware', 'hardware', 'mobilkommunikation', 'maskine', 'cellulær_kommunikation', 'maskindel', 'mobile_cellulære']
dig	udgraver	Found close match: ['graver', 'grave', 'udgravning']	['fatte', 'begribe', 'grave', 'graver', 'jibe', 'gibe', 'udgravning', 'grav', 'andré_dignimont', 'arkæologiske_websted', 'forstå', 'dig']
dinner	festmåltid	Incorrect	['middag', 'aftensmaden', 'eftermiddagste', 'middagsbord', 'middag_aftenmad', 'dinner', 'middagsmad', 'middag_på_italiensk', 'frokosten', 'tiffin', 'lunch', 'dejeuner', 'middagsselskab', 'teatime', 'frokost', 'aftensmad', 'te']
disease	sygdommen	Found close match: ['sygdomme', 'sygdom', 'syge']	['medicinske_tilstande', 'infektionssygdomme', 'lidelse', 'begowal', 'medicinsk_tilstand', 'medicinsk_lidelse', 'lungehindebetændelse', 'arvelige_sygdomme', 'sygdomme', 'morbid', 'pleuritis', 'unwellness', 'sygdom', 'syge', 'affektion', 'sygelighed']
dissolve	opløse	Match	['opløses', 'opløse', 'overtoning']
disturb	forstyrres	Found close match: ['forstyrre', 'forstyrrer']	['chokere', 'forstyrrer', 'forstyrre', 'oprøre']
do	kan/vil	Not found	[]
doctor	doktor	Match	['candmed', 'reparere', 'cheflæge', 'dr_theol', 'højere_doktorgrad', 'dr_juris', 'praktiserende_læge', 'drscientpol', 'lægen', 'udbedre', 'doctor_medicinæ', 'rudeboy', 'speciallæge', 'dr_med', 'læge', 'drjur', 'doktorere', 'doctor', 'doktor', 'doctor_scientiarum_administrationis', 'doktorgrad', 'praktiserende_speciallæge', 'medikus', 'rude_boy', 'drmed', 'phdgrader', 'doktorgradens_historie', 'teol_dr', 'drtheol', 'læger_i_kirken', 'professionel_doktorgrad', 'dr', 'den_teologiske_doktorgrad', 'doktorgraden', 'eliza', 'drscient', 'fildr', 'doctor_juris', 'teologiske_doktorgrad', 'forfalske', 'læger', 'sawbones', 'loïc_nottet', 'doctor_of_the_church', 'doctorat', 'dr_jur', 'feltskær', 'kirkelærer', 'kirurg', 'kirurger', 'doktor_i_medicin', 'forny', 'doktorgrader', 'drpolit', 'kirurgen', 'loic_nottet', 'doctor_who', 'doktorat', 'drscientadm', 'medical_officer', 'forskning_doktorgrad']
dog	hund	Match	['wienerwurst', 'antonio_angelo_del_sambro', 'hund', 'vovhund', 'hundedyr', 'firedog', 'hundjern', 'familiaris', 'hunde', 'følge', 'forfølge', 'hotdogs', 'tamhund', 'canis_familiaris', 'blæksort', 'hundekød', 'køter', 'frump', 'tæve', 'weenie', 'hundefamilien', 'pal', 'dyr_af_hundefamilien', 'canidae', 'duck_hunt', 'canis_lupus_familiaris', 'fransk_hotdog', 'andiron', 'hotdog', 'frankfurter', 'medlem_af_hundefamilien', 'vovse', 'jagte', 'canidaefamilien']
dressing	udklædning	Found close match: ['påklædning', 'beklædning']	['beklædningsgenstand', 'salatdressing', 'medicinske_forbinding', 'artikel_i_tøj', 'forbinding', 'beklædningsindustrien', 'bandagering', 'klædedragt', 'beklædning', 'wearable', 'salat_dressing', 'dressing', 'tøj', 'bind', 'bandage', 'habiliment', 'påklædning', 'dametøj']
driver	køreren	Found close match: ['føreren', 'fører']	['truckere', 'hardwaredriver', 'koblede_aksel', 'lastbil_kørsel', 'enhedsdriver', 'i_storbyens_nat', 'chauffer', 'fører', 'wälder', 'koblede_aksler', 'koblede_hjul', 'skove', 'printerdriver', 'lund', 'driver_san_francisco', 'pilot', 'træ', 'enhedsdrivere', 'koblet_aksel', 'nummer_et_træ', 'cowcatcher', 'hardware_driver', 'nåleskov', 'nåleskove', 'lastbilchauffør', 'silva', 'føreren', 'driver', 'bilist', 'drivhjul', 'software_driver', 'trucker', 'skov', 'skoven', 'chauffør', 'lastbilchauffører']
economy	økonomien	Match	['økonomier', 'walden', 'politisk_økonomi', 'sparsommelighed', 'statsøkonom', 'statsøkonomi', 'økonomisk_videnskab', 'opsparing', 'nationaløkonomi', 'økonomisk', 'nationaløkonomisk', 'økonomien_landdistrikterne', 'økonomisk_system', 'økonomiske_aktivitet', 'politisk_økonom', 'besparelse', 'økonomisk_teori', 'økonomiske_systemer', 'socialøkonom', 'national_økonomi', 'økonomiske_system', 'økonomiske', 'landdistrikternes_økonomi', 'økonomi', 'realøkonomien', 'economy', 'økonomien', 'socialøkonomi', 'nationaløkonom']
election	valget	Match	['stævning_af_valg', 'vælge', 'valgprocessen', 'genvalg', 'politisk_valg', 'election', 'præsidentvalg', 'udvalgte', 'valg', 'valget', 'demokratisk_valgte', 'fredsvalg', 'valgpolitik']
electron	elektroner	Match	['electron', 'negatron', 'elektroner', 'elektron', 'antielektron']
elegance	elegance	Match	['klassisk_skønhed', 'elegance', 'skønhed', 'dekorativ', 'karlgeorg_hoefer', 'elegant', 'mesterstykke', 'matematisk_skønhed', 'skønhedsidealer', 'matematiske_skønhed', 'skønheds_idealer', 'matematisk_elegance', 'smuk', 'dekorative', 'det_skønne']
emotion	følelses	Found close match: ['følelse', 'følelser', 'følelsesmæssige']	['følelse', 'følelsesmæssige', 'sindsstemning', 'emotioner', 'emotion', 'menneskelige_følelser', 'maverick_sabre', 'føling', 'fornemmelse', 'følelser', 'human_after_all']
emotionally	følelsesmæssigt	Match	['følelse', 'sindsstemning', 'følelsesmæssige', 'emotioner', 'emotion', 'menneskelige_følelser', 'føling', 'fornemmelse', 'følelser', 'følelsesmæssigt']
engine	motoren	Match	['lokomotiver', 'bilmotor', 'game_engine', 'kraftmaskine', 'jernbane_motor', 'video_game_engine', 'lokomotiv_motor', 'jernbanelokomotiv', 'lokomotiv', 'motorer', 'spilmotor', 'softwareengine', 'spil_motor', 'motor', 'grafikmotor', 'software_motor', 'motoren', 'låg', 'ray_alder', 'engine', 'maskine', '3d_motor', 'program']
event	begivenheden	Match	['elizabeth_bachinsky', 'begivenheden', 'hændelseshandler', 'tilhøreren', 'programhændelse', 'konsekvens', 'resultat', 'lytteren', 'hændelse', 'resultatet', 'tilfælde', 'begivenhed_håndtering', 'virkninger', 'event', 'hændelsesmanager', 'begivenhed', 'tastetryk']
experiment	eksperiment	Match	['eksperimentel_videnskab', 'eksperimentel_forskning', 'the_experiment', 'experiment', 'eksperimentet', 'forsøg', 'eksperimentere', 'forsøgsperson', 'eksperimenterende', 'videnskabeligt_eksperiment', 'eksperimenter', 'eksperiment']
extremely	meget	Incorrect	['ekstremt', 'yderst']
feeling	følelsen	Found close match: ['følelse', 'følelser', 'følesansen']	['følelse', 'tone', 'føler', 'taktil', 'ånd', 'taktile', 'følesansen', 'indtryk', 'touchsensation', 'føling', 'somatosensoriske', 'berøring', 'fornemmelse', 'følelser', 'somatosensoriske_system', 'taktile_feedback', 'berøringsindtryk', 'intuitiv_fornemmelse']
fight	kæmpe	Match	['kæmp', 'militære_engagement', 'konflikt', 'kæmpe', 'væbnet_kamp', 'brooke_candy', 'konkurrenceevne', 'kæmper', 'slås', 'krigsslag', 'kamptræning', 'træfning', 'træfninger', 'kamp', 'feltslag', 'engagement', 'slag', 'slåskamp', 'slagsmål', 'fight']
fish	fisk	Match	['fish', 'spisefisk', 'derek_william_dick', 'fisken', 'konsumfisk', 'go_fish', 'fisk', 'fiskene', 'marine_fisk', 'ichthyologisk', 'fiske', 'fiskene_fiskene', 'blød_stråle', 'ichthyologi', 'ichthyofauna', 'fiskekød', 'yngel', 'pisces', 'pterygiophore', 'fluorescens_in_situ_hybridisering', 'mad_fisk', 'fluorescerende_in_situ_hybridisering', 'saltvandsfisk', 'phish', 'glasål', 'fingerling']
flow	vandstrømme	Found close match: ['strømme', 'strømmen', 'strøm']	['young_money', 'volumetriske_strømningshastighed', 'netværk', 'strømmen', 'væske_fysik', 'rapmusik', 'rappere', 'menstruation', 'massestrømningshastighed', 'rap', 'rapper', 'amenoré', 'fluid_dynamik', 'flyder', 'hydraulik', 'fluid_mekanik', 'hydrauliske_tryk', 'fluidmekanik', 'menstruationssmerter', 'stadig_strøm', 'strøm', 'hydrodynamiske', 'strømning', 'rap_kunstner', 'fluiddynamik', 'menarchen', 'young_money_entertainment', 'gravity_recovery_and_interior_laboratory', 'flydende_fysik', 'florent_mothe', 'strømningshastigheden', 'flow', 'strømme', 'catamenia', 'væske_dynamicist', 'emceeing', 'volumetriske_strømning', 'protorap', 'strømningslære', 'rappe', 'hydraulisk', 'hydrauliske', 'strømningshastighed', 'menstruere', 'flow_netværk', 'menses']
food	fødevarer	Match	['mad', 'næringsmiddel', 'proviant', 'fetalje', 'fødevare', 'fødevarer', 'intellektuel_næring', 'levnedsmidler', 'næringsstoffer', 'kost', 'kirby', 'føde', 'fast_føde', 'makronæringsstoffer', 'æde', 'ædelse', 'næringsstof', 'popopo', 'stof_til_eftertanke']
garbage	affaldscontainere	Found close match: ['affaldsmateriale', 'affaldsstoffer']	['madaffald', 'affaldsstof', 'skrald', 'affald', 'bras', 'madspild', 'afslå', 'scraps', 'affaldsmateriale', 'metalaffald', 'fast_kommunalt_affald', 'withering_to_death', 'spildprodukt', 'affaldsstoffer', 'skrotte', 'kommunalt_affald', 'fast_affald', 'skrot', 'affaldsprodukt', 'garbage', 'husholdningsaffald', 'vrøvl', 'ragelse']
gold	guld	Match	['guldmedaljer', 'aurum', 'atomnummer_79', 'gylden', 'dobbelt_platin', 'gylden_rekord', 'guld_album', 'young_lust_the_aerosmith_anthology', 'betatesten', 'platin', 'gold', 'certificering_af_pladesalg', 'guld', 'udgive', 'guldvinder', 'olympiske_guldmedalje', 'betaversion', 'guld_certificering', 'beta_version', 'platin_certificering', 'guldmedalje', 'au', 'abba_gold_greatest_hits', 'guldplade', 'software_release_livscyklus', 'alfaversion', 'wanna_one', 'prealpha', 'rav', 'software_livscyklus', 'offentlig_beta', 'multiplatin', 'tredobbelt_platin', 'lode_guld', 'platin_rekord', 'ravfarve', 'bobby_brown', 'platin_album', 'release_candidate', 'alpha_test', 'native_guld', 'abba_gold', 'sølv_skive', 'lukket_beta', 'the_heist', 'certificering_af_musiksalg', 'release_to_manufacturing', 'beta_test', 'betasoftware', 'guld_single', 'guld_skive', 'platinalbum', 'åben_beta', 'udviklingsfase', 'alphasoftware', 'anthology', 'certificeret_guld']
great	store	Found close match: ['stor', 'storhed']	['illustriousness', 'fantastisk', 'herligt', 'fedt', 'skønt', 'stor', 'storhed']
gun	kanoner	Match	['gevær', 'lille_arm', 'skydevåben', 'håndvåben', 'fedtsprøjte', 'revolvermænd', 'hitman', 'gun_til_leje', 'gunfighting', 'gaspedal', 'conventional_weapons', 'gun', 'revolvermand', 'hyret_pistol', 'pistol_butik', 'kanoner', 'pibe', 'lejemorder', 'pistol', 'speeder', 'tungt_våben', 'speederen', 'louder_than_love', 'våben', 'triggerman', 'gunslinger', 'ildvåben']
hair	hår	Match	['hairsbredde', 'mellemblond', 'håret', 'hair', 'hoved_hår', 'menneskehår', 'hårstrå', 'behåret', 'haircloth', 'hår', 'hairsbreadth', 'uldhår', 'dækhår']
help	hjælpe	Match	['stration', 'the_help', 'online_hjælp', 'assistere', 'nødhjælpsarbejder', 'bistand', 'assistent', 'hjælpearbejder', 'help', 'tjene', 'hjælper', 'assistance', 'hjælpe', 'hjælpearbejdere', 'niceville', 'hjælp', 'bistå', 'humanitær_bistand', 'tjener', 'støtte', 'benytte', 'undsætning', 'humanitær_nødhjælp']
hurting	ærgrer	Not found	[]
ignorance	medmenneskelighed	Incorrect	['avidya', 'ignorance', 'uvidenhed']
illness	sygdom	Match	['medicinske_tilstande', 'infektionssygdomme', 'lidelse', 'medicinsk_tilstand', 'medicinsk_lidelse', 'arvelige_sygdomme', 'sygdomme', 'morbid', 'unwellness', 'sygdom', 'syge', 'affektion', 'sygelighed']
impress	imponere	Match	['pressebande', 'presse_bander', 'imponerer', 'impressment', 'trykke', 'imponere']
invention	opfindelse	Match	['teknologisk_innovation', 'innovationer', 'innovative', 'opfundet', 'opfindere', 'opfindelser', 'opfindelse', 'nyskabelse', 'opfinde', 'opfindelsen', 'innovation']
investigation	efterforskning	Match	['research', 'forsker', 'original_forskning', 'efterforskning', 'forskningsmetoder', 'efterforske', 'akademisk_forskning', 'forskere', 'forske', 'undersøgelse', 'forskning']
invisible	usynlige	Match	['holy_diver', 'floored', 'elevate', 'invisible', 'usynlighed', 'taylor_swift', 'usynligt', 'sound_of_white_noise', 'usynlige', 'dream_evil', 'usynlig', 'evilized']
job	job	Match	['andré_jobin', 'erhvervsaktivitet', 'ansat', 'jobs_bog', 'personale', 'akkord', 'opgaver', 'ijob', 'foreløbig_wrestler', 'jobstyring', 'opgave', 'ansætte', 'erhverv', 'ansættelse', 'kontrakt_arbejdskraft', 'opgave_tjans', 'arbejdsgivere', 'beskæftigelse', 'arbejde', 'arbejdslivet', 'besættelse', 'linje_i_arbejde', 'job', 'hiob', 'arbejdsplads', 'jobbet', 'problem', 'dag_job', 'spekulere', 'problemstilling', 'arbejdsgiver', 'medarbejdere', 'firmaer', 'arbejdskøber']
jungle	jungle	Match	['the_jungle', 'shine_a_little_love', 'tropiske_skove', 'oldschool_jungle', 'jungle', 'out_of_the_blue', 'tropisk_skov', 'jungler', 'hobo_lejr', 'junglen']
kindness	medlidenhed	Incorrect	['venlighed', 'godhed', 'tjeneste', 'tilgivelse', 'velvilje', 'elskværdighed', 'imødekommenhed']
king	kong	Match	['industrimand', 'monark', 'business_magnat', 'pamper', 'kong', 'riley_b_king', 'mandlig_monark', 'reverend_horton_heat', 'monarker', 'big_forretningsmand', 'industrifolk', 'kongerige', 'rex', 'monarki', 'magnat', 'lumber_baron', 'bb_king', 'billie_jean_king', 'kongelig', 'konge', 'verden_beater', 'b_b_konge', 'martin_luther_king', 'kongedømmet', 'george_king', 'stormænd', 'billie_jean_moffitt_konge', 'monarkiet', 'tycoon', 'b_b_king', 'kongens', 'charles_bird_king', 'kingcom', 'martin_luther_king_jr', 'tom_cato_visnes', 'kongemagt', 'kronet_hoved', 'monarkier', 'suveræn', 'topchef', 'regnant', 'business_leder', 'king_ov_hell', 'skibsreder', 'monarkistiske', 'king', 'kongedømme', 'konger', 'forretningsmagnat', 'kongen']
lady	lady	Match	['kongelig_højhed', 'damer', 'adelskvinde', 'stil', 'peeress', 'titel', 'form_for_adresse', 'kvinde', 'madame', 'vagabonden', 'damemenneske', 'lady_og_vagabonden', 'the_virgin', 'adelsdame', 'blessed_virgin', 'frue', 'lady', 'kvindemenneske', 'hkh', 'مريم', 'maria', 'jomfru_maria', 'prædikat', 'titel_på_respekt', 'mary', 'hunkøn', 'מרים', 'sankt_maria', 'the_lady', 'titler', 'dame', 'fruentimmer']
land	landområde	Found close match: ['landjorden', 'landjord', 'lande']	['national', 'godsejer', 'terra_firma', 'politisk_samfund', 'staten', 'nationen', 'realty', 'edwin_herbert_land', 'nationalstaten', 'mexicanske_delstat', 'realm', 'ejendom_hus', 'tyske_delstater_efter_størrelse', 'suveræne_stater', 'tør_jord', 'fast_ejendom', 'tyske_stater', 'nationalstat', 'jordrettigheder', 'landjord', 'feudalt_domæne', 'land', 'acres', 'jordejendom', 'lande', 'landmasse', 'fast_gods', 'nationalt', 'fast', 'lander', 'tyske_delstater', 'demesne', 'deklarative_teori_om_stat', 'ejendomsbranchen', 'jorden', 'din_land', 'landbrug', 'realestate', 'stat', 'landjorden', 'tyske_delstater_efter_indbyggertal', 'tyske_delstater_efter_befolkningstæthed', 'mexicanske_stater', 'statsdannelse', 'suveræn_stat', 'statslige', 'krop_snedig', 'territorium', 'statsform', 'bundesland', 'res_publica', 'jordlovgivning', 'matrikelidentifikationssystem', 'rige', 'nation', 'ejendomsmarkedet', 'tysklands_delstater', 'landede_ejendom', 'edwin_h_land', 'fast_ejendom_lov', 'fast_grund', 'gods', 'statslig', 'ejendom', 'jord', 'nationer', 'bundesländer']
laugh	drille	Incorrect	['jape', 'spøgefuld', 'vittighed', 'grine', 'spøg', 'latter', 'grin', 'joke', 'le', 'vittigheder', 'griner', 'vits']
law	advokats	Found close match: ['kanon_advokat']	['m72_law', 'menneskeskabt_regel', 'uautoriseret_praksis_af_lov', 'juridiske', 'ret', 'politiarbejde', 'retsvidenskabelig', 'ulovligt', 'juridisk_kamp', 'naturlov', 'retspraksis', 'fysiske_love', 'jurastudiet', 'police_force', 'procesret', 'lovgivningen', 'politibeskyttelse', 'juridisk', 'sikkerhedsstyrker', 'praksis_af_loven', 'jura', 'kirkelige_lovgivning', 'naturens_lov', 'offentlig_ret', 'lovgivning', 'ordensmagt', 'sikkerhedsstyrke', 'politi', 'fysikkens_love', 'international_privatret', 'juraprofessor', 'politistyrker', 'jurisprudens', 'praksis_af_lov', 'politi_afdelinger', 'jurastuderende', 'naturret', 'retsvidenskaben', 'juridiske_undersøgelser', 'juridisk_teori', 'bevæbnet_politi', 'juridik', 'naturlove', 'retsfilosofi', 'lovkyndighed', 'kirkens_lov', 'retsvidenskab', 'jur', 'kanonisk_ret', 'lov', 'police_department', 'politistyrke', 'fysisk_lov', 'lovforslag', 'juris', 'juridisk_filosof', 'politikorps', 'loven', 'naturlige_lov', 'kanon_advokat', 'earthling', 'privatret', 'naturretsfilosofi', 'politivæsen', 'politiet', 'politifolk', 'statut_lov']
left	venstre	Match	['venstredrejet', 'relativ_retningsangivelse', 'venstreorienteret', 'esquerra_republicana_de_catalunya', 'venstres_landsorganisation', 'venstreoppositionen', 'retningsangivelse', 'venstreorienterede_politik', 'politiske_venstrefløj', 'venstre_danmarks_liberale_parti', 'venstre__danmarks_liberale_parti', 'venstre', 'venstre_hånd', 'venstrefløjen', 'norske_venstre', 'venstrefløj', 'kollektivistiske', 'venstreopposition', 'venstreorienterede']
level	niveau	Match	['gulv_nummerering', 'flad', 'niveau', 'sal', 'vaterpas', 'adema', 'erfaringspoint', 'leje', 'grad', 'libelle', 'nivellere', 'pege', 'erfaring_point', 'etage', 'etagers', 'jævne_med_jorden', 'plan', 'mark_chavez', 'skala_grader', 'skala_grad', 'historie', 'erfaring_niveau', 'level', 'højde', 'jævne', 'levél', 'niveauet', 'punkt', 'rasere', 'etager', 'vandret_overflade', 'jævn', 'klassifikation']
liar	løgner	Match	['so_far_so_good_so_what', 'louder_now', 'prevaricator', 'mary_jane', 'citere', 'liar', 'løgner', 'lyre', 'liră', 'republic']
light	lys	Match	['elektrisk_lampe', 'lysstyrke', 'lys_inden', 'tænd', 'let', 'fyrtøj', 'vinduet', 'lyse', 'synlig_stråling', 'vindueskarm', 'tændsats', 'lysreflektion', 'lyskilde', 'afbryde_forbindelsen', 'tnfsf14', 'inner_light', 'fænge', 'flamme', 'synligt_lys', 'lys', 'vinduer', 'ellampe', 'tænde', 'lysbølger', 'luminans', 'kristus_inden', 'lampe', 'antænde', 'lysstyrkeniveau', 'lightere', 'luminousness', 'rude', 'light', 'light_yagami', 'indre_lys', 'lighter', 'vindue', 'pyroteknisk_initiator', 'bleg', 'lyset']
magic	magiske	Match	['illusionister', 'alagaësia', 'besværgelser_i_harry_potter', 'taumaturgi', '”avada_kadavra”_forbandelsen', 'magic', 'mørkets_tegn', 'trolddom', 'dame_kiri_janette_te_kanawa', 'make_a_scene', 'axel_rudi_pell', 'leandro_marín', 'kiri_te_kanawa', 'magi_i_harry_potteruniverset', 'magiske_trick', 'animagus', 'trylleri', 'artefakt', 'tryllekraft', 'magisk', 'magiske', 'magi_i_harry_potter', 'transfiguration', 'tryllekunst', 'magi', 'octarine', 'thaumaturg', 'te_kanawa', 'besværgelser_i_harry_potteruniverset', 'avada_kedavra', 'driving_rain', 'legerdemain', 'secret_time', 'trance', 'dame_kiri_te_kanawa', 'occlumency', 'de_utilgivelige_forbandelser', 'fuser', 'arvenserien', 'wonderworking', 'utilgivelige_forbandelser', 'parseltongue', 'ninjutsu_i_magic_the_gathering', 'octiron', 'planeswalker', 'tovejs_spejl', 'diskverden', 'thaumaturgic', 'thaumaturgus', 'take_me_home', 'avada_kedavdra', 'justin_timberlake', 'dolorosoforbandelsen', 'pluto', 'magic_the_gathering', 'avada_kadavra_forbandelsen', 'trylle', 'scene_tryllekunstner', 'scene_magi']
marriage	ægteskab	Match	['tvangsægteskab', 'forpligtelse_ceremoni', 'bryllupper', 'katolsk_ægteskab', 'arrangeret_ægteskab', 'mand_og_kone', 'bryllup_ceremoni', 'gifte_par_der', 'muslimsk_ægteskab', 'hymeneals', 'bryllup', 'giftermål', 'gifte_sig', 'civil_bryllup', 'ægteskaber', 'ægtepar', 'ægteskab', 'union', 'nuptials', 'ægteskabslignende_forhold', 'ægteskabet', 'vielsesceremoni', 'ægtefællebidrag_forhold', 'hymens_lænker', 'ugyldighed', 'gensidig_forsørgerpligt', 'nihility', 'proformaægteskab', 'vielse']
material	materiale	Match	['materiale', 'materialisme', 'materialer', 'råemne', 'klud', 'stof', 'vævede_stoffer', 'material', 'byggemateriale', 'materiel', 'tekstiler', 'fysikalisme', 'materialistiske', 'stuff', 'materialister', 'tekstil', 'ting', 'fysisk_ontologi']
mathematical	matematiske	Match	['matematisk', 'math', 'matematiske', 'matematik']
mechanism	mekanismerne	Found close match: ['mekanismen', 'mekanisme', 'kemisk_mekanisme']	['bevægelse', 'maskineri', 'mekanisk_anordning', 'maskiner', 'mekanisk_indretning', 'mekanik', 'maskine', 'reaktionsmekanisme', 'maskindel', 'kapital_udstyr', 'kemisk_mekanisme', 'mekanismen', 'mekanisme', 'maskinen']
medication	kræftpatienter	Incorrect	['administrationsvej', 'medicin', 'blockbuster_lægemiddel', 'lægemidler', 'pharmakon', 'version_20', 'medicinske_lægemiddel', 'lægemiddel', 'farmaka', 'farmaceutisk_lægemiddel', 'konventionel_medicin', 'farmakoterapi', 'medikament', 'rescue', 'farmaceutiske']
money	penge	Match	['history_past_present_and_future_book_i', 'formue', 'pengeudstedelse', 'history', 'money', 'pengevæsen', 'velstand', 'penge', 'økonomiske', 'økonomisk', 'valuta', 'monetære', 'betalingsmiddel']
mountain	bjergene	Found close match: ['bjerge', 'bjerget', 'bjerg']	['muckle', 'god_portion', 'parti', 'sahtu', 'god_deal', 'bjerg', 'bjergrige', 'mickle', 'masse', 'mountain', 'bjerge', 'ganske_lidt', 'del', 'meget', 'bjerget', 'passel', 'dræbte', '482', 'nette_sum']
movement	bevægelse	Match	['movement', 'motorik', 'filosofisk_bevægelse', 'folkebevægelse', 'mobil', 'kunstretning', 'flytning', 'skider', 'kunst_bevægelser', 'she_wolf', 'kunstnerisk_bevægelse', 'motilitet', 'lokomotorisk_aktivitet', 'skarn', 'ekskrementer', 'million', 'fugleklatter', 'sociale_bevægelser', 'fæces', 'lort', 'puha', 'arsenal', 'sag', 'afføring', 'faeces', 'bevægelighed', 'defækation', 'mængde', 'defecate', 'ekskrement', 'bevægelser', 'hær', 'bevægelse', 'bæ', 'the_pillows', 'skidt', 'bunke', 'fækalie', 'kunst_bevægelse', 'masse', 'fækalt_materiale', 'fækalier', 'tilsyneladende_bevægelse', 'social_bevægelse', 'phi_fænomenet', 'sats']
movie	filmen	Match	['filmsekvenser', 'teatralsk_film', 'filmfremviser', 'store_skærm', 'motion_picture', 'levende_billeder', 'fullmotion_video', 'motionbillede_show', 'filmen', 'større_film', 'movie', 'film', 'billede_show', 'store_lærred', 'flyttebillede_show', 'motionbillede', 'musikfilm', 'kites', 'fuld_motion_video']
music	musik	Match	['countryrock', 'the_music', 'musikliv', 'musikalsk', 'musik', 'landrock', 'music', 'country_rock', 'vellyd', 'musikken', 'forhistorisk_musik']
nation	nation	Match	['national', 'politisk_samfund', 'staten', 'nationen', 'nationalstaten', 'mexicanske_delstat', 'tyske_delstater_efter_størrelse', 'suveræne_stater', 'tyske_stater', 'nationalstat', 'discworld', 'land', 'lande', 'nationalt', 'tyske_delstater', 'deklarative_teori_om_stat', 'carry_nation', 'stat', 'tyske_delstater_efter_indbyggertal', 'tyske_delstater_efter_befolkningstæthed', 'mexicanske_stater', 'statsdannelse', 'suveræn_stat', 'statslige', 'krop_snedig', 'statsform', 'studerende_nation', 'bundesland', 'kendrick_lamar', 'res_publica', 'diskverden', 'rige', 'nation', 'nations', 'tysklands_delstater', 'carry_amelia_moore_nation', 'diskverdenbøgerne', 'statslig', 'nationer', 'bundesländer']
news	nyheder	Match	['nyhed', 'nyheder_show', 'nyheder', 'tvnyheder', 'nyhedsværdi', 'nyt', 'nyhedsprogram', 'tidender', 'ord', 'aske_jacoby_band', 'nyheder_rapport', 'news_show', 'skabelonindexhjælp', 'aktuelle_begivenheder', 'news']
noise	støj	Match	['kosmiske_baggrundsstråling', 'barske_støj', 'lyde', 'lyd', 'industriel_støj', 'akustisk_energi', 'lydudbredelse', 'akustiske_bølger', 'interferens', 'tilfældig_støj', 'stokastik', 'mikrobølge_baggrundsstråling', 'støj_regulering', 'lydbølge', 'elementary_os', 'lydforurening', 'cmb', 'lydens_hastighed', 'billedstøj', 'kosmiske_mikrobølge_baggrundsstråling', 'atmosfæriske', 'elektrisk_støj', 'støjforurening', 'uforudsigelighed', 'audio', 'støj', 'elektronisk_støj', 'noise', 'lydbølger', 'kosmisk_baggrundsstråling', 'lydenergi', 'akustiske_bølge', 'akustisk_bølge', 'kosmiske_mikrobølge_baggrund', 'mika_horiuchi', 'larm', 'atmosfærisk_statisk', 'signal_støj', 'haphazardness', 'lydhastighed', 'cbr', 'støj_musik', 'radiostøj', 'den_kosmiske_baggrundsstråling', 'cmbr', 'spektakel']
obligation	forpligtelse	Match	['certifikat_for_gældsætning', 'pligt', 'ansvar', 'obligationsret', 'ord', 'obligationer', 'forpligtelser', 'obligationslån', 'gældsbrev', 'told', 'forpligtelse', 'løfte']
pain	smerte	Match	['smerte', 'smertefornemmelse', 'bedrøvelse', 'pain', 'smerter', 'king_of_da_ghetto', 'kval', 'smertefuld_fornemmelse', 'forever', 'irritation', 'games_pain', 'såre', 'smerte_i_røven', 'akut_smerte']
personality	personlighed	Match	['personlighed', 'personality']
philosophy	filosofi	Match	['doktrin', 'filosofiske_system', 'skole', 'philosophy', 'filosofisk', 'filosofi', 'åndsretning', 'filosoffer', 'filosof', 'anvendt_filosofi', 'læresætning', 'politisk_doktrin', 'doktrinære', 'filosofie', 'filosofien', 'tankegang', 'doktriner', 'ism', 'filosofiske', 'formel_filosofi']
picture	billede	Match	['mentale_billeder', 'filmfremviser', 'illustrationer', 'besværgelser_i_harry_potter', 'filmen', 'scene', 'wordmaleri', 'fotografiet', 'cobol', '”avada_kadavra”_forbandelsen', 'mørkets_tegn', 'billedstof', 'film', 'billedlig_stof', 'maler', 'motionbillede', 'magi_i_harry_potteruniverset', 'kunstmaleri', 'animagus', 'se', 'mentale_billede', 'fotografi', 'magi_i_harry_potter', 'transfiguration', 'malere', 'illustrerede_bøger', 'avatar', 'flyttebillede_show', 'ord_maleri', 'besværgelser_i_harry_potteruniverset', 'avada_kedavra', 'ordbillede', 'billede', 'tegning', 'billed', 'motion_picture', 'levende_billeder', 'occlumency', 'de_utilgivelige_forbandelser', 'fuser', 'klassisk_maleri', 'illustreret', 'illustrered', 'billede_show', 'utilgivelige_forbandelser', 'parseltongue', 'fotografier', 'musikfilm', 'illustration', 'ordmaleri', 'fotos', 'foto', 'maleri', 'visualisering', 'filmsekvenser', 'kiss', 'teatralsk_film', 'store_skærm', 'afbildning', 'billedlig', 'større_film', 'foto_fotografi', 'motionbillede_show', 'malerkunst', 'tegninger', 'avada_kedavdra', 'dolorosoforbandelsen', 'store_lærred', 'kristen_kunst', 'malerier', 'avada_kadavra_forbandelsen', 'billeder', 'kontobillede']
pig	fårekylling	Incorrect	['so', 'vildsvin', 'gylt', 'betjent', 'fedtklump', 'orne', 'dovenlars', 'svine', 'fedtbjerg', 'pigging', 'tjenestemand', 'scrofa', 'flæsk', 'fare', 'vild_gris', 'politibetjent', 'sloven', 'vildtlevende_hog', 'slob', 'conjoiner', 'gris_seng', 'sjusket_person', 'grise', 'svin', 'shoat', 'piggy', 'øfgris', 'grovæde', 'panser', 'polt', 'pig', 'tamsvin', 'shote', 'pudge', 'conjoiners', 'strømer', 'galt', 'hog', 'strisser', 'få_grise', 'svinekød', 'dovendidrik', 'grisebasse', 'sus_scrofa_domestica', 'sus_scrofa', 'gris', 'pipeline_inspektion_gauge', 'pattegris', 'ordenshåndhæver', 'funktionær', 'fråser', 'porc']
plan	plan	Match	['arkitektoniske_plan', 'planlægger', 'planer', 'planere', 'formgive', 'tegninger', 'plan', 'program_manager', 'designe', 'planlægge', 'design', 'planen', 'program', 'arkitektonisk_planlægning']
plant	plantefrø	Found close match: ['planter', 'plante', 'planteart']	['udplante', 'produktionsline', 'fabrikker', 'plantae', 'shill', 'industrielle_anlæg', 'planters_liv', 'vegetabilsk', 'trigun', 'produktionsanlæg', 'fabriksarbejder', 'fabriksbygning', 'samlebånd', 'floraer', 'fabrikken', 'fysiske_anlæg', 'factorij', 'planteliv', 'planter', 'faktor', 'fabrik', 'planteart', 'plantearter', 'etablere', 'produktionslinje', 'chlorobionta', 'faktori', 'grønne_planter', 'plantevækst', 'plantesort', 'værker', 'regnum_vegetabile', 'feitoria', 'viridaeplantae', 'plant', 'planteriget', 'plante', 'anlæg', 'flora', 'industrianlæg', 'væsen_type']
play	spille	Match	['køre', 'boltre_sig', 'play', 'tur', 'børne_spil', 'android_market', 'sceneværk', 'gambling', 'stageplay', 'frie_tøjler', 'google_play_store', 'indsatser', 'kørt', 'glitre', 'teaterstykke', 'spiller_periode', 'teaterstykker', 'vædde', 'optræde', 'drama', 'dramatisk_play', 'periode_af_leg', 'htc_market', 'dramaer', 'google_play', 'satse', 'spilletid', 'dramaet', 'opføre', 'slør', 'christopher_martin', 'manøvre', 'gaming', 'teatralsk_spil', 'løssluppenhed', 'bringe', 'gamble', 'sværdkampe', 'spillere', 'lege', 'hasardspil', 'spille', 'play_store', 'børnespil', 'spil', 'dramatisk', 'legende', 'væddemål', 'leg']
pleasure	fornøjelse	Match	['sondre_lerche', 'behagelig', 'semisonic', 'nydelse', 'glæde', 'fredrik_ball', 'behagelige', 'fornøjelse', 'pleasure_p']
poor	dårlige	Incorrect	['nødlidende', 'stakkels', 'frivillig_fattigdom', 'løfte_om_fattigdom', 'løfte_af_fattigdom', 'svækkelse', 'fattigdom', 'absolut_fattigdom', 'lav_indkomst', 'fattig', 'fattigdom_i_byerne', 'relativ_fattigdom', 'fattige', 'fattiglemmer', 'den_globale_fattigdom']
prison	fængsel	Match	['straffeanstalt', 'hotel_tremmely', 'fængsler', 'correctional_facility', 'anstalt', 'hjem', 'tugthus', 'betinget_fængselsstraf', 'tom_robinson', 'statsfængsel', 'institution', 'fængslet', 'jailhouse', 'pokey', 'correctional_institution', 'ubetinget_fængselsstraf', 'frihedsberøvelse', 'spjæld', 'medium_sikkerhed', 'fængsledes', 'fængselsstraf', 'ubetinget_fængsel', 'forbedringshus', 'fængsel', 'poky', 'fængsle']
professional	professionel	Match	['professionelle', 'eksperter', 'professionel_person', 'professionalisme', 'professionel_fodbold', 'fagfolk', 'ekspert', 'professionel', 'professionelt_udseende', 'kyndig', 'professionel_atlet', 'specialist', 'faglige', 'sagkyndig', 'professionelt', 'fagligt', 'professionel_sport']
protection	beskyttelse	Match	['protection', 'ly', 'sikkerhed', 'forsorg', 'regi', 'beskyttelse', 'skjul', 'værn', 'tryghed', 'overdækning', 'dække', 'forsvar', 'handelsbeskyttelse']
quality	kvalitet	Match	['tone', 'beskaffenhed', 'timbral', 'karakter', 'klangfarve', 'timbre', 'kvalitet', 'egenskab', 'klange', 'kvaliteten', 'klang', 'envelope', 'side', 'adsr', 'tone_farve', 'natur', 'quality']
reaction	reaktion	Match	['newtons_3_lov', 'reaktioner', 'kemisk', 'reaction', 'kemiske_reaktioner', 'proces', 'reaktionen', 'tilbagemelding', 'kemiske_reaktion', 'reaktion', 'reaktivitet', 'kemisk_reaktion', 'newtons_tredje_lov']
read	læse	Match	['passerer', 'tager', 'tage', 'læse', 'catherine_read', 'læs', 'read', 'læses', 'studere', 'læst', 'læsning']
relationship	forholdet	Match	['tipoldemor', 'menneskelige_relationer', 'interpersonelle', 'afstamning_gruppe', 'forhold', 'bekendtskab', 'tipoldebarn', 'langsigtet_forhold', 'forbindelse', 'forholdet', 'mellemmenneskelige_forhold', 'relation', 'relationer', 'kammeratskab', 'bekendt', 'slægtskab_og_afstamning', 'slægt', 'menneskelige_forhold', 'slægtskab', 'æt', 'familieforhold', 'menneskelig_interaktion', 'tipoldefar', 'niece', 'interpersonelle_relationer']
religious	religiøse	Match	['klerk', 'klerke', 'from', 'religiøse', 'religiøs', 'gejstlig', 'religiøst']
residence	embedsbolig	Found close match: ['bolig']	['bopæl', 'boliger', 'bolig', 'hjem', 'palæ', 'hjemsted', 'hellige_haller', 'hus', 'palæ_hus', 'palæer', 'privat_bolig', 'ophold', 'stue', 'privatbolig', 'opholdssted', 'residencia', 'dweller', 'stedet', 'indbygger', 'beboelseshus', 'privaten', 'indbyggere', 'residens']
road	landevejen	Found close match: ['landevej', 'vejen']	['the_road', 'vejen', 'borgerbevægelsen_demokratisk_aktion', 'veje', 'landevej', 'road_spil', 'vejbyggeri', 'offentlig_vej', 'vej', 'new', 'udekamp', 'dæmningsveje']
sad	sorgløs	Incorrect	['smerte', 'lost_dogs', 'bedrøvelse', 'sørgeligt', 'østerlars', 'vemodig', 'sadhe', 'trist', 'seasonal_affective_disorder', 'kval', 'vinterdepression', 'sørgmodig', 'bedrøvet', 'ked', 'sad']
science	naturvidenskab	Match	['skole', 'videnskabelighed', 'videnskabelig_disciplin', 'dygtighed', 'mainstream_videnskab', 'naturvidenskab', 'genstandsfelt', 'videnskab', 'videnskabelig', 'disciplin', 'gren', 'retning', 'science', 'fagområde', 'felt', 'empirisk_videnskab', 'fag', 'genstandsområde', 'videnskabelige', 'generel_videnskab']
seafood	fiskeprodukter	Incorrect	['alt_godt_fra_havet', 'skaldyr', 'havet_fødevarer']
sell	sælge	Match	['maritime_handel', 'handelsliv', 'byttehandel', 'forråde', 'køb', 'sell', 'sælge', 'kommerciel', 'svigte', 'handel', 'svige', 'sælger', 'handelen', 'salg']
sew	syer	Found close match: ['syr', 'syet', 'sy']	['syr', 'stitchery', 'syet', 'syning', 'sy']
sexy	sexede	Match	['sexy', 'elephunk', 'sexede', 'afrodisiakum', 'sexet']
shape	ellipseformet	Incorrect	['humanfysiologi', 'supreme_allied_commander_europe', 'bestemme', 'menneskelige_hudfarve', 'menneskelige_krop', 'primitiv', 'danne', 'materialelegemet', 'musikgenre', 'fysiske_krop', 'mønster', 'formen', 'allied_command_operations', 'kød', 'supreme_headquarters_allied_powers_europe', 'forme', 'hudfarve', 'menneskekrop', 'menneskelegeme', 'bod', 'definition', 'mourvèdre', 'wm_formation', '433', 'menneskelige_legeme', 'shape', 'menneskelige_anatomi', 'musikalsk_form', 'human_fysiologi', 'hudens_pigmentering', 'krop', 'form', 'øverste_hovedkvarter_allied_powers_europe']
ship	vaixell	Incorrect	['fartøj', 'inpp5d', 'skibet', 'skibe', 'skib', 'sende']
show	showet	Found close match: ['show']	['gambling', 'demonstrere', 'godtgøre', 'vidne', 'show', 'indsatser', 'fastslå', 'dyrskue', 'etablere', 'viser', 'gaming', 'landbrugsshow', 'udtrykke', 'gamble', 'bevise', 'amt_messer', 'spillere', 'vis', 'hasardspil', 'vise', 'væddemål', 'county_fair', 'udstilling']
sign	underskrive	Match	['signalering', 'ikkenegative', 'signboard', 'skiltning', 'elektropositive', 'underskrive', 'brown_eyed_girls', 'augury', 'fuglevarsel', 'grapheme', 'signumfunktion', 'grafemer', 'auspicium', 'skrive_under', 'semiotiske', 'sign', 'omen', 'positivt_tal', 'underskrevet', 'fortegn', 'hus', 'preindication', 'grafisk_symbol', 'stjerne_tegn', 'planetarisk_hus', 'sygdomstegn', 'elektronegative', 'kliniske_tegn', 'stjernetegn', 'tegn_på_stjernetegn', 'auspicier', 'auspicie', 'tegn', 'regi', 'medicinsk_tegn', 'soltegn', 'mærke_af', 'elektronegativitet', 'elektronnegativitet', 'semiotik', 'fortegnsfunktionen', 'kommerciel_skiltning', 'outofband_signalering', 'astrologiske_tegn', 'signal', 'stjernetegnene', 'elektropositivitet', 'polaritet', 'signum_funktion', 'sgn', 'afmærke', 'styresignal', 'grafem', 'fortegnsfunktion', 'skilt', 'semiologi', 'foretoken']
silly	@madglad	Incorrect	['nonsensicality', 'fjollet', 'åndssvag', 'tomhjernet', 'blæst', 'tåbelig', 'latterlig', 'uintelligent', 'fordummende', 'dum', 'dumt', 'hokum', 'nonsens', 'dumme', 'sludder', 'fjollede', 'meningsløse', 'silly', 'vrøvl']
sin	gud	Incorrect	['synder', 'singalesiske_sprog', 'sinusfunktion', 'syndighed', 'synd', 'sinus', 'sinhala', 'syndere', 'singalesisk', 'sinusfunktionen', 'sin', 'syndigt', 'sinuskurve', 'nanna', 'singhalesisk', 'singapore_changi_airport', 'sinus_kurve', 'wcw_sin', 'sinusformet', 'shin']
skin	hud	Match	['huden', 'day_for_night', 'plugins', 'tema', 'skinnable', 'almost_human', 'ray_of_light', 'mental_institution', 'skind', 'australske_aboriginal_slægtskab', 'tegument', 'psykiatrisk_hospital', 'mental_hjem', 'skin', 'hudceller', 'skræl', 'blender', 'skal', 'trykt_kredsløb', 'cutis', 'kredsløbsplade', 'print', 'addin', 'huder', 'hudfarve', 'printplade', 'hud', 'kredsløbskort', 'printkort', 'power_plan', 'skrabe', 'r_kelly', 'kutan', 'plugin', 'galeanstalt']
smart	smart	Match	['efterretningstjeneste', 'smart', 'frisk', 'næsvis', 'viselig', 'klog', '8_intelligenser', 'kvik', 'opvakt', 'kloge', 'intelligens', 'svie', 'flynneffekt', 'smartcar', 'intelligent', 'mentale_kapacitet', 'smart_smart', 'fræk']
smiling	smilende	Match	['smil', 'grinende', 'grine', 'smiler', 'smilende', 'smile']
solution	løsning	Match	['vandopløselig', 'resultat', 'opløsning', 'løsning', 'resultatet', 'ligning_løse', 'svar', 'problemløsning', 'opløsninger', 'opløste_stoffer', 'solution']
soul	sjæl	Match	['mand', 'soul_musik', 'menneske', 'sjæl', 'sjæle', 'sjælen', 'mker', 'soul', 'grammatisk_person', 'person', 'udødelige_sjæl', 'sjælfulde', 'enkeltpersoner', 'aiúa', 'soul_music', 'hoved', 'dødelig', 'individ', 'nogen', 'hugr', 'personer']
sound	lyd	Match	['lyde', 'lyd', 'telefon', 'lydudbredelse', 'akustisk_energi', 'rask', 'akustiske_bølger', 'sproglyd', 'lydbølge', 'talelyd', 'lyden', 'lydens_hastighed', 'sound', 'audio', 'sund', 'lydbølger', 'tecnocumbia', 'lydenergi', 'akustiske_bølge', 'tale_lyd', 'stræde', 'akustisk_bølge', 'auditive_fornemmelse', 'lydhastighed', 'bælt']
spoke	talte	Match	['tunge', 'speech_kommunikation', 'mundtlig_kommunikation', 'talte', 'talekommunikation', 'snakkede', 'talesprog', 'eger', 'mål', 'menneskelig_tale', 'tale', 'sprog', 'rundle', 'hjul_talte', 'talte_sprog', 'tale_kommunikation', 'spoke', 'talt_kommunikation']
star	stjerne	Match	['førende_aktør', 'estelle', 'mavin', 'tjære', 'ilean_almaguer', 'tvpersonlighed', 'berømt_person', 'headliner', 'stjerne_topologi', 'starbåd', 'filmstjerne', 'stjerneklassifikation', 'femstjernet_hotel', 'stjerne_graf', 'adept', 'ledende_aktør', 'filmstjerner', 'berømthed', 'superstar', 'targz', 'film_stjerne', 'førende_skuespiller', 'maven', 'stikledningsanlæg', 'almindelig', 'stjerne_netværk', 'wiz', 'kendis', 'bostonmatricen', 'suse', 'kendt', 'stjernetopologi', 'vækstshare_matrix', 'stjernespækket', 'berømtheder', 'stjerne_rating', 'star', 'asterisk', 'stjerne', 'xerox_star', 'the_rise_and_fall_of_ziggy_stardust_and_the_spiders_from_mars', 'hotshot', 'stjerner', 'medier_personlighed', 'multe', 'popstjerne', 'stjernen', 'førende_skuespillerinde', 'tar']
student	lærerstuderende	Found close match: ['studerende', 'studerede', 'studierne']	['freshman_år', 'forsker', 'boghandel', 'elev', 'boghandler', 'videnskabsmand', 'studere', 'educatee', 'studerende', 'videnskabelig_person', 'bookman', 'studierne', 'nysproglig_student', 'studium', 'studier', 'studine', 'studiet', 'boghandlere', 'student', 'lærd', 'studerede', 'lærde', 'christ_church_college', 'studenterkørsel', 'studeret', 'william_sealy_gosset']
stupid	tåbe	Incorrect	['stupe', 'pillock', 'åndssvag', 'budding_hoved', 'tomhjernet', 'blæst', 'puddenhead', 'dum_person', 'uintelligent', 'tumpe', 'fordummende', 'dum', 'dumt', 'dumhed', 'ravensymone', 'dumme', 'stakkels_fisk']
successful	succesfulde	Found close match: ['succesfuld', 'successful', 'succes']	['succesfuld', 'succes', 'vellykket', 'succesrig', 'successful']
sugar	sukker	Match	['muslinger', 'sugar', 'glassheart', 'simoleons', 'saccharid', 'dinero', 'sukker_i_vinen', 'stødtmelis', 'moolah', 'gelt', 'e150', 'carbonhydrat', 'monosaccharid', 'sukker', 'batman_forever', 'kulhydrat', 'pelf', 'disaccharid', 'saccharider', 'shekels', 'søde', 'oligosakkarid', 'sukker_handel', 'sukkerknald', 'oligosaccharid', 'carbohydrat', 'hjertemuslinger', 'sakkarider', 'monosakkarid', 'melis', 'sakkarid', 'raffineret_sukker', 'fremstilling_af_sukker', 'kulhydrater', 'sukker_fremstilling_af', 'oligosaccharider', 'disakkarid', 'sukker_niveauer', 'hvidt_sukker']
suspect	mistænke	Found close match: ['mistænkte', 'mistænkt', 'mistanke']	['mistænksomhed', 'kriminel_sagsøgt', 'gerningsmanden', 'under_mistanke', 'mistænkelig', 'sagsøgte', 'robert_crais', 'mistanke', 'suspekt', 'mistænkte', 'top', 'mistænkt', 'anklaget', 'sagsøgt', 'mistillid']
table	tabel	Match	['tabulararray', 'dataark', 'kode', 'iframe', 'højslette', 'bord', 'taffelbjerg', 'htmlkode', 'htmlelement', 'bordet', 'søgning', 'database_tabel', 'relation', 'href', 'mesa', 'opslag', 'tabel', 'klangbund', 'taffelbjerge', 'udskyde', 'opslagstabel']
taste	smag	Match	['præferencer', 'gustatoriske', 'smager', 'forkærlighed', 'gustation', 'salt', 'aroma', 'smagsløg', 'naturlige_aromaer', 'smagssansen', 'naturlige_varianter', 'kunstige_smagsstoffer', 'smag', 'gustatoriske_modalitet', 'gustatoriske_sensation', 'taste', 'grundlæggende_smag', 'smage', 'smagsprøve', 'smagsoplevelse', 'smagssans', 'smagsstof', 'nowhere', 'præference', 'gustatoriske_opfattelse', 'prøve', 'smagsforstærker', 'blindsmagning', 'vinsmagning', 'savor']
team	teamteam	Found close match: ['teamet', 'team']	['soloprojekt', 'rockgruppen', 'rock_band', 'musikalsk_ensemble', 'arbejdscelle', 'musikgruppe', 'spand', 'hold', 'instrumental_ensemble', 'teamet', 'team', 'solo_artist', 'bar_band', 'gruppe', 'sportshold', 'holdet', 'band', 'pop_rock_band', 'holdsport', 'musikalsk_band', 'rockbands', 'musik_band', 'rockgruppe', 'pop_band']
texture	farveflader	Incorrect	['musikalsk_struktur', 'tekstur', 'fornemmelse_i_munden', 'teksturdybden', 'konsistens', 'mundfornemmelse', 'tekstur_kort', 'texture_mapping']
time	tid	Match	['system_tid', 'forbindelse_meter', 'taktarter', 'in_my_own_words', 'scatmans_world', 'time_magazine', 'grammatisk_anspændt', 'tidsinterval', 'klokkeslæt', 'tidsrum', 'tidspunkt', 'kosmologisk_tid', 'gang', 'klokcykler', 'afsoningstid', 'tider', 'polymeter', 'pære', 'tidlige_univers', 'y_not', 'todelt', 'systemets_tid', 'xkcd_1190', '24_tid', 'systemets_ur', 'tempus', 'tidsregning', 'anspændt', 'nuet', 'musikalsk_taktart', 'simpel_tid', 'periode', 'ur', 'hypnotica', 'temporal', 'anastacia', '44_tid', 'meter', 'smartstop', 'kabel_frigivelse', 'tage_tid', 'vals_tid', 'grammatisk_tid', 'pacific_ocean_blue', '44', 'taktcyklus', 'tidsramme', 'time_kommune', 'tiden', 'time', 'forbindelse_tid', 'nu', 'sekvens_af_hændelser', '128', 'fjerde_dimension', 'tid_t', 'fængsel', 'tid', '68_tid', 'taktart']
tool	værktøj	Match	['softwareværktøj', 'pik', 'software_udviklingsværktøjer', 'værktøjet', 'pik_gren', 'marionet', 'håndværktøj', 'diller', 'arbejdsredskab', 'programmeringsværktøj', 'tool', 'redskab', 'dolk', 'instrument', 'softwareværktøjer', 'prik', 'softwareudviklingsværktøjer', 'kødfløjte', 'værktøjer', 'værktøj', 'software_udvikling_værktøj']
toy	legetøjsbiler	Found close match: ['legetøjs', 'legetøjet', 'legetøj']	['legetøj', 'toy', 'legesager', 'legetøjs', 'chatoyancy', 'sexlegetøj', 'legeting', 'yello', 'legetøj_hund', 'toyline', 'chatoyant', 'legetøjet', 'sex_legetøj']
tree	træet	Match	['ungt_træ', 'trædiagram', 'undertræ', 'rodfæstet_træ', 'bladnode', 'træer', 'tree', 'charlotte_brontë', 'træ_datastruktur', 'hellige_træ', 'træet', 'blad_node', 'træ', 'kruskal_s_træ_teorem', 'kruskal_s_træ_sætning', 'forælder_node', 'træstamme', 'træ_tilbedelse', 'overordnet_node', 'roden_node', 'interiør_node', 'trævækst', 'træarter_i_verden', 'skov', 'barneknudepunkt', 'sir_herbert_beerbohm_tree', 'herbert_beerbohm_tree', 'charlotte_bronte', 'helligt_træ']
trial	retssagen	Found close match: ['retssager', 'retssag', 'forud_for_retssagen']	['kausal', 'paucal', 'iii', 'tredeling', 'tercet', 'trine', 'eksperiment', 'tre', 'prøvelse', 'prøveperiode', '3', 'deuceace', 'pluralis_auctoris', 'singularis', 'tri', 'tal', 'årsag_og_virkning', 'sagsøges', 'pluralis', 'dualis', 'numerus', 'prøvekørsel', 'terzetto', 'grammatisk_tal', 'kausalitet', 'civil_retssag', 'nummer_aftale', 'kausale', 'sag', 'civil_domstol', 'prøvet', 'retssag', 'undersøgelse', 'årsag', 'test', 'ternion', 'civil_sag', 'prøve', 'pluralis_majestatis', 'retssager', 'ternære', 'forsøg', 'kriminel_sag', 'trængsel', 'kausalisme', 'forud_for_retssagen', 'causa']
tried	prøvede	Match	['prøvede', 'prøve', 'prøvet', 'kriminel_sag', 'forsøgte', 'undersøgelse', 'forsøgt']
typical	typiske	Match	['typisk', 'typiske']
unaware	overbevidst	Incorrect	['uvidende']
usable	brugbart	Match	['brugbart', 'anvendelige', 'brugbar', 'anvendelig', 'brugervenlig', 'anvendeligt', 'brugervenlighed', 'usability']
useless	ubrugeligt	Match	['ubrugelige', 'ubrugelig', 'ubrugeligt', 'nytteløs', 'uduelig', 'useless']
vacation	ferie	Match	['ferieform', 'tage', 'holde', 'fars_sygt_fede_bilferie', 'ferieår', 'ferie']
war	krigen	Match	['waraywaray_sprog', 'the_war', 'ares', 'militær_konflikt', 'krigen', 'bekrige', 'væbnet_konflikt', 'krigsførelse', 'krigstilstand', 'vinder_over_udskiftning', 'war', 'all_or_nothing', 'krige', 'væbnede_konflikter', 'krig', 'krigstid']
wash	vaske	Match	['buried', 'arroyo', 'the_wash', 'vaskekonen', 'lavation', 'vask', 'washables', 'vaskes', 'vasketøj', 'kinesisk_vaskeri', 'slipstrøm', 'vask_tegning', 'wash', 'unearthed', 'scan', 'udvaskning', 'vaske', 'vasker', 'vaskeri', 'lavering', 'tørre_vask', 'lost_dogs', 'slipstreame', 'snavsetøj']
weak	svag	Match	['svagt', 'svage', 'svaghed', 'svag', 'muskelsvaghed', 'the_sea']
wear	iføre	Incorrect	['beklædningsgenstand', 'bomning', 'slid', 'artikel_i_tøj', 'klædedragt', 'beklædningsindustrien', 'wearable', 'sætte_på', 'beklædning', 'tøj', 'habiliment', 'gå_til', 'påklædning', 'bære', 'wear', 'dametøj']
weather	vejr	Match	['vejr', 'atmosfærisk_tilstand', 'vejrforhold', 'top', 'vejret', 'vejr_udsigter', 'vejrudsigt']
willingly	godvilligt	Found close match: ['villigt']	['villigt']
word	ord	Match	['hellige_skrift', 'adgangskode', 'religiøs_tekst', 'bibler', 'religiøse_tekster', 'the_word', 'ordet', 'kristne_skrifter', 'password', 'ordlængde', 'microsoft_word', 'søn', 'biblen', 'logos', 'den_hellige_skrift', 'tidender', 'hellig_tekst', 'dataord', 'word', 'bibelske', 'nyhed', 'tilsagn', 'hellige_bog', 'ord', 'formulere', 'kristne_bibel', 'logoer', 'ordstørrelse', 'kodeord', 'æresord', 'bibel', 'bibelen', 'diskussion', 'good_book', 'sønner', 'de_skrifter', 'skriften', 'hellig_skrift', 'bibelsk', 'pasord', 'hellige_tekster', 'løfte', 'passwords']
