ability	zdolności	Found close match: ['zdolność', 'uzdolnienie']	['umiejętność', 'zdolność', 'uzdolnienie']
accomplished	znakomity	Not found	[]
angry	wściekły	Match	['mad_season', 'złość', 'zły', 'angriness', 'kay_starr', 'wściekły', 'gniew', 'złoszczenie_się', 'zła', 'press_to_play']
apartment	mieszkania	Not found	[]
applause	aplauz	Match	['aplauz', 'brawa', 'applause', 'oklaski', 'handclaps', 'klaskanie']
argument	kontrargument	Found close match: ['ukośne_argument', 'argument', 'argumenty']	['kontrowersji', 'disceptation', 'ukośne_argument', 'dowodzenie', 'sprzeczka', 'argumentacja', 'argumentu', 'starcie', 'debat', 'kontrowersja', 'zwada', 'debata', 'linię', 'potyczka', 'debaty_politycznej', 'teorii_argumentacji', 'argument_logiczny', 'kłótnia', 'obrady', 'argument_literacki', 'argumentacji', 'rozumowanie', 'debaty', 'zakwestionowanie', 'argument', 'argumentując', 'parametr', 'oświadczenie', 'utarczka', 'argumenty', 'argument_liczby_zespolonej']
art	sztuki	Match	['sztuką', 'dilbert', 'funkcje_sztuki', 'twórczość', 'waleczność', 'sztuki_piękne', 'artykuł', 'grafiki', 'art', 'dziedziny_sztuki', 'grafika', 'beaux_arts', 'sztukę', 'myst', 'grafik', 'przedimek', 'dzieł_sztuki', 'sztuki', 'android_runtime', 'dzieło_sztuki', 'kunszt', 'sztuka', 'twórczość_artystyczna', 'rodzajnik', 'dni', 'nontextual_sprawa', 'beauxarts_architektury', 'sztuk_pięknych']
attitude	nastawienie	Match	['behawior', 'battement', 'sposób_bycia', 'pozycji', 'fouetté', 'attitude', 'postawa', 'malpresentation', 'ciągoty', 'zachowanie_społeczne', 'postawa_ciała', 'entrechat', 'pointe', 'podejście', 'tendencja', 'poczynania', 'pique', 'postawy', 'arabeska', 'orientacji', 'cabriole', 'instynkt', 'adagio', 'nastawienie_psychiczne', 'plié', 'maniery', 'terminologia_tańca_klasycznego', 'pozycja', 'reload', 'orientacji_przestrzennej', 'pociąg', 'batterie', 'słabość', 'zachowanie', 'manege', 'zachowań_społecznych', 'skłonność', 'styl', 'predylekcja', 'obejście', 'coupe_jeté', 'zachowanie_się', 'układ_ciała', 'postawie', 'nastawienie', 'kąty_eulera', 'stosunek', 'inklinacja', 'orientacja', 'jeté', 'przewinienia', 'a_solo', 'szalonej', 'rond_de_jambe', 'poza', 'styl_bycia']
bag	pojemnik	Incorrect	['pokot', 'ukraść', 'capnąć', 'multizbiór', 'zarąbać', 'multiset', 'zajumać', 'kraść', 'toreb', 'zgarnąć', 'podpierdolić', 'erbnąć_świsnąć', 'podiwanić', 'pudło', 'zwędzić', 'torba_przewoźnik', 'torebki', 'port_lotniczy_loakan', 'torba_papierowa', 'multisets', 'walizkę', 'rozkład', 'stara_torba', 'papierowa_torba', 'pełny_wór', 'torba', 'port_lotniczy_baguioloakan', 'zakosić_zwinąć', 'podprowadzić', 'krowa', 'podróżowanie_worek', 'chapnąć_głabnąć', 'zajebać', 'babsztyl', 'wymienia', 'walizka', 'worek', 'wymię', 'filiżanka_herbaty', 'gwizdnąć', 'buchnąć', 'torby', 'torbę', 'reklamówka', 'wielozbiór', 'torebka', 'przywłaszczyć_sobie']
ball	piłkę	Match	['piłka_do_gry_w_piłkę_nożną', 'glob', 'piłka_tenisowa', 'strefa_strikeów', 'jąder', 'strefy_strajku', 'kuliste', 'kulka', 'ballview', 'strike_zone', 'bzdury', 'zamkniętej_kuli', 'piłki_tenisowe', 'gonada_męska', 'strefa_strike’ów', 'kuli', 'ballock', 'jajo', 'bal', 'jądra', 'sfera', 'bimboły', 'kłębek', 'testis', 'jajco', 'jaja', 'jądro', 'teste', 'piłkę', 'kula', 'piłka', 'ball', 'piłka_futbolowa', 'kula_z_muszkietu', 'lucille_ball', 'pocisk', 'john_ball']
bar	bar	Match	['sandbars', 'patronimik', 'bawarski', 'knajpa', 'prążek', 'adwokatura', 'kranu_browaru', 'boarisch', 'mbar', 'szynk', 'karabin_maszynowy_browning_m1918', 'pub_grub', 'izba_adwokacka', 'patronymicum', 'ginmill', 'otczestwo', 'środka', 'patronym', 'płycizna', 'telefon_rozsuwany', 'bar', 'próg_rzeczny', 'poprzeczka', 'rysa', 'matronimik', 'banku_piasku', 'browning_automatic_rifle', 'karabin_maszynowy_browninga', 'dania_barowe_w', 'tawern', 'prawnictwo', 'zapobieganie', 'advocatus', 'taphouse', 'dialekt_bawarski_języka_niemieckiego', 'pociągnięcie', 'b', 'znak_pubie', 'bramkarz_saloon', 'próg', 'barline', 'drąg', 'pręt', 'milibarów', 'matronimia', 'country_inn', 'drążek', 'foobar', 'piwiarnia', 'patronimikum', 'pubów', 'hostelry', 'pub', 'public_house', 'język_bawarski', 'nazwisko_patronimiczne', 'bufet', 'mielizna', 'wykluczać_wyłączać', 'do', 'antivari', 'tawerna', 'wybierz_dom', 'dialekty_bawarskie', 'patronimia', 'palestra', 'beta2_receptorów_adrenergicznych', 'prawnicy', 'bár', 'patronimiczny', 'patronimicznych', 'prawników', 'dialekt_bawarski', 'gospoda', 'nazwisko_matronimiczne', 'zapobiegania', 'slider', 'patrynomic', 'barze', 'takt', 'barroom', 'wspólnota_prawna', 'sztaba', 'okucie', 'profilaktyka', 'foo']
bear	niedźwiedzie	Match	['wypełniać', 'rodzić', 'zapłacić', 'bear', 'niedźwiedzica', 'spełniać', 'webelos', 'niedźwiedzie', 'ursidae', 'płacić', 'niedźwiedź', 'zawierać', 'mike_brown', 'gay_bear', 'tupolew_tu95', 'znieść', 'stać', 'miś', 'misiu', 'edźwiedź', 'misiek', 'niedźwiedzia', 'misia', 'niedźwiedzi', 'niedźwiedziowate', 'tu95']
beat	przegrany	Incorrect	['beatus', 'wzorzec_rytmiczny', 'dudnienia', 'obchód', 'beatnik', 'rytm', 'pokonać', 'metrum', 'miara_wierszowa', 'muzyka_beat', 'tok', 'dudnienie', 'jet_set_radio', 'muzyczny_rytm', 'wartość_rytmiczna', 'metr', 'rytmy', 'siteswap', 'offbeat', 'bitnik', 'puls', 'wybicie', 'beat']
bed	wannie	Incorrect	['ruchać', 'podłoże', 'zaburzenie_z_napadami_objadania_się', 'łóżka', 'dno', 'bed', 'łózko', 'grządka', 'łóżku', 'łóżko_creek', 'łoże', 'zespół_napadowego_objadania_się', 'jebać', 'pierdolić', 'koryto_rzeki', 'grzęda', 'łóżko', 'warstwowanie', 'korytem', 'szew', 'złoże', 'pieprzyć', 'koryto_rzeczne', 'uprawiać_seks', 'napady_objadania_się']
beer	piwa	Match	['campaign_for_real_ale', 'ale', 'piwo', 'beer', 'camra', 'piwko', 'piwo_ciemne', 'mocz_starego_pawiana', 'przemysł_piwowarski', 'piwa']
big	big	Match	['niemały', 'wspaniałomyślny', 'dorosła', 'większy', 'wielki', 'bjarke_ingels_group', 'duża', 'ciała', 'dorosły', 'duży', 'owoców', 'znaczący', 'tamowanie_krwi', 'pyszałkowaty', 'wielkoduszny', 'niekiepski', 'bukiet', 'znaczny', 'duże', 'big', 'wielka', 'norm_nixon', 'mineralności']
bird	ptak	Match	['wygwizdanie', 'bejbe_mała', 'lotka', 'ptak_parker', 'dziewczyna', 'ptasie_dinozaury', 'mikuni_shimokawa', 'charles_parker', 'yardbird_parker', 'ptaki', 'aves', 'avafauna', 'palec_środkowy', 'ptak', 'ptaka', 'charlie_parker', 'wolant', 'palec', 'bird', 'dziewka', 'dziewucha', 'roosting', 'bronx_cheer', 'digitus_impudicus', 'córeczka', 'środkowy_palec', 'charles_christopher_parker', 'gwizdać', 'córka', 'razzing', 'awifauny', 'razz', 'fak', 'fuck_you', 'ptaków', 'ptaszek']
blood	krwi	Match	['blood', 'krew_odtlenowana', 'krew', 'farba', 'linia_krwi', 'wino_bordeaux', 'rakehell', 'dziedziczenie', 'ludzkiej_krwi', 'krew_utlenowana', 'wina_bordeaux', 'bordeaux', 'hematologicznych', 'natlenionej_krwi', 'vs', 'jucha', 'persistence_of_time', 'blood__reign_forever_world', 'rozpustnik', 'linia', 'collective_soul', 'dziedziczności', 'krwi', 'the_black_parade', 'bordo', 'posoka', 'dziedzictwa_genetycznego', 'rodu', 'getting_away_with_murder']
body	ciała	Match	['nadwozi', 'punkt_typograficzny', 'teairra_maria_thomas', 'tranzystor_polowy', 'ścierwo', 'bryła_geometryczna', 'coachbuilder', 'trykot_opinający_ciało', 'zwłok', 'wielotop', 'organizm', 'artykułu', 'tułów', 'polytope', 'tranzystor_polowy_z_izolowaną_bramką', 'polytopes', 'ubranie', 'truchło', 'news', 'trykot', 'struktura_organiczna', 'kadłub', 'tranzystor_unipolarny', 'wonder_showzen', 'pudło', 'artykuł_z_gazety', 'catsuit', 'tors', 'pt', 'korpus', 'artykuł', 'ciała', 'wielokomórka', 'źródło', 'teairra_mari', 'tułowia', 'nadwozia', 'wielkości_punktu', 'fet', 'ciała_fizycznego', 'igfet', 'owoców', 'tranzystora_polowego', 'ciało_fizyczne', 'artykuł_informacyjny', 'odbiornik', 'bryła_stereometryczna', 'treść', 'tamowanie_krwi', 'konsystencja', 'blacharka', 'soundbox', 'mineralności', 'kolegium', 'garnitur_ciała', 'dren', 'drzwi', 'trup', 'zwłoki', 'ciało', 'bodyciało', 'bukiet', 'body', 'karoseria', 'punkt', 'tranzystorów_polowych', 'teairra_marí', 'bramka', 'struktury_fizycznej', 'eubstance', 'góra', 'rezonator', 'historii_wiadomości', 'tułów_człowieka', 'cat_suit', 'unitard']
brain	mózgu	Match	['fenomen', 'mózgu', 'rozsądność', 'logika', 'banks', 'mózgowie', 'głowę', 'doktor_claw', 'serce', 'mózgu_ssaków', 'umysł', 'brain', 'intelektu', 'ludzkiego_umysłu', 'mózg', 'bryan_mantia', 'psychika', 'dusza', 'potencjału_umysłowego', 'psychiki', 'rozum', 'psyche', 'intelekt', 'zdolność_uczenia_się', 'rozsądek', 'psychiczny', 'duch', 'brainiac', 'funkcji_mózgu', 'duchowość', 'móżdżek', 'mózgownica', 'nerwy', 'geniusz', 'inspektor_gadżet', 'nous']
broken	złamaną	Found close match: ['złamany', 'złamane', 'złamana']	['odbicie_zła', 'ms_kelly', 'rozbite', '12_stones', 'winterhearts_guild', 'plastic_beach', 'błędny', 'broken_movie', 'the_best_of_bruce_dickinson', 'złamana', 'złamane', 'echo', 'delta_machine', 'złamany', 'the_broken_movie', 'niepoprawny', 'łamane', 'broken_ep', 'broken', 'comeback']
building	budynek	Match	['projektu_budowlanego', 'branży_budowlanej', 'budynków', 'roboty_budowlane', 'prace_budowlane', 'budynku', 'prace_budowlanokonstrukcyjne', 'budynek', 'budowla', 'budowanie', 'budownictwo', 'budowa', 'gmach', 'budynek_publiczny', 'dom']
burn	spalić	Match	['płomienisty', 'fc_dallas', 'oparzenia_słoneczne', 'palić', 'oparzenie', 'burn_fumetsu_no_face', 'strumieni', 'potok', 'burn', 'poparzenie_się', 'ciek', 'poparzenie', 'ogień', 'tan', 'spalenizna', 'rumień_solare', 'ciek_wodny', 'drugi_stopień_nagrać', 'spalić', 'płomień', 'wypalić_piętno', 'pieczenie', 'płomienie', 'palić_się', 'hamilton', 'trzeciego_stopnia_oparzenia', 'płonąć', 'ruisseau', 'dallas_burn', 'oparzenia', 'żar', 'oparzenie_słoneczne', 'oparzenia_trzeciego_stopnia', 'kruk', 'płonie', 'wikipedystacoka7196artykuły', 'opalenizna', 'queimada', 'przerywany_strumień', 'spal', 'cieki_wodne']
business	biznesową	Found close match: ['biznesowych', 'biznes']	['praca', 'firma_etap', 'klientela', 'sprzedawca', 'przedsiębiorstwo', 'niezależnych_wykonawców', 'organizacja_firmy', 'przedsięwzięcie', 'sektor_biznesu', 'business', 'klient', 'systemu_biznesowego', 'firma', 'prawa_spółek', 'dla_zysku', 'interes', 'nauki_biznesu', 'sektora_biznesowego', 'pracy', 'zatrudnienie', 'zajęcie', 'osoba_fizyczna_wykonująca_działalność_gospodarczą', 'troska_firma', 'pracę', 'linii_pracy', 'interesy', 'zawód', 'zawodzie', 'biznes', 'klienta', 'na_zysk', 'działalność_komercyjna_i_zarobkowa', 'biznesowych', 'lob', 'robota', 'epizod', 'jednoosobowa_działalność_gospodarcza', 'wakat', 'obiekt_organizacja', 'działalności_przedsiębiorstwa', 'koncern', 'zadanie']
camera	kamery	Match	['kamera_tv', 'aparat_filmowy', 'kamer', 'aparat', 'the_back_room', 'kamera', 'aparatu', 'motionobraz_z_kamery', 'kamery', 'kamera_filmowa', 'kamera_telewizyjna', 'cinecamera', 'camera', 'aparat_fotograficzny']
carefully	starannie	Found close match: ['strapienie', 'ostrożnie', 'utrapienie']	['bolenie', 'ostrożnie', 'frasunek', 'obaw', 'zgryzota', 'utrapienie', 'troska', 'strapienie', 'zmartwienie', 'martwić', 'cierpienie', 'martwienie_się']
challenge	wygrać	Incorrect	['challengeresponse', 'wyzwanie', 'osiągnięcie', 'challenge', 'zakwestionować', 'wyzwania', 'próba']
charity	charytatywnej	Found close match: ['charytatywność', 'organizacji_charytatywnej', 'fundacja_charytatywna']	['organizacji_charytatywnych', 'organizacją_charytatywną', 'organizacji_charytatywnej', 'organizacja_opiekuńcza', 'filantropia', 'dobroczynność', 'charity', 'miłości', 'organizacja_charytatywna', 'dilbert', 'organizacja_humanitarna', 'organizacje_pożytku_publicznego', 'filantropijność', 'polemonium_coeruleum', 'polymonium_caeruleum_vanbruntiae', 'wielosił_błękitny', 'braterskiej_miłości', 'dobroczynności_publicznej', 'caritas', 'fundacja_charytatywna', 'polemonium_caeruleum', 'charytatywność', 'instytucja_charytatywna', 'dobrodziejstwo', 'vanbruntiae_polemonium', 'miłość', 'caeruleum_polemonium', 'organizacja_pomocowa', 'miłość_braterska']
charming	zarozumiały	Incorrect	['urocze', 'uroczy']
clothes	ubrania	Match	['strój', 'konfekcja', 'odzieży_damskiej', 'ciuch', 'przemysłu_odzieżowego', 'ubiór', 'zdatny_do_noszenia', 'odzienie', 'ubranie', 'habiliment', 'odzieży', 'odzież', 'szata', 'ubrania']
cockroach	owady	Incorrect	['blattoptera', 'hełmce', 'podrząd_blattaria', 'blattaria', 'cockroach', 'podrząd_blattodea', 'karaluch', 'karaczany', 'blattodea', 'karalucha', 'karaczan']
code	kodu	Match	['programować', 'kod_komputerowy', 'kodyfikacja', 'kody', 'kod_otwarty', 'kod', 'kodowanie', 'kodeks_prawny', 'kod_zamknięty', 'code', 'zaplanować', 'kodu', 'dekodowanie', 'kodeks_praw', 'kodeks', 'kodować', 'szyfrować']
collection	kolekcja	Match	['mazharfuatözkan', 'kolekcji', 'hawkwind', 'mfö', 'zbiorów_sztuki', 'kolekcja_sztuki', 'agregacja', 'akon', 'przyjmować', 'kompletacja', 'aliaune_damala_bouga_time_puru_nacka_lu_lu_lu_badara_akon_thiam', 'agregacji', 'łączenia_produktów', 'aliaune_thiam', 'joe_sample', 'apel', 'windykacja', 'vindicatio', 'kolekcji_sztuki', 'zbiór', 'kompendium', 'collection', 'złożenie', 'kompilacja', 'komornika', 'inkasować', 'windykacji', 'zebranie_konia', 'the_charlatans', 'agregację', 'grupa', 'seria_książek', 'zbieranie', 'the_offspring_collection', 'pakiet', 'zbiórka', 'kontener', 'kolekcja']
computer	komputerowy	Found close match: ['komputery', 'komputer', 'komputer_cyfrowy']	['maszyna_obliczeniowa', 'urządzenie_komputerowe', 'kalkulator', 'rachmistrz', 'mózg_elektronowy', 'procesor_danych', 'komputery', 'komputerów_cyfrowych', 'komputer_cyfrowy', 'komputera', 'elektroniczna_maszyna_cyfrowa', 'elektroniczna_maszyna_licząca', 'komputer', 'komputera_elektronicznego', 'muzyki_komputerowej', 'taksator', 'elektronicznego_komputera', 'wygenerowane_komputerowo_muzyki', 'system_przetwarzania_informacji', 'figurer', 'systemów_komputerowych', 'obliczeniowiec', 'komputerze_ogólnego_przeznaczenia']
construction	budowy	Found close match: ['budowa', 'budowanie']	['prace_budowlanokonstrukcyjne', 'konstrukcja_gramatyczna', 'branży_budowlanej', 'konstrukcja_budowlana', 'prace_budowlane', 'projektu_budowlanego', 'wykładni_sądowej', 'runescape', 'konstrukcja', 'konstytucyjnej_interpretacji', 'struktura', 'budownictwo', 'elvarg', 'model', 'struktury', 'deviousmud', 'wilderness', 'psychicznego_syntezy', 'budowanie', 'roboty_budowlane', 'budowa']
cook	cook	Match	['captain_james_cook', 'frederick_albert_cook', 'james_cook', 'captain_cook', 'alexander_wilke', 'kucharka', 'kucharzy', 'kapitan_cook', 'szef_kuchni_kucharz', 'kucharzem', 'przygotowywać', 'kucharz', 'alec_empire', 'kuchmistrz', 'szef_kuchni', 'frederick_cook', 'okręg_wyborczy_cook', 'souschef', 'gotować', 'kucharza', 'cook', 'uss_donald_cook']
counting	liczenia	Match	['podstawa_systemu_liczbowego', 'wyliczenie', 'system_liczbowy', 'systemie_liczbowym', 'numeracji', 'policzenie', 'kod_pozycyjny', 'liczenia', 'pozycyjny_system_liczbowy', 'system_trójkowy', 'lista', 'liczyć', 'liczę', 'systemy_liczbowe', 'liczenie', 'addytywny_system_liczbowy', 'spis']
crazy	crazy	Match	['nienormalny', 'looney', 'famous_last_words', 'obłąkanie', 'wariatka', 'chory_na_głowę', 'szalone', 'wariat', 'crazy', 'obłęd', 'usher', 'obłąkaniec', 'szaleństwo', '(you_drive_me)_crazy', 'pomyleniec', 'the_red_album', 'szalona', 'because_of_you', 'playing_with_fire', '…famous_last_words…', 'loca', 'szalony', 'dziwak', 'erika_jayne', 'delirium', 'pomylony', 'szaleniec', 'zwariowany']
damage	uszkodzenia	Match	['make_this_your_own', 'the_fantastic_adventures_of_dizzy', 'uszkodzenie', 'oszpecać', 'szkoda', 'szkody_prawne', 'damage', 'skaza', 'fantastic_dizzy', 'znieszczenie', 'cena_brutto', 'cena', 'chłostać', 'zniszczenia', 'szkody', 'sprzęt_wypadek', 'fantastic_adventures_of_dizzy', 'uszkodzenia', 'utarg_marginalny', 'ceny_detalicznej']
dance	dance	Match	['muzyka_dance', 'pląsać', 'tancerz', 'tańczyć', 'tańca', 'tańcz', 'tan', 'dance', 'zabawa', 'dancé', 'utwór_taneczny', 'euro_house', 'tancerzy', 'post_disco', 'taniec', 'dance_dance', 'power_dance', 'tańce', 'oliver_heldens', 'muzyki_tanecznej', 'balety', 'waterloo', 'dance_party', 'potańcówka', 'postdisco', 'tańcować']
dangerous	niebezpiecznie	Match	['niebezpiecznie', 'dangerous', 'kusicielka', 'brawurowy', 'niebezpieczny_groźny', 'niebezpieczne', 'śmiały', 'its_hard', 'groźny', 'niebezpieczny', 'niebezpieczna']
deceive	zwieść	Not found	[]
dedication	poświęcenie	Match	['poświęcenia', 'zadedykowanie', 'poświęcenie_kościoła', 'dedication', 'dedykacja', 'poświęcenie', 'ofiarowanie_niemowląt', 'konsekracja_kościoła', 'oddanie', 'błogosławieństwo_niemowląt']
deliberately	celowo	Match	['umyślnie', 'celowo']
delivery	dostarczenie	Found close match: ['dostarczanie']	['transportu', 'alienacji', 'poród_naturalny', 'ratunek', 'żartobliwy', 'rozrodczym', 'transport_pasażerski', 'dostarczanie', 'poród_u_człowieka', 'dowóz', 'przywózka', 'kawał', 'poród', 'prawo_podaży', 'transport', 'delivery', 'środek_lokomocji', 'zbywalne', 'uratować', 'przynosząc', 'poród_fizjologiczny', 'środek_transportu', 'żartem', 'uwolnienie', 'żartować', 'dowcip', 'porodu', 'urodzenie', 'branży_transportowej', 'żart', 'dostawa', 'dostawy', 'wikipedystarymon_lipinskaii_okres_porodu', 'prawnego_przeniesienia', 'narodziny', 'areszt', 'sposób_mówienia', 'nośnik', 'urodziny', 'dostawa_do_domu', 'przesyłka', 'rzut', 'chłopiec_dostawy', 'sposoby_odklejania_się_łożyska', 'położnicza_dostawy', 'dowcipy', 'infrastruktury_transportowej', 'wieku', 'przywóz', 'dostawy_do_domu', 'podaż']
dessert	desery	Match	['win_deserowych', 'deser', 'wino_deserowe', 'deseru', 'deserów', 'afters', 'desery']
device	urządzenie	Match	['urządzenie', 'urządzenie_komputerowe', 'device', 'telefon', 'osobistego_sprzętu_komputerowego', 'maszyna', 'convent', 'sprzętu_komputerowego', 'telefon_komórkowy', 'telefonów_komórkowych', 'komórkowe', 'narzędzie', 'configsys', 'sprzęt_komputerowy', 'komórkowy', 'nicolai_reedtz', 'urządzenia', 'wyrób', 'urządzenie_techniczne', 'maszyny', 'maszyn', 'mobile', 'telefony_komórkowe', 'hardware', 'sprzęt', 'komórka']
dig	wykopać	Found close match: ['wykopywać', 'wykop', 'kopać']	['przymówka', 'rozumieć', 'być_świadomym_znaczenia', 'dig', 'archeologiczne', 'przytyk', 'wykop', 'wykopalisko', 'przycinek', 'kuksnięcie', 'kopanie', 'wykopaliska', 'pojąć', 'pojmować', 'kpina', 'zgodzić_się', 'ryć', 'wykopywać', 'zrozumieć', 'kopać', 'kop']
dinner	obiad	Match	['podwieczorek', 'podwieczorku', 'kolacja', 'lancz', 'bankiet', 'filiżanka_herbata', 'obiad', 'przyjęcie', 'tiffin', 'wieczerza', 'lunch', 'dejeuner', 'kolację', 'teatime', 'fajf', 'five_oclock']
disease	choroby	Match	['choroba_umysłowa', 'niemoc', 'dolegliwość', 'choroby_somatyczne', 'niedomoga', 'schorzenie', 'schorzeniu', 'zachorowanie', 'patologia', 'niedyspozycja', 'choroba_somatyczna', 'chorób', 'unwellness', 'choroby', 'zapalenie_opłucnej', 'przypadłość', 'chorobliwą', 'choroba', 'zachorowalność', 'syndrom', 'begowal', 'niedomaganie']
dissolve	rozpuszczenie	Found close match: ['rozpuszczać', 'rozpuszczać_się', 'rozpuścić']	['rozpuścić', 'topić', 'roztapiać', 'płynne_przechodzenie', 'rozmrażać', 'rozmrozić', 'rozpuszczać_się', 'roztopić', 'rozpuszczać']
disturb	zakłócać	Incorrect	['przeszkadzać']
do	mogę	Not found	[]
doctor	doktor	Match	['dochtór', 'drugi_doktor', 'doktor_nauk_technicznych', 'studia_doktoranckie', 'third_doctor', 'lekarz_medycyny', 'studia_iii_stopnia', 'dr_who', 'jedenasty_doktor', 'studia_trzeciego_stopnia', 'naprawiać', 'rudeboy', 'piąty_doktor', 'pierwszy_doktor', 'doctor', 'doktor', 'doktor_kościoła', 'doktorzy_kościoła', 'doktór', 'studia_doktorskie', 'lekarz', 'dziewiąty_doktor', 'rude_boy', 'doctorwho', 'second_doctor', 'medyk', 'chirurg', 'rude_boys', 'dr', 'eliza', 'lekarz_specjalista', 'awaryjny_hologram_medyczny', 'studium_doktorskie', 'doktor_who', 'loïc_nottet', 'dochtor', 'doktorze', 'doctorat', 'rudeboys', 'doktor_wojny', 'specjalności_lekarskie', 'władcy_czasu', 'doctor_of_philosophy', 'zabawa_w_doktora', 'lekarka', 'doktor_medycyny', 'doctor_who', 'operator', 'first_doctor', 'lekarzy', 'doktor_kto', 'doktorat', 'trzeci_doktor', 'medical_officer', 'ninth_doctor', 'eleventh_doctor', 'doktorów_kościoła', 'phd']
dog	pies	Match	['ścigać', 'doktor_rosenberg', 'krajowego_pies', 'psa', 'wienerwurst', 'isaac_kleiner', 'gman', 'koczkodan', 'pies', 'psy', 'psie', 'śledzić', 'bydlak', 'pierun', 'firedog', 'familiaris', 'psowate', 'psie_mięso', 'psowatych', 'pies_domowy', 'pieron', 'gonić', 'canis_familiaris', 'bydlę', 'ojciec_grigori', 'hot_dog', 'psy_na_znaczkach_pocztowych', 'weenie', 'barney_calhoun', 'judith_mossman', 'doktor_breen', 'tropić', 'łajdak', 'lista_postaci_ze_świata_halflife', 'dogiron', 'samoblokujący', 'skurczybyk', 'parówka', 'gnać', 'rodzina_canidae', 'udomowienie_psa', 'wallace_breen', 'canidae', 'duck_hunt', 'adrian_shephard', 'canis_lupus_familiaris', 'zapadka', 'father_grigori', 'andiron', 'dog', 'hotdog', 'psa_domowego', 'piesek', 'arne_magnusson', 'richard_keller', 'eli_vance']
dressing	garderoby	Incorrect	['wkładanie', 'użyźnianie', 'opatrywanie', 'sos_sałatkowy', 'bandażowanie', 'ubranie', 'zakładanie', 'strój', 'spongostan', 'opatrunek', 'odzieży_damskiej', 'przemysłu_odzieżowego', 'farsz', 'habiliment', 'szata', 'nakładanie', 'plaster', 'konfekcja', 'ciuch', 'ubiór', 'wdziewanie', 'zdatny_do_noszenia', 'ubieranie', 'ubrania', 'odzienie', 'dressing', 'faszerowanie', 'materiał_opatrunkowy', 'opatrunek_medyczny', 'odzież', 'odzieży', 'opatrunku']
driver	kierowca	Match	['kierowców', 'chauffer', 'wälder', 'kierowców_ciężarówek', 'traker', 'driver_you_are_the_wheelman', 'kierowca_wyścigowy', 'szofer', 'driver_sennyuu_car_chase_daisakusen', 'driver_san_francisco', 'piętra_lasu', 'numer_jeden_drewno', 'sterownik_urządzenia', 'kół_napędowych', 'sterownik', 'lesie', 'kierujący', 'cowcatcher', 'kierowcy', 'kierowca_rajdowy', 'pilota', 'kierowca', 'jazdy_koło', 'zalesiona', 'driver', 'sterowniki_urządzeń', 'driver_the_recruit', 'szoferem', 'trucker', 'kierowca_ciężarówki', 'biocenoza_leśna', 'sterownik_drukarki', 'sterownik_sprzętowy', 'jazdy_ciężarówek', 'las', 'kompleks_leśny', 'lasy']
economy	gospodarki	Match	['ekonomicznie', 'walden', 'ekonomii', 'gospodarki_narodowej', 'nauki_ekonomiczne', 'stopy_oszczędności', 'system_ekonomiczny', 'system_gospodarczy', 'ekonomia', 'ekonomii_politycznej', 'teoria_gospodarcza', 'oszczędności', 'ekonomiczność', 'gospodarka', 'oszczędzanie', 'gospodarki_wiejskiej', 'typ_gospodarki', 'systemów_ekonomicznych', 'ekonomia_polityczna', 'economy', 'gospodarki', 'ekonomista', 'ekonomika', 'oszczędność']
election	wyborach	Found close match: ['nakaz_wyborach', 'wybory', 'wyborów']	['układ_o_współpracy_patentowej', 'election', 'polityki_wyborczej', 'układ_pct', 'wyborów', 'wybory', 'wybieranie', 'hak_se_wui', 'procesu_wyborczego', 'elekcja', 'wybór', 'obieranie', 'wybór_mafii', 'nakaz_wyborach', 'reelekcję']
electron	elektronu	Found close match: ['elektron', 'elektrony', 'elektronów']	['promieniowanie_katodowe', 'electron', 'promienie_katodowe', 'negaton', 'elektrony', 'elektronów', 'negatron', 'elektron', 'elektronowy']
elegance	elegancja	Match	['matematyka_a_estetyka', 'elegancja', 'sznyt', 'elegancji', 'wykwint', 'piękno_matematyki', 'klasycznego_piękna', 'matematycznej_elegancji', 'dystynkcja', 'elegancki', 'piękno_i_matematyka', 'piękno_w_matematyce', 'szyk', 'szykowność', 'dekoracyjne', 'wyszukaność', 'piękno', 'wytworność', 'karlgeorg_hoefer', 'matematyczne_piękno', 'matematycznego_piękna', 'coś_ślicznego', 'wykwintność']
emotion	emocjonalne	Found close match: ['stan_emocjonalny', 'procesy_emocjonalne', 'emocje']	['human_after_all_remixes', 'odczucie', 'emocji', 'emotion', 'maverick_sabre', 'procesy_emocjonalne', 'emocje', 'stan_emocjonalny', 'emocja', 'uczucie', 'human_after_all', 'ludzkich_emocji']
emotionally	emocjonalnie	Match	['odczucie', 'emocji', 'procesy_emocjonalne', 'emocje', 'emocjonalnie', 'stan_emocjonalny', 'emocja', 'uczucie', 'ludzkich_emocji']
engine	silnik	Match	['silnik', 'aparat', 'lokomotywa_kolejowa', 'silnika_gry_wideo', 'silnik_oprogramowania', 'silników', 'silnika_kolejowym', 'engine', 'ray_alder', 'silnik_gier', 'silnik_gry', 'silnika', 'lokomotywa', 'silnik_lokomotywy', 'machina_wojenna', 'silniki', 'lokomotyw', 'motor', 'silnik_3d']
event	wydarzenie	Match	['słuchaczka', 'następstwo', 'obsługa_zdarzeń', 'historia', 'pokłosie', 'zdarzenie_losowe', 'efekt', 'obsługi_zdarzeń', 'wydarzenie', 'konsekwencją', 'kolejka_zdarzeń', 'oddziaływanie', 'zdarzenie_programu', 'wypadek', 'wynik', 'zdarzenie_czasoprzestrzenne', 'rezultat', 'słuchacz', 'rezulatat', 'konsekwencja', 'implikacja', 'przypadek', 'wydarzenia', 'zdarzenia', 'impreza', 'klawiszy', 'przypadku', 'zdarzenie', 'naciśnięcie_klawisza']
experiment	eksperyment	Match	['eksperymentów', 'eksperymentować', 'doświadczenie_losowe', 'experiment', 'badania_empiryczne', 'the_experiment', 'eksperymentu', 'doświadczenie', 'badania_interwencyjne', 'test', 'badanie_interwencyjne', 'eksperyment', 'eksperymentalnej_nauki', 'badanie_eksperymentalne', 'przeprowadzać_doświadczenie']
extremely	bardzo	Match	['bardzo', 'niezwykle', 'wyjątkowo', 'ekstremalnie', 'niezmiernie']
feeling	odczucie	Match	['wrażenia_dotykowe', 'odczucie', 'wrażenie', 'poczucie', 'intuicyjne_uczucie', 'doznanie', 'namacalne_odczucie', 'pojęcia', 'dotyk', 'uczucia', 'uczucie', 'czucie']
fight	walka	Match	['bitwa', 'walka', 'przewalanka', 'batalia', 'mordobicie', 'walcz', 'rozróba', 'konkurencyjność', 'szkolenie_bojowe', 'walczyć', 'rękoczyny', 'starcie', 'zaangażowanie', 'walka_zbrojna', 'bijatyka', 'nawalanka', 'walczący', 'bić_się', 'rozpierducha', 'zaangażowania_wojskowego', 'bójki', 'potyczek', 'rozróbka', 'łomotanina', 'bitka', 'bójka', 'konflikt', 'bój', 'walki', 'fight']
fish	ryby	Match	['ryby', 'fish', 'fluorescencyjna_hybrydyzacja_in_situ', 'derek_william_dick', 'łowić_ryby', 'rybki', 'ryby_jadalne', 'go_fish', 'zarybek', 'fish_food', 'anatomia_ryb', 'ryby_ryby', 'ryb', 'pterygiophore', 'pisces', 'fluorescencyjnej_hybrydyzacji_in_situ', 'ichtiofauny', 'ryba_konsumpcyjna', 'mięso_ryby', 'ryb_morskich', 'derek_dick', 'miękkiej_ray', 'ryby_konsumpcyjne', 'ryby_tabeli', 'narybek', 'narybku', 'ryba', 'phish', 'rybka', 'elver', 'fingerling']
flow	przepływ	Match	['hydrauliki', 'rapować', 'pójście', 'płynący', 'hydraulika', 'menstruacja', 'ciśnienia_hydraulicznego', 'rap', 'rapper', 'sieć_przepływowa', 'dynamika_płynów', 'sieci', 'raperów', 'krwawienie_miesiączkowe', 'fizyki_płynów', 'hydrodynamika', 'przepływy', 'strumyczek', 'cykl_jajnikowy', 'miesiączki', 'popłynięcie', 'mechaniki_płynów', 'mechanika_płynów', 'okres', 'grail', 'szybkość_przepływu', 'dynamiki_płynów', 'przepływ', 'young_money_entertainment', 'gravity_recovery_and_interior_laboratory', 'hydraulicznie', 'florent_mothe', 'flow', 'catamenia', 'period', 'emceeing', 'miesiączka', 'przepływu_objętościowego', 'artysta_rap', 'protorap', 'raper', 'sieci_przepływu', 'dynamicist_płyn', 'przepływu', 'mechanika_ośrodków_ciagłych', 'równanie_navierastokesa', 'hydromechanika', 'miesiączkować', 'strumień_objętości']
food	żywności	Match	['żywności', 'stały_pokarm', 'żywność', 'pokarm', 'składniki_odżywcze', 'jadło', 'produkt_spożywczy', 'substancje_odżywcze', 'food', 'składnik_odżywczy', 'strawa', 'pożywienie', 'kirby', 'intelektualnej_pokarm', 'makroskładników', 'substancja_odżywcza', 'do_myślenia', 'jedzenie', 'port_lotniczy_moanda', 'składnik_pokarmowy']
garbage	śmieci	Match	['odpady_z_gospodarstw_domowych', 'odrzuty', 'odpadów', 'śmieć', 'odpadów_komunalnych', 'odpad', 'śmieci', 'odpadów_stałych', 'odpady_metalowe', 'withering_to_death', 'odpady_komunalne', 'odpady_żywnościowe', 'odmawiać', 'odpadów_domowych', 'skrawki', 'odpady', 'odpadem', 'złom', 'złomu', 'marnować_sprawę', 'garbage', 'szrot']
gold	złoto	Match	['złote_medale', 'pozłocisty', 'sandhja', 'oprogramowanie_w_wersji_beta', 'certyfikaty_sprzedaży_w_przemyśle_muzycznym', 'wydanie', 'alpha_software', 'gold', 'bursztyn', 'złociutki', 'wersja_beta', 'wersja_alpha', 'wersja_stabilna', '(4955)_gold', 'złocisty', 'beta_tester', 'platynowej', 'wersji_beta', '4955_gold', 'barwa_bursztynowa', 'lode_złota', 'wersja_robocza', 'au', 'abba_gold_greatest_hits', 'prebeta', 'cyklu_życia_oprogramowania', 'złoto', 'wersja_rtm', 'wersja_release_candidate', 'złoty_medal', 'złota', 'wanna_one', 'złoty_rekord', 'liczba_atomowa_79', 'prealpha', 'the_island_years', 'alpha_testu', 'złotolity', 'złoty_medal_olimpijski', 'złoty_certyfikat', 'podwójnej_platyny', 'abba_gold', 'bobby_brown', 'release_candidate', 'the_heist', 'wersja_alfa', 'beta_test', 'złotolicy', 'platynową_płytę', 'wersji_oprogramowania_cyklu_życia', 'cykl_życia_programu', 'złoty', 'wersja_prebeta', 'bursztynowy', 'wersja_prealpha', 'złoty_medalista', 'barwa_złota', 'e175', 'potrójną_platyną', 'złotą_płytę', 'young_lust_the_aerosmith_anthology', 'anthology']
great	ogromne	Incorrect	['wielkość', 'majestatyczny', 'wielkości', 'fajno', 'i_wielkości', 'świetnie', 'fajnie', 'potężny', 'illustriousness', 'wybitność', 'wspaniale', 'świetne', 'super', 'wielki']
gun	kalibru	Incorrect	['strzelba', 'zastrzelić', 'wynajęty_morderca', 'pedału_gazu', 'rewolwerowiec', 'broń_strzelecka', 'zatrudniony_gun', 'hitman', 'małyarm', 'giwera', 'kowboje', 'broń_palna', 'gunfighting', 'broń_pirobalistyczna', 'conventional_weapons', 'gun', 'broni_palnej', 'pistolet_do_wynajęcia', 'smarownica', 'pedał_gazu', 'pistolet', 'działa', 'gaz', 'broń', 'heavy_weapon', 'akcelerator', 'broń_artyleryjska', 'louder_than_love', 'uderzył_mężczyznę', 'triggerman', 'smargun']
hair	włosy	Match	['włosów', 'hair', 'hairsszerokość', 'włochaty', 'katagen', 'ludzkich_włosów', 'sierść', 'włosy', 'włosiennica', 'włos']
help	pomóc	Match	['pomagier', 'wykorzystać', 'wsparcie', 'the_help', 'służyć', 'służba', 'ratunek', 'pomocnik', 'pomocy', 'pomocy_online', 'asystent', 'pomoże', 'pomóc', 'asystentem', 'pomoc_humanitarna', 'przyjść_z_pomocą', 'pomoc', 'pomocy_humanitarnej', 'sukurs', 'pomagać', 'służące', 'asystować', 'help']
hurting	obraża	Not found	[]
ignorance	ignorancji	Found close match: ['ignorancja', 'ignorance']	['niewiedza', 'ignorancja', 'nieświadomość', 'nieobeznanie', 'awidja', 'nieuctwo', 'nieznajomość', 'avidya', 'niewiedzy', 'ignorance']
illness	choroby	Match	['syndrom', 'schorzenie', 'schorzeniu', 'zachorowanie', 'przypadłość', 'patologia', 'choroba_umysłowa', 'niemoc', 'niedyspozycja', 'niedomaganie', 'chorobliwą', 'choroba_somatyczna', 'choroba', 'dolegliwość', 'choroby_somatyczne', 'chorób', 'unwellness', 'zachorowalność', 'choroby', 'niedomoga']
impress	zaimponować	Match	['zaimponować', 'gangi_prasowe', 'branka', 'imponować']
invention	wynalezienie	Match	['innowacji', 'nowatorstwo', 'wynalezienie', 'invent', 'wymyślanie', 'wynalazków', 'innowacja', 'wynalazku', 'wynalazców', 'inwencja', 'wynalazek', 'wynalazca', 'wynalazki']
investigation	śledztwo	Match	['naukowców', 'dochodzenie', 'badanie_naukowe', 'badania_naukowe', 'badania', 'dochodzenia', 'oryginalne_badania', 'metod_badawczych', 'śledztwo']
invisible	niewidzialne	Match	['holy_diver', 'elevate', 'invisible', 'niewidoczne', 'niepozorny', 'taylor_swift', 'sound_of_white_noise', 'niewidzialny', 'dream_evil', 'niewidzialna', 'niewidzialne', 'podłogi', 'niewidoczny', 'evilized']
job	pracę	Match	['problema', 'wstępny_zapaśnik', 'księga_ijoba', 'hiobowa_wieść', 'kłopot', 'księga_joba', 'praca', 'księga_hioba', 'umowy_o_pracę', 'sytuacja_trudna', 'zlecenie', 'pracodawców', 'do_zrobienia', 'pracowników', 'ijob', 'kontroli_pracy', 'zatrudnienia', 'zadanie_do_wykonania', 'zatrudniać', 'pracy', 'zatrudnienie', 'zajęcie', 'pracę', 'linii_pracy', 'zawód', 'personelu', 'zawodzie', 'zatrudnieni', 'działalność_komercyjna_i_zarobkowa', 'job', 'hiob', 'robota', 'wakat', 'problem', 'zadanie']
jungle	dżungli	Match	['natasha_sultana', 'tash_sultana', 'dżungla', 'dżungli', 'shine_a_little_love', 'obóz_hobo', 'oldschool_jungle', 'out_of_the_blue', 'dyskografia_pitbulla', 'jungle']
kindness	życzliwość	Match	['uprzejmość', 'dobroci', 'gołębie_serce', 'dobroć', 'forgivingness', 'dobrotliwość', 'dobro', 'życzliwość']
king	króla	Match	['monarchii', 'lider_biznesu', 'riley_b_king', 'reverend_horton_heat', 'suwerenny', 'wielki_biznesmen', 'władca', 'koronowany_głowę', 'potentat', 'dama', 'rex', 'damka', 'magnat', 'królewskości', 'magnat_biznesu', 'billie_jean_king', 'bb_king', 'lumber_baron', 'króla', 'kinga', 'światowej_trzepak', 'martin_luther_king', 'george_king', 'monarchia', 'billiejean_moffitt', 'monarchów', 'top_executive', 'magnatów', 'lider', 'magnaci', 'przemysłowiec', 'król', 'b_b_king', 'leader', 'billie_jean_moffitt_król', 'fabrykant', 'charles_bird_king', 'kingcom', 'billie_jean_moffitt', 'monarchistyczny', 'monarchizm', 'king_family', 'regnant', 'przemysłowców', 'king_ov_hell', 'king', 'monarcha', 'riley_king', 'detektyw_king', 'b_b_król', 'mężczyzna_monarcha', 'bonzo', 'przodownik', 'bonza', 'monarchy', 'magnateria', 'magnata']
lady	pani	Match	['stylu', 'virgin', 'forma_zwracania', 'madam', 'zakochany_kundel', 'najświętsza_panienka', 'tytuły_i_zwroty_honorowe', 'dama', 'maria_matka_jezusa', 'lady', 'maria', 'szlachcianka', 'tytuły', 'autokrator', 'matka_boża', 'jejmość', 'maryja_z_nazaretu', 'matka_boska', 'panie', 'błogosławiona_dziewica', 'styl', 'maria_z_nazaretu', 'zwrot_honorowy', 'święta_maria', 'zwrot_grzecznościowy', 'tytuł', 'pani', 'pani_wielkiego_rodu', 'mary', 'madonna', 'maryja', 'żona_para', 'the_lady', 'dame', 'maryja_panna', 'tytuł_szacunku']
land	grunty	Match	['feudalne_domeny', 'gospodarzenie_się', 'edwin_herbert_teren', 'meksykańskim_stanie', 'realty', 'rynku_nieruchomości', 'rzecz_nieruchoma', 'nacja', 'lądować', 'społeczeństwa_politycznego', 'ląd', 'nieruchomy', 'gleba', 'kraina', 'posiadłość', 'nawa_państwowa', 'państwa', 'narodu', 'deklaratywnej_teorii_państwowości', 'państwo', 'wylądował_właściciel', 'stały_grunt', 'firma_terra', 'strony', 'land', 'sferze', 'kraj', 'kraje_związkowe_niemiec', 'suchy_ląd', 'dominium', 'branży_nieruchomości', 'stan', 'nieruchomość_gruntowa', 'akrów', 'naród', 'podział_administracyjny_meksyku', 'ziemi', 'wylądował_właściciela', 'grunty', 'zaścianek', 'majątek_nieruchomy', 'rodzaje_państw_kapitalistycznych', 'kraj_związkowy', 'terytorium', 'gospodarzenie', 'ha', 'ciało_polityczne', 'nieruchomość', 'prawa_nieruchomości', 'działce', 'państwo_niepodległe', 'landy_w_niemczech', 'ziemia', 'gospodarowanie', 'grunt', 'res_publica', 'suwerennych_państw', 'majątek_ziemski', 'rządowych', 'okolica', 'narodów', 'własności_ziemskiej', 'posiadłości', 'teren', 'lądowy', 'domena', 'nieruchomości', 'prowincja', 'krajobraz', 'ziemia_jako_czynnik_produkcji', 'din_teren', 'kraju']
laugh	śmiech	Match	['śmiać_się', 'śmiechu', 'śmiech', 'żartem', 'żartobliwy', 'dowcipy', 'żartować', 'dowcip', 'kawał', 'żart']
law	prawa	Match	['m72_law', 'nauki_penalne', 'prawa_fizyczne', 'prawo_natury', 'prawo_fizyki', 'siły_bezpieczeństwa', 'ochroną_policji', 'usług_prawnych', 'prawo_kościelne', 'prawnej_batalii', 'prawa_fizyki', 'policja', 'stanowienia_prawa', 'ustawa', 'prawo_pisane', 'prawo_teoretyczne', 'prawa_kanonicznego', 'prawo', 'prawoznawstwo', 'zasada_stworzona_przez_człowieka', 'ustawodawstwo', 'prawnik_kanonicznego', 'prawa_naturalnego', 'doktryna_prawa', 'prawodawstwo', 'kanon', 'studiów_prawniczych', 'prawo_empiryczne', 'porządek_prawny', 'nauka_prawa', 'jurysprudencja', 'praktyka_prawa', 'profesor_prawa', 'prawnictwo', 'dundee_law', 'prawa_kościelnego', 'współstanowienie', 'policjant', 'teorii_prawa', 'prawo_kanoniczne', 'filozofii_prawa', 'praktykę_prawa', 'prawo_fizyczne', 'port_lotniczy_lawtonfort_sill', 'police_department', 'legislacja', 'zbrojnego_policji', 'prawnik', 'policji', 'stanowienie', 'prawo_naturalne', 'postępowanie_legislacyjne', 'proces_ustawodawczy', 'proces_legislacyjny', 'prawa', 'nauki_prawne', 'student_prawa', 'prawa_stanowionego', 'earthling', 'granatnik_m72_law', 'sił_policyjnych']
left	pozostał	Incorrect	['lewa_opozycja', 'lewicy', 'kolektywizmu', 'lewy', 'lewoskręt', 'norweska_partia_liberalna', 'liberalna_partia_danii', 'lewo', 'lewicowości', 'lewa_ręka', 'lewicowców', 'lewicowy', 'lewica', 'lewicowość', 'lewe_skrzydło', 'venstre', 'względny_kierunek', 'lewicowa_opozycja', 'republikańska_lewica_katalonii', 'nowerska_partia_liberalna', 'esquerra_republicana_de_catalunya', 'lewa', 'lewicowiec']
level	poziomie	Match	['płaski', 'sort', 'warstwa', 'stopień_zaawansowania', 'poziom_doświadczenia', 'poziomica', 'stopień', 'piętro', 'poziomnica', 'libella', 'zburzyć', 'adema', 'waserwaga', 'równy', 'punkty_doświadczenia', 'poziomej_powierzchni', 'poziom', 'mark_anthony_chavez', 'kategoria', 'poziomie', 'wyrównać', 'poziomu_pęcherzyków', 'etapie', 'poziomy', 'grad_ewolucyjny', 'klasa', 'piętrze', 'pułap', 'mark_chavez', 'kondygnacja', 'gładki', 'punkt_doświadczenia', 'kondygnacji', 'zaawansowanie', 'level', 'podłogi_numeracji', 'punktu', 'levél', 'suterena', 'stopnia', 'poziomu', 'punkt', 'poziomica_wężowa', 'piętrowy', 'poziom_gry', 'libela']
liar	idiotą	Incorrect	['so_far_so_good_so_what', 'louder_now', 'glory', 'lira', 'łgarz', 'liry', 'kłamstwa', 'liar', 'kłamca', 'in_my_darkest_hour', 'republic']
light	światło	Match	['team17_software', 'lampa', 'lampa_elektryczna', 'okno', 'światłość', 'pulchny', 'zapalniczka', 'luminacja', 'rozpalić', 'światła_widzialnego', 'odbicie_światła', 'zapalarka', 'źródła_światła', 'źródło_światła', 'team_17', 'iskra', 'inner_light', 'team_17_software', 'lubieżny', 'ogień', 'światło_widzialne', 'team17', 'nietrudny', 'luminancja', 'promieniowanie_widzialne', 'iskierka', 'zapalać', 'jasność', 'zapalić', 'światła', 'światło', 'zapalniczki', 'lampa_oświetleniowe', 'air', 'luminancji', 'poziom_jasności', 'światła_w', 'łatwostrawny', 'lekkostrawny', 'promieniowanie_optyczne', 'chrystusa_w', 'łatwy', 'oświetlenie', 'zapalnikiem', 'iluminować', 'słoneczność', 'świetle', 'odinstalować', 'luminousness', 'wewnętrzne_światło', 'lekki', 'świetlik', 'chudy', 'light', 'light_yagami', 'nietłusty', 'oświetlać', 'jasny', 'lekkie', 'lampy', 'rozwiązły', 'lekka', 'inicjatora_pirotechnicznego', 'rozpustny']
magic	czarodziejskie	Incorrect	['mbda_magic', 'alagaesii', 'taumaturgii', 'magic', 'magii', 'kiri_te_kanawa', 'obieżysfera', 'make_a_scene', 'wyczarować_sztuczkę', 'axel_rudi_pell', 'leandro_marín', 'lustro_weneckie', 'czar', 'trick', 'trans', 'animagus', 'artefakt', 'oktaryna', 'magiczna_sztuczka', 'octarine', 'cudotwórca', 'szczypta_magii', 'te_kanawa', 'trik', 'driving_rain', 'lustro_fenickie', 'secret_time', 'matra_magic', 'magiczne', 'magia_w_świecie_harryego_pottera', 'dziedzictwo', 'świat_dysku', 'dame_kiri_te_kanawa', 'sztuka_iluzji', 'czary', 'r550_magic', 'wonderworking', 'parseltongue', 'octiron', 'thaumaturgic', 'justin_the_mix', 'matra_r550_magic', 'take_me_home', 'kuglarstwo', 'sztuczka', 'oklumencji', 'justin_timberlake', 'lustro_półprzepuszczalne', 'pluto', 'magic_the_gathering', 'iluzjonistów', 'magija', 'magia', 'urok', 'dame_kiri_te_kanawa_janette']
marriage	małżeństwa	Match	['węzeł_małżeński', 'nieważności', 'małżonkowie', 'rocznice_małżeńskie', 'poślubić', 'stadło', 'zaślubin', 'gody', 'państwo', 'wesela', 'nicestwo', 'ślub', 'ożenek', 'hymeneals', 'sojusz', 'związek_małżeński', 'wesele', 'związek', 'ślub_cywilny', 'siunjata', 'małżeństwo', 'małżeńskie_stadło', 'nicość', 'zamążpójście', 'mąż_i_żona', 'żeniaczka', 'ceremonia_ślubna', 'nihility', 'małżeństwa', 'panna_młoda', 'małżeństwo_w_katolicyzmie', 'unia', 'oblubieńczej_relacji', 'mariaż', 'ceremonii_ślubnej']
material	materiale	Found close match: ['materialny', 'materiał', 'materializm']	['substancjalny', 'tekstyle', 'substancjonalny', 'surowiec', 'tworzywo', 'tekstylia', 'fizykalizm', 'materiału', 'tkanin', 'włókienniczy', 'materialny', 'materiały', 'materializm', 'tkaniny', 'materialistów', 'materiał', 'fizykalizmu', 'tkanina', 'rzeczy']
mathematical	matematyczne	Match	['matematyki', 'matematyczny', 'matematyce', 'matematycznie', 'matematyka', 'math', 'matematyczne']
mechanism	mechanizm	Match	['machinery_records', 'mechanizmy_reakcji_chemicznych', 'urządzenie', 'mechanizmu', 'narzędzie', 'ruch', 'maszyna', 'maszyneria', 'mechanizm', 'mechanizm_reakcji_chemicznej', 'mechanizm_chemiczny', 'mechanizmy', 'maszyny', 'werk', 'maszyn', 'mechanizm_reakcji']
medication	leczenie	Found close match: ['leczniczy_lek']	['leków', 'medycyna', 'lekarstwo', 'apteczny', 'blockbuster_narkotyków', 'medykament', 'farmaceutyki', 'version_20', 'lekarstwa', 'farmaceutyk', 'specyfik', 'leków_farmaceutycznych', 'lek', 'leczniczy_lek', 'leki', 'remedium', 'produkt_leczniczy', 'rescue', 'farmaceutyczny']
money	pieniądze	Match	['history_past_present_and_future_book_i', 'history', 'pieniędzy', 'kasy', 'pieniądz', 'pieniądz_zdawkowy', 'społeczne_funkcje_pieniądza', 'money', 'dutki', 'the_sound_of_girls_aloud', 'pieniężne', 'pieniądze', 'me_i_am_mariah_the_elusive_chanteuse', 'zapłata', 'kasa', 'the_art_of_letting_go']
mountain	górskie	Found close match: ['górski']	['good_deal', 'armia', 'obrót', 'tabun', 'passel', 'sporo', 'bardzo_mało', 'muckle', 'partia', 'schludny_suma', 'mickle', 'legion', 'dużo', 'wiele', 'górski', '482', 'sahtu', 'zastęp', 'teren_górzysty', 'mountain', 'góry', 'góra']
movement	ruch	Match	['movement', 'wypróżnienie', 'odchodów', 'tłum', 'krucjata', 'movement_ep', 'ruch_społeczny', 'opróżnienie', 'gówno', 'she_wolf', 'sranie', 'gówno_łajno', 'ruchów_społecznych', 'ciżba', 'wypróżnianie', 'front', 'kału', 'ruchu', 'defekacja', 'pozorny_ruch', 'ruch_artystyczny', 'przemieszczanie', 'zjawisko_fi', 'przemieszczenie', 'werk', 'kierunek_w_sztuce', 'ruchów_artystycznych', 'ruch_sztuki', 'łajno', 'ruchu_społecznego', 'ruszenie', 'wypróżnienia', 'ruchy_społeczne', 'defekacji', 'fekalia', 'poruszenie', 'aktywności_ruchowej', 'zastęp', 'prąd_w_sztuce', 'odchody', 'ordure', 'the_pillows', 'kał', 'ruch_filozoficzny', 'ekskrementy', 'ruch', 'wypróżnień', 'lokomocji_zwierząt', 'stolec', 'ruchliwość']
movie	film	Match	['motionpicture_pokaż', 'ruchomy_obraz', 'ruchomym_obrazie', 'motion_picture', 'fullmotion_video', 'pokaż_zdjęcie', 'movingpokaz_zdjęć', 'film', 'latawce', 'fmv', 'dużym_ekranie', 'motionpicture', 'film_pełnometrażowy', 'full_motion_video', 'kites', 'filmów', 'filmu', 'obraz']
music	muzyki	Match	['muzyka', 'the_music', 'eufonia', 'music', 'country_rock', 'muzyka_prehistoryczna', 'muzyki']
nation	narodu	Match	['meksykańskim_stanie', 'nacja', 'społeczeństwa_politycznego', 'discworld', 'nawa_państwowa', 'narodu', 'deklaratywnej_teorii_państwowości', 'państwo', 'kraj', 'kraje_związkowe_niemiec', 'stan', 'naród', 'podział_administracyjny_meksyku', 'zaścianek', 'rodzaje_państw_kapitalistycznych', 'apollo_crews', 'kraj_związkowy', 'carry_nation', 'świat_dysku', 'carry_nation_amelia_moore', 'ciało_polityczne', 'carrie_nation', 'dorfl', 'państwo_niepodległe', 'landy_w_niemczech', 'ziemia', 'kendrick_lamar', 'res_publica', 'suwerennych_państw', 'nation', 'rządowych', 'narodów', 'teren', 'prowincja', 'państwa', 'kraju']
news	news	Match	['aktualności', 'program_informacyjny', 'wiadomość', 'bieżących_wydarzeń', 'nowości', 'pokaż_wiadomości', 'słowo', 'wieści', 'reportażu', 'wiadomości', 'news', 'wartości_informacyjnej']
noise	hałas	Match	['rozchodzenie_się_dźwięku', 'zakłóceń', 'dźwięki_słyszalne', 'fali_akustycznej', 'fale_akustyczne', 'szum', 'przeszkody_atmosferyczne', 'losowość', 'hałasu', 'szumów', 'elementary_os', 'zakłócenia_obrazu', 'cmb', 'stochasticity', 'hałasu_przemysłowego', 'niejednorodności_promieniowania_tła', 'fala_dźwiękowa', 'kosmicznego_promieniowania_tła', 'hałas', 'zakłóceń_radiowych', 'fali_dźwiękowej', 'mikrofalowego_promieniowania_tła', 'promieniowanie_tła', 'zagrożenie_hałasem', 'mikrofalowe_promieniowanie_tła', 'noise', 'kosmiczne_promieniowanie_tła', 'fale_dźwiękowe', 'promieniowanie_reliktowe', 'promieniowanie_szczątkowe', 'promieniowanie_reklitowe', 'atmospheric_statyczne', 'zanieczyszczenie_dźwięk', 'eos', 'haphazardness', 'szumy', 'fala_akustyczna', 'cbr', 'fale_sprężyste', 'szum_akustyczny', 'cmbr', 'hałasy', 'dźwięk', 'fonia']
obligation	obowiązek	Match	['obowiązku', 'zobowiązania', 'odpowiedzialność_moralna', 'odpowiedzialność', 'dług', 'zobowiązanie', 'obligacji', 'przyrzeczenie', 'prawa_zobowiązań', 'obowiązek', 'zapewnienie', 'prawo_zobowiązań', 'powinność', 'ciężar', 'instrument_dłużny', 'świadectwo_zadłużenia', 'obietnica']
pain	ból	Match	['nocycepcja', 'bóle', 'ból', 'nad_obręczą', 'pain', 'king_of_da_ghetto', 'bolesne_uczucie', 'utrapienie', 'rani', 'czucie_bólu', 'forever', 'ból_w_dupie', 'cierpienie', 'utrapieniec', 'bólu', 'bolesność', 'games_pain']
personality	osobowość	Match	['istność', 'personality', 'jestestwo', 'indywidualność', 'teorie_osobowości', 'ja', 'jaźń', 'osobowości', 'osobowość', 'istota', 'postać']
philosophy	filozofii	Match	['filozof', 'filozofia', 'system_filozoficzny', 'doktryna', 'szkoła_naukowa', 'filozofii', 'izm', 'doktryny', 'doktryna_polityczna', 'szkoły', 'szkoła_myślenia', 'system_poglądów']
picture	zdjęcie	Match	['wzornictwo', 'pokaż_zdjęcie', 'zobaczyć', 'zdjęcie', 'awatar', 'film', 'cobol', 'obrazek', 'motionpicture', 'filmów', 'zdjęcie_fotografia', 'obraz', 'egzemplifikacja', 'animagus', 'motionpicture_pokaż', 'przestawiać', 'ruchomym_obrazie', 'wideo', 'rysunek', 'ilustrator', 'malarz', 'mentalny_obraz', 'grafika', 'obrazu', 'odmalować', 'fotka', 'wyobrażeń', 'magia_w_świecie_harryego_pottera', 'motion_picture', 'malarka', 'malowidło', 'obrazem', 'zdjęcia', 'movingpokaz_zdjęć', 'obrazowanie', 'słowoobraz', 'parseltongue', 'obraz_słowo', 'malarstwa_klasycznego', 'malarzy', 'rysownik', 'obraz_fotograficzny', 'kiss', 'zdjecie', 'ruchomy_obraz', 'fotografia', 'malarstwo', 'oklumencji', 'ilustracja', 'ilustracji', 'elementy_graficzne', 'wordmalarstwo', 'książek_ilustrowanych', 'dużym_ekranie', 'awatara', 'rycina', 'film_pełnometrażowy', 'zdjęcie_fotograficzne']
pig	pies	Match	['pies', 'klasa_iii', 'nierogacizna', 'paskuda', 'sus', 'glina', 'klasa_i', 'prosić_się', 'trzoda_chlewna', 'siać', 'zhu_wuneng', 'dzik_europejski', 'świnia', 'świnina', 'plucha', 'flejtuch', 'fleja', 'klasa_ii_b', 'scrofa', 'pożreć', 'tłoków', 'prosiaka', 'gliniarz', 'świnia_domowa', 'zgniłek', 'niechlujnie_osoba', 'pożerać', 'conjoiner', 'shoat', 'maciora', 'fv1612_pig', 'pig', 'klasa_iv', 'policjant', 'shote', 'knur', 'conjoiners', 'prosiak', 'łóżko_świnia', 'zhu_bajie', 'prosię', 'humber_pig', 'dzik_euroazjatycki', 'świntuch', 'świnka', 'sus_scrofa', 'sus_scrofa_domestica', 'wieprz', 'sus_domestica', 'dzik', 'niski_grubas', 'wieprzowina', 'klasa_ii_a', 'locha', 'prosiątko', 'wskaźnik_inspekcji_rurociągu', 'fv1611_pig', 'mięso_wieprzowe', 'porc', 'dziki_wieprz', 'czarny_zwierz']
plan	plan	Match	['plan_architektoniczny', 'zarządzania_programem', 'planu', 'marynarka_wojenna_chińskiej_armii_ludowowyzwoleńczej', 'plan', 'zaplanować', 'planować', 'series_1900', 'programu', 'zhōngguó_rénmín_jiěfàngjūn_hǎijūn', 'program', 'icl_1900', 'flota_chin', 'kierownik_programu']
plant	rośliny	Match	['floras', 'rośliny', 'flor', 'plantae', 'pole_d', 'zakład', 'linii_montażowej', 'trigun', 'linii_produkcyjnej', 'roślinność', 'taśma_produkcyjna', 'fabryki', 'lista_pojęć_związanych_z_wrestlingiem', 'słup', 'toraigan', 'linia_produkcyjna', 'zabudowa_przemysłowa', 'naganiacz', 'vegetabilia', 'factorij', 'linia_montażowa', 'taśma_montażowa', 'strefa_d', 'życie_roślin', 'nitka_produkcyjna', 'fabryka', 'roślin', 'archaeplastida', 'faktoria', 'flory', 'feitoria', 'zakład_przemysłowy', 'zakładów_produkcyjnych', 'plant', 'podbijania', 'roślina_zielna', 'flora', 'ustanowić', 'gatunki_roslin', 'zakład_produkcyjny', 'roślina', 'gatunków_roślin']
play	zagrać	Found close match: ['zagraj', 'grać', 'gra']	['play', 'android_market', 'zakłady', 'dokazywanie', 'dramaturg', 'play_na_kartę', 'występować', 'hazard', 'stageplay', 'gra_hazardowa', 'zakładać_się', 'nadchodzi4', 'migotać', 'psoty', 'patologiczny_hazard', 'gry', 'dramatopisarz', 'google_play_store', 'wolną_rękę', 'play_mobile', 'gra', 'play_fresh', 'google_music', 'google_play', 'google_muzyka', 'przynieść', 'zabawa', 'odgrywać', 'gry_hazardowe', 'grając_okres', 'grać', 'jazdy', 'pl_06', 'figle', 'harce', 'okres_gry', 'play_online_na_kartę', 'dramat', 'postawić', 'luz', 'swawola', 'brykać', 'baraszkować', 'play_store', 'szermierka', 'sztuka', 'play_online', 'manewr', 'zagraj', 'sztuka_teatralna', 'graj', 'teatralnej', 'sceny_dramatyczne', 'dramatyczna_gra', 'bawić_się', 'uruchomić']
pleasure	przyjemności	Match	['przyjemność', 'sondre_lerche', 'uciecha', 'semisonic', 'zachwyt', 'radość', 'rozkosz', 'przyjemności', 'frajda', 'pleasure_p']
poor	niedostatecznej	Found close match: ['niedostatek']	['wskaźnik_ubóstwa', 'głębokość_ubóstwa', 'ubogi', 'mortus', 'luka_dochodowa', 'niezamożność', 'niedostatek', 'zubożenie', 'biedne', 'ślub_ubóstwa', 'nędzarzy', 'biedni_ludzie', 'dobrowolnego_ubóstwa', 'ubóstwo', 'mizerny', 'biedna', 'nędzny', 'biedny', 'biedak', 'ubóstwa', 'bieda']
prison	więzienia	Match	['ubogi', 'tom_robinson', 'więzieniach', 'zakład_karny', 'medium_bezpieczeństwo', 'uwięziony', 'poprawczych_instytucji', 'areszt', 'więzieniu', 'więzienia', 'więzienie', 'ciasny', 'jailhouse', 'uwięzić']
professional	profesjonalny	Match	['wyszkolony', 'zawodowe', 'fachowy', 'specjalistów', 'kompetentny', 'wolny_zawód', 'profesjonalnie', 'kiss_land', 'mistrz', 'zawodowych', 'zawodowy', 'wyczynowiec', 'profesjonalna', 'profesjonalny', 'specjalistyczny', 'profesjonał', 'profesjonalne', 'profesjonalista', 'ekspertów', 'zawodowiec', 'kwalifikowany', 'zawodowe_osób', 'ekspert', 'zawodowych_sportowców', 'sport_zawodowy', 'wykwalifikowany', 'profesjonalizmu', 'o_profesjonalnym_wyglądzie']
protection	ochrona	Match	['protection', 'ochrony', 'schronienie', 'ochrona', 'pole_siłowe', 'osłona', 'bezpieczeństwo', 'obrona', 'auspicje', 'egida', 'asekuracja', 'bezpieczeństwa', 'haracz', 'ochrona_handlu']
quality	jakość	Match	['standard_życia', 'doborowy', 'timbral', 'cecha', 'charakter', 'tembr', 'timbre', 'przymiot', 'barwa_dźwięku', 'jakości', 'poziom_życia', 'dźwięk', 'wyborowy', 'barwę', 'barwy', 'quality', 'jakość']
reaction	reakcja	Match	['reakcja', 'reakcję_chemiczną', 'reakcji', 'reakcje', 'reakcja_oderwania', 'reaction', 'przemiana_chemiczna', 'reakcji_chemicznych', 'reakcja_chemiczna', 'odzew', 'reakcje_chemiczne', 'reakcja_prosta', 'reakcyjność', 'chemicznie', 'reagowanie']
read	przeczytać	Match	['przeczytać', 'czytanie', 'lektura', 'czytać', 'czytania', 'oddawanie_się_lekturze', 'read', 'uczyć_się', 'uczyć', 'czytaj', 'studiować', 'przeczytaj']
relationship	relacje	Match	['znajomy', 'stryjek', 'związek_rodzinny', 'pokrewieństwa_i_pochodzenia', 'bratowa', 'zięć', 'dziadkowie', 'świekier', 'związku', 'połączenie', 'grupy_zniżania', 'długoterminowych_relacji', 'system_pokrewieństwa', 'teść', 'pokrewieństwa', 'kuzynka', 'relacje_interpersonalne', 'członkowie_rodziny', 'związek_interpersonalny', 'szwagier', 'świekr', 'synowa', 'krewny', 'ludzka_relacja', 'stosunki', 'związek', 'wnuk', 'bratanica', 'świekra', 'nazwy_członków_rodziny', 'relacji_międzyludzkich', 'kuzyn', 'szwagierka', 'bratanek', 'szwagrowa', 'znajomość', 'powiązanie', 'relacji', 'stosunek', 'relacja_rodzinna', 'relacja', 'wnuczka', 'relacje', 'acquaintanceship', 'towarzystwa', 'relacja_genealogiczna']
religious	religijne	Match	['zakonnik', 'religijne', 'religijny', 'religijna', 'bogobojny', 'religia', 'pietystyczny', 'duchowny', 'religijnych']
residence	mieszkanie	Match	['życie', 'mieszkania', 'siedlisko', 'mieszkanka', 'mieszkańca', 'habitant', 'rezydencji', 'lokum', 'mieszkańców', 'chałupa', 'dach_nad_głową', 'rezydencja', 'domu', 'domostwo', 'dom_mieszkalny', 'dwór', 'dach', 'dom', 'miejsce_zamieszkania', 'rezydent', 'prywatnej_rezydencji', 'mieszkaniec', 'budynek_mieszkalny', 'własny_kąt', 'residencia', 'chata', 'miejsce', 'siedziba', 'zamieszkania', 'kąt', 'mieszkań', 'sadyba', 'mieszkanie']
road	droga	Match	['the_road', 'ruch_obywatelski_akcja_demokratyczna', 'groble', 'drodze', 'drogowy', 'droga', 'road', 'droga_samochodowa', 'away_game', 'drogi', 'budowy_dróg', 'gra_droga', 'new', 'wyjazdowym_meczu']
sad	smutno	Match	['smutek', 'depresja_sezonowa', 'smutno', 'smutne', 'smutny', 'lost_dogs', 'cadi', 'smutna', 'sadhe', 'choroba_afektywna_sezonowa', 'sezonowe_zaburzenia_afektywne', 'smęt', 'depresja_zimowa', 'sezonowe_zaburzenie_nastroju', 'depresja_jesienna']
science	naukoznawstwa	Incorrect	['umiejętności', 'dyscyplina_naukowa', 'nauki', 'discovery_science', 'głównego_nurtu_nauki', 'dyscypliny_naukowej', 'science_channel', 'nauka', 'science', 'discovery_scitrek']
seafood	mięs	Not found	[]
sell	sprzedać	Match	['lista_pojęć_związanych_z_wrestlingiem', 'sprzedać', 'handlu', 'zdradzić', 'sprzedawać', 'wydać', 'handelek', 'handel', 'handlu_morskiego', 'sell']
sew	bieliznę	Not found	[]
sexy	sexy	Match	['sexy', 'elephunk', 'seksowny', 'zmysłowy']
shape	kształt	Match	['forma_muzyczna', 'sylwetka', 'formy_muzycznej', 'formacji_wm', 'naczelnego_dowódcy_w_europie', 'postać', 'modelować', 'formować', 'kształtu', 'kształtować', 'ciała', 'prymityw', 'wzór', 'wzorzec_projektowy', 'ciało_ludzkie', 'określić', 'wygląd', 'ciało_fizyczne', 'figura', 'forma', 'definicja', 'supreme_headquarters_allied_powers_europe', 'wzorzec', 'bod', 'mourvèdre', 'ciało_człowieka', '433', 'shape', 'kondycja', 'fizjologii_człowieka', 'anatomii_człowieka', 'pigmentacji_skóry', 'fizjologia_człowieka', 'ludzkie_ciało', 'kształt', 'soma', 'prymitywne', 'materialne_ciało']
ship	skipet	Incorrect	['wysłać', 'okręt', 'statków', 'statek', 'jednokadłubowiec', 'statkiem', 'statku', 'statek_wodny']
show	show	Match	['zakłady', 'hazard', 'gra_hazardowa', 'wyrazić', 'show', 'patologiczny_hazard', 'świadczyć', 'przestawiać', 'pokaż', 'wykazać', 'pokaz', 'zaświadczać', 'odmalować', 'udowadniać', 'pokazu', 'popis', 'gry_hazardowe', 'festynach', 'zeznawać', 'pokazywać', 'udowodnić', 'ustalić', 'koncert', 'dowodzić', 'pokazać', 'county_fair']
sign	znak	Match	['planetarny_dom', 'brown_eyed_girls', 'semiotyki', 'przepowiednia', 'semiotycznej', 'semiologia', 'elektroujemny', 'semiotyka', 'znak_matematyczny', 'znak', 'omen', 'domu', 'sygnalizacja_telekomunikacyjna', 'auspicjami', 'elektroujemność', 'podpisane', 'auspicjum', 'preindication', 'wróżba', 'skala_allreda', 'podpisz', 'semiologii', 'signage', 'pismo_ideograficzne', 'symbol_graficzny', 'elektroujemności', 'wróżbą', 'auspicja', 'symbol_matematyczny', 'sygnał', 'skala_paulinga', 'elektronegatywność', 'skala_mullikena', 'obraz_kliniczny', 'sygnalizacja', 'outofband_sygnalizacji', 'elektrododatnich', 'zwiastun', 'grafemy', 'podpisać', 'znak_zodiaku', 'oznaka', 'nieujemne', 'cecha', 'szyld', 'auspicia', 'przeczucie', 'mig', 'znak_językowy', 'grafem']
silly	głupie	Match	['głuptasek', 'głuptaś', 'głupie', 'głupota', 'silly', 'niemądry', 'nieinteligentny', 'głupstwo', 'tępogłowy', 'głupi', 'bezrozumny', 'nonsensicality', 'nierozumny', 'bezsensowne', 'hokum', 'głupi_durny_tępy_tępogłowy_zakuty_durnowaty', 'brednia', 'tępy', 'bezsens', 'bzdura', 'androny', 'głuptas', 'banialuka', 'nonsens', 'austriackie_gadanie']
sin	grzechu	Match	['języku_sinhala', 'sin', 'grzeszyć', 'syngalezka', 'zgrzeszyć', 'port_lotniczy_singapurchangi', 'język_syngaleski', 'sinhala', 'port_lotniczy_changi', 'grzeszność', 'grzech', 'grzesznik', 'suen', 'przewina', 'grzeszne', 'nanna', 'grzech_uczynkowy', 'syngalez', 'singapore_changi_airport', 'syngaleski_język', 'grzechy', 'występek', 'shin', 'grzechem', 'funkcji_sinus', 'sinus', 'grzechu', 'lotnisko_changi']
skin	skóry	Match	['day_for_night', 'odkorowanie', 'skinnable', 'almost_human', 'ray_of_light', 'płytka', 'skóra', 'płytka_drukowana', 'dodatek', 'deborah_dyer', 'skin', 'obwód_drukowany', 'dom_obłąkanych', 'addon', 'the_world_of_skin', 'karta_układ', 'skórę', 'blender', 'komórek_skóry', 'skórka', 'kompozycja', 'szpital_psychiatryczny', 'skóry', 'cutis', 'okorowanie', 'łusek', 'deborah_anne_dyer', 'wariatów', 'dom_wariatów', 'płytka_obwodu_drukowanego', 'wariatkowo', 'skórki', 'karta', 'psychiatrycznym', 'r_kelly', 'australijskich_aborygenów_pokrewieństwa', 'budowa_skóry', 'wtyczka', 'robert_sylvester_kelly', 'plugin', 'psychicznego_domu', 'nakrywka']
smart	inteligentne	Match	['lista_pojęć_związanych_z_wrestlingiem', 'lotny', 'mądry', 'smart', 'elegancki', 'bezczelny', 'pojętny', 'pieczenie', 'inteligencja', 'inteligencji', 'mądra', 'inteligentny', 'inteligentne', 'zuchwały', 'technologia_smart', 'mądrze']
smiling	uśmiechnięty	Found close match: ['uśmiechnięte', 'uśmiechnięta', 'uśmiech']	['uśmiechając', 'uśmiechnięta', 'szeroki_uśmiech', 'uśmiech', 'uśmiechnięte']
solution	rozwiązanie	Match	['rozwiązywanie_równań', 'roztworu', 'roztwór', 'wynik', 'rozwiązywania_problemów', 'rozwiązania', 'mieszaniny_jednorodne', 'mieszanina_jednorodna', 'odpowiedź', 'rozwiązanie', 'solution']
soul	soul	Match	['śmiertelny', 'persona', 'wele', 'jednostka', 'śmiertelniczka', 'istota_ludzka', 'wela', 'serce', 'ktoś', 'osoba_fizyczna', 'przedmiot_jednostkowy', 'soul', 'dusze', 'osoba', 'psychika', 'indywiduum', 'dusza', 'istota_rozumna', 'człowiek', 'psyche', 'aiúa', 'śmiertelnik', 'nieśmiertelnej_duszy', 'duch', 'duszę', 'duszy', 'duchowość', 'nerwy', 'uduchowienie']
sound	dźwięk	Match	['dźwięki_słyszalne', 'rozchodzenie_się_dźwięku', 'słuchowe_wrażenie', 'fali_akustycznej', 'fale_akustyczne', 'telefon', 'barwa', 'głoski', 'cieśnina', 'głos', 'fala_dźwiękowa', 'dźwięki', 'sound', 'fali_dźwiękowej', 'zasadny', 'ton', 'brzmienie', 'tecnocumbia', 'fale_dźwiękowe', 'dźwięku', 'dźwięk_mowy', 'uzasadniony', 'odgłos', 'sensowny', 'głoska', 'moralny', 'fala_akustyczna', 'fale_sprężyste', 'dźwięk', 'fonia']
spoke	mówił	Not found	[]
star	gwiazda	Match	['gwiazdy', 'gwiazdka', 'czarodziej', 'sławną_osobą', 'estelle', 'tarball', 'mavin', 'sława', 'ilean_almaguer', 'asterysk', '★', 'star_tv', 'headliner', 'wymiatacz', 'celebryci', 'sieci_star', 'adept', 'mullet', 'superstar', 'targz', 'gwiazda', 'maven', 'gwiazda_filmowa', 'air', 'celebrytka', 'najwybitniejszej_aktorki', 'celebryt', 'gwiezdne', 'pięciogwiazdkowy_hotel', 'osobowość_telewizyjna', 'wielokąt_gwiaździsty', 'topologii_gwiazdy', 'star', 'topologia_gwiazd', 'popstar', 'xerox_star', 'the_rise_and_fall_of_ziggy_stardust_and_the_spiders_from_mars', 'hotshot', 'pierwsza_gwiazdka', 'gwiazd', 'macierz_bcg', 'świst', 'gwiazd_filmowych', 'celebrities', 'celebryta', 'topologia_gwiazdy', 'estelle_swaray', 'tar']
student	studentów	Match	['uczony', 'scholar', 'księgarz', 'uczennica', 'księgarzy', 'księgarskiej', 'uczeń', 'księgarni', 'studentów', 'studentka', 'uczony_człowiek', 'żak', 'księgarnia', 'studenci', 'educatee', 'christ_church_w_oksfordzie', 'christ_church', 'student', 'william_sealy_gosset', 'uczonych']
stupid	głupi	Match	['okład_wilgotny_z_lekiem', 'głupoty', 'głupota', 'pillock', 'głupie', 'półgłupek', 'ograniczenie', 'kretyn', 'ravensymone', 'bezmózg', 'nudziarz', 'niemądry', 'pustogłów', 'nieinteligentny', 'tępogłowy', 'głupi', 'barania_łąka', 'tępak', 'ptasi_móżdżek', 'idiotyzm', 'przygłup', 'dureń', 'słaba_ryba', 'bezmózgowiec', 'półgłówek', 'puddenhead', 'kurzy_móżdżek', 'baran', 'pustak', 'głupi_durny_tępy_tępogłowy_zakuty_durnowaty', 'ciemniak', 'głupek', 'tępy', 'głąb_kapuściany', 'kretynizm', 'ćwok', 'bałwan', 'tępota', 'głowa_budyń', 'idiota', 'głupi_człowiek']
successful	sukcesem	Incorrect	['successful', 'udanych', 'udana', 'udany', 'udane']
sugar	cukru	Match	['kieszeń', 'rafinowany_cukier', 'sugar', 'cukrowce', 'glassheart', 'simoleons', 'węglowodan', 'dinero', 'cukier_spożywczy', 'szekli', 'słodzić', 'moolah', 'gelt', 'poziom_cukru', 'posłodzić', 'cukier', 'węglowodanów', 'batman_forever', 'handlu_cukrem', 'sacharyd', 'cukrów', 'sacharydy', 'cukry_jadalne', 'cukry', 'cukru', 'cukier_jadalny', 'kostki_cukru', 'małże', 'cukrów_w_winie', 'węglowodany', 'forsa', 'cukrem', 'bogactwo']
suspect	podejrzenia	Found close match: ['podejrzewać', 'podejrzany', 'podejrzana']	['podejrzany', 'nieufność', 'podejrzewać', 'osoba_podejrzana', 'podejrzanego', 'podejrzana', 'robert_crais', 'podejrzliwość', 'pozwany', 'podejrzanych', 'oskarżonych', 'nieufności', 'oskarżony']
table	tabelce	Found close match: ['tabeli', 'tabela', 'tablica']	['rezonansowa', 'mesas', 'tabela', 'iframe', 'odroczyć', 'stolik', 'wyszukiwania', 'odnośnika', 'elementu_html', 'stoliwo', 'tabular_array', 'tag', 'odroczenia', 'wyszukiwanie', 'tepui', 'stole', 'góra_stołowa', 'tabeli_bazy_danych', 'odłożyć', 'opóźnienie', 'lookup_table', 'stół', 'diagram', 'tag_html', 'href', 'mesa', 'arkusz_danych', 'element_html', 'lookup', 'relacji', 'tabeli', 'tablicowanie', 'tablica']
taste	smaku	Match	['preferencji', 'smaku', 'podniebienie', 'smakowite', 'smakowe_percepcja', 'ślepej_degustacji', 'smak', 'degustacja_wina', 'wzmacniacz_smaku', 'gust', 'zmysł_smaku', 'degustacje_wina', 'próbować', 'smakować', 'percepcja_smaku', 'taste', 'smakowe', 'środek_smakowy', 'smakowe_sensacja', 'upodobanie', 'kosztować', 'skłonność', 'preferencja', 'degustacja', 'nowhere', 'naturalne_aromaty', 'degustacji_wina', 'smakowe_modalność', 'czuć', 'smaki']
team	drużyna	Match	['kapela', 'rock_band', 'zespół', 'drużyny_sportowej', 'zespół_rockowy_pop', 'zespołów_rockowych', 'grupa_muzyczna', 'artysta_solowy', 'sport_drużynowy', 'zaprzęg', 'drużyna_sportowa', 'zespół_instrumentalny', 'sport_zespołowy', 'team', 'zespół_muzyczny', 'drużyny', 'grupa_rockowa', 'formacja_muzyczna', 'grupa', 'ekipa', 'zespół_sport', 'drużyna', 'komórka_robocza', 'solowy_projekt', 'zaprząg', 'zespół_jazzowy']
texture	tekstury	Match	['faktura_dzieła_sztuki', 'musical_tekstury', 'smakowe', 'tekstury', 'makrostruktury', 'faktura', 'tekstura_krystaliczna', 'mapowania_tekstur', 'struktura', 'teksturowanie', 'faktura_muzyczna', 'tekstura_skały']
time	czasu	Match	['timeless', 'zegar', 'kosmologicznej_czasu', 'czasów', 'czasie_walca', 'prostym_czasie', 'sekwencji_zdarzeń', 'scatmans_world', 'in_my_own_words', 'zegar_systemowy', 'time_magazine', 'dwudzielny', 'metrum', 'time_has_come_today', 'czas_gramatyczny', 'ojciec_czas', 'musical_metrum', 'odsiadka', 'taktowanie', 'czasu', 'napięta', 'chronometrować', 'polymeter', 'zegar_czasu', 'gmina_time', 'czas', 'y_not', 'napięty', 'chronologia_wszechświata', '24_czasu', 'godzina', '68_czasu', 'xkcd_1190', 'the_time', 'żarówki', 'dead_ball', 'termin_więzienie', 'anastacia', 'hypnotica', 'czwarty_wymiar', 'wczesnym_wszechświecie', 'smartstop', 'kolej', 'cykl_zegara', 'czasu_t', '44', 'więzienie', 'pacific_ocean_blue', 'częstotliwość_cyklu_zegarowego', 'cyklu_zegara', 'czasu_systemowego', 'impuls_zegarowy', 'cykli_zegara', '44_czasu', 'raz', 'time', '128', 'wieki_ciemne', 'jednostka_metryczna', 'czasie_związku', 'pora']
tool	narzędzie	Match	['fiut', 'trzonek', 'narzędzia', 'narzędzie_programistyczne', 'instrument', 'narzędzi_programistycznych', 'lachrymologia', 'kutas', 'lacha', 'chuj', 'narzędzie', 'narzędzi', 'wał', 'pała', 'tool', 'pyta', 'koń', 'lakrymologia']
toy	zabawka	Match	['efekt_kociego_oka', 'płeć_zabawka', 'toy', 'zabawek_erotycznych', 'miniaturka', 'zabawka', 'zabawki', 'akcesoria_seksualne', 'port_lotniczy_toyama', 'chatoyancy', 'pies_ozdobny', 'miniatura', 'bawidełko', 'zabawkę', 'yello', 'toyline', 'bawidło', 'chatoyant', 'akcesoria_erotyczne', 'pies_zabawka']
tree	drzewa	Match	['drzewo', 'korzeń_drzewa', 'tree', 'drzew', 'charlotte_brontë', 'kultu_drzewa', 'schemat_drzewa', 'święte_drzewo', 'sir_herbert_beerbohm_drzewo', 'węzeł_wewnętrzny', 'dendryt', 'liść_drzewa', 'węzła_nadrzędnego', 'węzeł_nadrzędny', 'poddrzewo', 'zakorzenione_drzewo', 'węzeł_liścia', 'las', 'drzewa', 'drzewko', 'herbert_beerbohm_tree', 'charlotte_bronte']
trial	wyrok	Incorrect	['paucal', 'próbny', 'przyczyny', 'iii', 'przedprocesowego', 'systemie_przyczyną', 'tercet', 'goliath', 'liczby', 'pozwał', '3', 'deuceace', 'tři', 'proces', 'proces_sądowy', 'liczba_potrójna', 'trójka', 'umowa_numer', 'pozew', 'przewód_sądowy', 'sprawie_cywilnej', 'eksperymentu', 'przyczynowości', 'próba', 'trzy', 'doświadczenie_losowe', 'rozprawa_sądowa', 'postępowanie', 'sprawdzian', 'testowanie', 'potrójny', 'liczba', 'troisty', 'przypadek', 'sprawa', 'rozprawa', 'przyczynowość', 'teście', 'ternion', 'sporu_prawnego', 'sądzonych', 'postępowanie_sądowe', 'testu', 'pozew_sądowy', 'powództwo', 'boleść', 'próbował', 'causa']
tried	próbował	Match	['proces', 'proces_sądowy', 'rozprawa_sądowa', 'próbowałeś', 'próbował', 'próbowałem', 'rozprawa', 'przewód_sądowy']
typical	typowe	Match	['normalny', 'typowa', 'zwyczajny', 'typowo', 'typowy', 'gatunkowy', 'rodzajowy', 'typowe', 'zwykły']
unaware	dowiaduje	Incorrect	['nieświadoma', 'nieświadomy']
usable	użyteczne	Match	['użyteczność', 'przyjazny_dla_użytkownika', 'działający', 'używalny', 'użyteczne', 'usability']
useless	bezużyteczne	Match	['bezpożyteczny', 'bezużyteczne', 'nadmiarowy', 'nieprzydatny', 'zbyteczny', 'bezpotrzebny', 'niepotrzebny', 'bezużyteczny', 'zbędny', 'useless']
vacation	wakacje	Match	['wakacje', 'wywczasy', 'absencja_pracownicza', 'feriae', 'wakacji', 'w_nowym_zwierciadle_wakacje', 'ferie', 'urlop']
war	wojny	Match	['hap_i_leonard', 'the_war', 'język_warajski', 'stan_wojny', 'ares', 'wojnę', 'walka', 'podział_wojen', 'rodzaje_wojen', 'warajski', 'konfliktów_zbrojnych', 'wojna', 'konfliktu_zbrojnego', 'bój', 'język_waraywaray', 'wojen', 'war', 'all_or_nothing', 'wojny', 'język_waray_waray']
wash	mycia	Match	['buried', 'myć', 'arroyo', 'parów', 'the_wash', 'lavation', 'mycia', 'washables', 'praczki', 'mycie', 'prania', 'lawowanie', 'unearthed', 'scan', 'umyć_rysunek', 'wymywanie', 'pranie', 'lost_dogs', 'wyschnięcia_umyć', 'the_wash_hiphopowa_myjnia', 'strumieniu', 'umyć', 'śladzie', 'prać']
weak	słabe	Match	['słaba', 'słabe', 'astenia', 'słaby', 'osłabienie_mięśni', 'słabo', 'osłabienie', 'the_sea']
wear	noszono	Incorrect	['zużycie_ścierne', 'zwrot_przez_rufę', 'ubranie', 'odporność_na_ścieranie', 'strój', 'odzieży_damskiej', 'przemysłu_odzieżowego', 'załóż', 'habiliment', 'szata', 'konfekcja', 'ciuch', 'wiatrem', 'ubiór', 'zdatny_do_noszenia', 'ścieranie', 'ubrania', 'odzienie', 'nosić', 'odzież', 'odzieży', 'wear']
weather	pogodowe	Found close match: ['pogody', 'pogoda', 'warunki_pogodowe']	['warunków_pogodowych', 'pogoda', 'prognoza_pogody', 'prognozy_pogody', 'pogódka', 'warunkach_atmosferycznych', 'pogody', 'elementy_meteorologiczne', 'warunki_atmosferyczne', 'warunki_pogodowe']
willingly	dobrowolnie	Match	['dobrowolnie']
word	słowa	Match	['chrześcijańskiego_pisma', 'syneczek', 'hasło', 'biblia', 'pan_jezus', 'pantokrator', 'dyskusji', 'verbum', 'syn', 'baranek_boży', 'slowo', 'słów', 'słowo_podwójne', 'wyraz', 'nazarejczyk', 'syna', 'rozmiar_tekstu', 'obietnica', 'ms_word', 'oword', 'synuś', 'chrystus', 'microsoft_word', 'biblii', 'dysputacja', 'zobowiązanie', 'biblia_chrześcijańska', 'słowo_honoru', 'słowo_poczwórne', 'debata', 'długość_słowa', 'święta_księga', 'jezus_nazarejczyk', 'biblii_chrześcijańskiej', 'word', 'dysputa', 'słowo', 'jezus_chrystus', 'leksem', 'dyskusja', 'słowa', 'biblijny', 'teksty_religijne', 'mesjasz', 'pisma_świętego', 'nazareńczyk', 'galilejczyk', 'świętych_tekstów', 'długości_słowa', 'słowo_maszynowe', 'parol', 'dword', 'dqword', 'wieści', 'słowo_danych', 'dobry_pasterz', 'pismo_święte', 'syn_boży', 'debatowanie', 'hasła', 'zbawiciel', 'synek', 'szerokość_słowa', 'qword', 'kod_dostępu', 'doc', 'good_book', 'święte_księgi', 'jezus', 'jezus_nazareńczyk', 'logos']
