ability	способноста	Found close match: ['способността', 'способност', 'способности']	['кадърност_ло́вкост', 'способността', 'умение', 'способности', 'вещина́', 'способност', 'правоспособност', 'пригодност']
accomplished	постигал	Incorrect	['изпълнена', 'съвършен']
angry	ядосва	Found close match: ['ядосан', 'ядосана', 'ядо́сан']	['ядосана', 'mad_season', 'бесен', 'яростен', 'гневен', 'angriness', 'kay_starr', 'гняв', 'ядосан', 'ядо́сан', 'press_to_play', 'разгневен', 'сърдит', 'разгне́вен', 'сърди́т']
apartment	апартамента	Found close match: ['апартамент', 'апартаменти', 'апартаме́нт']	['апартаментът', 'блок', 'имение_блок', 'градина_апартамент', 'апартамент', 'апартаментен_комплекс', 'апартаменти', 'apartment', 'жилищни_сгради', 'апартаме́нт']
applause	аплодисменти	Match	['страна_ръкопляскането', 'аплодисменти', 'applause', 'handclaps', 'пляскане']
argument	аргумент	Match	['наклонена_аргумент', 'линия', 'препирня', 'глагол_аргумент', 'disceptation', 'линия_на_разсъждение', 'преговори_—_преговаряне', 'аргумент', 'противоречия', 'дискусия', 'аргументи', 'обсъдят', 'логически_аргумент', 'политически_дебат', 'параметър', 'дебат', 'дебати', 'диспут', 'аргументация_теория', 'теория_на_аргументацията', 'оспорване', 'спор', 'литературен_аргумент', 'дискусионен_клуб', 'аргумента', 'аргументация']
art	изкуство,	Found close match: ['изкуство', 'изкуството', 'изкуства']	['фино_изкуство', 'beauxarts_стил', 'членуване', 'изобразително_изкуство', 'определителен_член', 'изкуството', 'изкуства', 'dни', 'майсторство', 'художественото_творчество', 'графичен', 'nontextual_въпрос', 'графики', 'определен_член', 'художествено_изразяване', 'art', 'неопределеност', 'изящното_изкуство', 'beaux_arts', 'член', 'изкуствовед', 'графика', 'арт', 'beauxarts_архитектура', 'арт_дизайн', 'определеност', 'статия', 'неопределителен_член', 'глоба_художник', 'изящно_изкуство', 'изящни_изкуства', 'изкуство', 'beaux_arts_архитектура', 'произведения_на_изкуството', 'неопределителен_член_в_българския_език', 'неопределен_член_в_българския_език', 'художествено_произведение', 'категория_определеностнеопределеност', 'неопределен_член', 'свързани_с_агутипептид', 'мъжество']
attitude	неразбиране	Found close match: ['разпореждане']	['нагласа', 'човешко_поведение', 'attitude', 'действия', 'malpresentation', 'изправен', 'пространствена_ориентация', 'наклонност', 'поведенчески', 'социално_поведение', 'склонност', 'лошо_поведение', 'разпореждане', 'отношението', 'държа́ние', 'reload', 'по́за', 'тенденция', 'положение', 'диспозиционна_атрибуция', 'предразположение', 'отношение', 'становище_отноше́ние', 'поведение', 'умствена_нагласа', 'диспозиция', 'поведе́ние', 'позата', 'обно́ски', 'сто́йка', 'ориентация', 'държание']
bag	кърпичката	Incorrect	['чаша_чай', 'ви́ме', 'multiset', 'сак', 'чанта', 'чувал', 'чанти', 'ку́фар', 'multisets', 'пътническа_чанта', 'стара_чанта', 'чантата', 'торба', 'хартиена_торбичка', 'плик', 'дамска_чанта', 'раница', 'ръчна_чанта', 'куфар', 'крада́', 'торбичка', 'виме', 'вимето']
ball	топката	Match	['семенници', 'кълбо', 'куршум', 'глоб', 'буца', '2сфера', 'топка_за_тенис', 'плужек', 'кълбо́', 'мъди', 'люсил_бол', 'ташак', 'футбол', 'гюле', 'полусферична', 'тестис', 'бал', 'ballock', 'глупости', 'топки', 'teste', 'топка', 'футболна_топка', 'тестисите', 'топката', 'то́пка', 'семенник', 'бол', 'уилфрид_бол', 'ball', 'тестиси', 'сфера', 'топчесто', 'стачка_зона', 'сферична', 'lucille_ball', 'слабини', 'топки_за_тенис', 'сфе́ра', 'john_ball']
bar	бар	Match	['адвокатска_колегия', 'преграда', 'бариера', 'sandbars', 'barline', 'такт', 'bar', 'механи', 'храна_кръчма', 'браунинг_автоматична_пушка', 'австробаварски_езици', 'презимена', 'бащино_име', 'таверни', 'адвокатура', 'предупреждение', 'farnesoid_х_рецептор', 'country_inn', 'цвят_на_чертата', 'кръчма', 'пръчка', 'пясък_банка', 'бар_кръ̀чма', 'плитчина', 'пропъждам', 'бащино', 'ивица', 'баварски', 'mbar', 'механа́', 'прогонвам', 'правната_общност', 'пропъдя', 'бета2_адренергичните_рецептори', 'юридическата_професия', 'греда', 'предотвратяване', 'барът', 'пи́вница', 'кръчмата_знак', 'изключвам', 'foobar', 'advocatus', 'метален_прът', 'препречвам', 'долнопробна_кръчма', 'докоснете_къща', 'бара', 'кръчми', 'отлъчвам_от_обществото', 'механа', 'taphouse', 'таверна', 'hostelry', 'адвокатска_асоциация', 'вратар_салон', 'бащиното', 'patrynomic', 'изгоня', 'предлага_храна', 'public_house', 'плитчини', 'ginmill', 'преграждам', 'barroom', 'изгонвам', 'бар', 'прогоня', 'австробаварски_диалекти', 'бета2_рецептора', 'общо_помещение_в_кръчма', 'мярка', 'foo', 'милибара']
bear	мечка	Match	['раждам', 'стоят', 'понесе', 'издържам', 'bear', 'пла́щам', 'мече', 'мечки', 'webelos', 'ursidae', 'понасям', 'изтърпя', 'издържа', 'трая', 'заемам', 'ту95', 'ме́чка', 'mike_brown', 'мечо', 'мечок', 'общността_мечка', 'съдържа', 'мечо́к', 'търпя', 'платя́', 'толерирам', 'беър', 'побирам', 'мечешки', 'мечка', 'нося', 'понеса', 'съдържам']
beat	побеждавайки	Found close match: ['побеждавам', 'победи']	['такт', 'туптя', 'пулсирам', 'beatnik', 'ритми', 'честота_на_биене', 'надминавам', 'отчаян_интелигент', 'сразявам', 'ритъм', 'сразя', 'м', 'разбърквам', 'надмина', 'версификация', 'музикален_ритъм', 'размеся', 'ударя', 'победя', 'разбивам', 'siteswap', 'количествен_стих', 'надвия', 'нестандартен', 'ритмична_единица', 'пулс', 'метра', 'удрям', 'превъзхождам', 'размесвам', 'битник', 'побеждавам', 'разбъркам', 'бия', 'победи', 'поетичен_метра', 'надвивам', 'биене', 'beat']
bed	леглото	Match	['легна_си', 'склонност_към_преяждане_разстройство', 'рекичка_легло', 'bed', 'лягам_си', 'легла_самолет', 'еба́', 'речно_корито', 'болнично_легло', 'легло', 'леглото', 'залеж', 'cистемно_преяждане', 'одър', 'чу́кам', 'поток', 'креват', 'шев', 'корито', 'дъно', 'чукам', 'речно_легло', 'ши́бам', 'леха']
beer	бира	Match	['beer', 'пѝво', 'пиво', 'бѝра', 'пивоварно_производство', 'camra', 'пивоварната_промишленост', 'бирата', 'кампания_за_истински_ейл', 'бира', 'ейл']
big	„големият	Found close match: ['големи']	['bjarke_ingels_group', 'баланс', 'едър', 'тялото', 'голямо', 'big', 'голям', 'голяма', 'stypsis', 'големи', 'minerality', 'биг', 'плодове', 'възрастен', 'norm_nixon', 'пълнолетен']
bird	птици	Match	['yardbird_паркър', 'освирквам', 'mikuni_shimokawa', 'charlier_parker', 'птица', 'момиче', 'нощуване', 'aves', 'avafauna', 'птици', 'перце', 'марихуана', 'чарли_паркър', 'charlie_parker', 'маце', 'бърд', 'bird', 'птиче', 'птичка', 'чарлз_кристофър_паркър', 'фу́ста', 'razzing', 'бронкс_развесели', 'бадминтон', 'пръст', 'мацка', 'среден_пръст', 'бърд_паркър']
blood	кръвта	Match	['кислород_кръв', 'развратник', 'blood', 'генетичното_наследство', 'вино_бордо', 'бордо', 'кръвния_поток', 'кръв_линия', 'кръвта', 'потомство', 'кръв', 'наследственост', 'женкар', 'vs', 'човешка_кръв', 'persistence_of_time', 'хематологични', 'биологичното_наследство', 'collective_soul', 'потекло', 'произход', 'the_black_parade', 'кръвна_линия', 'бордо_вино', 'род', 'getting_away_with_murder', 'наследствеността']
body	тялото	Match	['врата', 'тя́ло', 'цевна_кутия', 'труп', 'приемника', 'coachbuilder', 'пункт', 'физическото_тяло', 'костюм', 'полеви_транзистор', 'polytopes', 'гащиризон', 'баланс', 'полеви_транзистори', 'транзистор_полеви_ефект', 'торсо', 'catsuit', 'основен_текст', 'точка', 'туловище', 'новина', 'телесно', 'торса', 'приемник', 'stypsis', 'тяло', 'котка_костюм', 'леш', 'teairra_mari', 'каросерии', 'статия_с_новини', 'вестникарска_статия', 'мъртвото_тяло', 'органична_структура', 'тялото', 'бнт', 'транзистора_с_полеви_ефект', 'soundbox', 'боди', 'minerality', 'трупове', 'финото_тяло', 'статия', 'авто_тялото', 'точка_размер', 'физическата_структура', 'трико', 'размер_на_точка', 'body', 'ко́рпус', 'багажника', 'торс', 'тялото_костюм', 'порта', 'вестник_статия', 'плодове', 'eubstance', 'трупа', 'polytope', 'unitard']
brain	мозъка	Match	['главата_му', 'човешкия_ум', 'способността_за_учене', 'banks', 'ума', 'интелекта', 'гениалност', 'инспектор_гаджет', 'причина', 'психика', 'brain', 'манталитет', 'разум', 'ра́зум', 'bryan_mantia', 'мозък', 'умнико', 'главен_мозък', 'ум', 'психиката', 'мисъл', 'мозъчен', 'акъл', 'главата', 'гений', 'мозъчната_функция', 'мозъка', 'интелект', 'рационалност', 'умствените_способности', 'мозъка_на_бозайниците', 'nous']
broken	разкъсано	Incorrect	['ms_kelly', 'счупена', 'повреден', '12_stones', 'winterhearts_guild', 'plastic_beach', 'разбито', 'неизправен', 'счупен', 'неправилен', 'the_best_of_bruce_dickinson', 'счупено', 'echo', 'разбити', 'delta_machine', 'грешен', 'broken']
building	сграда	Match	['сградата_на_гърди', 'здание', 'сгра́да', 'зда́ние', 'обществена_сграда', 'стро́ителство', 'къ̀ща', 'сгради', 'строителни_работи', 'строи́телство', 'обществени_сгради', 'строителната_индустрия', 'изгра́ждане', 'строителни_обекти', 'строител', 'дом', 'изграждане', 'сградата', 'постройка', 'строителство', 'постро́йка', 'граде́ж', 'сграда']
burn	изгори	Match	['fc_dallas', 'слънчево_изгаряне', 'горя́', 'огън', 'пламенен', 'горят_марки', 'втора_степен_изгаряне', 'загарям', 'гори', 'обгарям', 'горя', 'речно_корито', 'burn', 'ручей', 'водоток', 'пожари', 'тен', 'пла́мък', 'загар', 'еритема_solare', 'трета_степен_изгаряния', 'поток', 'изгарям', 'изгори', 'пожа́р', 'изгоря', 'ruisseau', 'изгаряне', 'фк_далас', 'изга́рям', 'прекъсващ_поток', 'пламък', 'потоци', 'пожар', 'изгаряния_трета_степен', 'воден_поток']
business	бизнес	Match	['етап_на_бизнес', 'за_печалба', 'ден_работа', 'работа', 'бизнес_линия', 'концерн', 'с_нестопанска_цел', 'професията', 'линия_на_работа', 'business', 'бизнес_науки', 'byplay', 'бизнес_организация', 'занятие', 'търговско_предприятие', 'фирма', 'клиентела', 'бизнес_загриженост', 'занимание', 'бизнес', 'бизнес_маршрут', 'независим_изпълнител', 'окупация', 'поминък', 'независими_изпълнители', 'бизнеса', 'вакантно_място', 'бизнес_сектора', 'едноличен_търговец', 'търговския_закон', 'бизнес_сектор', 'професия', 'търговец', 'стопанско_предприятие', 'предприятие']
camera	фотоапарата	Found close match: ['фотоапарат']	['тв_камера', 'the_back_room', 'професионална_видео_камера', 'камери', 'фотоапарат', 'камерата', 'кинокамера', 'камера', 'телевизионна_камера', 'camera', 'професионална_видеокамера', 'филмова_камера']
carefully	внимателно	Match	['безпокойство', 'тревога', 'притеснявате', 'загриженост', 'внимателно', 'грижа', 'интерес']
challenge	надпреварите	Incorrect	['предизвикателство_отговор_удостоверяване', 'възразявам', 'оспори', 'предизвикателството', 'оспоря', 'оспорване', 'възразя', 'предизвикателство', 'оспорвам', 'предизвикателство_отговор']
charity	благотворителна	Found close match: ['благотворителност', 'благотворителна_дейност', 'благотворителни_организации']	['братска_любов', 'благотворителни_организации', 'милосърдие', 'дарение', 'общественополезна_дейност', 'благотворителна_организация', 'polemonium_caeruleum', 'милостиня', 'polemonium_ван_bruntiae', 'обществен_благотворителност', 'благотворителна_дейност', 'благотворителност', 'регистрирана_благотворителна_организация', 'ван_bruntiae_polymonium_caeruleum']
charming	очарователен	Match	['очарователен', 'очарователно', 'чаровна', 'очарователна', 'чаровен']
clothes	дрехи	Match	['дамска', 'оде́жда', 'облекло', 'дрехи', 'одежда', 'дреха', 'екипировка', 'дре́хи', 'дрехите', 'подходящ_за_носене', 'статия_на_облекло', 'облекла', 'облекло́']
cockroach	насекомоядна	Incorrect	['подразред_blattaria', 'blattaria', 'cockroach', 'blattodea', 'подразред_blattodea', 'хлебарки', 'хлебарка']
code	код	Match	['компютърен_код', 'кодиране', 'задаване_на_график', 'код', 'ко́декс', 'кодекс', 'кодове', 'код_на_закони', 'кодификация']
collection	колекция	Match	['апел', 'сглобяване', 'hawkwind', 'сборник', 'колекция', 'компилация', 'събиране', 'агрегиране', 'akon', 'конспект', 'прибиране_на_реколтата', 'пакет', 'набор', 'призив', 'събиране_на_дългове', 'теглене', 'агенция_за_събиране', 'joe_sample', 'контейнер', 'резюме', 'музеен_фонд', 'художествената_колекция', 'зов', 'collection', 'the_charlatans', 'дълг_колектор', 'сбирка', 'the_offspring_collection', 'ейкън', 'сбор', 'агрегация', 'художествени_колекции']
computer	компютър	Match	['обработващия_лични_данни', 'компютърно_генерирана_музика', 'компютъра', 'електронноизчислителна_техника', 'човек_и_компютър', 'еим', 'електронноизчислително_устройство', 'електронноизчислителна_машина', 'калкулатор', 'система_за_обработка_на_информация', 'компютри', 'компютърните_системи', 'изчислителна_машина', 'изчислител', 'компютърна_музика', 'компютър', 'електронен_компютър', 'електронно_изчислителна_машина', 'компютърна_система', 'компютърни_системи', 'оценител', 'цифрови_компютри', 'figurer', 'изчислително_устройство', 'цифрова_изчислителна']
construction	строителството	Found close match: ['строителство', 'строи́телство', 'стро́ителство']	['конституционно_тълкуване', 'runescape', 'изгра́ждане', 'строителство', 'модел', 'съдебно_тълкуване', 'граматическа_конструкция', 'строителни_работи', 'граде́ж', 'израз', 'конструкция', 'строеж', 'строителни_обекти', 'строител', 'строи́телство', 'изграждане', 'структура', 'психическо_синтез', 'строителната_индустрия', 'стро́ителство']
cook	кук	Match	['готви', 'готвач', 'приготвям', 'варя', 'james_cook', 'captain_cook', 'суготвач', 'го́твя', 'джеймс_кук', 'фалшифицирам', 'главен_готвач', 'ред_готвач', 'кук', 'готвачи', 'кратко_за_готвач', 'готвене', 'готвя', 'приго́твям', 'капитан_джеймс_кук', 'подправям', 'cook', 'готвач_комисията', 'подправя', 'frédérick_cook']
counting	броене	Match	['преброяване', 'броене', 'позиционна_бройна_система', 'бройна_система', 'изброен_тип', 'брой', 'спи́сък', 'списък', 'броя', 'бройни_системи', 'изброяване', 'номерация']
crazy	вярвай	Incorrect	['душевна', 'crazy', 'шантави', 'because_of_you', 'usher', 'побъркан', 'луда', 'erika_jayne', 'playing_with_fire', 'famous_last_words', 'луд', 'лудо', 'лудост', 'loca', 'луди', '(you_drive_me)_crazy', 'the_red_album', 'ненормален', 'умопобъркан']
damage	щети	Match	['правна_нараняване', 'повреда', 'цените', 'вреда', 'съсипвам', 'цената', 'damage', 'вреди', 'влошавам', 'влошавам_се', 'щети', 'цена', 'оборудване_за_спешна', 'увреждане', 'щета', 'влоша', 'повреди']
dance	танци	Match	['танцувай', 'танцьор', 'денс', 'postdisco', 'след_дискотека', 'танцьорка', 'играя', 'танцува', 'waterloo', 'денс_музиката', 'танци', 'dance', 'денс_парти', 'танцу́вам', 'танцьори', 'танц', 'танцувам', 'oliver_heldens']
dangerous	опасни	Match	['опасен', 'тежък', 'риско́ван', 'dangerous', 'опасна', 'опасни', 'рискован', 'its_hard', 'опасно', 'опа́сен']
deceive	заблудят	Found close match: ['заблудя', 'заблуждавам']	['мошеничество', 'измамни', 'измамвам', 'излъгвам', 'измамят', 'заблуждавам', 'мистификации', 'измама', 'мистификация', 'заблудя', 'измамя', 'нечестност', 'излъжа']
dedication	благодарността	Incorrect	['dedication', 'лоялност', 'преданост', 'посвещение', 'вярност', 'отдаденост']
deliberately	неумишлено	Found close match: ['умишлено']	['умишлено', 'съзнателно', 'преднамерено']
delivery	доставяне	Match	['труда_и_доставка', 'акуширане', 'доставка_до_дома', 'блейд_сериалът', 'раждането', 'привеждане', 'за_раждане_на', 'delivery', 'доставка_момче', 'майтап', 'освобождение', 'отчуждение', 'виц', 'предлагане', 'говор', 'шега', 'начин_на_говорене', 'номер', 'превоз', 'вагинално_раждане', 'шеговит', 'транспортната_индустрия', 'детеродна_възраст', 'раждане', 'транспортната_инфраструктура', 'отчуждаем', 'транспортиране', 'доставяне', 'транспорт', 'вицове', 'доставката', 'юридическо_прехвърляне', 'пътнически_транспорт', 'доставка', 'транспортна_инфраструктура', 'шеги', 'транспортни', 'спасяване', 'ражда́не']
dessert	сладкиши	Incorrect	['десерт', 'десерти', 'благородно_сладко_вино', 'десерта', 'десертно_вино', 'десертни_вина', 'afters']
device	сензорен	Incorrect	['клетъчни_комуникационни', 'мобѝлен_телефо̀н', 'device', 'устройството', 'клетъчни_телефони', 'машина', 'капиталово_оборудване', 'мобилна_клетъчна', 'мобилни_телефони', 'хардуер', 'компютърен_хардуер', 'configsys', 'за_мобилни_устройства', 'джиесем', 'машини', 'компютърна_апаратна_част', 'мобифон', 'клетъчна_комуникация', 'gsm', 'мобилен_телефон', 'моби́лен_телефо́н', 'устройство']
dig	изкопаят	Found close match: ['копая', 'изкопаване']	['археологически_разкопки', 'ри́я', 'разбере', 'дълбая', 'археологически_обект', 'копая', 'разкопавам', 'разби́рам', 'подигравка', 'разкопки', 'ровя', 'dig', 'изкопаване']
dinner	вечерята	Match	['банке́т', 'чаша_чай', 'вечеря', 'вечерята', 'обе́д', 'обядвам', 'следобеден_чай', 'време_за_чай', 'обя́д', 'официална_вечеря', 'чай', 'хранене', 'teatime', 'официален_обяд', 'вече́ря', 'дежене', 'обяд']
disease	заболявания	Match	['бо́лест', 'медицинско_състояние', 'begowal', 'плеврит', 'боледуване', 'болест', 'заболеваемостта', 'заболяване', 'болести', 'заболявания', 'неразположение', 'медицински_състояния', 'медицинско_заболяване', 'заболя́ване']
dissolve	разпусне	Incorrect	['разтварят', 'разтварям', 'разтопя', 'разтваряне', 'топя', 'разтопявам']
disturb	плашат	Not found	[]
do	помоля	Not found	[]
doctor	доктор	Match	['професионален_докторска_степен', 'оправям', 'доктор_на_науките', 'докторат', 'лекари', 'лекар', 'доктор', 'доктор_по_икономика', 'поправям', 'доктор_на_техническите_науки', 'лекарите_на_църквата', 'доктор_ху', 'докторски_степени', 'лекувам', 'работа_хирург', 'докторантура', 'rude_boy', 'десети_доктор', 'аспирант', 'докторант', 'ремонтирам', 'поправя', 'люик_ноте', 'eliza', 'лекарка', 'доктор_на_църквата', 'докторе', 'медик', 'аспирантура', 'loïc_nottet', 'doctorat', 'деветия_доктор', 'др', 'доктор_на_селскостопанските_науки', 'първи_доктор', 'оправя', 'девети_доктор', 'doctor_who', 'доктор_на_историческите_науки', 'докторска_степен', 'хирург', 'доктор_на_икономическите_науки', 'медицински_директор', 'лекар_степен', 'лоик_ноте', 'повисока_докторска_степен', 'доктор_кой', 'хирурзи', 'втори_доктор']
dog	куче	Match	['ограничител', 'wienerwurst', 'грозница', 'домашно_куче', 'хот_дог', 'гоня', 'firedog', 'familiaris', 'пес', 'кучета', 'псе', 'кучето', 'canis_familiaris', 'кренвирш', 'куче_месо', 'куче', 'палец', 'кучеви', 'повлекана', 'canids', 'хотдога', 'куче_желязо', 'лупус_familiaris', 'дог', 'canidae', 'd0g', 'семейство_canidae', 'duck_hunt', 'преследвам', 'canis_lupus_familiaris', 'andiron', 'кучка', 'кучешко_месо', 'домашни_кучета', 'грозотия', 'мошеник', 'домашното_куче', 'хотдог']
dressing	престилки	Incorrect	['дамска', 'оде́жда', 'облекло', 'дрехи', 'одежда', 'дреха', 'дресинг_за_салата', 'кайма', 'дресинг', 'екипировка', 'превързочни_материали', 'дре́хи', 'плънка', 'оплождане', 'обличане', 'подходящ_за_носене', 'статия_на_облекло', 'превръзка', 'облекла', 'облекло́']
driver	автомобил	Incorrect	['гора', 'номер_едно_дърво', 'драйвери_на_устройства', 'камиони_шофиране', 'шофьорът', 'драйвер_за_принтер', 'драйвер_на_устройство', 'иглолистна_гора', 'гори', 'гората', 'driver_san_francisco', 'шофьо́р', 'шофьор_камион', 'съчетано_ос', 'cowcatcher', 'шофьори_на_камиони', 'управление_на_тежкотоварни_камиони', 'иглолистни_гори', 'driver', 'лес', 'шофьора', 'шофьор', 'драйвър', 'оси', 'съчетани_колела', 'задвижващо_колело', 'водач', 'пилот', 'драйвер', 'шофьор_на_камион', 'задвижващите_колела']
economy	икономиката	Match	['икономика', 'спестяване', 'walden', 'икономическо', 'икономически_системи', 'икономическата_активност', 'икономикс', 'икономическа_структура', 'пестеливост', 'политическа_икономика', 'икономически', 'спестяванията', 'иконо́мия', 'икономиката', 'икономическата_система', 'политикономист', 'стопанство', 'икономическа_система', 'икономическа_активност', 'стопански_науки', 'политическа_икономия', 'политикономия', 'икономия', 'спестовност', 'икономическа_теория', 'селската_икономика', 'реалната_икономика', 'политически_икономист', 'политически_икономика', 'иконо́мика', 'икономическа', 'икономическата_наука', 'стопанска_наука', 'политическата_икономия', 'икономическите_системи', 'националната_икономика', 'economy', 'икономисване', 'икономики', 'икономическата_теория', 'уолдън', 'стопановед', 'икономическа_наука', 'политикономика']
election	изборите	Match	['и́збори', 'лист_избори', 'изборите', 'договор_за_патентно_коопериране', 'election', 'електоралната_политика', 'изборния_процес', 'избор', 'демократично_избран', 'избори', 'преизбиране', 'съперници', 'лист_на_изборите']
electron	микрочастиците	Incorrect	['negatron', 'електрон', 'електрони', 'electron']
elegance	елегантност	Match	['математическа_елегантност', 'декоративни', 'елегантност', 'изи́сканост', 'елега́нтност', 'karlgeorg_hoefer', 'прелестен', 'класическа_красота', 'красота', 'математически_красота']
emotion	емоция	Match	['чу́вство', 'вълнение', 'емоции', 'емоцията', 'emotion', 'емоция', 'емоционалност', 'емоционалните', 'човешка_емоция', 'human_after_all', 'емо́ция']
emotionally	емоционално	Match	['емоционално', 'чу́вство', 'вълнение', 'емоции', 'емоция', 'емоционалност', 'емоционалните', 'човешка_емоция', 'емо́ция']
engine	двигател	Match	['двигател', 'електровоз', 'двигателя', 'мотор', 'локомотиви', 'компилатор_за_компютърни_игри', 'ray_alder', '3d_двигател', 'двигатели', 'видео_игра_на_двигателя', 'локомотив_на_двигателя', 'engine', 'двигател_жп', 'двигател_видео_игра', 'локомотив', 'motor', 'жп_локомотив']
event	събитието	Match	['следствие', 'последствие', 'резултат', 'удар', 'слушател', 'ефект', 'случай', 'събитието', 'натискане_на_бутон', 'събитие', 'програмно_събитие', 'съби́тие', 'последица', 'манипулатор_на_събитие']
experiment	експеримент	Match	['експериментален_метод', 'опит', 'научен_експеримент', 'експериментирам', 'експерименти', 'the_experiment', 'experiment', 'експериментът', 'експерименталната_наука', 'експериментират', 'експериментална_наука', 'експерименталната_група', 'експеримент', 'експериментални_изследвания', 'експериментиране']
extremely	изключително	Match	['крайно', 'изключително', 'извънредно']
feeling	чувството	Found close match: ['чувство', 'чу́вство', 'чувства']	['усет', 'тактилна_обратна_връзка', 'соматосензорните', 'понятие', 'дух', 'чу́вство', 'чувство', 'впечатление', 'емоция', 'докосване', 'чувства', 'тактилно_усещане', 'чувството_за_допир', 'усещане', 'осеза́ние', 'соматосензорните_система', 'допир', 'усещане_при_допир', 'тон', 'интуитивно_усещане']
fight	битка	Match	['сражение', 'борба́', 'ангажимент', 'борба', 'сраже́ние', 'боря́_се', 'конфликт', 'борбата', 'схватки', 'би́тка', 'противопостави', 'бия_се', 'битки', 'бой', 'битка', 'сбиване', 'бори', 'въоръжена_борба', 'би́я_се', 'конкурентоспособността', 'бойна_подготовка', 'fight']
fish	риба	Match	['рибка', 'fish', 'дерек_уилям_дик_—_фиш', 'фиш', 'видове_риби', 'ихтиофауна', 'рибки', 'риба', 'ловя_риба', 'pisces', 'pterygiophore', 'храна_риба', 'гледай_си_работата', 'отиди_риба', 'дребна_рибка', 'риби', 'дерек_уилям_дик', 'риби_рибите', 'phish', 'флуоресцентна_ин_ситу_хибридизация', 'меки_лъчи', 'fingerling', 'млада_змиорка']
flow	потока	Found close match: ['поток', 'проторап', 'потока_мрежа']	['менструация', 'тека', 'хидравлично', 'хидравлика', 'хидравлични', 'постоянен_поток', 'менструа́ция', 'dynamicist_течност', 'хидродинамични', 'рапиране', 'мензис', 'обемния_дебит', 'механика_на_флуидите', 'рап', 'обемния_поток', 'течност_физика', 'динамиката_на_флуидите', 'young_money_entertainment', 'увеличаване_път', 'gravity_recovery_and_interior_laboratory', 'florent_mothe', 'рапър', 'flow', 'механиката_на_флуидите', 'emceeing', 'менструацията', 'рапъри', 'поток', 'течаща', 'рап_изпълнител', 'потока_мрежа', 'проторап', 'течение', 'скоростта_на_потока', 'ход', 'мрежата', 'хидравлично_налягане', 'дебит']
food	храна	Match	['хранителни_продукти', 'ядене', 'макронутриенти', 'храна_за_размисъл', 'храна́', 'хранителни_вещества', 'твърда_храна', 'kirby', 'хранително_вещество', 'храна', 'интелектуалната_храна', 'храни']
garbage	боклук	Match	['боклук', 'старо_желязо', 'метални_отпадъци', 'гарбидж', 'отпадъци_въпрос', 'отпадъци', 'withering_to_death', 'хранителни_отпадъци', 'смет', 'боклу́к', 'отпа́дък', 'отпадъчните_материали', 'garbage', 'битови_отпадъци', 'твърди_отпадъци', 'отпадък', 'скрап', 'твърди_битови_отпадъци', 'отпадъчен_продукт', 'отказвам']
gold	сребърни	Found close match: ['сребърен_диск']	['тройно_платинен', 'gold', 'златен_сертификат', 'бета_версия', 'бета_софтуер', 'платинен', 'златен_рекорд', 'издание_за_производство', 'кехлибар', 'мултиплатинени', 'позлата', 'етап_на_развитие', 'платинени', 'уона_уан', 'алфа_софтуер', 'златен_албум', 'au', 'златен', 'златист', 'за_запис_на_музика_продажби_сертифициране', 'бета_тест', 'предварително_алфа', 'златна_плоча', 'wanna_one', 'златни', 'бета_тестер', 'атомен_номер_79', 'сребърен_диск', 'затворената_бета', 'сертифициран_златен', 'алфа_версия', 'родния_злато', 'платинен_диск', 'версия_на_софтуера', 'жизнения_цикъл_на_софтуера', 'златен_медалист', 'сандя', 'release_candidate', 'публична_бета_версия', 'златни_медала', 'bobby_brown', 'отворен_бета', 'the_heist', 'тройна_платина', 'златно', 'двойно_платинен', 'златен_медал', 'златен_олимпийски_медал', 'платинен_албум', 'затворена_бета', 'златен_сингъл', 'златен_диск', 'златна', 'e175', 'алфа_тест', 'жила_злато', 'young_lust_the_aerosmith_anthology', 'кехлиба́р', 'anthology', 'злато', 'софтуера_жизнения_цикъл_освобождаване']
great	огромния	Incorrect	['страхотно', 'голям', 'illustriousness', 'велик', 'величие']
gun	скорострелно	Incorrect	['газ', 'стрелецът', 'педала_газта', 'наемен_убиец', 'пистолет', 'педал_за_газта', 'пистолет_за_наем', 'gunfighting', 'gunslingers', 'гън', 'conventional_weapons', 'оръжие', 'gun', 'пушка', 'оръжеен_магазин', 'педала_на_газта', 'малки_рамо', 'обстрелвам', 'грес_пистолет', 'тежко_оръжие', 'огнестрелно_оръжие', 'стрелец', 'louder_than_love', 'малки_оръжия', 'стрелково_оръжие', 'triggerman', 'убиец', 'огнестрелни_оръжия']
hair	косата	Match	['косми_по_главата', 'козина', 'космат', 'hair', 'коса', 'окосмяване', 'косми', 'косъм', 'hairsbreadth', 'коси', 'hairsширочината', 'човешка_коса', 'човешки_косъм', 'косата', 'росер']
help	помогне	Match	['помо́щник', 'хуманитарна_помощ', 'the_help', 'помогне', 'по́мощ', 'асистент', 'съде́йствие', 'богослужение', 'южнячки', 'съдействам', 'хуманитарни_работници', 'помощник', 'подпомагам', 'онлайн_помощ', 'асисте́нт', 'облекчение_работник', 'помогна', 'помощ', 'като', 'помагам', 'полза', 'help', 'служат', 'съдействие']
hurting	съсипе	Not found	[]
ignorance	невежество	Match	['авидя', 'невежество_—_незнание_—_некомпетентност', 'незна́ние', 'незнание', 'невежество', 'неве́жество', 'невежеството', 'неве́дение', 'ignorance']
illness	заболяване	Match	['бо́лест', 'медицинско_състояние', 'боледуване', 'болест', 'заболеваемостта', 'заболяване', 'болести', 'заболявания', 'неразположение', 'медицински_състояния', 'медицинско_заболяване', 'заболя́ване']
impress	впечатли	Match	['усърдие', 'пресбанда', 'впечатлявам', 'отпечатам', 'впечатля', 'впечатление', 'изземване', 'печатам', 'отпечатвам', 'впечатли', 'пресата_банди']
invention	изобретяване	Found close match: ['изобретяването', 'изобретен', 'изобретатели']	['измисляне', 'изобретението', 'инвенция', 'изобретение', 'иновация', 'изобретен', 'изобретателство', 'иновативност', 'изобретатели', 'изобретения', 'изобретяването', 'новаторство', 'технологичните_иновации', 'иновации', 'нововъведение', 'иновативни', 'измислят']
investigation	разследване	Match	['изследователи', 'научни_изследвания', 'изследователски_методи', 'проучване', 'изследвания', 'разследване', 'научно_изследване', 'изследване', 'оригинални_научни_изследвания', 'разследването', 'изследователска_дейност', 'разследван']
invisible	невидимите	Found close match: ['невидими', 'невидим', 'невидимост']	['невидим', 'holy_diver', 'невидимо', 'invisible', 'elevate', 'невидимост', 'taylor_swift', 'етажна', 'инкогнито', 'sound_of_white_noise', 'dream_evil', 'невидими', 'невидима', 'evilized']
job	работа	Match	['ден_работа', 'заетостта', 'трудов_договор', 'работа', 'заетост', 'предстояща_задача', 'скучна_работа', 'служители', 'линия_на_работа', 'неприя́тна_рабо́та', 'спекулирам', 'служба', 'рабо́та', 'де́ло', 'занятие', 'пробле́м', 'занимание', 'бизнес', 'контрол_на_работата', 'окупация', 'поминък', 'предварително_борец', 'вакантно_място', 'задача', 'ра́бота', 'ра́ботно_мя́сто', 'job', 'наети', 'проблем', 'книгата_на_йов', 'работодателите', 'персонал', 'йов', 'професия', 'занаят', 'зада́ча', 'професията']
jungle	джунглата	Match	['скитник_лагер', 'shine_a_little_love', 'out_of_the_blue', 'jungle', 'джунглите', 'олдскул_джунглата', 'джънгъл', 'джунгла', 'джунглата']
kindness	добротата	Found close match: ['доброта', 'добрина']	['добрина', 'снизхождение', 'доброта', 'любезност']
king	крал	Match	['дървен_материал_барон', 'кралство', 'монарси', 'найдобрият_в_света', 'магнат', 'кралят', 'reverend_horton_heat', 'индустриалист', 'индустриалци', 'rex', 'монархическата', 'поп', 'суверенна', 'кинг', 'billie_jean_king', 'bb_king', 'кралица', 'райли_b_кинг', 'бизнес_магнат', 'били_джийн_кинг', 'мъж_монарх', 'george_king', 'монархия', 'монархическа_държава', 'царуващ', 'голям_бизнесмен', 'бизнесмагнат', 'суверенен', 'индустриалец', 'краля', 'монархист', 'ббкинг', 'charles_bird_king', 'монарх', 'kingcom', 'б_б_кинг', 'монархията', 'коронованият_шеф', 'висши_мениджъри', 'king_ov_hell', 'бизнес_лидер', 'king', 'монархически', 'бб_кинг', 'billie_jean_мофит_кинг', 'монархии', 'цар', 'мартин_лутър_кинг', 'крал', 'магнати', 'владетел', 'мона́рхия', 'би_би_кинг']
lady	лейди	Match	['лейди', 'дева_мария', 'дами', 'света_богородица', 'света_богородица_пречиста', 'богородица', 'lady', 'мария', 'заглавие_на_уважение', 'стил', 'титул', 'заглавие', 'аристократка', 'светата_майка', 'госпожа', 'лейди_и_скитника', 'благородница', 'дама', 'титла', 'мадам', 'дамата', 'the_lady', 'въведение_богородично', 'дам', 'формата_на_адрес', 'св_богородица']
land	земя	Match	['страни', 'царство', 'земята', 'приземя_се', 'недвижими_фондове', 'федерални_провинции_на_германия', 'страна', 'солидна_основа', 'имение', 'национален', 'суша', 'областта', 'чифлик', 'декларативна_теория_на_държавността', 'земеделските_парцели', 'правителствени', 'недвижим_имот', 'land', 'едуин_хърбърт_land', 'народи', 'суверена_държава', 'суверенна_държава', 'индустрията_на_имоти', 'държавата', 'държавен', 'къща_имоти', 'поземлен_собственик', 'недвижимост', 'недвижим', 'сушата', 'феодална_домейн', 'държавна', '16те_провинции', 'din_land', 'страната', 'родово_имение', 'политическото_тяло', 'земна_маса', 'терито́рия', 'държави', 'приземявам_се', 'земя́', 'обществените_отношения', 'поземлен_имот', 'акра', 'нация', 'суверенни_държави', 'недвижимо_имущество', 'земи', 'почва', 'вещно_право', 'имот', 'земя', 'държа́ва', 'държава', 'кацам', 'страна́', 'имоти', 'политическо_общество', 'национално', 'мексиканския_щат', 'недвижими_имоти', 'недвижима_собственост']
laugh	шегуваш	Found close match: ['шега']	['майтап', 'вицове', 'шеговит', 'виц', 'шега', 'смея_се', 'смях', 'номер', 'шеги', 'усмивка']
law	закони	Found close match: ['закон', 'закона', 'физични_закони']	['m72_law', 'правистка', 'юриспруденция', 'жандармерия', 'школа_на_естественото_право', 'естественото_право', 'законодателство', 'правни_услуги', 'юридически_философ', 'природните_закони', 'законите_на_физиката', 'източната_криза', 'писан_закон', 'правната_философия', 'закон', 'закона', 'практиката_на_закона', 'правната_теория', 'каноническо_право', 'законотворчество', 'правна_философ', 'полиция', 'правен', 'полицията', 'право', 'сили_за_сигурност', 'съдебна_битка', 'полицейски_сили', 'полицейски_управления', 'естественоправна_школа', 'физични_закони', 'правна_теория', 'рпу', 'физически_закон', 'адвокат_канон', 'полицейска_закрила', 'въоръжен_полицията', 'физичен_закон', 'канонично_право', 'юридически', 'природни_закони', 'закон_на_природата', 'правни_изследвания', 'органи_на_реда', 'силите_за_сигурност', 'френска_правна_школа', 'earthling', 'църковния_закон', 'правист']
left	ляв	Match	['левите', 'наляво', 'левичар', 'леви', 'esquerra_republicana_de_catalunya', 'лявата_политика_крило', 'политическо_пространство', 'ляво_крило', 'левица', 'лявото_крило', 'колективистична', 'левичарство', 'venstre', 'ляво', 'вляво', 'датска_либерална_партия', 'лявата_ръка', 'ляв']
level	ниво	Match	['равен', 'ниво́', 'качество', 'либела', 'посочвам', 'изравня', 'adema', 'ета́ж', 'точка', 'етап', 'изравнявам', 'еволюционен_клас', 'нивелир', 'ра́вен', 'нивото', 'еволюционна_степен', 'клас', 'етаж', 'кат', 'равнище', 'етаж_номериране', 'мащаб_градуса', 'терзия', 'пло́сък', 'точки_опит', 'история', 'хоризонтална_повърхност', 'ниво_на_опит', 'етажа', 'level', 'опит_точка', 'levél', 'ниво', 'ранг', 'степен']
liar	обвиняваш	Incorrect	['so_far_so_good_so_what', 'louder_now', 'арфи', 'glory', 'white_rabbit', 'казуист', 'лира', 'liar', 'liră', 'republic', 'лъжец']
light	светлина	Match	['детонатора', 'възпламенявам', 'христос_в', 'лампа', 'озарявам', 'сияйност', 'електрическа_лампа', 'окно', 'видимо_излъчване', 'прозорци', 'светъл', 'запаля', 'light_рамките_на', 'прозорец', 'светло', 'източник_на_светлина', 'светлинна_вълна', 'светлината', 'озаря', 'запалки', 'вътрешна_светлина', 'блясък', 'отражение_на_светлината', 'нивото_на_яркостта', 'пиротехнически_инициатор', 'осветявам', 'светлина', 'запалвам', 'прозореца', 'luminousness', 'яркост', 'светлинните_вълни', 'cветлина', 'light_yagami', 'осветя', 'лек', 'запалка', 'видимата_светлина', 'осветление', 'паля', 'възпламеня', 'вътрешната_светлина']
magic	магически	Found close match: ['магически_трик', 'магии']	['alagaësia', 'magic', 'магии', 'зоомаг', 'сценична_магия', 'kiri_te_kanawa', 'axel_rudi_pell', 'make_a_scene', 'огледало', 'транс', 'вълшебство', 'джъстин_тимбърлейк', 'трик', 'светът_на_диска', 'двустранно_огледало', 'повелителите_на_руни', 'илюзионист', 'чудотворец', 'кири_те_канава', 'екстаз', 'te_kanawa', 'driving_rain', 'secret_time', 'фокусници', 'фокусник', 'dame_kiri_te_kanawa', 'магьосник', 'occlumency', 'wonderworking', 'меджик_дъ_гедъринг', 'артефакт', 'parseltongue', 'трансфигурация', 'octiron', 'the_runelords', 'преображение', 'planeswalker', 'софистика', 'даме_кири_janette_te_kanawa', 'магически_трик', 'thaumaturgic', 'thaumaturgus', 'take_me_home', 'магия', 'илюзионно_изкуство', 'защита_срещу_черните_изкуства', 'justin_timberlake', 'октаринов', 'извиквайки_трик', 'pluto', 'magic_the_gathering', 'повелителите_на_руните', 'маг', 'аксел_руди_пел', 'фокус', 'етап_магьосник']
marriage	брака	Match	['сватбената_церемония', 'сватба', 'сватби', 'жени́тба', 'католически_брак', 'брака', 'съпрузи', 'двойка', 'hymeneals', 'гражданското_сватба', 'сва́тба', 'сродници_отношения', 'женитба', 'нищожност', 'брачни', 'сватбен', 'сватбена_церемония', 'ангажимент_церемония', 'бракът', 'омъжена_двойка', 'венчавка', 'съю́з', 'мъж_и_жена', 'брачен_съюз', 'брак', 'nihility', 'женени_двойки', 'ожени', 'бракосъчета́ние', 'бракове']
material	материала	Found close match: ['материал', 'материали', 'материално']	['материалистичен', 'неща', 'материализъм', 'текстил', 'тъкан', 'суровина', 'материя', 'текстилен', 'материално', 'материали', 'материалистите', 'суровини', 'кърпа', 'вещество', 'материалисти', 'физикализма', 'тъка́н', 'материал', 'тъкани', 'текстилна_промишленост', 'физическо_онтология', 'плат']
mathematical	математически	Match	['математика', 'чиста_математика', 'математическа', 'математически', 'математиката']
mechanism	механизма	Found close match: ['механизъм', 'механизми', 'механи́зъм']	['механи́зъм', 'движение', 'химически_механизъм', 'машина', 'капиталово_оборудване', 'механизми', 'устройство', 'машинария', 'механизъм', 'оборудване', 'машини']
medication	медикаменти	Not found	[]
money	парите	Match	['money', 'парите', 'пари́', 'сребро', 'парични_средства', 'the_sound_of_girls_aloud_the_greatest_hits', 'валута', 'състояние', 'богатство', 'пари']
mountain	планината	Match	['планините', 'планини', 'планината', 'порядъчна_сума', 'passel', 'muckle', 'планински', 'доста_малко', 'маса', 'планина̀', 'mickle', 'уби', 'добра_сделка', 'много', 'балкан', 'тълпа', 'куп', '482', 'sahtu', 'планина', 'mountain']
movement	движение	Match	['движение_на_червата', 'movement', 'изхождане', 'ако', 'акция', 'кампания', 'очевидно_движение', 'гомно', 'курешка', 'социални_движения', 'локомоция', 'пречиствам', 'подвижността', 'птичи_тор', 'изпражне́ния', 'дръдонка', 'фекалии', 'дефекация', 'she_wolf', 'изпражне́ние', 'фекална_материя', 'изпражнения', 'художествени_движения', 'философско_движение', 'екскреме́нти', 'изпражнение', 'дарадонка', 'лайна', 'обществено_движение', 'арт_движение', 'серат', 'говно', 'акане', 'фронт', 'фъшкия', 'движение', 'фекални', 'екскрементирал', 'кауза', 'сране', 'лайно́', 'тълпа', 'тълпата', 'говно́', 'двигателна_активност', 'художественото_движение', 'the_pillows', 'навалица', 'социално_движение', 'фека́лии', 'изхвърляне_на_изпражнения', 'придвижване', 'група_за_действие', 'екскремент', 'видимото_движение', 'тор', 'лайно', 'движения_на_червата']
movie	филм	Match	['филмова_шоу', 'киноспектакъл', 'пълнометражно_видео', 'кинофилм', 'кинолента', 'филм', 'големия_екран', 'движеща_се_картина', 'едноименния_филм', 'движещи_се_изображения', 'телевизионен_филм', 'филмова', 'театрална_филм', 'kites', 'кино_филм', 'движещ_се_киноспектакъл', 'движещите_се_изображения', 'филми']
music	музика	Match	['му́зика', 'the_music', 'благозвучие', 'музиката', 'страната_рок', 'music', 'музика', 'праисторически_музика', 'country_rock']
nation	нация	Match	['страни', 'федерални_провинции_на_германия', 'страна', 'национален', 'discworld', 'декларативна_теория_на_държавността', 'правителствени', 'носете_амелия_мур_nation', 'светът_на_диска', 'народи', 'суверена_държава', 'суверенна_държава', 'кендрик_ламар', 'държавата', 'държавен', '16те_провинции', 'държавна', 'carry_nation', 'страната', 'политическото_тяло', 'държави', 'аполо_крус', 'земя́', 'обществените_отношения', 'kendrick_lamar', 'нация', 'суверенни_държави', 'nation', 'държа́ва', 'държава', 'уа_нейшън', 'политическо_общество', 'национално', 'мексиканския_щат', 'страна́']
news	новини	Match	['нови́ни', 'но́вости', 'новини_програма', 'новините', 'новинарска', 'новости', 'известия', 'съобщение', 'телевизионни_новини', 'дума', 'репортаж', 'новина', 'текущите_събития', 'news', 'ве́сти', 'новини', 'изве́стия', 'новини_шоу', 'вести', 'вест']
noise	трептене	Incorrect	['дисонанс', 'звуковите_вълни', 'шума_в_изображението', 'звукова_вълна', 'шумотевица', 'електронен_шум', 'акустични_вълни', 'разпространение_на_звука', 'звук', 'космическото_фоново_лъчение', 'elementary_os', 'микровълново_фоново_лъчение', 'радио_смущения', 'космическо_микровълново_фоново', 'промишлен_шум', 'атмосферно_статично', 'cmb', 'stochasticity', 'звукови_вълни', 'електрически_шум', 'звуковото_замърсяване', 'космическото_микровълново_фоново_лъчение', 'шумовото_замърсяване', 'звуци', 'реликтово_излъчване', 'noise', 'разхвърляност', 'радиосмущения', 'шум', 'шум_музика', 'смущения', 'шумово_замърсяване', 'haphazardness', 'дандания', 'cbr', 'космическия_микровълнов_фон', 'cmbr', 'случаен_шум']
obligation	задължените	Found close match: ['задължение', 'задължения']	['задължения', 'обещанието', 'задължение', 'облигационно_право', 'сертификат_за_задлъжнялост', 'дума', 'облигации', 'отговорност', 'разпи́ска_за_дълг', 'обещание', 'облигационен', 'дълг', 'дългов_инструмент']
pain	болка	Match	['досадник', 'мъка', 'болка_и_ноцицепция', 'болезнено_усещане', 'болката', 'боли', 'pain', 'страдание', 'доса́да', 'king_of_da_ghetto', 'болки', 'forever', 'трън_в_задника', 'остра_болка', 'раздразне́ние', 'огорчение', 'болка', 'болка_сензация', 'games_pain']
personality	личност	Match	['personality', 'личността', 'характер', 'индивидуалност', 'личност']
philosophy	философия	Match	['философски', 'философски_език', 'философията', 'политическа_доктрина', 'философия', 'училище', 'мислител', 'история_на_философията', 'изъм', 'доктрини', 'доктрина', 'философска_традиция', 'учение', 'философска_система', 'философска', 'доктринална', 'училище_на_мисълта']
picture	снимката	Match	['ментална_картина', 'киноспектакъл', 'фотос', 'обрисуване', 'картинен_материал', 'големия_екран', 'илюстрация', 'рисуване', 'cobol', 'зоомаг', 'движещи_се_изображения', 'въображение', 'театрална_филм', 'живопис', 'кинолента', 'кино_филм', 'художници', 'изобразявам', 'картина', 'аватар', 'илюстрации', 'образ', 'образно_описание', 'телевизионен_филм', 'филмова', 'художник', 'кобол', 'рисунки', 'сцена', 'occlumency', 'движеща_се_картина', 'умствени_образи', 'едноименния_филм', 'parseltongue', 'трансфигурация', 'преображение', 'снимки', 'класическата_живопис', 'картина_на_акаунт', 'движещите_се_изображения', 'снимка', 'фотография', 'картини', 'kiss', 'филми', 'филмова_шоу', 'филм', 'кинофилм', 'снимката', 'карти́на', 'диза́йн', 'снѝмка', 'илюстрирана', 'картинка', 'фотогра̀фия', 'защита_срещу_черните_изкуства', 'рисунка', 'илюстратор', 'изображение', 'фантазия', 'фотографско_изображение', 'мисловен_образ', 'илюстровани_книги', 'движещ_се_киноспектакъл', 'дума_боядисване']
pig	крава	Incorrect	['глигани', 'домашна_свиня', 'дундьо', 'прасе́нце', 'pigging', 'scrofa', 'прасе', 'немарлив_човек', 'опрасвам_се', 'мърляч', 'свинско', 'свинско_месо', 'диво_прасе', 'скъперник', 'conjoiner', 'прасе_свиня', 'дива_свиня', 'повлекана', 'сея', 'ченге', 'ям_лакомо', 'домашни_свине', 'porc', 'shote', 'габарит_инспекция_на_тръбопроводи', 'conjoiners', 'прасенце', 'диви_прасета', 'свине', 'прасе_легло', 'същински_свине', 'sus_scrofa', 'sus_domestica', 'сви́нско', 'глиган', 'sus_scrofa_domestica', 'прасе́', 'полицай', 'свиня', 'поглъщам']
plan	плановете	Found close match: ['планове', 'планiчертеж', 'план']	['планират', 'планове', 'планира', 'замисля', 'архитектурният_план', 'планирам', 'план_—_подготовка', 'дизайн', 'замисъл', 'кроеж', 'рисунки', 'планувам', 'plan', 'плана', 'архитектурно_планиране', 'план', 'планiчертеж', 'проектирам', 'архитектурен_план', 'замислям', 'програма']
plant	растения	Match	['фа́брика', 'растителна', 'флора', 'plantae', 'производствени_предприятия', 'поточните_линии', 'установи', 'trigun', 'промишлено_предприятие', 'поточна_линия', 'декор', 'основавам', 'съоръжение', 'садя', 'конвейер', 'растителни_видове', 'заво́д', 'factorij', 'засаждам', 'фактория', 'растението', 'работник_във_фабрика', 'производствената_линия', 'засадя', 'feitoria', 'plant', 'растителен_живот', 'растение', 'флората', 'фабрика', 'фабрики', 'конвейр', 'завод', 'растителност', 'растения', 'кълн', 'работи']
play	играе	Match	['play', 'пиесата', 'android_market', 'драматични_изкуства', 'свобода', 'stageplay', 'драматургично_произведение', 'игра́я', 'играе', 'комарджии', 'забавлявам_се', 'период_на_игра', 'рипам', 'google_play_store', 'пиеса', 'играят', 'игра', 'играя', 'залагам', 'пиеси', 'играе_период', 'google_play', 'веселие', 'заложа', 'блещукане', 'басирам_се', 'фехтовка', 'театрална_пиеса', 'залагания', 'игри', 'драми', 'играй', 'драма', 'свири', 'хазарт', 'донесе', 'драматична_игра', 'play_store', 'свиря', 'състезание', 'обзалагам_се', 'работи']
pleasure	удоволствие	Match	['sondre_lerche', 'semisonic', 'наслада', 'удоволствие', 'pleasure_p']
poor	недобро	Incorrect	['бе́ден', 'доброволната_бедност', 'относителната_бедност', 'обедняване', 'нищета', 'беден', 'бедността', 'бедстващите', 'бедни', 'бедността_в_световен_мащаб', 'обет_за_бедност', 'градската_бедност', 'бедност', 'ниски_доходи', 'бедните_хора', 'мизерия', 'бедняци', 'бедните']
prison	затвор	Match	['зандан', 'затварям', 'tom_robinson', 'затвора', 'пандиз', 'поправителния_дом', 'затворнически', 'в_затвора', 'средно_ниво_на_сигурност', 'затвор', 'дребен', 'затвори', 'поправителния_съоръжение', 'дранголник', 'jailhouse', 'затворът']
professional	професионален	Match	['професионални_спортисти', 'професионализъм', 'професионални', 'професионалния_спорт', 'професионален_спортист', 'професионална', 'професионално', 'професионалист', 'професионално_изглеждащ', 'специалисти', 'професионалния_футбол', 'професионален', 'експерти', 'специалист', 'експерт', 'ма́йстор']
protection	защита	Match	['protection', 'сигурност', 'безопа́сност', 'защитно_покритие', 'охрана', 'защита', 'закрила', 'защитеност', 'покровителство', 'безопасност', 'за_защита_на_търговията']
quality	качество	Match	['управление_на_качеството', 'тембър', 'качество', 'timbral', 'характер', 'тембри', 'качеството', 'контрол_на_качеството', 'тон', 'quality']
reaction	реакция	Match	['химическа_реакция', 'реакция', 'reaction', 'химични_реакции', 'отзвук', 'химично_съединяване', 'химически', 'химична_реакция', 'отговор']
read	прочете	Found close match: ['прочетете', 'прочети', 'прочета̀']	['преминаване', 'прочети', 'че́тене', 'прочета̀', 'уча', 'чети', 'учат', 'читател', 'чѐта', 'read', 'прочетете', 'четете', 'четене', 'чета']
relationship	взаимоотношенията	Found close match: ['взаимоотношения', 'взаимоотношение', 'човешките_взаимоотношения']	['роднински_връзки', 'междуличностни_взаимоотношения', 'запознанство', 'отношения', 'връзка', 'тъст', 'релация', 'етърва', 'взаимоотношение', 'междуличностните_отношения', 'междуличностни_отношения', 'родство_и_слизане', 'човешките_взаимоотношения', 'човешкото_взаимодействие', 'шурей', 'познанство', 'познат', 'родство', 'дългосрочни_отношения', 'взаимоотношения', 'сродство', 'общуване', 'междуличностни', 'семейни_връзки']
religious	религиозни	Match	['набожен', 'духовник', 'религиозен', 'религиозна', 'благочестив', 'клирик', 'религиозни', 'религиозно']
residence	резиденция	Match	['жи́тел', 'имения', 'имение', 'жилище_на_едър_земевладелец', 'дома', 'жилище', 'местожителство', 'жител', 'жители', 'обита́тел', 'пребиваване', 'жилища', 'къща', 'резиденция', 'мястото', 'обитател', 'дом', 'жилищна_сграда', 'жи́лище', 'частна_резиденция', 'местожи́телство', 'династия']
road	пътят	Match	['causeways', 'гостуванията_си', 'the_road', 'път', 'пътека', 'пътят', 'пътя', 'шосе', 'пътища', 'пътна_лента', 'road', 'път_игра', 'друм', 'new']
sad	мързелград	Incorrect	['тъжно', 'печален', 'тъга', 'lost_dogs', 'скръбен', 'сезонно_афективно_разстройство', 'тъ̀жен', 'sadhe', 'тъжен', 'печа́лен', 'опечален', 'тъжни', 'тъжна', 'натъжен', 'сезонна_депресия']
science	наукознание	Found close match: ['науки', 'наука']	['сайънс', 'научна', 'уменията', 'науки', 'научни', 'списание_наука', 'емпиричната_наука', 'учени', 'нау́ка', 'науката', 'science', 'мейнстрийм_наука', 'научна_дисциплина', 'наука']
seafood	зеленчуци	Not found	[]
sell	продават	Match	['продава', 'търго́вия', 'търговията', 'продажба', 'предам', 'предава́м', 'покупка', 'търговия', 'прода́м', 'прода́вам', 'предавам', 'продавам', 'продам', 'изменям', 'изменя', 'морската_търговия', 'продават']
sew	обуват	Incorrect	['шиене', 'шият', 'шие', 'ръкоделие']
sexy	секси	Match	['секси', 'elephunk']
shape	елипсовидна	Incorrect	['оформям', 'фо́рма', 'мурведър', 'форма', 'физическото_тяло', 'геометрични_примитиви', 'човешко_тяло', 'модел', 'очертание', 'примитивен', 'формата', 'материално_тяло', 'тяло', 'човешката_анатомия', 'бпк', 'образуват', 'върховната_щабквартира_на_съюзните_сили_в_европа', 'телосложе́ние', 'цвета_на_кожата', 'пигментацията_на_кожата', 'човешкото_тяло', 'определи', '433', 'фигу́ра', 'shape', 'фигура', 'плът', 'музикална_форма', 'оформя', 'формирам', 'човешката_физиология', 'физиология_на_човека', 'геометричен_примитив', 'върховния_съюзен_командващ_за_европа']
ship	кораб	Match	['парахо́д', 'корабите', 'изпрати', 'ко́раб', 'кораби', 'кораб']
show	шоуто	Match	['свидетелствам', 'посоча', 'пока́звам', 'шоу', 'пока́жа', 'посочвам', 'установи', 'комарджии', 'покажи', 'изобразявам', 'show', 'представи', 'показвам', 'представление', 'показване', 'докажа', 'покажа', 'спектакъл', 'доказвам', 'покаже', 'шоуто', 'демонстрира', 'соча', 'показват', 'залагания', 'хазарт', 'докаже', 'излагане', 'селскостопанска_шоу', 'показ']
sign	подписа	Found close match: ['подписвам', 'подписано', 'подпиша']	['зодиакален_знак', 'електроположителни', 'предвестие', 'буква', 'характер', 'егидата', 'билборд', 'графичния_символ', 'планетарна_къща', 'brown_eyed_girls', 'подписвам', 'знамение', 'търговски_обозначения', 'електроотрицателност', 'семиотика', 'неотрицателно', 'семиотик', 'предзнаменование', 'семиология', 'знак_на_зодиака', 'зодия', 'езиков_знак', 'подписвам_се', 'сигнал', 'знак', 'сигнализация', 'подпиша', 'preindication', 'клинични_признаци', 'графема', 'къща', 'означения', 'знак_звезда', 'гадаене', 'положително_число', 'табела', 'графеми', 'семиотичен', 'скала_на_паулинг', 'подпиша_се', 'признак', 'графем', 'подписано', 'подпише', 'астрологичен_знак', 'сигнификация', 'electronegative', 'полярност', 'реклама', 'медицински_знак']
silly	недоумявам	Incorrect	['шарлатанство', 'silly', 'тъп', 'nonsensicality', 'сили', 'глупав', 'глу́пав', 'глупаво', 'нонсенс', 'глупости', 'глупост', 'безсмислен', 'nonsens', 'неразумен', 'абсурдност', 'безсмислица', 'non_sens', 'безразсъден', 'неразу́мен']
sin	греха	Match	['греха', 'sin', 'син', 'грехове', 'грешник', 'синхалски', 'греховете', 'синхалски_език', 'грехът', 'греховност', 'синус', 'нана', 'правя_груби_грешки', 'грешници', 'грях', 'прегрешение', 'синхала', 'shin', 'съгрешаване', 'синусова_функция', 'греша́']
skin	кожата	Match	['day_for_night', 'plugins', 'плъгини', 'almost_human', 'ко́жа', 'психиатрия', 'австралийски_абориген_родство', 'ray_of_light', 'кожата', 'скинове', 'платки', 'добави_в', 'платка', 'skin', 'верига_карта', 'психиатрична_болница', 'кожи', 'психическо_дома', 'blender', 'кожа', 'ар_кели', 'плъгин', 'обвивка', 'почти_човек', 'добавка', 'лудница', 'печатни_платки', 'cutis', 'лъч_светлина', 'кора', 'клетките_на_кожата', 'приставка', 'печатна_платка', 'свръхестествено', 'психиатрична_клиника', 'r_kelly', 'plugin']
smart	смарт	Incorrect	['умна', 'smart', 'интелигентен', 'умни', 'умен', 'интелигентност', 'наранявам', 'нахален', 'нараня', 'интелигентно', 'интелект', 'умно', 'технология_за_самонаблюдение_анализ_и_отчитане', 'наболяващи', 'умствен_капацитет', 'нагъл']
smiling	усмихва	Found close match: ['усмивка', 'усмихнат', 'усми́вка']	['усмихната', 'усмихнати', 'ухилен', 'усми́вка', 'усмихнат', 'усмивка', 'зъбене']
solution	разтворимостта	Found close match: ['разтвори', 'разтвор', 'разтворените_вещества']	['решения', 'решаване_на_уравнение', 'разтвор', 'реше́ние', 'решаване_на_проблеми', 'решение', 'разтворените_вещества', 'разтвори', 'уравнение_решаване', 'резултата', 'solution', 'отговор']
soul	душата	Match	['смъртен', 'душа', 'душевност', 'лице', 'души', 'особа', 'душата', 'човек', 'soul', 'aiúa', 'безсмъртна_душа', 'соул_музика', 'индивид', 'някой', 'личност', 'душа́', 'соул']
sound	звук	Match	['звука', 'телефон', 'звучи', 'проли́в', 'звуковите_вълни', 'слухова_сензация', 'звуци', 'здрав', 'звукова_вълна', 'tecnocumbia', 'реч_звук', 'акустични_вълни', 'звукови_вълни', 'проток', 'звук', 'разпространение_на_звука', 'прото́к', 'пролив', 'речта_звук']
spoke	говорило	Not found	[]
star	звезда	Match	['петзвезден_хотел', 'пет_звезден_хотел', 'медийна_личност', 'estelle', 'водеща_актриса', 'mavin', 'ilean_almaguer', 'участието_на', 'суперзвезда', 'матрица_ръсткъмдял', 'катран', 'светило', 'звезда', 'звезда_мрежа', 'матрица_бкг', 'адепт', 'известен_човек', 'звезден', 'топология_звезда', 'targz', 'tar', 'maven', 'магьосник', 'матрица_на_бостън_кънсълтинг_груп', 'матрица_на_бостънската_консултантска_група', 'поп_звездата', 'матрица_на_бостънска_консултантска_група', 'филмови_звезди', 'ас', 'знаменитост', 'star', 'стар', 'xerox_star', 'the_rise_and_fall_of_ziggy_stardust_and_the_spiders_from_mars', 'звезди', 'звездичка', 'hotshot', 'вещ', 'фуча', 'кефал', 'steroidogenic_остра_регулаторен_протеин', 'знаменитости', 'личност_телевизия', 'филмова_звезда', 'водещ_актьор']
student	студенти	Match	['книжарство', 'книжарница', 'студѐнт', 'учен', 'начетен_човек', 'обучаван', 'студенти', 'william_sealy_gosset', 'учещ', 'ученичка', 'учени', 'студентка', 'студент', 'книжовник', 'educatee', 'първата_година', 'книжар', 'студѐнтка', 'ученик', 'книжарници']
stupid	глупави	Found close match: ['глупав', 'глупаво', 'глупава']	['тъп', 'бедните_риба', 'глупава', 'лапа', 'pillock', 'глупав', 'глу́пав', 'глупак', 'глупаво', 'тъпо', 'глупости', 'ravensymone', 'глупав_човек', 'глупост', 'тъпак', 'pudden_главата', 'дървеняк']
successful	успешни	Match	['успешен', 'успешни', 'успешна', 'успешно', 'successful']
sugar	захар	Match	['sugar', 'захарид', 'glassheart', 'simoleons', 'въглехидрати', 'dinero', 'moolah', 'захар_във_виното', 'захар', 'бучка_захар', 'карбохидрати', 'batman_forever', 'бяла_захар', 'нива_на_кръвната_захар', 'книжни_пари', 'търговията_със_захар', 'карбохидрат', 'миди', 'за́хар', 'скопен', 'захари', 'мангизи', 'пари', 'въглехидрат', 'батман_завинаги', 'рафинирана_захар', 'богатство']
suspect	подозирам	Found close match: ['заподозряна', 'подозрение', 'заподозрян']	['подсъдимия', 'обвиняем', 'подсъдим', 'недоверие', 'заподозрения', 'заподозрени', 'заподозрян', 'robert_crais', 'ответник', 'съмнение', 'подозрение', 'смолвил', 'ответника', 'заподозряна']
table	таблица	Match	['връзка', 'табли́ца', 'таблична', 'справочна_таблица', 'плата', 'масичка', 'вградена_рамка', 'html_елемент', 'маса', 'отсроча', 'забавям', 'звукова_карта', 'софра', 'масата', 'отложа', 'пулта', 'таблица', 'етикет', 'плато', 'отсрочвам', 'отложи', 'href', 'mesa', 'табличен_масив', 'платото', 'отлагам', 'html_етикет', 'търсене', 'лист_с_данни']
taste	вкус	Match	['вкусовото_възприятие', 'основни_вкусове', 'основни_вкуса', 'вкусвам_с_наслада', 'основен_вкус', 'овкусител', 'склонност', 'пробвам', 'вкус', 'taste', 'чувство_за_вкус', 'вкус_възприятие', 'буке́т', 'вкусови', 'опитам', 'дегустация_на_вино', 'кисел_вкус', 'вкусово_усещане', 'изкуствени_аромати', 'предпочитания', 'изкуствени_ароматизатори', 'nowhere', 'сляпа_дегустация', 'вкуся', 'предпочитане', 'дегустация', 'дегустирам', 'вкусови_модалност', 'натурални_аромати', 'опитвам', 'дъх', 'вкусвам']
team	отбора	Match	['спортен_отбор', 'отборен_спорт', 'музикален_състав', 'rock_band', 'соло_артист', 'бенд', 'отборните_спортове', 'соло_проект', 'поп_група', 'рок_банди', 'попрок_банда', 'рок_група', 'team', 'група', 'рок_банда', 'ансамбъла', 'ансамбъл', 'тийм', 'екип', 'тим', 'отбора', 'музикален_ансамбъл', 'отбор', 'инструментален_ансамбъл', 'музикална_група']
texture	текстура	Match	['текстура_карта', 'текстура', 'macrotexture', 'музикална_текстура', 'mouthfeel', 'усещане_в_устата', 'материя', 'текстуриране', 'тъкан', 'текстура_картографиране']
time	време	Match	['двуделен', 'напрегнат', 'in_my_own_words', 'scatmans_world', 'такт', '68_време', 'тактова_честота', 'часовника', 'измеря', 'неравноделен_такт', 'съединение_време', 'списание_тайм', 'измервам', 'polymeter', 'тактов_сигнал', '24_време', 'време_интервал', 'y_not', 'измервам_време', 'такта', 'м', 'време', 'напрегната', 'тайм', 'ранната_вселена', 'четвъртото_измерение', 'неравноделен_размер', 'поредица_от_събития', 'час', 'anastacia', 'път', '44_време', 'крушка', 'hypnotica', 'импулс', 'часовник_сигнал', 'валс_време', 'космологичната_време', 'pacific_ocean_blue', '44', 'прост_път', 'лишаване_от_свобода', 'времето', 'time', '128', 'време_подпис', 'вре́ме', 'подписи_време', 'глаголно_време', 'музикален_време_подпис']
tool	автоматизиране	Incorrect	['софтуерни_инструменти', 'хуй', 'инструменти', 'инструмент_за_програмиране', 'инструмент_за_разработка_на_софтуер', 'инструмент', 'инструме́нт', 'софтуерен_инструмент', 'сечиво', 'tool', 'оръдие', 'инструменти_за_разработка_на_софтуер', 'кур', 'тул', 'инструмент_за_развитие']
toy	играчки	Match	['играчка', 'играчки', 'играчка_куче', 'toy', 'лъскав', 'chatoyancy', 'игра́чка', 'yello', 'йело', 'toyline', 'секс_играчки']
tree	дървета	Match	['гора', 'дърво_поклонение', 'корени_дърво', 'поддърво', 'майка_възел', 'дърво__структура_от_данни', 'листа_възел', 'краен_възел', 'коренът', 'дървовидна_структура', 'charlotte_bronté', 'kruskal_дърво_теорема', 'дърво', 'вътрешен_възел', 'интериор_възел', 'свещено_дърво', 'родителски_възел', 'шарлот_бронте', 'фиданка', 'трий', 'сър_хърбърт_beerbohm_tree', 'дръвче', 'дървото', 'дървовидната_диаграма', 'herbert_beerbohm_tree', 'дървета']
trial	обвинение	Incorrect	['тест', 'причинна_връзка', 'граматично_число', 'изпитание', 'paucal', 'съд', 'iii', 'граждански_съд', 'пробен_пуск', 'трима', 'тристишие', 'съди', 'броя', 'гражданско_дело', 'причинност', 'три', 'страните', '3', 'трикомпонентен', 'двойкаace', 'номер_на_договора', 'каузални', 'съдебно_дело', 'каузално', 'причина', 'дело', 'причината_система', 'каузалност', 'terzetto', 'кауза', 'проба', 'тройка', 'експеримент', 'процес', 'правосъдие', 'ternion', 'иск', 'изпробване', 'съден', 'случай', 'съдебни_дела', 'причинноследствена', 'причинноследствена_връзка', 'число', 'причинноследствената_връзка', 'наказателно_дело', 'досъдебното', 'правен_спор', 'съдебен_процес', 'граматически_номер']
tried	опитвал	Not found	[]
typical	типично	Match	['типичен', 'типични', 'типично', 'типична']
unaware	разбира	Not found	[]
usable	използваема	Found close match: ['използваеми', 'ползваемост']	['лекота_на_използване', 'ползваемост', 'функциониращ', 'използваеми', 'действащ', 'лесен_за_употреба', 'usability']
useless	безполезна	Found close match: ['безполезно', 'безполезен']	['useless', 'безполезно', 'безполезен']
vacation	почивка	Match	['празник', 'отпуска', 'вака́нция', 'почивка', 'отпуск', 'ваканция']
war	война	Match	['война', 'the_war', 'ares', 'война_и_мир', 'военен', 'състояние_на_война', 'въоръжени_конфликти', 'победи_над_замяна', 'войни', 'въоръжен_конфликт', 'конфликт', 'военен_конфликт', 'war', 'all_or_nothing', 'варайски_език', 'waraywaray_език', 'войната']
wash	налива	Incorrect	['химическо_измийте', 'buried', 'измивам', 'попътна_струя', 'the_wash', 'lavation', 'мия', 'пра́не', 'washables', 'измиване', 'перачка', 'измийте_рисуване', 'unearthed', 'отмиване', 'scan', 'въздушната_струя', 'пера', 'памыць', 'аройо', 'китайски_пране', 'мыць', 'навлажнявам', 'lost_dogs', 'пране', 'измия', 'миене', 'дрехи_за_пране']
weak	слаба	Match	['слабост', 'слабо', 'слаби', 'безсилие', 'слаба', 'мускулна_слабост', 'the_sea', 'слаб']
wear	носенето	Found close match: ['носят']	['строшавам_се', 'дре́хи', 'облекло́', 'носят', 'дамска', 'счупвам_се', 'дрехи', 'одежда', 'износване', 'строша_се', 'носи', 'оде́жда', 'устойчивост_на_износване', 'облекло', 'дреха', 'подигравка', 'подходящ_за_носене', 'облекла', 'счупя_се', 'нося', 'екипировка', 'статия_на_облекло', 'wear']
weather	метеорологични	Found close match: ['метеорологични_условия', 'метеорологично_време', 'метеорологичните_условия']	['време_перспектива', 'изтрая', 'времето', 'изтрайвам', 'издържа', 'издържам', 'прогноза_за_времето', 'метеорологичните_условия', 'време', 'атмосферни_условия', 'метеорологично_време', 'търпя', 'метеорологични_условия']
willingly	разубеждава	Not found	[]
word	думата	Found close match: ['дума', 'думи']	['свещен_текст', 'пароли', 'честна_дума', 'син', 'свещените_текстове', 'разискване', 'свещената_книга', 'думи', 'ms_word', 'библия', 'microsoft_word', 'обсъждане', 'новина', 'машинна_дума', 'библии', 'дискусия', 'общ_увод_в_библията', 'парола', 'писанията', 'религиозен_текст', 'обещание', 'синове', 'слово', 'съобщение', 'bible', 'свето_писание', 'новини', 'формулирам', 'християнската_библия', 'библейски', 'християнските_писания', 'вест', 'логос', 'религиозни_текстове', 'писанието', 'библията', 'дума', 'дължина_на_думата', 'свещеното_писание', 'светото_писание']
