ability	kyky	Match	['kyky', 'mahti', 'soveltuvuus', 'kyvykkyys', 'valta', 'kyvyt', 'taito', 'kyvyn', 'valmiudet', 'aptitude', 'taipumus']
accomplished	taitava	Match	['suoritettu', 'hyväksytty', 'valmis', 'toteutettu', 'täydellinen', 'täysi', 'tunnettu', 'taitava', 'vakiintunut', 'tunnustettu', 'loppuun_suoritettu', 'saavutettu']
angry	raivostunut	Match	['myrskyinen', 'viha', 'myrsky', 'vihaisuus', 'vihaa', 'angriness', 'kay_starr', 'uhkaava', 'raivokas', 'vihastus', 'press_to_play', 'suuttumus', 'mad_season', 'vihainen', 'raivostunut', 'raivoissaan', 'kipeä', 'synkkä', 'raivoava', 'raivoisa', 'kiukku', 'rauhaton']
apartment	kerrostaloon	Found close match: ['kerrostalo', 'kerrostaloja']	['asunnon', 'lape', 'taloyhtiön', 'kerrostalo', 'asuinhuoneisto', 'asunto', 'kämppä', 'apartment', 'kerrostaloja', 'huoneisto']
applause	suosionosoitukset	Not found	[]
argument	argumentti	Match	['mielipiteiden_vaihto', 'lausunto', 'argumentointi', 'puheen_ja_keskustelun', 'argumentteja', 'disceptation', 'kiistäminen', 'ristiriitoja', 'kirjallisuuden_argumentti', 'looginen_väite', 'riita', 'verbi_argumentti', 'musiikin_argumentti', 'todiste', 'kirjallinen_väittely', 'väitteleminen', 'sanaharkka', 'parametri', 'linja', 'keskustelua', 'väittely', 'argumentti', 'argumentaatio', 'kiistanalainen', 'ajattelutapa', 'keskusteluja', 'perustelu', 'perustelut', 'looginen_argumentti', 'peruste', 'sanasota', 'kiista', 'tunnusluvut', 'poliittista_keskustelua', 'vino_argumentti', 'keskustelupiiri', 'päättelyä', 'perustelutaito', 'looginen_peruste', 'keskustelun_joukkue', 'keskustella', 'keskustelu', 'pääsisällys', 'parametrit', 'väittäen', 'keskustelemme']
art	taide	Match	['kuvitus', 'beauxarts_tyyliin', 'taiteellinen_tuotanto', 'design', 'taiteellinen_luominen', 'taito', 'kieliopillinen_artikkeli', 'fine_arts', 'taidetta', 'artikkeli', 'taideaineet', 'beaux_arts_arkkitehtuurin', 'art', 'taiteen', 'grafiikka', 'taiteellisuus', 'taitavuus', 'beaux_arts', 'beauxarts_arkkitehtuurin', 'taide', 'kuvamateriaali', 'kuvataiteen', 'taideteos', 'the_vips', 'muu_kuin_tekstiaineisto', 'taiteellisen_ilmaisun', 'taideteosten', 'kuvataide', 'kyvykkyys', 'taiteellinen_luomus', 'agouti_liittyvä_peptidi', 'nontextual_väliä', 'dni', 'kuvataiteilija']
attitude	asenne	Match	['asenne', 'suunnistus', 'viettymys', 'käyttäytymistä', 'olemus', 'suuntaus', 'attitude', 'suunta', 'malpresentation', 'ryhti', 'asenteet', 'näkökanta', 'asenteella', 'suhtautuminen', 'positiivinen_ajattelu', 'mielipide', 'käyttäytymiseen', 'käytös', 'tendenssi', 'henkistä_asennetta', 'rehottaa', 'myönteinen_ajattelu', 'käsitys', 'kohdealueeseen', 'reload', 'kanta', 'luonteenlaatu', 'tarjonta', 'käyttäytyminen', 'käytöstapa', 'asennetta', 'tekemiset', 'toiminta', 'kurittomuus', 'asento', 'puuhat', 'menettelytapa', 'disposition', 'sosiaalisen_käyttäytymisen', 'eulerin_kulmia', 'asiat', 'taipumus', 'luettelo_balettitermeistä']
bag	laukkuja	Found close match: ['laukku', 'käsilaukku', 'akka']	['käsilaukut', 'pihistää', 'kassi', 'utaret', 'udar', 'bag', 'utare', 'mieliharrastus', 'kuppi_teetä', 'matkakassi', 'saalis', 'kassillinen', 'vanha_akka', 'säkki', 'noita', 'monijoukko', 'matkalaukku', 'saada_saalista', 'pullistua', 'säkillinen', 'laukku', 'muovikassillisen', 'kähveltää', 'käsilaukku', 'pussillinen', 'muovikassi', 'multisets', 'pakata_kassiin', 'roikkua', 'vanha_ämmä', 'työntyä', 'muovi_ostoskassi', 'oma_juttu', 'ryövätä', 'monitoimisarja', 'haahka', 'varastaa', 'kukkaro', 'mielipuuha', 'akka', 'ämmä', 'lompakko', 'muovipussi', 'pesä', 'lököttää', 'utareet', 'pussittaa', 'paperikassi', 'pussi', 'leipälaji', 'pakata_pussiin', 'paperipussi']
ball	pallon	Match	['testikkeli', 'loraus', 'pallit', 'avoin_pallo', 'kehrä', 'luoti', 'kuula', '2alalla', 'kiertää_kerälle', 'kääriä_kerälle', 'paskaa', 'pallo', 'ammus', 'kassit', 'kokovaippaluoti', 'paakku', 'strike_zone', 'suljetun_pallon', 'kivesten', 'etana', 'munasolu', 'testikkelit', 'iskualue', 'syöttö', 'uintisyvyyden', 'päkiä', 'ballock', 'tanssiaiset', 'kiveksissä', 'amerikkalainen_jalkapallo', 'pallon', 'tennispallo', 'luoteja', 'musketin_luoti', 'testis', 'munat', 'kives', 'pyöreä_kappale', 'palli', 'pallomainen', 'jalkapallo', 'pallukka', 'teste', 'musketti_pallo', 'savikokkare', 'lankakerä', 'kivekset', 'väärä', 'möykky', 'ball', 'tennispalloja', 'kulkunen', 'kerä', 'möhkäle', 'kulkuset', 'puolipallon', 'lucille_ball', 'baseball', 'kimpale', 'john_ball', 'kumiluoti']
bar	bar	Match	['sandbars', 'heittää_ulos', 'pubi', 'foo', 'este_ranta', 'sulkea_esteellä', 'välttää', 'äänestää_vastaan', 'aita', 'kalteri', 'mbar', 'ajaa_maanpakoon', 'ylärima', 'viiru', 'sulkea_pois', 'taverna', 'jättää_jnk_ulkopuolelle', 'pub_grub', 'karttaa', 'patronyymi', 'hankkiutua_eroon', 'kieltää_pääsy', 'asianajajakunta', 'kisko', 'hyljeksiä', 'ginmill', 'tanko', 'browning_automatic_rifle_pikakivääri', 'patronym', 'sulkea_ulkopuolelle', 'ehkäisyyn', '◌̷', 'bar', '◌̶', 'baarit', 'matalikot', 'puomi', 'banaanipuhelin', 'gin_tehdas', 'millibaari', 'seisauttaa', 'palkki', 'särkkä', 'advocatus', 'browning_automaattinen_kivääri', 'karkottaa_maasta', 'toimenpide', 'kievari', 'farnesoid_xreseptori', 'pubien', 'taphouse', 'tiski', 'kapakka', '◌̸', 'piirto', 'sedan_pitäjän', 'tukkia_kulku', 'matalikko', 'jättää_pois', 'baijerin_kieli', 'taproom', 'estää', 'millibaaria', 'pubiruokaa', 'oluttupa', 'tavernoja', 'barline', 'poikkiviiva', 'beeta2adrenergisen_reseptorin', 'karkottaa', 'pothouse', 'pubeja', 'country_inn', 'simpukkamalli', 'beeta2reseptorin', 'sulkea_barrikadilla', 'juova', 'kieltää', 'tukkia', 'tahtiviiva', 'foobar', 'terässeiväs', 'matalikolle', 'rautakanki', 'liukukannellinen_matkapuhelin', 'barpikakivääri', 'krouvi', 'panimo_hana', 'pub', 'saartaa', 'sauva', 'public_house', 'pala', 'saluuna', 'patronymics', 'pysäyttää', 'simpukkamallinen', 'hiekkaa_pankin', 'sulkea', 'matkapuhelinten_muodot', 'karsastaa', 'raita', 'kosketa_talo', 'baariin', 'baaritiski', 'baarin', 'esto', '◌̵', 'salvata', 'torjua', 'baari', 'beeta2reseptoriin', 'poikkipuu', 'halkopuhelin', 'veto', 'kirjaimen_yli_menevä_viiva', 'anniskelupaikka', 'tahti', 'lainsäädäntöpiirien', 'lämmitysvastus', 'nimestä', 'ravintola', 'läppäpuhelin', 'baarissa', 'toimenpiteen', 'patrynomic', 'lakimieskunta', 'viinitupa', 'isännimi', 'teljetä', 'barroom', 'hiekkasärkkä', 'pub_merkki', 'juottola', 'simpukan_muotoinen_matkapuhelin', 'ehkäisy', 'kaihtaa', 'kaide']
bear	karhu	Match	['säilyttää', 'seistä', 'ottaa_vastatakseen', 'karhua', 'odottaa', 'bear', 'sisältää', 'ursinae', 'ursine', 'ottaa', 'tuottaa', 'webelos', 'onnistua', 'pörssikeinottelija', 'tupolev_tu20', 'valmistaa', 'ursidae', 'sulattaa', 'tu142', 'karhut', 'esiintyä', 'kannattaa', 'kuljettaa', 'nalle', 'tupolev_tu95k', 'ottaa_itselleen', 'mike_brown', 'olla', 'vastata', 'sallia', 'ottaa_niskoilleen', 'liikkua', 'ottaa_vastuulleen', 'omata', 'toimia', 'ottaa_kannettavakseen', 'liikehtiä', 'synnyttää', 'hyväksyä', 'lasku', 'sietää', 'odottaa_lasta', 'suoriutua', 'ottaa_harteille', 'käyttäytyä', 'tupolev_tu95', 'karhu', 'kestää', 'suvaita', 'kantaa_hedelmää', 'ottaa_maksettavakseen', 'maksaa', 'karhuja', 'kantaa', 'alistua', 'kärsiä', 'olla_raskaana', 'tu95']
beat	finaalissa	Incorrect	['vetää_vertoja', 'tertsiini', 'mukiloida', 'kuitti', 'naputtaa', 'tehdä_munakokkelia', 'pistää', 'kukistaa', 'lyödä', 'käyttää_loppuun', 'pärinä', 'poljento', 'rytminen', 'vatkata', 'siteswap', 'hakkaa', 'hämmentää', 'räpytellä', 'räpyttää', 'sydämenlyönti', 'luoviminen', 'beat', 'päihittää', 'olla_ovelampi', 'paistaa_täydeltä_terältä', 'lyönti', 'pulssi', 'muovata', 'voittaa', 'tikittää', 'rakki', 'hakata', 'daktyyli', 'ajaa_loppuun', 'rytmi', 'runomittaoppi', 'typerryttää', 'jyskyttää', 'lepattaa', 'tallata', 'sydämensyke', 'isku', 'trokee', 'huojuntataajuus', 'tampata', 'tykyttää', 'mykistää', 'ärsyttää', 'ällistyttää', 'kuolemanväsynyt', 'mennä_pummilla', 'pettää', 'anapesti', 'iskeä', 'kiusata', 'pulsaatio', 'uuvuttaa', 'rummuttaa', 'beatniks', 'beattaajuus', 'jyske', 'porottaa', 'rytmejä', 'beatnikki', 'alue', 'mystifioida', 'luovia', 'takoa', 'nujertaa', 'piestä', 'viisimittasäe', 'musiikillinen_rytmi', 'syke', 'matkustaa_jäniksenä', 'rytminen_yksikkö', 'kummastuttaa', 'beatnik', 'päristä', 'kierros', 'puijata', 'oskillaatio', 'jet_set_radio', 'puhki_oleva', 'työvuoro', 'mittari', 'vispata', 'murskata', 'väsyttää', 'huojunta', 'tahti', 'runomitan', 'metrumi', 'offbeat', 'häkellyttää', 'pentametri', 'petkuttaa', 'runomitta', 'saattaa_ymmälle', 'viisimitta', 'vetää_nenästä', 'uupunut', 'sykkiä', 'raksuttaa', 'saattaa_ymmälleen']
bed	sänkyyn	Found close match: ['sänky', 'sängyn']	['sängyn', 'penger', 'uoma', 'kerrostuma', 'allas', 'jenkkisänky', 'kehilön_alusta', 'saada', 'majoittaa', 'parvisänky', 'muhinoida', 'bed', 'hassutella_heinikossa', 'kiksauttaa', 'jenkkivuode', 'nussia', 'rakastaa', 'sauma', 'perusta', 'moottorivuode', 'maata_jonkun_kanssa', 'fundamentti', 'suoni', 'kukkapenkki', 'rakastella', 'ryömiä_peiton_alle', 'maata_jkn_kanssa', 'alusta', 'streambed', 'olla_intiimissä_suhteessa', 'painua_pehkuihin', 'kenttä', 'sänky', 'olla_sukupuoliyhdynnässä', 'painoalusta', 'mennä_nukkumaan', 'pohja', 'juonne', 'harrastaa_seksiä', 'hässiä', 'olla_sukupuoliyhteydessä_jkn_kanssa', 'vuode', 'vuodevaatteet_tasossa', 'esiintymä', 'istuttaa', 'asettua_nukkumaan', 'nukahtaa', 'painaa_pää_tyynyyn', 'mennä_sänkyyn_jkn_kanssa', 'käydä_nukkumaan', 'panna_jku_nukkumaan_jhk', 'peti', 'harrastaa_vaakamamboa', 'kerros', 'jokiuoma', 'lihavan_ahmimishäiriö', 'maata', 'olla_sukupuoliyhteydessä', 'creek_bed', 'humalahakuisen_syömishäiriö', 'mennä_levolle', 'naida', 'bylsiä', 'yhtyä', 'joen_uoma', 'penkki', 'olla_seksisuhde', 'panna']
beer	olutta	Match	['kaltsu', 'mallasjuoma', 'ölkki', 'ale', 'birre', 'sahti', 'bisse', 'beer', 'keskiolut', 'ohrapirtelö', 'kotiolut', 'olutta', 'olut', 'real_ale', 'ööli', 'kalja', 'kaljaa', 'bishe', 'panimoteollisuus', 'pitkä', 'huurteinen', 'keijo', 'bier']
big	big	Match	['reilu', 'ylimielisesti', 'paha', 'varttunut', 'täysikasvuinen', 'jalomielinen', 'raskauden_loppuvaiheessa_oleva', 'merkittävä', 'sievoinen', 'pahasti', 'kerskuva', 'laajasti', 'runsas', 'mahtailevasti', 'lukuisa', 'big__isoksi_yhdessä_yössä', 'bjarke_ingels_group', 'jälkimaku', 'runsaskätinen', 'kuuluisa', 'voimakas', 'varsinainen', 'oikea', 'big_–_isoksi_yhdessä_yössä', 'jalo', 'stypsis', 'kutistuvuus', 'isosti', 'innokas', 'itsetärkeä', 'huomattava', 'menestyksekkäästi', 'suuresti', 'suuri', 'rehentelevästi', 'mineraalinen', 'isot', 'hienosti', 'vakava', 'omahyväinen', 'hedelmiä', 'kehuskeleva', 'kookas', 'leuhkasti', 'kovan_luokan', 'melkoinen', 'avokätinen', 'tärkeä', 'raskaana_oleva', 'kova', 'raju', 'aikuinen', 'mahtaileva', 'innostunut_jstak', 'kuiva', 'antelias', 'paisunut', 'big', 'ylevämielinen', 'rehentelevä', 'pöyhkeilevä', 'iso', 'nimekäs', 'leveästi', 'kehon', 'brassmunk', 'kokoon_vetäytyminen', 'norm_nixon', 'rehvasteleva']
bird	lintu	Match	['buuaus', 'kielen_pärisytys', 'kukko', 'likka', 'siipikarja', 'neitonen', 'mikuni_shimokawa', 'tytsy', 'yardbird_parker', 'pöö', 'kukon_vuosi', 'bongata_lintuja', 'lintu', '9_que_shimokawa_mikuni_self_cover_album', 'keskisormi', 'aves', 'katsella_lintuja', 'avafauna', 'linnun', 'kulta', 'kultanen', 'muru', 'kimma', 'kiltsi', 'beibi', 'sormi', 'charlie_parker', 'linnut', 'chrome_reflection', 'sisar', 'bird_parker', 'tuhahdus', 'bird', 'parker', 'sulkapallo', 'roosting', 'bronx_cheer', 'razzing', 'charles_christopher_parker', 'tipu', 'sisko', 'birds', 'hame', 'razz', 'tyttö', 'pesäpakoinen', 'typykkä', 'riistalintu', 'boo', 'vihellys']
blood	verta	Match	['ihmisen_verta', 'sukulinja', 'sukupuu', 'blood', 'sukujuuri', 'hello_master', 'rietastelija', 'bordeauxviini', 'leijona', 'elostelija', 'alkuperä', 'verta', 'presistence_of_time', 'rakehell', 'sukuperä', 'levittää_verta_iholle', 'veri', 'verilinjaa', 'verisukulaisuus', 'bordeaux', 'irstailija', 'verisukulainen', 'linja', 'bordeaux_viini', 'geneettisen_perinnön', 'vs', 'sotkea_verellä', 'biologisen_perinnön', 'perinnöllinen', 'sukuhaara', 'happipitoista_verta', 'persistence_of_time', 'sukutaulu', 'aleneva_polvi', 'verenkiertoon', 'suku', 'syntyperä', 'näyttävä_mies', 'collective_soul', 'hematologiset', 'perinnöllisyys', 'sanguis', 'the_black_parade', 'black_parade', 'getting_away_with_murder', 'tuhria_verellä']
body	ruumiin	Match	['kentällä_vaikutus_transistorit', 'elimistö', 'pica', 'vartalo', 'vastaanotin', 'kalmo', 'trikoot', 'kutistuvuus', 'rakenne', 'uutinen', 'ihmisruumis', 'aikakauslehdessä', 'äänirasia', 'soundbox', 'hedelmiä', 'kappale', 'polytooppia', 'piste', 'trikooasu', 'kuiva', 'body', 'teairra_marí', 'eubstance', 'kanavatransistorille', 'ylävartalo', 'torso', 'body_puku', 'polytopes', 'joukko', 'elin', 'korinrakentaja', 'nielu', 'yläruumis', 'teairra_mari', 'teksti', 'portti', 'mineraalinen', 'keho', 'kirjallinen_artikkeli', 'kissapuku', 'orgaaninen_rakenne', 'personoida', 'uutisjuttu', 'kehon', 'fyysinen_ruumis', 'ovi', 'kanavatransistori', 'tomumaja', 'lähde', 'kroppa', 'catsuit', 'fälteffekttransistor', 'hienovaraisen_kehon', 'stypsis', 'tiiviys', 'fet', 'kori', 'pistekoko', 'kissaasu', 'fysikaalinen_kappale', 'lujuus', 'pääosa', 'ruumis', 'fyysinen_rakenne', 'fälteffekttransistorer', 'ruumiin', 'ruumiita', 'sanomalehtiartikkeli', 'coachbuilder', 'best_night_of_my_life', 'fysikaalinen_olio', 'ruho', 'artikkeli', 'lehtiartikkelissa', 'jälkimaku', 'maalliset_jäännökset', 'ylävartalon', 'kanavavaikutustransistori', 'kissa_puku', 'kehon_puku', 'uutisartikkeli', 'antaa_muoto_jllk', 'sakeus', 'konkreettinen_olio', 'runko', 'haaska', 'kokoon_vetäytyminen', 'raato', 'unitard']
brain	aivojen	Found close match: ['aivoja', 'aivo', 'aivot']	['psyykillinen', 'kallo', 'älli', 'mieli', 'banks', 'päähän', 'päänsä', 'tarkastaja_gadget', 'kumauttaa', 'aivoista', 'järki', 'brian_mantia', 'jillian_rose_banks', 'iskeä', 'oppimiskyky', 'aivokapasiteetti', 'aivo', 'lyödä', 'brain', 'inspector_gadget', 'murskata', 'nerous', 'encephalon', 'bryan_mantia', 'terävyys', 'lahjakkuus', 'ihmismielen', 'henkinen_kapasiteetti', 'nokkeluus', 'klinik', 'tolkku', 'järkiajattelu', 'sukkeluus', 'ymmärrys', 'syy', 'oppimiskykyä', 'äly', 'mestari', 'nero', 'aivoja', 'nisäkkään_aivoissa', 'brainiac', 'psyyke', 'kolkata', 'c', 'aivot', 'pihalle', 'psyykkinen', 'älykkö', 'nous']
broken	rikkinäinen	Match	['köyhtynyt', 'welcome_to_the_drama_club', 'särkynyt', 'ms_kelly', 'rikottu', 'kurjistunut', '12_stones', 'hajallaan_oleva', 'huono', 'delta_machine', 'vajavainen', 'broken', 'kariutunut', 'plastic_beach', 'begin', 'rikki_oleva', 'nöyryytetty', 'puutteellinen', 'katkennut', 'nolattu', 'vajaa', 'murtunut', 'winterheart’s_guild', 'epäjärjestyksessä_oleva', 'sekainen', 'the_best_of_bruce_dickinson', 'koulutettu', 'rikkinäinen', 'totutettu', 'karu', 'kallioinen', 'katkonainen', 'väärä', 'hajaantunut', 'winterhearts_guild', 'vierasvoittoinen', 'erheellinen', 'echo', 'rosoinen', 'rikki', 'epätasainen', 'viallinen']
building	rakennus	Match	['rakennuksen', 'asukkaat', 'rakennelma', 'mahtava_rakennus', 'rakennustyö', 'rakennusalalla', 'rakennuksessa', 'julkinen_rakennus', 'building', 'rakennustaito', 'rakennustyömailla', 'julkisten_rakennusten', 'rakennusala', 'rakennusteollisuus', 'rakentaminen', 'rakennus', 'rakentaminen_rakennustyöt']
burn	polttaa	Match	['kärventää', 'fc_dallas', 'hehkua', 'stream', 'palovamma', 'kuluttaa', 'polte', 'vesireitti', 'kolmannen_asteen_palovammoja', 'kuumoittaa', 'palohaava', 'poltetaan', 'burn', 'polta', 'kopioida', 'punoitus_solare', 'liekki', 'tuntea_poltetta', 'jokireitti', 'tuli', 'vesistö', 'poltto', 'järvireitti', 'liekehtivä', 'palaa', 'päivetys', 'tallentaa', 'kolmannen_asteen_palovamma', 'reittivesi', 'kihelmöidä', 'nuotio', 'ruisseau', 'virta', 'polttaa', 'avotuli', 'dallas_burn', 'super', 'rusketus', 'erythema_solare', 'tulipalot', 'auringonpaahdepunoitus', 'auringonpolttama', 'the_crow', 'toisen_asteen_palovamma', 'vesitie', 'pala', 'polttaa_merkki', 'väylä', 'ajoittaista_stream', 'hysteria', 'puro']
business	liiketoiminta	Match	['kaupankäynti', 'elinkeinoelämä', 'vaiheessa_yrityksen', 'liike', 'liikeyrityksen', 'asiakas', 'yhtiöoikeus', 'liiketaloustiede', 'talouselämä', 'voittoa', 'ala', 'liikevaihto', 'yritystoiminta', 'asiakaspiiri', 'ammatti', 'yritysten_järjestö', 'liiketoiminta_ja_teollisuus', 'yritys', 'miehityksen', 'jet_lag_gemini', 'business', 'liiketoiminta', 'huoli', 'firma', 'vapautuneen', 'liiketoimintaalue', 'linjan_työtä', 'liikeala', 'kauppias', 'päivä_työtä', 'näyttämötyöskentely', 'yhtiö', 'kauppa', 'liiketoiminnan', 'gangstereiden_paratiisi', 'konserni', 'huolenaihe_yrityksille', 'yksityinen_elinkeinonharjoittaja', 'mimiikka', 'sivunäytelmä', 'liiketoiminnan_järjestelmän', 'kiinnostuksen_kohde', 'liikkeet_ja_eleet', 'työ', 'liikelaitos', 'tehtävä', 'elinkeinoelämän', 'elinkeino', 'asia', 'liikeyritys', 'toimiala', 'lob', 'asiakaskunta_asiakkaat', 'liikeelämä', 'liiketoimintaa', 'asiakaskunta', 'homma', 'liikeorganisaatio', 'bisnes']
camera	kameran	Match	['the_back_room', 'elokuva_kamera', 'televisiokamera', 'kamera', 'filmikamera', 'kameran', 'liikkuvan_kuvan_kamera', 'televisiokamerajärjestelmät', 'valokuvauskone', 'tvkamera', 'suljin', 'valokuvakamera', 'elokuvakamera', 'valokuvauskamerasta', 'kaitafilmikamera', 'camera', 'televisiokameran']
carefully	huolellisesti	Match	['levottomuus', 'huoli', 'varovaisesti', 'tarkkaavaisesti', 'huolellisesti', 'harmi', 'hätää', 'vaiva', 'päänvaiva', 'varovasti', 'murhe']
challenge	challenge	Match	['kyseenalaistaa', 'haastevastaus', 'kyseenalaistus', 'kiistää', 'jäävätä', 'saavutukset', 'saavutus', 'pelitavoite', 'moittia', 'pelisaavutus', 'kilpailuhaaste', 'tunnussanakehotus', 'vaatia_tunnistusta', 'vastustaa', 'haastaa', 'haasteet', 'kaksintaisteluhaaste', 'challenge', 'trophy', 'esteellisyysväite', 'pelitavoitteet', 'haaste']
charity	hyväntekeväisyysjärjestö	Match	['lähimmäisenrakkaus', 'lehtosinilatva', 'yleishyödyllinen_säätiö', 'veljellinen_rakkaus', 'hyväntekeväisyyttä', 'hyväntekeväisyys', 'yleishyödylliseksi', 'rekisteröity_hyväntekeväisyysjärjestö', 'hyväntekeväisyysjärjestö', 'hyväntekeväisyyden_harrastaja', 'polemonium_vanbruntiae', 'julkinen_hyväntekeväisyys', 'polymonium_caeruleum_vanbruntiae', 'polemonium_caeruleum', 'charity', 'hyväntekeväisyysjärjestöt', 'avustusjärjestö', 'ihmisystävällisyys']
charming	viehättävä	Match	['maaginen', 'noiduttu', 'taika', 'taiottu', 'taianomainen', 'ihastuttava', 'viehättävä', 'hurmaava']
clothes	vaatteita	Match	['pukea', 'naistenvaatteiden', 'vaatteiden', 'vaatteet', 'puku', 'vaatetavara', 'asu_puku_vaatteet', 'asu', 'kamat', 'habiliment', 'vaatekoko', 'käyttökelpoinen', 'vaateteollisuuden', 'vaate', 'vaatekappale', 'vaatetus', 'vaatteita', 'pukine', 'vaateparsi']
cockroach	ampiaishämähäkki	Incorrect	['alalahkon_blattodea', 'russakka', 'alalahko_blattaria', 'blattaria', 'torakat', 'cockroach', 'blattodea', 'torakka', 'alalahko_blattodea', 'alalahkon_blattaria']
code	koodi	Match	['koodit', 'koodataan', 'kryptata', 'ajoittaa', 'koodata', 'kodifiointi', 'koodin', 'lakikokoelma', 'lakikoonnos', 'korjata_tietokoneohjelma_pala_palalta', 'salakirjoitus', 'salata', 'säännöt', 'kirjoittaa_salakirjoituksella', 'ohjelmoida', 'raivata', 'koodia', 'code', 'koodi', 'salakirjoittaa', 'kodifikaatio', 'tietokonekoodi', 'kodifioiminen', 'koodijärjestelmä', 'muuntaa_koodiksi']
collection	kokoelma	Match	['mazharfuatözkan', 'taidekokoelma', 'hawkwind', 'kokoonpano', 'kokoaminen', 'kokoelman', 'keruu', 'taidekokoelmat', 'keräily', 'perintä', 'akon', 'kasaaminen', 'joukko', 'kokoelma', 'aliaune_damala_bouga_time_puru_nacka_lu_lu_lu_badara_akon_thiam', 'tuotteiden_niputtamista', 'perintätoimisto', 'kolehti', 'kooste', 'kasauma', 'kokouma', 'joe_sample', 'ingathering', 'keräys', 'säilö', 'kirjasarja', 'collection', 'suhde', 'olion_koostumus', 'myyntirakenne', 'the_charlatans', 'yhdistäminen', 'velan_kerääjä', 'periminen', 'aggregaatiota', 'kerääminen', 'the_offspring_collection', 'koostaminen', 'assemblaasi', 'vetoomus', 'pyyntö', 'valikoima', 'tiivistelmä']
computer	tietokone	Match	['tietokoneella_musiikin', 'digitaalisen_tietojenkäsittelyn', 'kompuutteri', 'tietokonejärjestelmä', 'computer', 'tietsikka', 'tietokonemusiikki', 'tietokone', 'tietokoneet', 'dataprosessori', 'digitaalisten_tietokoneiden', 'tietokoneella', 'tietokoneen', 'computer_technology', 'tietskari', 'tietokoneen_rakenne', 'tiedonkäsittelyjärjestelmä', 'figurer', 'laskin', 'estimaattori', 'tietojenkäsittelyjärjestelmä', 'tietokonelaitetta', 'yleiskäyttöinen_tietokone', 'elektronisen_tietokoneen', 'laskija', 'computing_kone']
construction	rakentaminen	Match	['lauserakenne', '2k7', 'rs', 'konstruointi', 'rakennusalalla', 'rakennusteollisuus', 'rakennusala', 'tulkinta', 'zybez', 'gielinor', 'ardougne', 'malli', 'vääristely', 'oldschool_runescape', 'rakennustaito', 'rakenne', 'rakennustyömailla', 'ilmaus', 'tipit', 'mielenterveyden_synteesi', 'mark_ogilvie', 'lauseke', 'runescape', 'armadyl_godsword', 'ajatusrakennelma', 'kieliopillinen_rakenne', 'rune_scape', 'grand_exchange', 'rakentaminen', 'mod_mark', 'rakennelma', 'rakennustyö', 'runescape_classic', 'rakennus', 'rakentaminen_rakennustyöt']
cook	cook	Match	['kokit', 'james_cook', 'laittaa_ruokaa', 'kapteeni_cook', 'captain_cook', 'kapteeni_james_cook', 'vääristää', 'ruokaa', 'keittäjä', 'vääristellä', 'valmistaa', 'komission_kokki', 'peukaloida', 'tehdä', 'sumplia', 'kokki', 'frederick_cook', 'esittää_väärässä_valossa', 'souskokki', 'laittaa', 'lyhyen_järjestyksessä_kokki', 'keittää', 'pääkokki', 'cook', 'kiehua', 'manipuloida', 'väärentää', 'kokata', 'keittiömestari']
counting	laskenta	Match	['numerointimuodon', 'laskee', 'määrä', 'luettelo', 'numeroiden_lukeminen', 'lista', 'laskenta', 'lukujärjestelmä', 'numerointi', 'laskeminen']
crazy	hullut	Found close match: ['hullu', 'hullua', 'hulluus']	['mielisairaus', 'heikkomielinen', 'poissa_tolaltaan', 'looney', 'famous_last_words', 'höpsähtänyt', 'hoopo', 'hulluus', 'tylsistynyt', 'crazy', 'mielenvikaisuus', 'usher', 'psykopaatti', 'tasapainoton', 'järjettömyys', 'hullua', '(you_drive_me)_crazy', 'the_red_album', 'hullu', 'because_of_you', 'heikkopäinen', 'hulluna_oleva', 'playing_with_fire', 'loca', 'sekopää', 'sairasmielinen', 'mieletön', 'told_you_so', 'kaistapää', 'pöpi', 'erika_jayne', 'sielullisesti_häiriintynyt', 'mielenvikainen', 'typerä', 'my_garden', 'mielipuoli', 'vähäjärkinen']
damage	vahinkoja	Found close match: ['vahinkoa', 'vahinko', 'vahingot']	['haittaaminen', 'laitteet_uhri', 'damage', 'myyntihinta', 'oikeudellinen_vahinkoa', 'vahinko', 'rapistua', 'turmella', 'turmella_ulkonäkö', 'hinnat', 'vahingoittaa', 'rumentaa', 'vahingoittua', 'huonontua', 'huononnus', 'hinta', 'vahinkoa', 'vauriot', 'korvaus', 'vähittäismyyntihinta', 'degeneroitua', 'make_this_your_own', 'kehittyä', 'laillinen_vahinko', 'korventaminen', 'heiketä', 'runnella', 'vahingot', 'vähittäishinta', 'vahingoittaminen', 'loukkaaminen', 'vaurio', 'varusteiden_menettäminen', 'taantua', 'vääryys', 'scathe', 'haitta', 'pilata']
dance	tanssi	Match	['tanssahdella', 'tanssijoita', 'shut_out', '50', 'dance', 'tanssiminen', 'tanssi_osapuoli', 'tanssitaide', 'tanssiaiset', 'tanssia', 'tanssit', 'tanssimusiikki', 'dancé', 'tanssi', 'hyppiä', 'tanssija', 'oliver_heldens', 'jorata', 'tansseja', 'waterloo', 'tanssimusiikkia', 'tanssiaisväki', 'karkeloida', 'postdisco', 'panna_jalalla_koreasti']
dangerous	vaarallinen	Match	['peligroso', 'paha', 'dangerous__collectors_edition', 'riskialtis', 'vaaralliset', 'decemberadio', 'uhkarohkea', 'vaarallista', 'riskipitoinen', 'ankara', 'jhud', 'vakava', 'dangerous', 'tuhoisa', 'riskaabeli', 'hengenvaarallinen', 'turvaton', 'wild_things', 'vaarallinen', 'erotetut_sydämet', 'vaikea', 'it’s_hard', 'huolestuttava', 'its_hard']
deceive	harhauttaa	Match	['harhaanjohtaminen', 'vilppi', 'epärehellisyys', 'huijata', 'vilpillisyys', 'valhe', 'petosta', 'petos', 'petollinen', 'pettää', 'johtaa_harhaan', 'huijaus', 'harhauttaa', 'kujeilu']
dedication	kunnioitus	Incorrect	['omistuskirjoitus', 'lojaalius', 'omistautumista', 'dedication', 'vihkimisjuhla', 'kalin_and_myles', 'omistautuminen', 'sitoutuminen', 'sitoumus', 'uskollisuus']
deliberately	tarkoituksellisesti	Match	['tahallisesti', 'tarkoituksella', 'harkitusti', 'tarkoituksellisesti', 'rauhallisesti', 'suunnitellusti', 'suunnitelmallisesti', 'tahallaan', 'tieten_tahtoen', 'vakaasti', 'tietoisesti', 'varta_vasten']
delivery	asiakkaille	Incorrect	['liikenneinfrastruktuuri', 'emätin_syntymän', 'niin_sanoakseni', 'kotiinkuljetus', 'tuo', 'synnytyksen', 'vitsejä', 'hankinta', 'delivery', 'jekku', 'kuljetusväline', 'kepponen', 'lapsivuode', 'lapsensaanti', 'vieraantumista', 'ulosanti', 'pelastus', 'kuljetus', 'hedelmällisessä', 'vitsit', 'jakelu', 'syöttö', 'vapautus', 'synnyttäminen', 'lisääntyminen', 'hauska_juttu', 'tarjonta', 'luovutuksen', 'pila', 'omaisuuden_luovutus', 'hehkulamppuvitsi', 'liikenneinfrastruktuurin', 'luovutus', 'äänenkäyttö', 'lampunvaihto', 'jocular', 'synnytys', 'toimitus_poika', 'toimituksen', 'leikillään', 'liikenne', 'kuljetusliikenne', 'accouchement', 'vitsi', 'jape', 'esitystapa', 'väline', 'alienable', 'matkustajaliikenne', 'toimitus', 'pelastaa', 'alatiesynnytys', 'syntymä', 'puujalkavitsi', 'vapahdus', 'välitys', 'puhetaito', 'tuominen']
dessert	jälkiruoka	Match	['makea_viini', 'dessert', 'jälkiruoka', 'jälkiruokaviini', 'jälkiruokia', 'jälkiruoka_viinejä', 'desääri']
device	laite	Match	['kännykkä', 'käsipuhelin', 'device', 'matkapuhelimet', 'tietokonejärjestelmä', 'keksintö', 'tunnuskuva', 'solukkojärjestelmän', 'laitteisto', 'configsys', 'tietokonelaitteiston', 'matkapuhelin', 'känny', 'dev1ce', 'laitetta', 'multimediamatkapuhelin', 'temppu', 'juju', 'devve', 'nicolai_reedtz', 'tehokeino', 'kone', 'tietokonelaitteisto', 'matkaviestinnän', 'tietokonelaitteet', 'mobile', 'hardware', 'laitteen', 'software', 'koristekuvio', 'kännyköiden', 'kapula', 'vaakunamerkki', 'laite']
dig	kaivaa	Match	['pisto', 'kääntää', 'nostaa', 'läimäys', 'piikki', 'huomautus', 'dig', 'tökkäistä', 'ahkeroida', 'nälväisy', 'älytä', 'pistää', 'päästä_jyvälle', 'ymmärtää', 'tarttua', 'käsittää', 'upottaa', 'hyökkäys', 'arkeologinen_sivusto', 'letkaus', 'tuikata', 'hiffata', 'uurastaa', 'pistäminen', 'bonjata', 'tökkäys', 'kaivaminen', 'kaivaa_pois', 'kaivetaan', 'oivaltaa', 'survaista', 'osata', 'rehkiä', 'tökätä', 'kaivaa', 'tyrkätä', 'ahertaa', 'raataa', 'lommo', 'kaivauspaikka', 'collective_soul', 'ivata', 'kässätä', 'snaijata', 'pilkka', 'kaivaukset', 'kaivella', 'tönäisy', 'ivallinen_vihjaus', 'ymmärtää_syvällisesti', 'kaivaus', 'louhia', 'tajuta']
dinner	tarjoili	Incorrect	['lounastilaisuus', 'välipala_kahvit', 'iltapäiväteetä', 'tiffin', 'kuppi_teetä', 'iltapäivätee', 'päivälliset', 'teeaika', 'ruoka', 'päivällinen', 'teekupillinen', 'lounas', 'teetä', 'iltapala', 'dejeuner', 'tee', 'illallinen', 'teeateria', 'teehetki', 'päivälliskutsut', 'virallinen_lounas', 'dinner']
disease	sairaus	Match	['kipeys', 'sairaalloinen', 'pleuriitti', 'disease', 'taudit', 'unwellness', 'pleuritis', 'keuhkopussitulehdus', 'sairauden', 'tauti', 'lääketieteellinen_häiriö', 'sairauksia', 'pahanolontunne', 'huonovointisuus', 'vaiva', 'keuhkopussintulehdus', 'taudista', 'pahoinvointisuus', 'begowal', 'sairastavuus', 'sairaus']
dissolve	hajottaa	Match	['hajottaa', 'ristihäivytys', 'vaimeta', 'dissolve', 'hajaantua', 'hajota', 'sulattaa', 'sekoittaa', 'liueta', 'häipyä', 'saattaa_kyyneliin', 'päättyä', 'vaimentua', 'sulaa', 'ristikuva', 'liuotetaan', 'lopettaa', 'häivyttää', 'liuottaa', 'päättää']
disturb	ahdistaa	Found close match: ['vahingoittaa']	['vahingoittaa', 'koskea', 'siirtää', 'sekoittaa', 'liikuttaa', 'sotkea', 'muuttaa', 'keskeyttää', 'häiritä', 'järkyttää', 'saada_liikuttumaan']
do	viitsitä	Not found	[]
doctor	tohtori	Match	['restauroida', 'ammatillinen_tohtorin', 'tohtorin_tutkinnot', 'tohtorintutkinto', 'peruskorjata', 'promootio', 'dr_who', 'lkt', 'tutkimus_tohtorin', 'doctor_of_science', 'parsia', 'kirurgi', 'rudeboy', 'lääkäri', 'tohtori_kuka', 'doctor', 'kirkon_opettaja', 'entisöidä', 'hoitaa', 'sekoittaa', 'doctor_of_arts', 'rude_boy', 'luettelo_kirkon_tohtoreista', 'lääkärit_kirkon', 'tohtorin_tutkinto', 'peukaloida', 'haavuri', 'rude_boys', 'kirkonopettaja', 'dr', 'lääketieteen_kandi', 'eliza', 'riemutohtori', 'uudistaa', 'tohtorin', 'tutkijakoulutus', 'lääkärileikki', 'erikoislääkäri', 'loïc_nottet', 'korjata', 'doctorat', 'rudeboys', 'palauttaa', 'toimivat_kirurgi', 'lääkärit', 'doctor_of_business_administration', 'lld', 'kirurgit', 'tohtori_who', 'doctor_of_philosophy', 'lekuri', 'remontoida', 'tohtori_kirkon', 'tohtorinarvo', 'leikkaava_lääkäri', 'tohtoroida', 'doctor_who', 'loic_nottet', 'doctor_of_laws', 'kirkon_tohtori', 'the_doctor', 'medical_officer', 'tohtori', 'kirkon_tohtorit', 'phd', 'lääketieteen_tohtori', 'kunnostaa']
dog	koira	Match	['koiran_liha', 'kuuma_koira', 'seurata', 'nakkisämpylä', 'isaac_kleiner', 'gman', 'koiraeläimet', 'halkoteline', 'wallace_breen', 'ajaa_takaa', 'wienerwurst', 'luettelo_halflife_pelisarjan_henkilöistä', 'koirien', 'koiran_vuosi', 'pidätin', 'familiaris', 'hodari', 'jäljittää', 'alyx_vance', 'psychos_path', 'roisto', 'luettelo_halflifepelisarjan_henkilöistä', 'teline', 'konna', 'duckhunt', 'canis_familiaris_domesticus', 'koiraeläimiä', 'canis_familiaris', 'makkaraa', 'canidaeheimo', 'hot_dog', 'hammas', 'perhe_canidae', 'hevpuku', 'moukka', 'säppi', 'pidäke', 'weenie', 'makkara', 'barney_calhoun', 'frankfurtinmakkara', 'judith_mossman', 'canids', 'sika', 'koira', 'varjostaa', 'koiranpennut', 'kotikoira', 'piski', 'hauva', 'maailman_isoin_koira', 'koiranpentu', 'seurata_jälkiä', 'kesykoira', 'koiran_lihaa', 'canidae', 'haka', 'koiranliha', 'ruma_ämmä', 'retale', 'duck_hunt', 'adrian_shephard', 'nuhruinen_eukko', 'canis_lupus_familiaris', 'nakki', 'dog', 'hotdog', 'ahdistaa', 'koirarauta', 'rautateline', 'isä_grigori', 'jahdata', 'koiraeläin', 'arne_magnusson', 'olla_kintereillä', 'nuhruinen_akka', 'eli_vance', 'kaveri', 'maailman_suurin_koira', 'koiran']
dressing	pukuhuone	Found close match: ['pukine', 'pukeutuminen', 'puku']	['pukea', 'salaatinkastike', 'kastike', 'kamat', 'side', 'vaatekappale', 'täyte', 'puku', 'pukeutuminen', 'salaattikastiketta', 'asu', 'habiliment', 'vaateteollisuuden', 'jauheliha', 'naistenvaatteiden', 'vaatteet', 'vaatetavara', 'lääketieteen_kastiketta', 'haavaside', 'sitominen', 'käyttökelpoinen', 'vaatekoko', 'bandaging', 'salaatinkastiketta', 'pukine', 'kastiketta', 'lannoitus', 'muokkaus', 'sidos', 'täytteenä', 'vaate', 'vaatetus']
driver	kuljettaja	Match	['aarniometsä', 'kutsi', 'näreikkö', 'pyörän', 'puu', 'rekkakuski', 'ohjauspyörä', 'tulostinohjain', 'home', 'sydänmaa', 'skutta', 'draiveri', 'viidakko', 'chauffer', 'autonkuljettaja', 'havumetsät', 'wälder', 'kuljettajien', 'skuija', 'kuormaautonkuljettaja', 'auton_ajo', 'kuljettajan', 'puuykkösmaila', 'metsää', 'ajaja', 'driver_san_francisco', 'kuormaauton_kuljettaja_rekkaauton_kuljettaja', 'viita', 'numero_yksi_puu', 'puualue', 'kuormaauton_kuljettaja', 'laiteohjaimet', 'laiteajuri', 'metsät', 'keikkakuski', 'truckers', 'puumaila', 'metsä', 'woods', 'metsän', 'skugge', 'skuuge', 'kuski', 'karjaaura', 'kuormaautonkuljettajan', 'korpi', 'ohjain', 'salo', 'puskuri', 'metsässä', 'metsikkö', 'moottoriajoneuvon_kuljettaja', 'havumetsää', 'driver', 'skuuke', 'vesakko', 'skuke', 'kytketty_akselin', 'skutsi', 'aarnio', 'laiteohjain', 'pilotti', 'puusto', 'kuljettaja', 'kuljetusliikkeisiin', 'lehto', 'ajuri']
economy	talous	Match	['talousteoria', 'walden', 'taloudellisesti', 'poliittisen_taloustieteen', 'talouksien', 'poliittisen_talouden', 'talousjärjestelmä', 'talouden', 'taloudellisen_järjestelmän', 'kansantalouden', 'ekonomiikka', 'maaseudun_taloutta', 'säästäminen', 'taloustieteet', 'reaalitalouteen', 'poliittinen_taloustiede', 'ekonomia', 'säästö', 'taloustieteen', 'taloustiede', 'elämää_metsässä', 'talous', 'kansantaloustiede', 'säästäväisyys', 'poliittinen_taloustieteilijä', 'talouteen', 'taloussysteemi', 'economy', 'taloudellisia_järjestelmiä', 'kansantalous', 'taloselämä', 'säästämisaste', 'taloudellisuus', 'taloustieteellinen']
election	parlamenttivaaleissa	Incorrect	['uudelleenvalinnan', 'haastoi_vaalit', 'haastoi_vaalien', 'armonvalinta', 'uudelleenvalintaa', 'vaalipolitiikan', 'election', 'valinta', 'kansanvaalilla', 'demokraattisesti_valittu', 'ehdokas', 'vaaliprosessin', 'vaali', 'vaalimääräys', 'uudelleenvalinnasta', 'vaalit', 'ennaltamääräys']
electron	molekyyliin	Incorrect	['elektronin', 'electron', 'negatron', 'elektroni', 'leveänokkamomotit', 'negatroni']
elegance	ylellisyyttä	Not found	[]
emotion	tunteita	Match	['ihmisen_tunteita', 'tunne', 'emotion', 'tunteellinen', 'tunteellisuus', 'emootio', 'emotionaalinen', 'tunteita', 'human_after_all', 'tunteet', 'mieltymys']
emotionally	tunteitaan	Found close match: ['tunteita', 'tunteet', 'tunteellinen']	['tunteisiin_vetoavasti', 'ihmisen_tunteita', 'henkisesti', 'tunne', 'tunteellinen', 'tunneelämältään', 'tunteellisuus', 'emootio', 'emotionaalinen', 'tunteita', 'tunteet', 'mieltymys']
engine	moottori	Match	['3dmoottori', 'veturi', 'väline', 'moottorin', 'videopeli_moottori', 'ase', 'moduuli', 'ray_alder', 'rautatien_moottori', 'rautatien_veturi', 'pelimoottori', 'veturin_moottorin', 'engine', 'moottori', 'motor', 'moottorit']
event	tapahtuma	Match	['vaikutukset', 'kuuntelija', 'seuraus', 'tapahtumakäsittelijä', 'tapauksessa', 'vaikutus', 'lopputulos', 'tapahtumaan', 'tapahtuman', 'tapahtuma', 'kuulija', 'tapahtumakäsittely', 'ohjelman_tapahtuma', 'tulos', 'tapaus', 'avain_aivohalvaus', 'näppäimen_painallus', 'seurausta', 'näppäilyn', 'case', 'näppäinpainalluksen', 'seurauksena', 'kuuloke']
experiment	kokeellisesti	Found close match: ['kokeellisuus', 'kokeellinen', 'kokeellinen_tiede']	['kokeellista_tutkimusta', 'testata', 'kokeellinen', 'koettaminen', 'experiment', 'the_experiment', 'kokeen', 'tieteellisen_kokeen', 'testaus', 'kokeilla', 'kokeellinen_tiede', 'koetteleminen', 'testi', 'koetus', 'kokeilu', 'kokeellisuus', 'koe']
extremely	erittäin	Match	['perin', 'varsin', 'erityisen', 'tavattoman', 'äärimmäisen', 'ylen', 'erittäin', 'hyvin']
feeling	tunteen	Found close match: ['tunteet', 'tunteellinen', 'tuntoon']	['intuitiivinen_tunne', 'haju', 'fiilis', 'tunne', 'usko', 'olo', 'somatosensoristen_järjestelmä', 'vaikutelma', 'tunteellinen', 'ilmapiiri', 'mielipide', 'ihoaistimus', 'tunteet', 'tuntuma', 'tuntoaistimukset', 'somatosensoristen', 'tuntemus', 'henki', 'käsitys', 'ilme', 'tuntoaisti', 'tuntoaistimus', 'tuntoon', 'ymmärrys', 'tunto', 'tuntopalautteen', 'sävy', 'tunnelma', 'vaikutelman']
fight	taisteluaan	Found close match: ['taistelu', 'taistelut', 'taistella']	['konflikti', 'kahakka', 'aseelliseen_taisteluun', 'puolustautua', 'sitoutuminen', 'kilpailukykyä', 'kahakoita', 'kamppailla', 'taistella', 'taistella_jtk_vastaan', 'tappelu', 'aseellinen_taistelu', 'taistelu', 'taistelut', 'kamppailu', 'tapella', 'selkkaus', 'ristiriita', 'combat_training', 'kiihottaa', 'nujakka', 'kilpailuhenkisyys', 'taistelunhalu', 'ottelu', 'osallistua_kampanjaan', 'taistele', 'frames', 'välikohtaus', 'vastustaa', 'taistelevat', 'ajaa_tarmokkaasti', 'taistella_jnk_puolesta', 'ponnistella', 'painostaa', 'kampanjoida', 'fight']
fish	kalaa	Match	['kalojen_anatomia', 'fish', 'pinna_analis', 'derek_william_dick', 'pehmeä_ray', 'kalanpoikanen', 'kaloja', 'luettelo_pokeritermeistä', 'linea_lateralis', 'go_fish', 'pterygium_anterius', 'twist', 'pterygium_posterius', 'pinna_dorsalis', 'kala', 'ichthyofauna', 'peräevä', 'pisces', 'pterygiophore', 'pyrstöevä', 'kalat_kalat', 'kalastaa', 'rasvaevä', 'selkäevä', 'kalastella', 'pinna_caudalis', 'kalasta', 'ruokakala', 'fluoresenssi_in_situhybridisaatio', 'kalaa', 'fingerling', 'fluoresoiva_in_situhybridisaatio', 'derek_dick', 'let_go', 'paista', 'onkia', 'elver', 'phish', 'kalat', 'pikkukala', 'rintaevä', 'vatsaevä']
flow	virtaus	Match	['nestemekaniikka', 'verkon', 'hilloviikot', 'nesteen_virtaus', 'suuntaus', 'hydrauliikka', 'flowfestivaali', 'ykseys', 'virtaava', 'virtaaminen', 'fluidimekaniikka', 'virtauksen', 'tilavuusvirtaus', 'tulvia', 'räppääminen', 'flow_festival', 'nestettä_dynamicist', 'virtausmekaniikka', 'rap', 'polymenorrea', 'hydraulisesti', 'tilavuusvirta', 'menstruaatio', 'rappari', 'virtaus', 'psyykkinen_entropia', 'grail', 'hydrauliikkasylinteri', 'menkat', 'virtausnopeus', 'hydrodynamiikka', 'young_money_entertainment', 'gravity_recovery_and_interior_laboratory', 'hydraulinen_paine', 'florent_mothe', 'kohensi_polku', 'menstruoida', 'tilavuusvirran', 'flow', 'laskeutua', 'catamenia', 'valua', 'emceeing', 'virrata', 'räppäys', 'hydraulinen', 'olla_kuukautiset', 'virtausdynamiikassa', 'virta', 'räppärit', 'virtausdynamiikka', 'räppäri', 'virtaustekniikka', 'protorap', 'kuukautiset', 'työnkulkudimension_jäsen', 'virtaa', 'hydraulisylinteri', 'kulku', 'nesteen_fysiikan', 'virrat', 'juoksu', 'virtausoppi', 'virtausnopeuden', 'rapartisti', 'kuukautiskierto', 'juoksuttaa', 'nesteen_fysiikka', 'virtaama', 'tasaisesti']
food	ruoka	Match	['ravinteita', 'elintarvikkeet', 'sapuska', 'ravinteet', 'ravinteiden', 'luettelo_ruokaan_liittyvistä_aiheista', 'ruokaa', 'ruoka', 'ajattelemisen', 'zico_chain', 'minimiravinne', 'ravinne', 'ajattelemisen_aihe', 'food', 'kiinteä_ruoka', 'elintarvikkeiden', 'henkinen_ravinto', 'ravintoaine', 'kirby', 'makroravintoaineiden', 'ravinto', 'hengenravinto']
garbage	roskat	Match	['pöty', 'jäteaines', 'ruoanjätteet', 'jätteet', 'kieltäytyä', 'jäte', 'ruokajäte', 'metalliromu', 'metallijäte', 'tähteet', 'roskis', 'asumisjäte', 'kiinteän_jätteen', 'talousjätteet', 'jäteastia', 'bones', 'withering_to_death', 'roskat', 'jätteitä', 'hölynpöly', 'kuonaaine', 'roskaa', 'romurauta', 'yhdyskuntajätteen', 'jätemateriaali', 'romu', 'yhdyskuntajäte', 'elmo_kennedy_oconnor', 'garbage', 'jäteainekselle', 'roska']
gold	kultaa	Match	['kultamitalia', 'alfatestaus', 'aurum', 'traffic_gold', 'ohjelmiston_elinkaaren', 'beetakoe', 'sandhja', 'betatestaus', 'multiplatinaa', 'gold', 'kultaa', 'meripihkan', 'kullan', 'betaohjelmisto', 'sir_sly', 'alpha_testi', 'kehitysvaiheen', 'järjestysluku_79', 'platinaa', 'community_technology_preview', 'julkisen_beta', 'kultainen_ennätys', 'lode_kultaa', 'olympiakultaa', '4955_gold', 'abba_gold__greatest_hits', 'kehitysvaiheessa', 'gold_ep', 'beetaversio', 'au', 'kultaa_levy', 'sertifioitu_kultaa', 'atomic_numero_79', 'tuplaplatinaa', 'abba_gold_greatest_hits', 'gold_greatest_hits', 'kulta', 'beetaohjelmisto', 'wanna_one', 'meripihkan_värinen', 'gold__greatest_hits', 'prealpha', 'beta_testaaja', 'kultalevyn', 'meripihkanvärinen', 'ohjelmistoversio_elinkaaren', 'ohjelmiston_julkaisuelinkaari', 'betaversio', 'abba_gold_–_greatest_hits', 'kullattu', 'froot', 'bobby_brown', 'release_candidate', 'abba_gold', 'bombs_away_dream_babies', 'suljettu_beta', 'platina_levy', 'anthology_the_best_of_michael_jackson', 'ruskeankeltainen', 'the_heist', 'alfaohjelmisto', 'kultainen', 'keltainen', 'triplaplatinaa', 'shooting_star', 'beetaversiota', 'kultamitali', 'avoin_beta', 'kultamitalisti', 'sandhja_kuivalainen', 'kullanvärinen', 'sonicflood', 'beta_testi', 'julkaisuversio', 'alfaversio', 'tuotantoversio', 'e175', 'värinen', 'betatestiin', 'e_175', 'young_lust_the_aerosmith_anthology', 'beetatestaus', 'anthology', 'musiikin_äänitys_myynti_sertifiointi']
great	suuri	Match	['raskauden_loppuvaiheessa_oleva', 'merkittävä', 'loistava', 'kiva', 'huomattava', 'aika_hyvä', 'siisti', 'suuri', 'merkki', 'suunnaton', 'valtava', 'hienoa', 'erinomainen', 'maineikkuus', 'ei_hassumpi', 'hieno', 'raskaana_oleva', 'kova', 'ensiluokkainen', 'illustriousness', 'mahtava', 'iso', 'hyvä', 'upea', 'suurenmoinen', 'suuruus']
gun	tykki	Match	['ampuja', 'ase', 'ammattitappaja', 'pyssy', 'palkkamurhaaja', 'hitman', 'kivääri', 'kaasu', 'pienten_aseiden', 'gun_shop', 'gunfighting', 'gunslingers', 'conventional_weapons', 'pyssymies', 'revolverisankari', 'tykit', 'gun', 'pienaseiden', 'gun_for_hire', 'tykki', 'tuliaseet', 'aseen', 'rasvauspuristin', 'tykinlaukaus', 'pieni_käsi', 'käsiase', 'osuma_mies', 'tykistö', 'tuliase', 'käsiaseet', 'heavy_weapon', 'voitelupistooli', 'pieniarm', 'rasvagun', 'aseet', 'louder_than_love', 'ampua', 'gunslinger', 'kaasupoljin', 'triggerman', 'pistooli', 'asemies']
hair	hiukset	Match	['karvat', 'pään_hiukset', 'ihokarva', 'hair', 'tomentum', 'karva', 'hius', 'hiuskarva', 'nukka', 'karvoitus_karvat', 'hiuksia', 'hiukset', 'haircloth', 'hiuksista', 'karvoitus', 'hairsbreadth', 'karvainen', 'tukka', 'hairslaajuus']
help	auttaa	Match	['helpottaa', 'auttaminen', 'olla_avuksi', 'the_help', 'avustaminen', 'tuki', 'ottaa', 'auttaa', 'humanitaarista_apua', 'avustustyöntekijä', 'apua', 'humanitaarinen_apu', 'hätäapu', 'edesauttaa', 'hyödyntää', 'apulainen', 'opastaa', 'estää_itseään', 'avustaa', 'hyöty', 'apuväline', 'käyttää', 'apuri', 'parantaa', 'piiat', 'myötävaikutus', 'tarjota', 'avustaja', 'varastaa', 'helpotus', 'palvelu', 'apu', 'tarjoilla', 'assistentti', 'käyttää_hyväkseen', 'auttamalla', 'apuna', 'linnon', 'estää', 'tukea', 'lomittajat', 'help', 'ohje', 'apumies', 'avustus']
hurting	satuttaa	Match	['vahingoittaa', 'kipu', 'kivun_tunne', 'satuttaa', 'särky', 'kivulias_tunne', 'kipuaisti', 'akuutti_kipu']
ignorance	tietämättömyys	Match	['tietämättömyys', 'oppimattomuus', 'avidya', 'ignorance']
illness	sairauteen	Found close match: ['sairauden', 'sairaus', 'sairaudesta']	['pahoinvointisuus', 'kipeys', 'tauti', 'lääketieteellinen_häiriö', 'sairastavuus', 'sairauksia', 'pahanolontunne', 'sairaudesta', 'unwellness', 'huonovointisuus', 'sairauden', 'sairaalloinen', 'sairaus', 'vaiva']
impress	järkyttää	Incorrect	['tehdä_vaikutus', 'painaa', 'värjätä', 'paina_jengit', 'vaikutuksen', 'iskostaa', 'vaikuttaa', 'liikuttaa', 'värvätä_väkisin', 'tulostaa', 'painottaa', 'impressment', 'shanghai', 'pakkovärväys', 'lehdistöjengin', 'väkisin_värväys', 'leimata']
invention	keksintö	Match	['innovaatio', 'innovointi', 'aikomus', 'keksiminen', 'uusi_keksintö_tai_tapa', 'keksintö', 'innovatiivisia', 'keksiä', 'uudistaminen', 'keksi', 'käsitys', 'innovaatiot', 'uudistus', 'kekseliäisyys', 'käsitteenmuodostus', 'novaatio', 'käsittäminen', 'innovaattori', 'keksinnöt', 'innovaatioita', 'inventio', 'keksintöjä', 'luovuus']
investigation	rikostutkinta	Found close match: ['tutkinta']	['tutkii', 'tutkimusmetodi', 'soveltava_tutkimus', 'selvitys', 'tutkimuksen_menetelmät', 'tutkimusmenetelmät', 'alkuperäisen_tutkimuksen', 'tutkijat', 'tutkimusmenetelmä', 'tutkimusmetodit', 'tutkiminen', 'perustutkimus', 'tavoitetutkimus', 'tutkimustyö', 'tutkimuksen_metodit', 'tutkimusmenetelmiä', 'perus_ja_soveltava_tutkimus', 'tutkimus', 'tutkinta', 'akateemisen_tutkimuksen']
invisible	näkymätön	Match	['dside', 'holy_diver', 'floored', 'invisible', 'elevate', 'heavy_love', 'world_of_noise', 'marmorilattiaisesta', 'taylor_swift', 'huomaamaton', 'measure_of_a_man', 'sound_of_white_noise', 'dream_evil', 'falling_uphill', 'näkymättömiä', 'näkymätön', 'näkymättömyys', 'rainbow_in_the_dark', 'evilized', 'everything_changes']
job	palkkansa	Incorrect	['vaikeus', 'työn_hallintaa', 'aliurakoida', 'alustava_painija', 'probleemi', 'hankala_homma', 'ajanviete', 'keinotella', 'työtehtävä', 'ala', 'ammatti', 'palvelus', 'tehdä_tilapäistöitä', 'miehityksen', 'joobab', 'ongelma', 'liiketoiminta', 'työpaikka', 'työllisyys', 'vapautuneen', 'työtä', 'työskenteli', 'linjan_työtä', 'käyttää', 'päivä_työtä', 'sovellus', 'ansiotyö', 'jobin_kirja', 'jobab', 'askare', 'taloustyö', 'kiinnostuksen_kohde', 'keikka', 'työ', 'tehtävä', 'työelämän', 'elinkeino', 'job', 'toimiala', 'toimi', 'työn', 'homma', 'puuha', 'työllistäminen', 'rötös']
jungle	viidakkoa	Found close match: ['viidakko', 'viidakkoon', 'viidakon']	['circus_in_the_sky', 'midnight_machine_gun_rhymes_and_alibis', 'hobo_leiri', 'viidakoissa', 'oldschool_viidakko', 'bakufu_slump', 'if_youre_reading_this_its_too_late', 'shine_a_little_love', 'viidakko', 'leiri', 'inna', 'out_of_the_blue', 'jungle', 'viidakon', 'bravehearts', 'viidakkoon']
kindness	kunnioitusta	Incorrect	['ystävällisyyttä', 'hyväntahtoinen_teko', 'forgivingness', 'sovinnollisuus', 'ystävällinen_teko', 'kiltteys', 'ystävällisyys', 'palvelus', 'hyväsydämisyys']
king	kuningas	Match	['liiketoiminnan_johtaja', '♚', 'riley_b_king', 'yksinvaltainen', 'magnates', 'kruunattiin_pää', 'the_reverend_horton_heat', 'huippujohtaja', 'reverend_horton_heat', 'billie_jean_moffitt_king', 'isokenkäinen', 'yritysjohtaja', 'liiketoiminnan_porho', 'kruunupää', 'maailman_paras', 'billie_jean_king', 'bb_king', 'martin_luther_king', 'george_king', 'alansa_huippu', 'kuningatar', 'hallitsija', 'suurliikemies', 'monarkiat', 'teollisuusmies', 'mega_man__bass', 'sahatavaran_paroni', 'pamppu', 'ylimmän_johdon', 'hallitsijoista', 'tammi', 'b_b_king', 'kruunu', 'porho', 'kingcom', 'charles_bird_king', 'moguli', 'martin_luther_king_jr', 'bluesin_kuningas', 'merenkulku_porho', 'hallitseva', 'king_810', 'memoirs_of_a_murderer', 'mies_hallitsija', 'suvereeni', 'monarkki', 'kuningas', 'monarkkinen', 'kuninkuuden', 'king_ov_hell', 'king', 'ykkönen', 'teollisuuden', 'monarkia', '♔', 'suuraatelinen', 'kuningaskunta', 'miespuolinen_hallitsija', 'magnaatti', 'kunkku', 'billie_jean_moffitt_kuningas', 'pohatta']
lady	lady	Match	['puhuttelumuoto', 'autuas_neitsyt_maria', 'virgin', 'pyhä_maria', 'rouva', 'säätyläisnainen', 'neitsyt_maria', 'puhuttelusana', 'pääritär', 'hieno_nainen', 'lady', 'aatelisnainen', 'nimi', 'tyyli', 'otsikko_osalta', 'maria', 'otsikko', 'jumalanäiti', 'maria_jeesuksen_äiti', 'neitsyt', 'neito', 'pyhä_neitsyt', 'neitsyt_maaria', 'yläluokkainen_nainen', 'pyhä_madonna', 'nainen', 'kaunotar_ja_kulkuri', 'madonna', 'neitsyt_maaria_emoinen', 'titteli', 'the_lady', 'arvonimi', 'dame']
land	viljelysmaata	Found close match: ['maanviljelys']	['realty', 'kuivalla_maalla', 'meksikon_yhdysvaltojen', 'meksikon_valtion', 'maanpinta', 'kasvumaa', 'kansojen', 'maihin', 'välittää', 'tila', 'valtakunta', 'feodaalinen_verkkotunnuksen', 'asettua', 'maannos', 'maat', 'maapohja', 'valtion_tehtävät', 'kiinteä', 'edwin_herbert_land', 'päästää_ulos', 'tukevalla_alustalla', 'saada', 'julistava_teorian_valtio', 'yhteiskunta', 'suvereeni_valtio', 'kuiva_maa', 'estate_talo', 'land', 'maa', 'pudottaa', 'tuoda', 'valtion_ja_kunnan_tehtävät', 'maaoikeuksia', 'din_land', 'laskeutua', 'res_publica', 'kiinteistö', 'itsenäinen_valtio', 'sixology', 'valtiontalous', 'maata', 'poliittinen_elin', 'kiinteä_omaisuus', 'poliittisen_yhteiskunnan', 'maa_massa', 'purettu_estate', 'kruununmaa', 'saapua', 'maaperä', 'maa_estate', 'alue', 'bundesland', 'hehtaarin', 'ampua_alas', 'valtion', 'viljelylohkojen', 'tilukset', 'valtiovalta', 'terra_firma', 'kansakunnan', 'saattaa', 'maaomaisuus', 'kiinteistöt', 'piiri', 'maassa', 'jättää', 'eekkeriä', 'päästä_maihin', 'valtiorakennelma', 'sälyttää', 'maatalouden', 'kansakunta', 'valtio', 'laskeutui_haltijan', 'valtakunnassa', 'kiinteistöalan', 'kiinteistömarkkinat', 'laskeutui_haltija', 'rantautua', 'laskea', 'kiinteistöraja', 'kansalaiset', 'maatila', 'kuningaskunta', 'meksikon_osavaltiot', 'kiinteistöjen', 'maailma', 'saksan_osavaltiot', 'maanviljelys', 'kansallisesti', 'territorio']
laugh	huudahtaa	Incorrect	['naura', 'nauraa', 'ilkeä_nauru', 'naurua', 'vitsejä', 'jekku', 'kepponen', 'laugh', 'paha_nauru', 'vitsit', 'hauska_juttu', 'pila', 'hehkulamppuvitsi', 'ilmaista_iloa', 'lampunvaihto', 'jocular', 'nauraminen', 'naurukohtaus', 'leikillään', 'ilmaista_hilpeyttä', 'jape', 'vitsi', 'nauru', 'puujalkavitsi', 'intastella']
law	lakia	Match	['oikeustieteellinen', 'm72_law', 'säädännäisoikeus', 'canon_asianajaja', 'oikeudellinen_filosofi', 'fysiikan_lakeja', 'kirkollinen_oikeus', 'oikeustutkimus', '66_kes_75', 'luonnonlait', 'oikeustieteen_opiskelija', 'lakia', 'laki', 'luonnonoikeus', 'lakitieteellinen', 'kaanon', 'turvallisuusjoukot', 'kirkon_lakia', 'kanoninen_oikeus', 'fysiikan_lakien', 'oikeustieteen_professori', 'luontaisoikeus', 'kirkkooikeus', 'asianajotoimintaan', 'lainsäädäntökausi', 'jepari', 'poliisin_suojeluksessa', 'oikeudelliset_tutkimukset', 'luonnon_laki', 'luonnonlaki', 'poliisi', 'luonnollinen_laki', '66_kertasinko_88', 'poliisilaitokset', 'lainsäädäntö', 'juridiikka', 'oikeudelliset_filosofia', 'aseistettu_poliisi', 'lakiopiskelija', '66kes88', 'kanonisen_oikeuden', 'kanoninen_laki', 'kanonit', 'luonnonoikeusteoria', 'luvaton_asianajotoimintaan', 'oikeudelliset_palvelut', 'poliisivoimat', 'juridinen', 'fysiikan_lait', 'ohjesäännön_lain', 'oikeustieteen', 'fysiikan_laki', 'lakitiede', 'kirkollisten_laki', 'sääntö', 'lait', 'kanoni', 'legislatuurikausi', 'oikeus', 'säädös', 'oikeudellisia_filosofiaa', 'lainsäädäntöä', 'cougar', 'legislatuuri', 'earthling', 'luonnonoikeusoppi', 'oikeustiede', '66_kes_88']
left	vasemman	Found close match: ['vasemmalle', 'vasemmalla', 'vasen']	['vasemmisto', 'vasemmalle_kallellaan', 'jäljelle_jääneet', 'vasemmalle', 'kollektivisti', 'liberaalipuolue', 'left', 'vasemmistolainen', 'vasemmistooppositio', 'vasemmalla', 'vasemmistolaisuutta', 'poliittinen_työväenliike', 'vasemmanpuoleinen', 'vasen_käsi', 'vasemmistolaiset', 'vasen', 'esquerra_republicana', 'vasen_puoli', 'katalonian_tasavaltalainen_vasemmisto', 'vasemmalle_kallistuva', 'venstre', 'käyttämätön', 'leftwing', 'loppu', 'poliittinen_vasemmisto', 'jäljellä_oleva', 'esquerra_republicana_de_catalunya', 'kollektivistisia', 'vasemmistolaisuus', 'vasemmistolainen_politiikka', 'vasen_kenttä', 'ylimääräinen']
level	tasolla	Match	['laakea', 'eli_young_band', 'vaakatasossa_oleva', 'arvo', 'kerroksinen', 'vaihe', 'adema', 'tasa', 'tason', 'tasassa_oleva', 'kokemuspisteitä', 'tasolla', 'repiä', 'suorassa_oleva', 'asteen', 'tasapainottaa', 'kohdistaa', 'tähdätä', 'laatu', 'tasoittaa', 'suunnata', 'vesivaaka', 'kenttä', 'purkaa', 'horjumaton', 'tuhota', 'taso', 'hajottaa', 'tasata', 'puhua_suoraan', 'lattian_numerointi', 'vaiheessa', 'korkeus', 'kokemuspiste', 'hävittää_maan_tasalle', 'kerroksessa', 'vaakataso', 'kerrosta', 'litteä', 'mittakaavassa_astetta', 'hävittää', 'vaakatasoon', 'level', 'vatupassi', 'kerros', 'osoittaa', 'aste', 'kokemuksen_tasolla', 'levél', 'tasainen', 'tasoittua', 'välipohja', 'luokka', 'järkkymätön', 'tasan_oleva', 'osoita']
liar	pelkuri	Incorrect	['lyyra', 'sfsgsw', 'valehtelija', 'so_far_so_good_so_what', 'louder_now', 'välttelijä', 'prevaricator', 'glory', 'lyres', 'white_rabbit', 'mary_jane', 'liar', 'hook_in_mouth', 'liră', 'in_my_darkest_hour', 'republic', 'syytettynä_murhasta']
light	valo	Match	['kevyempi', 'moraaliton', 'luminanssi', 'licht', 'veitikka', 'kevytkenkäinen', 'kristus_within', 'inner_light', 'kirkkausaste', 'optinen_säteily', 'helppo', 'tupakansytytin', 'sisäinen_valo', 'vilke', 'siveetön', 'asettua', 'cdm2', 'merkkivalo', 'pieni', 'sytyttää', 'näkyvää_säteilyä', 'valossa', 'painoton', 'uneton', 'lamppu', 'tyhjänpäiväinen', 'poistaa_käytöstä', 'sytyttää_savuke', 'pudottaa', 'valoa', 'lapeikkuna', 'ilmava', 'laskeutua_hevosen_selästä', 'välke', 'selkeä', 'laskeutua', 'kevyesti', 'heikko', 'valoisa', 'sytytin', 'pilke', 'vähäkalorinen', 'näkyvä_valo', 'light', 'light_within', 'kirkas', 'irrallisia_suhteita_harrastava', 'valo', 'pyörällä_päästään_oleva', 'ikkuna', 'vähäinen', 'sytkäri', 'team_17', 'näkyvä_säteily', 'valon_aallot', 'team17', 'valon_aallon', 'pien', 'tuli', 'vajaa', 'air', 'joutava', 'valaista', 'kepeä', 'luminousness', 'valaistus', 'valoisuus', 'näkyvän_valon', 'tulla_jkn_osaksi', 'christ_within', 'löyhämoraalinen', 'näkökulma', 'niukka', 'sytyttimet', 'astua_alas', 'välähdys', 'valon', 'keinovalo', 'vaalea', 'valjeta', 'sähkölamppu', 'pilvetön', 'valovoima', 'kevyt', 'vaalean', 'kohtuullinen', 'saada_palamaan', 'ikkuna_ikkunaaukko', 'valonlähde', 'valoaalto', 'akkuna', 'light_yagami', 'laskeutua_satulasta', 'kirkkaus', 'valoaallot', 'kaloriton', 'the_light']
magic	magic	Match	['alagaësia', 'taikatemppu', 'valkoinen_magia', 'kirkastumisen', 'taikuri', 'magic', 'taika', 'mätky', 'taikuritaide', 'kiri_te_kanawa', 'dame_kiri_janette_te_kanawa', 'make_a_scene', 'discworld', 'axel_rudi_pell', 'taiottu', 'kärmeskieltä', 'yksisuuntainen_peili', 'animagus', 'loihtia', 'taikuutta', 'maaginen', 'perillinen_trilogia', 'octarine', 'hurmos', 'charlene', 'magic__the_gathering', 'te_kanawa', 'driving_rain', 'secret_time', 'kiekkomaailma', 'kaksisuuntainen_peili', 'dame_kiri_te_kanawa', 'perillinen', 'occlumency', 'temppu', 'r550_magic', 'perillinentrilogia', 'noiduttu', 'thaumaturge', 'taianomainen', 'little_things', 'lumous', 'octiron', 'transsi', 'planeswalker', 'silmänkääntötemput', 'kirous', 'taikaa', 'vaiheessa_taikuri', 'thaumaturgic', 'thaumaturgus', 'taumaturgia', 'take_me_home', 'taikuruus', 'taikoa', 'silmänkääntäjä', 'justin_timberlake', 'haihattelijoiden', 'inheritance_cycle', 'magic_the_gathering', 'taikuus', 'inheritance_trilogy', 'artefakti', 'pluto', 'silmänkääntötemppu', 'magia', 'puoliläpäisevä_peili', 'ihmeitä', 'thaumaturgy']
marriage	avioliitto	Match	['avio', 'siviilihäät', 'avioliittoa', 'vihkiminen', 'siviilivihkiminen', 'avioliitto', 'siviiliavioliitto', 'avioliitossa', 'liitos', 'vihkiäistilaisuus', 'avioliiton_solmiminen', 'häät_seremonia', 'naimisiin', 'vihkimistä', 'katolinen_avioliitto', 'siviili_häät', 'aviopari', 'olemattomuus', 'aviopuoliso', 'avioliiton', 'hymeneals', 'rekisteröity_parisuhde', 'aviollinen_suhde', 'avioliitot', 'liitto', 'naimisissa', 'marriage', 'tyhjyys', 'naimisissa_ja', 'parisuhde', 'hää', 'sitoutumista_seremonia', 'vihkiäiset', 'nihility', 'aviosääty', 'liittäminen', 'mies_ja_vaimo', 'häät']
material	lähdemateriaalia	Found close match: ['materiaalia', 'materiaali', 'materiaalit']	['fysikalismin', 'materialismi', 'leæther_strip', 'reduktiivinen_fysikalismi', 'aineellinen_todellisuuskäsitys', 'aposteriorinen_fysikalismi', 'kamaa', 'tekstiilit', 'kangas', 'shakkisokeus', 'materiaali', 'materialisti', 'fysikaalisuus', 'aineellinen_ykseyskäsitys', 'kude', 'materialisteja', 'materialistinen', 'aineisto', 'ruumiillinen', 'fysikalismi', 'materialistinen_monismi', 'materialistinen_ontologia', 'fyysinen_ontologian', 'apriorinen_fysikalismi', 'amaurosis_schacchistica', 'aine', 'ontologinen_materialismi', 'materiaalin', 'aineellinen', 'kudos', 'eireduktiivinen_fysikalismi', 'todellinen', 'materiaalit', 'kankaat', 'materiaalia', 'olennainen', 'aines', 'tekstiili', 'tarvikkeet', 'tavaraa', 'material', 'kankaita']
mathematical	matemaattisen	Found close match: ['matemaattinen', 'matemaattisesti', 'matematiikan']	['matemaattinen', 'numero', 'matematiikka', 'teoreettinen', 'matikka', 'matematiikan', 'matemaattisesti']
mechanism	mekanismi	Match	['liikkeen', 'mekanismia', 'kemiallinen_mekanismi', 'koneisto', 'kemiallisen_reaktion_mekanismi', 'koneet', 'kone', 'reaktion_mekanismi', 'mekanismi', 'mechanism', 'reaktiomekanismi', 'toiminta', 'laite']
medication	lääkehoitoa	Found close match: ['lääkkeitä', 'lääkkeet', 'lääkitys']	['lääkemyrkytys', 'pharmaceutic', 'lääkealan', 'lääkkeiden_huumeiden', 'rescue', 'lääkkeitä', 'lääkitystä', 'medication', 'lääkeaine', 'version_20', 'lääkitys', 'lääkevalmiste', 'lääkeaineet', 'rohdos', 'lääkkeet', 'lääke', 'lääkintä', 'kuumelääke']
money	rahaa	Match	['rahaa', 'history', 'peace', 'käteinen', 'pornograffitti', 'varallisuus', 'all_i_need', 'the_sound_of_girls_aloud_the_greatest_hits', 'me_i_am_mariah…_the_elusive_chanteuse', 'money', 'rahat', 'money_ep', 'straight_up', 'käteismaksu', 'extreme_ii_pornograffitti', 'portamento', 'greatest_hits_history_volume_i', 'oravannahka', 'rahallista', 'history_past_present_and_future_book_i', 'raha', 'paperiraha', 'käteisraha']
mountain	vuori	Match	['vuori', 'iso_kasa', 'tuki', 'erä', 'kasa', 'passel', 'muckle', 'joukko', 'mickle', 'nippu', 'parvi', 'paljon', 'vuorta', 'läjä', 'lauma', 'suuri', 'liuta', 'väkijoukko', 'koko_joukko', 'siisti_summa', 'röykkiö', '482', 'sahtu', 'suuri_määrä', 'vuoristo', 'hatullinen', 'iso', 'mountain', 'tukku', 'vuoristoinen', 'melkoisesti']
movement	liikkeen	Match	['movement', 'jätökset', 'defekaatio', 'kampanja', 'liike', 'suuntaus', 'phi_ilmiö', 'liikahdus', 'taidesuuntauksia', 'yhteiskunnallisten_liikkeiden', 'filosofinen_liike', 'yhteiskunnallinen_liike', 'taidesuunta', 'uloste', 'lanta', 'she_wolf', 'skeida', 'joukko', 'liikkeen', 'liikkuvuus', 'jätös', 'ulostus', 'pyrkimys', 'siirto', 'ryhmän_toimintaa', 'lintujen_jätökset', 'liikkuvuuden', 'paskantaminen', 'paska', 'lauma', 'liikehdintä', 'koneiston__liike', 'taidesuuntaus', 'rintama', 'trendi', 'taidesuuntaukselle', 'ulosteet', 'taiteellinen_liike', 'eläinten_liikkumisen', 'syy', 'näennäistä_liikettä', 'ulostaa', 'armeija', 'näennäinen_liike', 'osa', 'toiminta', 'suuntautuminen', 'liikkuminen', 'suolen_toiminta', 'ulostamisen', 'the_pillows', 'asia', 'ulostanut', 'sonta', 'ulosteella', 'fekaalinen', 'taiteellinen_suuntaus', 'tarkoitus', 'suolen', 'ulosteen', 'koneisto', 'tempaus', 'papana', 'ulostaminen', 'liikettä', 'koneiston__toiminta', 'kikkare', 'kansanliike']
movie	elokuva	Match	['elokuvia', 'motionpicture_show', 'picture_show', 'leffa', 'elokuvat', 'elokuvataide', 'täysimotion_video', 'liikkuvan_kuvan', 'ohut_kalvo', 'teatraalinen_elokuva', 'elokuvan', 'suuri_elokuva', 'full_motion_video', 'motion_picture', 'valkokankaalle', 'filmi', 'kokoillan_elokuva', 'kites', 'liikkuvan_kuvan_näyttelyssä', 'elokuvissa', 'elokuvanäytös', 'movie', 'elokuva']
music	musiikki	Match	['sulosointu', 'the_music', 'friends_of_hell', 'pilleri', 'säveltaide', 'eufonia', 'musiikki', 'melomania', 'music', 'musiikin', 'country_rock', 'seuraukset', 'musiikkia']
nation	kansakunnan	Match	['kansakunnan', 'meksikon_yhdysvaltojen', 'meksikon_valtion', 'julistava_teorian_valtio', 'poliittisen_yhteiskunnan', 'yhteiskunta', 'suvereeni_valtio', 'ylioppilasosakunta', 'kansojen', 'maa', 'ylioppilasosakunnat', 'valtion_ja_kunnan_tehtävät', 'maassa', 'kansa', 'osakunta', 'carry_nation', 'valtiorakennelma', 'carrie_nation', 'osakunnat', 'valtio', 'kansakunta', 'kendrick_lamar', 'bundesland', 'res_publica', 'valtion', 'nation', 'carry_amelia_moore_nation', 'kansalaiset', 'itsenäinen_valtio', 'valtiontalous', 'meksikon_osavaltiot', 'saksan_osavaltiot', 'valtiovalta', 'savokarjalainen_osakunta', 'poliittinen_elin', 'valtion_tehtävät', 'kansallisesti']
news	uutiset	Match	['uutistoiminta', 'uutisarvon', 'uutiset_ohjelma', 'uutisarvoisuus', 'uutisohjelma', 'tiedot', 'uutislähetys', 'tvuutiset', 'uutiset', 'viesti', 'uutisia', 'uutinen', 'ajankohtaisista_tapahtumista', 'uutisraportin', 'ajankohtaista', 'sana', 'uutiset_osoittavat', 'news', 'sanoma']
noise	äänenvoimakkuus	Incorrect	['radiomelupäästörajat', 'teollisuuden_melu', 'radiokohina', 'metelöidä', 'melua', 'äänen_etenemisliike', 'äänen_eteneminen', 'elektroninen_kohina', 'kajauttaa', 'pitää_ääntä', 'kohinaa', 'meteli', 'ääniaalto', 'meluhaitta', 'häiriö', 'kosmisen_taustasäteilyn', 'elementary_os', 'hälinä', 'satunnaisuus', 'cmb', 'mikroaaltotaustasäteily', 'interferenssi', 'akustinen_aalto', 'suhina', 'kosmista_taustasäteilyä', 'audio', 'kosminen_taustasäteily', 'terminen_taustasäteily', 'melusaastetta', 'noise', 'ilmakehähäiriö', 'riitasointu', 'ilmakehän_staattinen', 'kohina', '3_k_taustasäteily', 'noisea', 'häiriöitä', 'melu', 'stokastisuuden', 'ääni', 'haphazardness', 'sattumanvaraisuus', 'melusaaste', 'umpimähkäisyys', 'meluntorjunta', 'mikroaaltouuni_taustasäteily', 'akustiset', 'cbr', 'ääniaallot', 'akustisen_aallon', 'kosminen_mikroaaltotaustasäteily', 'kosminen_mikroaaltotausta', 'hälyääni', 'cmbr', 'kolmen_kelvinin_säteily']
obligation	velvollisuus	Match	['debentuuri', 'todistus_velkaantumisen', 'debentuurit', 'vastuu', 'velkainstrumentti', 'velvoite', 'velvoiteoikeus', 'lupaus', 'velvoitteen', 'velkasitoumus', 'kiitollisuudenvelka', 'velkatodistus', 'sitoumus', 'debentuurilaina', 'velvollisuus', 'joukkovelkakirjojen']
pain	kipuja	Found close match: ['kipua', 'kipu', 'kiusa']	['satuttaa', 'kipuaisti', 'kiusa', 'kipua', 'and_the_anonymous_nobody', 'kärsimys', 'vahingoittaa', 'loukata', 'harmi', 'kiusankappale', 'akuutti_kipu', 'surettaa', 'maanvaiva', 'games_pain', 'riesa', 'kivun_tunne', 'vitsaus', 'tuskaa', 'pain', 'king_of_da_ghetto', 'särky', 'above_the_rim', 'vaiva', 'piina', 'rangaistus', 'kipu', 'koettelemus', 'kivulias_tunne', 'tuottaa_tuskaa', 'forever', 'my_name_is_my_name', 'hankaluus', 'kipu_ja_nosiseptio', 'tuska']
personality	persoonallisuus	Match	['sivupersoona', 'personality', 'luonne', 'persoonallisuus', 'persoona']
philosophy	filosofia	Match	['filosofia', 'opinkappale', 'suunta', 'elämänfilosofia', 'ismi', 'oppi', 'viisaustiede', 'periaate', 'koulukunnan', 'oppijärjestelmä', 'oppeja', 'koulun', 'filosofinen_järjestelmä', 'philosophy', 'dogmi', 'opillista', 'elämänviisaus', 'poliittinen_doktriini', 'filosofian', 'filosofinen', 'koulukunta', 'filosofiaksi', 'filosofiaa', 'doktriini']
picture	kuvan	Match	['piirustus', 'mielikuvia', 'valokuva', 'piirustustaide', 'kärmeskieltä', 'elokuvataide', 'kuvailu', 'teatraalinen_elokuva', 'avatar', 'suuri_elokuva', 'kuvaaminen', 'kohtaus', 'kuvituskuva', 'kuvaus', 'piirtäminen', 'occlumency', 'klassisen_maalauksen', 'valkokankaalle', 'taidemaalaus', 'kiss', 'valokuvia', 'esitys', 'mielle', 'piirtäjä', 'näköistiedosto', 'otos', 'kirkastumisen', 'cobol', 'piirros', 'kuvitettu_kirjoja', 'animagus', 'kuvia', 'sanamaalaus', 'picture', 'maalauksia', 'wordkuva', 'kokoillan_elokuva', 'elokuvissa', 'elokuvanäytös', 'tilanne', 'käyttäjätilikuva', 'sana_maalaus', 'näkymä', 'nähdä', 'maalaustaide', 'maalareita', 'kuvitus', 'motionpicture_show', 'sanallinen_kuvaus', 'picture_show', 'elokuvat', 'piirrustus', 'ohut_kalvo', 'piirroksia', 'nähdä_mielessään', 'kuva', 'kuvallinen', 'motion_picture', 'stillkuva', 'hahmo', 'mielikuva', 'kuvata', 'diamond_dreamer', 'kuvitella', 'kuvaa', 'elokuvia', 'albumiinivedos', 'visioida', 'design', 'muotoilu', 'valokuvan', 'leffa', 'havaintoesimerkki', 'maalaus', 'liikkuvan_kuvan', 'vaikutus', 'esittää', 'perikuva', 'kuvallisella', 'filmi', 'liikkuvan_kuvan_näyttelyssä', 'kuvitustaide', 'foto', 'muistikuva', 'elokuva', 'kuvan']
pig	lammas	Incorrect	['sottainen_ihminen', 'punkero', 'sus_tuancus', 'suini', 'sus_babi', 'kesysika', 'siat', 'kitupiikki', 'shoat', 'ahnehtija', 'läski', 'syöttökarju', 'pudge', 'shote', 'conjoiners', 'sus_scrofa', 'raakarauta', 'hotkaista', 'vätys', 'riukiunvillisika', 'sus_enganus', 'kyttä', 'sus_papuensis', 'emakko', 'emäsika', 'pikkupossu', 'ahmia', 'pigging', 'porsastella', 's_domesticus', 'homssuinen_henkilö', 'putki_tarkastus_mittari', 'sika_sänky', 'villisikoja', 'sus_ternatensis', 'vetelys', 'villisiat', 'köntys', 'sus_domesticus', 'metsäkarju', 'rohmu', 'karju', 'valulattia', 'porc', 'paskalakki', 'harkko', 'harkkometalli', 'laiskuri', 'skoude', 'sottapytty', 'scrofa', 'homssu', 'sikaa', 'jepari', 'poliisi', 'sus_ceramensis', 'sus_niger', 'sika', 'lyllerö', 'pig', 'porsas', 'lössykkä', 'pollari', 'tyllerö', 'potsi', 'kylvää', 'tumppi', 'muotti', 'villisika', 'sus_nicobaricus', 'sianliha', 'sikoja_kotieläiminä', 'juovasika', 'sus_goramensis', 'sus_floresianus', 'epäsiisti_ihminen', 'sloven', 'elää_kuin_sikolätissä', 'sus_andamanensis', 'nahjus', 'conjoiner', 'sus_aruensis', 'ahne_henkilö', 'porsia', 'sus_natunensis', 'possu', 'lihapulla', 'hotkia', 'luonnonvaraisista_hog', 'possunen', 'villi_sika', 'sus_domestica', 'sus_scrofa_domestica', 'sus_scrofa_domesticus']
plan	suunnitelma	Match	['plan_international', 'arkkitehtipiirustus', 'piirustus', 'kansan_vapautusarmeijan_laivasto', 'suunnitelma', 'pohjapiirros', 'plan', 'suunnitelmia', 'suunnitelman', 'arkkitehtisuunnittelu', 'piirustuksia', 'ohjelma', 'aikoa', 'arkkitehtoninen_suunnitelma', 'plan_suomi', 'plan_suomi_säätiö', 'suunnitella', 'ohjelmapäällikkö']
plant	kasvi	Match	['liittää', 'floras', 'näyttelijä', 'amerikkalaisen_vapaapainin_slangi', 'plantae', 'shill', 'tehdassuunnittelu', 'tehdastyöläinen', 'laitos', 'trigun', 'tehdas', 'teollisuuslaitos', 'inferno_match', 'kasvi', 'houkutuslintu', 'kasvilajeja', 'kokoonpanolinja', 'tuotantolinjalla', 'liukuhihna', 'perustaa', 'kasvikunta', 'luettelo_showpainin_termeistä', 'factorij', 'juurruttaa', 'manufactory', 'olento_tyyppi', 'maksettu_apuri', 'tables_ladders_chairs', 'linja', 'kasvikunnan_kaaret', 'upottaa', 'apuri', 'kiinnittää', 'tehdaslaitos', 'sijoittaa', 'toimitilat', 'työntää', 'tehtaita', 'kasvisto', 'painipromootio', 'vapaapainisanastoa', 'tuotantolaitosta', 'töitä', 'istuttaa', 'kokoonpanolinjat', 'kasvien_evoluutio', 'luoda', 'feitoria', 'kasvit', 'plant', 'kokoonpanolinjalla', 'showpainin_slangi', 'tuotantolaitos', 'luettelo_kasveista', 'kylvää', 'taimet', 'kasvillisuuden', 'voimala', 'tehtaan', 'harhautus', 'panna_alulle', 'kasvilaji', 'tuotantolinja']
play	pelata	Match	['vuoro', 'suorita', 'lento', 'aiheuttaa', 'erä', 'vedonlyönti', 'yritys', 'lyödä', 'hypellä', 'hypähtely', 'siirto', 'holkkuvuus', 'pelaajille', 'huvitella', 'potentiaalisi', 'veikkaaminen', 'leikki', 'días_que_no_vuelven', 'peluuttaa', 'potkaisu', 'soida', 'pelata', 'esiintyä_jssk', 'leikittely', 'tuottaa', 'google_play_store', 'häälyä', 'ajaa', 'tuoda', 'näytelmä', 'takaisku', 'peli', 'miekkailu', 'toimia', 'leikkiminen', 'näytellä', 'toistaa', 'kajo', 'rahapelit', 'veikata', 'upota', 'pelaa', 'draama', 'ruiskuttaa', 'flirttailla', 'pelitapa', 'kimmellys', 'play', 'siirtää', 'uhkapelaaminen', 'android_market', 'kirmailu', 'näytteleminen', 'vitsailu', 'leikkiä', 'löyhyys', 'olla_osana', 'kohdata', 'arpapelaaminen', 'rekyyli', 'pelaa_kaudella', 'ajan_pelata', 'leikit', 'veikkaus', 'peuhaaminen', 'vapaus_tehdä_jotakin', 'uhkapeli', 'rahapelaaminen', 'pila', 'liikkua_vapaasti', 'pilailu', 'näytelmäkirjallisuus', 'vapaat_kädet', 'lyödä_vetoa', 'aikaansaada', 'näytelmiä', 'pyrkiminen', 'soittaa', 'play_store', 'pelata_vastaan', 'pelata_jnk_pussiin', 'pelanneet', 'leikitellä', 'liike', 'stageplay', 'uhkapelaaja', 'leikinlasku', 'hypistellä', 'rahapeli', 'taiteelle', 'arpapeli', 'hulluttelu', 'telmiminen', 'liikkumavara', 'rahapelaaja', 'esittää', 'väsyttää', 'uhkapelit', 'pyrkimys', 'google_play', 'dramaattinen_pelata', 'veto', 'temppu', 'teatteri_näytelmä', 'soita', 'karkelointi', 'ilonpito', 'ottelu', 'hohto', 'manööveri', 'vahvistaa', 'draamasarja', 'otella']
pleasure	mielihyvä	Match	['nautinto', 'sondre_lerche', 'pleasure', 'bang_camaro', 'mielihyvää', 'semisonic', 'ilo', 'pleasure_p', 'huvi', 'miellyttävä', 'mielihyvä', 'ilonaihe']
poor	huono	Match	['vapaaehtoinen_köyhyys', 'köyhtynyt', 'puutteellisuus', 'vaillinainen', 'huono', 'varaton', 'kurja', 'puutteenalaisuus', 'liikuttava', 'köyhdyttäminen', 'puute', 'köyhät', 'köyhyys', 'paupers', 'köyhiä', 'kehno', 'heikko', 'lupauksen_köyhyydestä', 'suhteellinen_köyhyys', 'riittämätön', 'onneton', 'tiukka', 'säälittävä', 'surkea', 'köyhä', 'köyhyysaste', 'niukka']
prison	vankilatuomio	Found close match: ['vankila', 'vankiloissa', 'vankilaan']	['luettelo_kuuluisista_vankiloista', 'vankila', 'rangaistuslaitos', 'vankilassa', 'vangita', 'tom_robinson', 'vankeinhoitolaitoksen', 'vankeus', 'vankiloissa', 'jailhouse', 'keskitason_vankilan', 'vankilaan', 'vangittuna', 'tyrmä', 'vankeinhoidon_laitos', 'vähimmäisturvaa', 'county_jail', 'ahdas', 'keskitason_tietoturvan', 'linna', 'suomen_vankilat', 'vankeusrangaistus', 'nuorisovankila']
professional	ammattilaistasolla	Found close match: ['ammattilaisia', 'ammattilais', 'ammattilaisurheilija']	['asiantuntija', 'asiantuntijoita', 'ammattimies', 'asiantuntijan', 'ammatillinen', 'ammatti', 'kiss_land', 'ammattilaisurheilussa', 'asiantuntijuus', 'professional_football', 'ammattimainen', 'ammattiihminen', 'ammattilaisurheilu', 'ammatinharjoittajan', 'ammattimainen_urheilija', 'ammattilais', 'ammattilainen', 'ammattilaisurheilija', 'ammattimaisesti', 'mestari', 'ammattiurheilijoita', 'ekspertti', 'ammattimaisen_näköinen', 'ammattiurheilu', 'ammattilaisia']
protection	suoja	Match	['protektionismi', 'suojan', 'suojeluksessa', 'turva', 'suojelus', 'arvopaperit', 'kaupallinen_suojautuminen', 'protektionistinen_toimenpide', 'kilpi', 'suojapeite', 'turvallisuuden', 'suojelutulli', 'turvallisuus', 'suojeluraha', 'protection', 'suojaaminen', 'suojelua', 'kaupan_suojatoimenpide', 'suojaa', 'suojelu', 'suojaus', 'suojus', 'turvapaikka', 'down_where_the_spirit_meets_the_bone', 'suoja', 'turvallisuutta', 'tietoturva']
quality	laatu	Match	['äänenväri', 'paras', 'olemus', 'leima', 'säätyläinen', 'kaliiperi', 'laadullinen', 'laatu', 'laadukkuus', 'multitimbraali', 'luonteenpiirre', 'hienosto', 'äänensävy', 'verraton', 'erinomainen', 'sointi', 'laadukas', 'ominaispiirre', 'ominaisuus', 'vaihto', 'sointiväri', 'ensiluokkainen', 'sointivärien', 'sävy', 'sääty', 'luokka', 'laatua', 'quality']
reaction	reaktio	Match	['kemiallisia_reaktioita', 'taantumus', 'reaktio', 'reagoi', 'reaction', 'vastustaminen', 'reaktiot', 'kemiallisesti', 'tuote', 'reaktion', 'vastaus', 'reaktiokaava', 'vastavoima', 'kemialliset_reaktiot', 'vastavaikutus', 'reaktiota', 'kemiallinen_reaktio', 'kemiallisen_reaktion']
read	kirjoita	Incorrect	['ottaa', 'osoittaa', 'kuulua', 'selittää', 'ymmärtää', 'sanoa', 'lukeminen', 'lue', 'näyttää', 'read', 'luettu', 'opiskella', 'ilmaista', 'lukea', 'koeesiintyä', 'skannata', 'tulkita', 'ohimennen']
relationship	suhde	Match	['kyty', 'yhteys', 'ihmissuhteiden', 'sukulainen', 'sukulaisuus', 'eno', 'side', 'ihmisen_suhde', 'tuttavuus', 'setä', 'suhteet', 'täti', 'vävypoika', 'näälä', 'ihmissuhde', 'lanko', 'pitkäaikainen_suhde', 'suhde', 'vanhemmat', 'kontakti', 'appi', 'ihmissuhteet', 'käly', 'tytär', 'miniä', 'vävy', 'sisarus', 'sukusanasto', 'sukulaisuus_ja_laskeutuminen', 'sukulaisuussuhde', 'tuttava', 'ihmissuhde_suhde', 'anoppi', 'appiukko']
religious	uskonnollinen	Match	['tunnontarkka', 'hengellinen', 'harras', 'uskovainen', 'uskonnolliset', 'kirkollinen', 'uskonnollinen', 'jumalaapelkäävä']
residence	residenssi	Found close match: ['residencia', 'residence']	['residence', 'savutupa', 'asunnon', 'asunnot', 'koti', 'pirtti', 'kotitalo', 'suuri_rakennus', 'asukki', 'kuningashuone', 'kartanossa', 'asukas', 'hima', 'omistusasunto', 'oleskelu', 'asunto', 'suuri_talo', 'kolmio', 'palatsi', 'asuntoa', 'savupirtti', 'asukasta', 'kämppä', 'residencia', 'paikka', 'asuntotyypit', 'suku', 'talo', 'kotiin', 'asumus', 'asuinpaikka', 'asuminen', 'kartanoita', 'asuja', 'kotipaikka', 'kartano', 'linna', 'asuintalo', 'neliö']
road	tie	Match	['pois_peli', 'the_road', 'vieraspeli', 'autotie', 'tien_peli', 'tie', 'new', 'vierasjoukkue', 'reitti', 'jalkakäytävät', 'road', 'maantie', 'tien', 'vierasottelu']
sad	surullinen	Match	['talvimasennus', 'valitettava', 'surkuteltava', 'ṣād', 'sad', 'ص', 'tsade', 'suru', 'kaamosrasitus', 'kaamosmasennuksen', 'alakuloisuus', 'haikea', 'surullista', 'sydänsuru', 'kaamosmasennus', 'surullisuus', 'lost_dogs', 'säälittävä', 'kaamosväsymys', 'surullinen', 'surkea', 'seasonal_affective_disorder', 'sadhe', 'vuodenajoittain_vaihteleva_mielialahäiriö', 'huolestuttava', 'surua']
science	ihmistieteiden	Found close match: ['tieteen', 'empiirisen_tieteen']	['empiirisen_tieteen', 'tiedettä', 'disco_inferno', 'todellisuustutkimus', 'tieteellinen_näyttö', 'valtavirran_tieteen', 'tieteenalalla', 'tieteen', 'taitoa', 'tiede', 'tieteellinen_tutkimus', 'tieteenala', 'taito', 'tieto', 'valtavirran_tiede', 'science']
seafood	ruokakaloja	Not found	[]
sell	myydä	Match	['kaupankäynti', 'myyminen', 'amerikkalaisen_vapaapainin_slangi', 'pettää', 'merenkulun_kaupan', 'inferno_match', 'ammatti', 'käydä_kauppaa', 'mennä_kaupaksi', 'luettelo_showpainin_termeistä', 'tables_ladders_chairs', 'kauppa', 'kavaltaa', 'painipromootio', 'vapaapainisanastoa', 'myydään', 'vakuuttaa', 'elinkeino', 'myydä', 'showpainin_slangi', 'myy', 'myynti', 'sell']
sew	kenkiä	Incorrect	['kursia_kokoon', 'kursia', 'ompelu', 'stitchery', 'räätälöidä', 'ompeleminen', 'ommella', 'neuloa', 'tehdä_tilaustyönä', 'ompelutyö', 'ommeltu', 'ompelus', 'harsia']
sexy	seksikäs	Match	['sukuviettiä_kiihottava', 'lempeä_nostattava', 'sexy', 'seksikäs', 'elephunk']
shape	pyöreämuotoinen	Incorrect	['supreme_allied_commander_europe', 'kokoonpano', 'muokata', 'muotoa', 'jalkapallon_kenttäryhmitys', 'vartalo', 'ihon_sävy', 'muovata', 'fysiikka', 'sooma', 'ihmiskehon', 'vointi', 'jalkapallon_taktiikka', 'muodostaa', 'malli', 'materiaali_runko', 'muodossa', 'piirre', 'määrittää', 'luku', 'figuuri', 'tila', 'rakenne', 'allied_command_operations', 'järjestys', 'fyysinen_keho', 'ihmisruumis', 'muodon', 'ilme', 'vaikuttaa_ratkaisevasti', 'ihon_pigmentti', 'naton_euroopanjoukkojen_pääesikunta', 'muoto', 'ääriviiva', 'vaikuttaa', 'supreme_headquarters_allied_powers_europe', 'hahmo', 'keho', 'ilmentymä', 'bod', 'takoa', 'ihmisen_anatomia', '433', 'shape', 'ruumiinrakenne', 'kunto', 'liha', 'muotoon', 'ihonväri', 'wm_muodostumista', 'ihmisen_fysiologia', 'runko', 'asetelma', 'primitiivinen', 'säännellä', 'määritelmä', 'lihaa', 'fyysinen_ruumis', 'muotoilla']
ship	aluksen	Match	['laivata', 'aluksen', 'laiva', 'ship', 'kombiroro', 'lähettää', 'alus', 'conro', 'toimittaa', 'probo', 'laivat', 'pestata', 'kuljettaa', 'lolo', 'alusta', 'astua_laivaan', 'ms', 'nousta_laivaan', 'storo', 'floflo']
show	show	Match	['näytös', 'pelanneet', 'uhkapelaaminen', 'läänin_oikeudenmukainen', 'vaikutelma', 'uhkapelaaja', 'toimia_paikannäyttäjänä', 'vedonlyönti', 'demonstroida', 'esitellä', 'rahapeli', 'show', 'arpapeli', 'näyttää_toteen', 'ilmentää', 'vakiinnuttaa', 'arpapelaaminen', 'näkyä', 'rahapelaaja', 'näytä', 'osoittamaan', 'esittää', 'teeskentely', 'uhkapelit', 'ilmaista', 'veikkaus', 'olla_todisteena', 'asettaa_näytteille', 'osoittavat', 'uhkapeli', 'nimetä', 'rahapelaaminen', 'näyttely', 'näyttää', 'näytellä', 'pelaajille', 'todistaa', 'kuvata', 'maatalousnäyttelyssä', 'tulla_kolmen_parhaan_joukkoon', 'veikkaaminen', 'osoittaa', 'vahvistaa', 'rahapelit', 'esitys', 'maatalousnäyttely']
sign	merkki	Match	['no_regret_life', 'astrologinen_merkki', 'viesti', 'semiologia', 'kliinisiä', 'signalointi', 'merkit', 'sign', 'horoskooppi', 'preindication', 'tähtimerkki', 'allekirjoittaa', 'signaali', 'enne', 'antaa_merkkejä', 'elektropositiivisten', 'ilmoitus', 'ilmoitustaulu', 'varustaa_merkein', 'kyltti', 'lääketieteellinen_merkki', 'palkata', 'semioottisen', 'etumerkki', 'horoskooppimerkki', 'ottaa_palvelukseen', 'vahvistaa_nimellä', 'mainostaulu', 'viitottu', 'suojeluksessa', 'merkitty', 'plusmerkki', 'merkkioppi', 'tehdä_ristinmerkki', 'pestata', 'merkinanto', 'opasteet', 'allekirjoittanut', 'tähtikuvio', 'merkki', 'ennusmerkki', 'ohjaussignaali', 'kyltitys', 'siunata', 'graafinen_tunnus', 'kirjoitusmerkki', 'tulkinnos', 'brown_eyed_girls', 'ele', 'grapheme', 'paulingin_asteikko', 'horoskooppi_merkki', 'napaisuus', 'semiotiikka', 'einegatiivinen', 'allekirjoittamaan', 'allekirjoitus', 'signaalin', 'huone', 'vastakohtaisuus', 'kiinnittää', 'elektropositiivisuus', 'planetaarinen_huone', 'merkkien_toinen_trikotomia', 'interpretantti', 'allekirjoita', 'talo', 'jälki', 'graphemes', 'merkitsijä', 'negatiivisuus', 'viittomakielen', 'tehdä_sopimus', 'planeettojen_talo', 'elektronegatiivisuus', 'ennakkoilmoitus', 'elektronegatiivinen', 'tulkitsin', 'viittoma', 'grafeemi', 'kliinisiä_oireita', 'positiivinen', 'viittoa', 'polariteetti', 'positiivinen_luku', 'viittoilla', 'positiivisuus', 'kirjain', 'viittilöidä', 'semiologian', 'vahvistaa']
silly	ihan	Incorrect	['hölmö', 'höpsähtänyt', 'kevytmielinen', 'hidasälyinen', 'järjetön', 'ajattelematon', 'silly', 'hidasjärkinen', 'sekopäinen', 'järjetöntä', 'älytön', 'hupsu', 'hölynpölyä', 'järjettömyys', 'outo', 'merkityksettömyys', 'naurettava', 'nonsensicality', 'rajoittunut', 'tyhmä', 'hölynpöly', 'hokum', 'nonsense', 'pyörryksissä_oleva', 'hidas', 'hassu', 'harkitsematon', 'tyhmeliini', 'säälittävä', 'tyhjä_puhe', 'typerä', 'typerää', 'houkkamainen', 'puulla_päähän_lyöty', 'roska']
sin	syntisen	Found close match: ['syntinen', 'syntisyyden', 'synti']	['syntinen', 'synti', 'sinhalan_kieli', 'mokata', 'sinhala_kielen', 'sin', 'langeta', 'syntisyys', 'singaleesi', 'changin_kansainvälinen_lentoasema', 'final_fantasy_xn_ja_x2n_hahmot', 'sini', 'möhliä', 'šin', 'sinhala', 'sīn', 'loukata', 'tehdä', 'changin_lentoasema', 'sinhalin_kieli', 'tehdä_syntiä', 'س', 'syntisyyden', 'syntiinlankeaminen', 'pahuus', 'syntisiä', 'suen', 'rikkoa', 'ש', 'singaleesin_kieli', 'shin', 'töpätä', 'sinhali', 'singaporen_lentoasema', 'munata', 'sinifunktion', 'synnin', 'singapore_changin_lentoasema', 'singalin_kieli', 'synnillisyys', 'syntiä', 'helvetti']
skin	iho	Match	['kuoria_puu', 'psykiatrinen_hoitolaitos', 'hipiä', 'plugins', 'kavuta', 'day_for_night', 'päällys', 'ihon_rauhanen', 'ruhjoa', 'skinnable', 'almost_human', 'laajennuskortti', 'ray_of_light', 'ulkokuori', 'ulkoasu', 'saada_verille', 'plugin', 'supernatural', 'taustakuva', 'mielisairaala', 'turkis', 'topikaalinen', 'kuori', 'deborah_dyer', 'skin', 'liitännäinen', 'lisäosa', 'kuoripitoisuus', 'naarmuttaa', 'henkinen_koti', 'kuosi', 'laajennus', 'päästä_vaivoin', 'tegumentti', 'blender', 'the_world_of_skin', 'raapia', 'kiivetä', 'nahka', 'mielisairaanhoitolaitos', 'ihon_rauhaset', 'piirilevy', 'vuota', 'teho_kone', 'iho', 'helpeet', 'cutis', 'psykiatrinen_sairaala', 'kivuta', 'ihon_solujen', 'addin', 'mallikerta', 'iho_nahka', 'rkelly', 'käsikarvat', 'australian_aboriginaalien_sukulaisuus', 'ihoa', 'hullujenhuoneella', 'piirilevyjä', 'raapiutua', 'sitrushedelmän_(ulko)kuori', 'nahkaleili', 'ihorauhaset', 'rimpuilla', 'suojakerros', 'ihon', 'talja', 'ponnistella', 'r_kelly', 'integumentum_commune', 'kuoria', 'ihorauhanen', 'piirikortti', 'mielisairaalaan', 'subkutaaninen']
smart	puhelias	Incorrect	['hävytön', 'henkistä_kapasiteettia', 'smart', 'julkea', 'älykäs', 'amerikkalaisen_vapaapainin_slangi', 'näsäviisas', 'smarting', 'muodikas', 'inferno_match', 'tehdä_kipeää', 'päällekäyvä', 'röyhkeä', 'sotilastiedustelu', 'nokkela', 'reipas', 'kirvelevä', 'välkky', 'luettelo_showpainin_termeistä', 'nokkava', 'tables_ladders_chairs', 'viisasteleva', 'älykkyys', 'siisti', 'koskea', 'viisas', 'ankara', 'asiaton', 'intelligenssi', 'älyllinen', 'karvastelu', 'painipromootio', 'älykkyyttä', 'täsmä', 'vapaapainisanastoa', 'nenäkäs', 'häpeämätön', 'äly', 'hieno', 'terävä', 'kipu', 'tyylikäs', 'ripeä', 'showpainin_slangi', 'fiksu', 'rikkiviisas', 'kirvely', 'särkeä', 'tuska']
smiling	hymyilee	Match	['virnisteleminen', 'myhäileväinen', 'virnistys', 'hymyily', 'hymyileväinen', 'hymyileminen', 'hymykuopat', 'hymy', 'hymyillen', 'hymyilee', 'hymyilevä', 'irvistäen', 'virne', 'hymyillä', 'the_beta_band']
solution	ratkaisu	Match	['ratkaisun', 'tulos', 'ongelmanratkaisu', 'liuenneita_aineita', 'ratkaisu', 'ratkaiseminen', 'lopputulos', 'vastaus', 'ratkaisua', 'solution', 'juuri', 'yhtälön_ratkaiseminen', 'liuos']
soul	sielun	Match	['sielua', 'de_anima', 'ihminen', 'mrmr', 'kuolevainen', 'sielu', 'henki', 'soul', 'soulmusiikki', 'sielukkuus', 'aiúa', 'soul_music', 'sielusta', 'yksilö', 'psyyke', 'henkevyys', 'kuolematon_sielu', 'luonnollinen_henkilö', 'henkilö', 'sielun', 'sielunsa', 'soul_calibur', 'joku']
sound	äänimaailma	Found close match: ['ääniaalto', 'ääniaallot']	['kuulo_tunne', 'terve', 'auditiivinen_tuntemus', 'hyväkuntoinen', 'puhelin', 'moitteeton', 'äänen_etenemisliike', 'vakavarainen', 'mitata_syvyys', 'perinpohjainen', 'äänen_eteneminen', 'ääniaalto', 'katkeamaton', 'ääntä', 'johdonmukainen', 'kuulua', 'äänet', 'lainmukainen', 'äänne', 'perusteltu', 'harkittu', 'äänteen', 'kuulostaa', 'akustinen_aalto', 'lahti', 'sound', 'turmeltumaton', 'laulaa', 'audio', 'tecnocumbia', 'pätevä', 'voimassa_oleva', 'salmi', 'laillinen', 'fooni', 'melu', 'syvä', 'soittaa', 'ääni', 'virheetön', 'sikeä', 'ääntää', 'luodata', 'ääntää_soinnillisena', 'hyvä', 'järkevä', 'akustiset', 'akustisen_aallon', 'ääniaallot', 'äänen', 'päästää_ääni']
spoke	puhui	Match	['puhuminen', 'puhui', 'kieli', 'puola', 'piena', 'suullinen_viestintä', 'pinna', 'rundle', 'puhuttu_kieli', 'puheviestintä', 'puheviestinnän', 'ihmisen_puhetta', 'ääniviestintä', 'puhunut_viestintä', 'puhuivat', 'pinnojen', 'puhe', 'puhutun_kielen', 'spoke', 'pyörän_puola']
star	tähti	Match	['asteriski', 'estelle', 'kuuluisa_henkilö', 'pääosissa', 'kuuluisuus', 'mavin', 'tähdittävä', 'huippu', 'ilean_almaguer', 'tähden', 'taitoniekka', 'ässä', 'julkkis', 'bio_kuohu', 'pääosan_esittäjä', 'kiintotähti', 'prima', 'tähden_elinkaari', 'hurahtaa', 'pääosassa', 'poptähti', 'julkisuuden_henkilö', 'esiintyä_pääosassa', 'tähdellä', 'tähtiluokitus', 'tvpersoona', 'supertähti', 'tähti_kuvaaja', 'velho', 'virtuoosi', 'adept', 'päänäyttelijä', 'tärkein', 'tuntija', 'tähti', 'targz', 'maven', 'keltti', 'wiz', 'tähtimerkki', 'filmitähti', 'tähtitopologia', 'tähden_monikulmion', 'elokuvatähti', 'air', 'johtava_toimija', 'filmitähdet', 'kasvuosuuden_matriisi', 'star', 'pääesiintyjä', 'elokuvateatteri_star', 'mestari', 'xerox_star', 'nero', 'ekspertti', 'the_rise_and_fall_of_ziggy_stardust_and_the_spiders_from_mars', 'merkkihenkilö', 'taituri', 'ziggy_stardust', 'hotshot', 'viiden_tähden_hotelli', 'johtava_näyttelijä', 'tähteä', 'pää', 'tape_archive', 'kuuluisuuksia', 'julkisuuden_henkilöt', 'adepti', 'media_persoonallisuus', 'merkitä_asteriskilla', 'taitaja', 'tähdet', 'estelle_swaray', 'tar']
student	opiskelija	Match	['kirjakaupoista', 'tieteellinen_henkilö', 'christ_church', 'opiskelijat', 'bookman', 'oppinut', 'opiskelijan', 'ylioppilas', 'opiskelija', 'kirjakauppias', 'kirjakauppojen', 'kirjakaupasta', 'oppilas', 'kirjakaupassa', 'oppilaan', 'oppinut_henkilö', 'student', 'kirjakauppa', 'fuksi_vuosi', 'tutkija', 'kirjakaupat', 'william_sealy_gosset']
stupid	naurettava	Incorrect	['hölmö', 'pillock', 'pahvi', 'pökertynyt', 'hidasälyinen', 'tomppeli', 'typeryys', 'hidasjärkinen', 'jurpo', 'kahjo', 'flight_360_the_takeoff', 'typertynyt', 'tollo', 'höntti', 'pölkkypää', 'rajoittunut', 'pahvipää', 'puddenhead', 'tyhmä', 'typerys', 'ravensymoné', 'huono_kala', 'juntti', 'hidas', 'tyrmätty', 'stupe', 'pöllämystynyt', 'päästään_pyörällä_oleva', 'tyhmyys', 'mäntti', 'typerä', 'ääliö', 'urvelo', 'pökerryksissä', 'pässinpää', 'vanukas_pään']
successful	menestyksekäs	Match	['tuloksellinen', 'menestys', 'menestynyt', 'onnistunut', 'menestyksekäs', 'onnistui', 'successful']
sugar	sokerijuurikasta	Found close match: ['sokeripala', 'sokerit', 'sokeria']	['hiili_hydraatti', 'tuohi', 'sugar', 'moolahissa', 'glassheart', 'simoleons', 'hiilihydraatti', 'sokeri', 'dinero', 'saldo', 'sakkaridi', 'sokeripala', 'liksa', 'rahna', 'mammona', 'kahiseva', 'jalostettu_sokeri', 'nappula', 'gelt', 'palasokeri', 'hinta', 'hiilihydraatteja', 'valuutta', 'batman_forever', 'kilisevä', 'pelf', 'fyrkendaali', 'taksa', 'fariini', 'sokerit_viinin', 'hillo', 'sokerit', 'inverttisokeri', 'fyffe', 'sokeroida', 'sugar_ep', 'pätäkkä', 'fyrkka', 'puhdistettu_sokeri', 'hynä', 'sokeria_kuution', 'mani', 'raha', 'sokeria', 'simpukat', 'c6h12o6', 'massi', 'uga', 'hiilihydraatit']
suspect	epäile	Found close match: ['epäilee', 'epäily', 'epäilys']	['epävarmuus', 'epäluottamus', 'olla_luottamatta_jhk', 'epäilys', 'tekijä', 'robert_crais', 'epäillään', 'epäiltyjä', 'kyseenalainen', 'epäilee', 'arvella', 'hämärä', 'epäluulo', 'kummallinen', 'hämäräperäinen', 'epäily', 'smallville', 'vastaajat', 'suspect', 'epäilyttävä', 'syytetty', 'epäilty', 'vastaaja', 'pitää_mahdollisena', 'rikollinen_vastaaja', 'epäillä']
table	taulukon	Not found	[]
taste	maku	Match	['tarkkanäköisyys', 'viinin_maistelua', 'maistella', 'esimaku', 'perus_maku', 'aromiainetta', 'kokeilla', 'aromi', 'preferenssi', 'makua', 'gustation', 'perusmaut', 'maista', 'maku_käsitys', 'keinotekoinen_aromi', 'voimakas_mieltymys', 'maistaminen', 'makuaistin', 'taste', 'arominvahvenne', 'koettaa', 'makuaistimus', 'vahva_maku', 'maku_sensaatio', 'viininmaistelu', 'maistaa', 'maku_liikennemuotojen', 'karvas', 'perusmaku', 'keinotekoisia_maku', 'mieltymys', 'maistua', 'nowhere', 'makuelämyksen', 'arvostus', 'makoisuus', 'kokea', 'sokkotestillä', 'mieltymykset', 'makuaisti', 'arvostelukyky', 'maku', 'arominvahventeena', 'maistiainen', 'suupala', 'taipumus', 'sivumaku']
team	joukkue	Match	['miehistö', 'rock_band', 'sooloartistina', 'joukkuelajeissa', 'sooloprojekti', 'joukkue', 'musiikkiyhtye', 'lyöttäytyä_yhteen', 'valjakko', 'baari_bändi', 'joukkuepeli', 'team', 'rockyhtye', 'urheilujoukkueen', 'pop_rockyhtye', 'bandi', 'työsolu', 'talli', 'laulu_ja_soitinyhtye', 'musiikin_yhtye', 'band', 'ryhmä', 'joukkueurheilu', 'yhtye', 'bändi', 'musiikillinen_kokonaisuus', 'ryhtyä_yhteistyöhön', 'joukkuelaji', 'rockryhmä', 'instrumentaali_yhtye', 'tiimi', 'orkesterin', 'rokkibändi']
texture	värisävy	Incorrect	['tuntuma', 'macrotexture', 'teksturointi', 'kudos', 'suutuntuma', 'tekstuuripinnoituksessa', 'tekstuurimappaus', 'tuntu', 'struktuuri', 'tekstuuri', 'rakenne', 'pintakuviointi', 'koostumus', 'pinta']
time	aikaa	Match	['aikakäsitys', 'aikaa', 'varhaisessa_maailmankaikkeudessa', 'yhdiste_mittari', 'in_my_own_words', 'aika_t', 'kellonajan', 'aika', 'yksinkertaisesti_aikaa', 'time_magazine', 'aikavalotus', 'tasarytmi', 'alkuräjähdyksen_aikajana', 'tahtiosoitus', 'ajoittaa', 'järjestelmän_kellon', 'epookki', 'valssi_aikaa', 'time_inc', 'ottaa', 'hetki', 'tapahtumasarjaa', 'kellottaa', 'kerta', 'timelehti', 'polymeter', 'tahtilajimerkintä', 'kellojaksoa', 'y_not', '68_kertaa', 'inception', 'mittari', 'the_time', 'xkcd_1190', 'ulottuvuus', 'neljäs_ulottuvuus', 'kakku', 'musiikillinen_tahtilaji', 'kosmologisen_ajan', 'tahtilaji', 'tempus', 'ajastaa', 'vankeuteen', 'järjestelmäkello', 'anastacia', 'klinik', 'aikaluokka', 'hypnotica', 'tahtilajeja', '24_kertaa', 'ajan', 'duple', '44_kertaa', 'milburn', 'smartstop', 'hetki_lyö', 'jungle', 'varhaisen_maailmankaikkeuden', 'pacific_ocean_blue', '44', 'kello', 'ottaa_aika', 'art_official_age', 'kellopulssi', 'kokemus', 'rangaistus', 'ottaa_aikaa', 'aikamuodot', 'aikamuoto', 'scatmans_world', 'jännittynyt', 'ajassa', 'bulblaukaisu', 'wild', 'vankeusaika', 'time', '128', 'fetty_wap', 'kuollut_pallo', 'ajan_yksiköt', 'kellosignaalin', 'time_i', 'kellonaika', 'scatman’s_world']
tool	työkalu	Match	['nukkehallitsija_sätkynukke', 'ohjelmointityökalu', 'kulli', 'työkalu', 'ohjelmistotyökaluja', 'ajella', 'heppi', 'konetyökalu', 'sätkynukke', 'kyrpä', 'paalu', 'ajaa', 'ohjelmistokehitystyökaluille', 'työkalun', 'käskyläinen', 'tool', 'työkaluja', 'mulkku', 'välikappale', 'kalu', 'kehityksen_väline', 'jorma', 'väline', 'molo', 'työstää', 'marionetti', 'työväline', 'nukkevaltio']
toy	nukkeanimaatio	Incorrect	['leluja', 'leikitellä', 'lelun', 'ben_wa_kuulat', 'seksilelut', 'chatoyancy', 'seksivälineet', 'hypistellä', 'leikkiä', 'kääpiökoira', 'graffitisanasto', 'nänninipistimet', 'lelut', 'leikkikalut', 'geishakuula', 'flirttailla', 'toy', 'vaginapallo', 'aikuisten_lelu', 'lelu', 'miniatyyri', 'chatoyant', 'geishapallo', 'seksiväline', 'seksileluja', 'yello', 'seksilelu', 'toyline', 'ben_wa_pallot', 'leikkikalu', 'sylikoira', 'pelata']
tree	köynnöskasvi	Incorrect	['puu', 'ajaa_nurkkaan', 'alipuun', 'sisäinen_solmu', 'puita', 'venyttää', 'tree', 'charlotte_brontë', 'bronte', 'ajaa_puuhun', 'puunkuori', 'pyhä_puu', 'ajaa', 'panna_ahtaalle', 'isäsolmuun', 'puiden_palvonta', 'metsä', 'juurtunut_puu', 'pääsolmu', 'puun', 'alipuu', 'lehtisolmu', 'kruskalin_puu_lause', 'puuta', 'juurisolmu', 'puudiagrammi', 'currer_bell', 'puut', 'puukaavion', 'taimi', 'konkelo', 'metsittää', 'venyttää_lestillä', 'puu_tietorakenne', 'sir_herbert_beerbohm_tree', 'herbert_beerbohm_tree', 'charlotte_bronte', 'puu_palvonta']
trial	oikeudenkäynti	Match	['syyvaikutussuhde', 'kieliopillinen_luku', 'oikeusjuttuja', 'syy_järjestelmän', 'laki_puku', 'paucal', 'kolme', 'tertsiini', 'iii', 'oikeudenkäyntiin', 'juttujako', 'kolmikon_jäsen', 'yksi_kolmesta', 'kausaalisuus', 'oikeudenkäynnin', 'trine', 'tercet', 'koetus', 'ässä', 'syysuhteellisuus', 'oikeustapausarvostelu', 'riitaasiassa', 'juttu', 'riita', '3', 'trio', 'kolmikko', 'numero', 'kolminaisuus', 'luku', 'troikka', 'yksikkö', 'siviili_oikeusjuttu', 'kausaalisuhde', 'kausaalilaki', 'triadi', 'terzetto', 'oikeusjuttu', 'oikeustapaus', 'ternaariselle', 'kausaalinen', 'kausaliteetti', 'esikarsinta', 'esitutkintaan', 'pluraali', 'siviilikanne', 'rikosasiassa', 'haastoi', 'syy', 'monikko', 'numero_sopimus', 'kolmonen', 'tapaus', 'deuceässä', 'trial', 'oikeudenkäyntiä', 'koe', 'syysuhde', 'ternion', 'kausaatio', 'asia', 'kokeen', 'kanne', 'tertsetti', 'koettelemus', 'lukukongruenssi', 'oikeudenkäynti', 'juttulista', 'testi', 'yritti', 'causa', 'koekäyttö']
tried	yritti	Match	['testattu', 'yritetty', 'rikosasiassa', 'oikeudenkäynti', 'kokeiltu', 'hyväksi_havaittu', 'yritin', 'yritti']
typical	tyypillinen	Match	['tyypillistä', 'tyypillinen', 'tyypillisiä', 'typical', 'selvästi_erottuva']
unaware	tietää	Found close match: ['tietämätön', 'tietämättä']	['tietämättä', 'tietämätön']
usable	käyttökelpoista	Found close match: ['käyttökelpoisia', 'käyttökelpoinen']	['helppokäyttöisyys', 'käytettävä', 'käyttökelpoisia', 'käytettävyys', 'käytettävissä_oleva', 'käyttökelpoinen', 'vapaa', 'käyttäjäystävällinen', 'toimintakuntoinen', 'toimiva', 'toimintakunnossa_oleva']
useless	tarpeeton	Incorrect	['käyttökelvoton', 'useless', 'hyödytöntä', 'hyödytön']
vacation	lomalle	Match	['loman', 'mitätöinti', 'loma', 'viettää', 'vacation', 'vapaapäivä', 'lomailla', 'lomalle', 'matkustella', 'lomapäivä', 'lomaa']
war	sodan	Match	['sotilaallinen_konflikti', 'sota', 'youth_authority', 'sodankäynti', 'sotia', 'sodat', 'the_war', 'sodankäynti_ennen_valtioita', 'all_or_nothing', 'kansainvälinen_konflikti', 'kamppailu', 'ares', 'sodankäynnin_pysyvät_elementit', 'sotilaallisen_konfliktin', 'sotatila', 'waraywaray_kieltä', 'sodankäynnin_muuttuvat_elementit', 'upcoming_sum_41_sixth_studio_album', 'sotaa', 'abraham_kieros', 'rogue_assassin', 'war', 'sodan', 'waraywaray']
wash	kuivataan	Found close match: ['kelvata']	['puhdistaa_nuolemalla', 'pyykkäys', 'uoma', 'vesivärimaalaus', 'laveeraaminen', 'buried', 'mä_ja_mun_pomo', 'peseytyä', 'arroyo', 'pestä_tiskata', 'laveeraus', 'pestä_piirustus', 'wadi', 'the_wash', 'metallointi', 'eroosio', 'pestään', 'pyykätä', 'lavation', 'kelvata', 'washables', 'loiskia', 'huuhde', 'kuivua_pestä', 'huuhtoa_pois', 'potkurivirran', 'huuhtoa_malmia', 'silittäjä', 'pako', 'joenuoma', 'peittää_ohuella_kerroksella', 'potkurivirta', 'unearthed', 'pese', 'pesu', 'scan', 'pako__2_tuotantokausi', 'kostuttaa', 'virrata', 'vesiväri', 'huuhtoa', 'silata', 'liplattaa', 'pesula', 'puhdistaa', 'pesuneste', 'lost_dogs', 'jokiuoma', 'pyykkääminen', 'pestä_pois', 'kiinalainen_pesula', 'pestä', 'pyykki']
weak	heikko	Match	['vaikutusvallaltaan_vähäinen', 'heikot', 'vetinen', 'heiveröinen', 'painoton', 'epätäydellinen', 'vaimea', 'hervoton', 'puutteellinen', 'raihnainen', 'heikkous', 'hauras', 'heikkoa', 'hämärä', 'heikko', 'seaweed', 'raihnas', 'the_sea', 'ponneton', 'voimaton', 'laimea', 'vanhuudenheikko', 'tutiseva', 'lihasheikkous']
wear	päähine	Not found	[]
weather	sää	Match	['sää_näkymät', 'säätiedotus', 'sää', 'keli', 'haalistua', 'weather', 'kestää', 'purjehtia_vastatuuleen', 'sääolosuhteet', 'sääennuste', 'säätila', 'ilmakehän_olosuhteet', 'ilmakehän_tila', 'viistota', 'sääennustus', 'sääennusteen', 'ilma', 'sääolosuhde', 'sietää']
willingly	tahtomattaan	Found close match: ['tahtoen']	['vapaaehtoisesti', 'halukkaasti', 'tahtoen']
word	sana	Match	['logot', 'kristillisen_raamatun', 'raamattuja', 'uskonnollisia_tekstejä', 'logoskäsite', 'viesti', 'pyhä_raamattu', 'raamatuntuntemus', 'sanoja', 'puhe', 'raamattu', 'sana', 'kunniasana', 'ms_word', 'lahjoitussitoumus', 'pyhiä_tekstejä', 'pyhän_raamatun', 'vastasana', 'about_a_mile', 'microsoft_word', 'jumalan_sana', 'pari_sanaa', 'mielipiteidenvaihto', 'kirjoituksia', 'pyhät_kirjat', 'uutisia', 'keskustelua', 'väittely', 'pyhä_kirja', 'ilmaista', 'word', 'tiedot', 'salasanoja', 'hyvä_kirja', 'sanoma', 'pyhät_kirjoitukset', 'pyhä_teksti', 'selittää', 'poika', 'salasana', 'tunnuskoodi', 'ajatustenvaihto', 'luettelo_pyhistä_kirjoituksista', 'pyhä_kirjoitus', 'luettelo_pyhistä_kirjoista', 'sanat', 'uskonnollinen_teksti', 'kristillinen_raamattu', 'datasana', 'tunnussana', 'uutiset', 'sana_koko', 'keskustelu', 'sanan', 'raamatun', 'logos', 'sanan_pituus', 'muotoilla']
