ability	yeteneğin	Found close match: ['yeteneği', 'yetenek']	['yetenek', 'yeteneği']
accomplished	başarılır	Not found	[]
angry	öfkelenen	Found close match: ['öfkeli', 'öfke']	['mad_season', 'öfkeli', 'angriness', 'kay_starr', 'asabi', 'sinirli', 'kızgınlık', 'kızgın', 'öfke', 'press_to_play']
apartment	apartmanda	Found close match: ['apartman', 'apartmanlar', 'apartman_dairesi']	['toplu_konut', 'toplukonut', 'apartman_dairesi', 'apartman_kompleksi', 'apartment', 'apartman', 'apartmanlar', 'daire']
applause	alkışlar	Match	['el_çırpma', 'alkışlar', 'applause', 'zırıltı', 'el_alkışlar', 'alkışa', 'alkış']
argument	argümanın	Found close match: ['argüman', 'argümanlar', 'edebi_argümanı']	['fiil_argüman', 'savunarak', 'akıl_yürütme', 'argüman', 'çekişme', 'disceptation', 'fikir_zinciri', 'bağımsız_değişken', 'münazara', 'ispatlama', 'tartışmalı', 'genlik', 'edebi_argümanı', 'mantıksal_argüman', 'oblik_argüman', 'parametre', 'konuşma_ve_tartışma', 'argument', 'savunma', 'tartışma', 'değişken', 'tartışmak', 'münakaşa', 'argümanlar', 'tartışmalar']
art	sanat	Match	['harfitarif', 'eser', 'sanatçılık', 'sanatsal_ifade', 'güzel_sanatlar_nelerdir', 'sanatsal', 'art', 'sanatta_estetik', 'yapıt', 'grafik_çeşitleri', 'sanatçı', 'sanatsallık', 'beaux_arts', 'beauxarts_tarzında', 'agoutiilişkili_peptid', 'artikel', 'güzel_sanat', 'grafik', 'grafik_hangi_mesleklerde_kullanılır', 'güzel_sanatlar', 'sanat_tasarım', 'tanımlık', 'beaux_arts_mimari', 'sanat', 'kahramanlık', 'grafikler', 'ince_sanat', 'android_runtime', 'metin_olmayan_maddenin', 'sanatsal_üretim', 'sanatsal_yaratım', 'dni', 'sanat_eseri']
attitude	tavırları	Found close match: ['tavır']	['eğilim', 'attitude', 'meyil', 'tavır', 'yönlendirme', 'zımbırtı', 'tutum', 'temayül', 'brisé', 'meyelan', 'reload', 'coşmuş', 'davranışsal', 'tandans', 'eğilimi', 'euler_açıları', 'malprezentasyon', 'hizalama', 'aksaklığı', 'davranış', 'uyarıcı_davranışsal_tepki', 'zihinsel_tutum', 'sosyal_davranış', 'duruşu', 'duruş']
bag	şişesi	Incorrect	['moruk', 'multiset', 'çanta', 'meme', 'poşet', 'çantası_seyahat', 'çalmak', 'bavul', 'kagıt_poşet', 'paket', 'multisets', 'kağıt_torba', 'torba', 'kağıt_poşet', 'taşıma_çantası', 'el_çantası', 'kesekâğıdı', 'bagful', 'çuval', 'bardak_çay', 'plastik_alışveriş_çantası']
ball	şut	Incorrect	['erbezi', 'erbezleri', 'misket_tüfeği_topu', 'hemisferik', 'grev_bölge', 'balo', 'mermi', 'husye', 'yumurta', 'futbol_topu', 'küre', 'topak', 'testisler', 'yumurtacık', 'gülle', 'ballock', 'er_bezi', 'taşşak', 'açık_topu', 'haya', '2küre', 'testis', 'top', 'kapalı_topu', 'taşak', 'teste', 'tenis_topu', 'tenis_topları', 'topu', 'yumak', 'küresel', 'ball', 'futbol', 'lucille_ball', 'bilya', 'john_ball', 'yumurta_hücresi']
bar	bar	Match	['bariyer_plaj', 'vuruş', 'bar_oyunları', 'kum_banka', 'sandbars', 'ucuz_meyhane', 'barline', 'yasaklamak', 'bar', 'lokali', 'shoal', 'yasal_topluluk', 'salon_kaleci', 'bira_musluğu', 'beta2_reseptör', 'soyadı', 'han', 'önlenmesi', 'önünü_kesmek', 'mbar', 'farnesoid_x_reseptörü', 'meyhane', 'browning_otomatik_tüfeği', 'ölçü', 'foobar', 'önleme', 'pub_grub', 'çizgi', 'advocatus', 'bavyeraca', 'çubuk', 'halk_evleri', 'sürüler', 'taphouse', 'baro', 'pub_gıda', 'pub', 'ev_dokunun', 'patrynomic', 'sürgülemek', 'public_house', 'milibar', 'ginmill', 'barroom', 'ülke_han', 'birahane', 'patronymics', 'bar_tutuşmak', 'beta2_adrenerjik_reseptör', 'patronym', 'hukuk_mesleği', 'foo', 'beta2_reseptör_olan', 'bar_karadağ']
bear	ayı	Match	['ursidae', 'tupolev_tu95', 'katlanmak', 'kaldırmak', 'webelo', 'dogurmak', 'ayıya', 'tahammül_etmek', 'bear', 'kabul_etmek', 'ayıgiller', 'dayanmak', 'ödemek', 'mike_brown', 'ayı']
beat	eleyerek	Incorrect	['vuruş', 'mağlup_etmek', 'beatnik', 'yendi', 'ritm', 'prozodi', 'şiirde_ölçü', 'yenmek', 'metre', 'ölçü', 'siteswap', 'nicel_dize', 'ritimleri', 'alt', 'offbeat', 'asi_genç', 'müzikal_ritim', 'ritim', 'nabız', 'ritmik_birim', 'ritmik', 'şiirsel_metre', 'beat']
bed	yatak	Match	['yatak', 'becermek', 'düzmek', 'dere', 'seks_yapmak', 'sokmak', 'sikmek', 'dikiş', 'yatmış_olmak', 'halletmek', 'dere_yatağı', 'bed', 'koymak', 'sikişmek', 'kaymak']
beer	bira	Match	['ale', 'beer', 'bira', 'arpa_suyu', 'bira_türleri']
big	big	Match	['bjarke_ingels_group', 'vücut', 'kuru', 'yetişkin', 'meyve', 'big', 'ergin', 'buyuk', 'kocaman', 'denge', 'stypsis', 'minerality', 'norm_nixon', 'büyük']
bird	kuş	Match	['kuş_parker', 'alay_etmek', 'zamparalık_etmek', 'mikuni_shimokawa', 'yardbird_parker', 'civciv', 'afet', 'piliç', 'aves', 'avafauna', 'charlie_parker', 'kuşlar', 'bomba', 'bebek', 'avifauna', 'badminton_topu', 'bird', 'kuş', 'roosting', 'kus', 'charles_christopher_parker', 'fıstık', 'razzing', 'parmak', 'yuhalama']
blood	kan	Match	['kalıtım', 'oksijenli_kan', 'kalıtsal', 'bordo_şarabı', 'genetik_miras', 'bordeaux_şarap', 'kan', 'the_black_parade', 'blood', 'persistence_of_time', 'bordeaux', 'kan_hattı', 'hematolojik', 'zampara', 'kan_doku', 'getting_away_with_murder', 'vs', 'collective_soul', 'rakehell']
body	vücudunun	Incorrect	['cisim', 'kadavra', 'fiziksel_cisim', 'vücut', 'kuru', 'leotard', 'coachbuilder', 'el_cuerpo', 'gövde', 'ceset', 'catsuit', 'tek_parça_streç_giysi', 'gazete_makalesi', 'stypsis', 'cesetleri', 'organik_yapısı', 'alıcı', 'üzerine_gelmek', 'fet', 'denge', 'politop', 'fiziksel_yapı', 'meyve', 'tek_parça_iç_çamaşırı', 'alan_etkili_transistör', 'soundbox', 'naaş', 'punto', 'haber', 'minerality', 'beden', 'beden_takım_elbise', 'heykel_gövdesi', 'alan_etkili_transistörler', 'leş', 'politopunun', 'body', 'makale', 'teairra_marí', 'oto_gövde', 'eubstance', 'kapı', 'bodysuit', 'tulum_şeklinde_daracık_giysi', 'unitard']
brain	beynin	Found close match: ['beyin', 'beyin_gücü']	['banks', 'zihin', 'beyin_gücü', 'başını', 'dahi', 'öğrenme_yeteneği', 'organik_işlemci', 'gerekçe', 'brain', 'ansefal', 'akıl', 'bryan_mantia', 'müfettiş_gadget', 'beyin_anatomisi', 'zihinsel_kapasite', 'dâhi', 'brainiac', 'dedektif_gadget', 'dimağ', 'beyin', 'deha', 'nous']
broken	kırık	Match	['ms_kelly_deluxe', 'ms_kelly', '12_stones', 'winterhearts_guild', 'plastic_beach', 'kırılmış', 'kırgın', 'the_best_of_bruce_dickinson', 'hatalı', 'kırıldı', 'echo', 'kırık', 'delta_machine', 'bozuk', 'broken', 'ms_kelly_diva_deluxe']
building	bina	Match	['yapı_sektörü', 'yapı', 'i̇nşaat', 'şantiye', 'bina', 'inşaat', 'kamu_binaları', 'inşaat_sektöründe', 'kamu_binası', 'inşa']
burn	yakmak	Match	['akarsu', 'eritem_solare', 'fc_dallas', 'işareti_yanık', 'yanmak', 'güneş_yanığı', 'üçüncü_derece_yanık', 'yanık', 'yansın', 'yak', 'yangınlar', 'suyolu', 'burn', 'dere', 'tan', 'yan', 'kanlı_ada', 'yanar', 'ateşin_bulunması', 'yanan', 'yakmak', 'ateş', 'ateşin_icadı', 'od', 'ruisseau', 'bronzlaşmak', 'i̇syan', 'yangın', 'alev', 'üçüncü_derece_yanıklar', 'queimada', 'kıvılcım', 'hysteria']
business	işletme	Match	['iş_kaygısı', 'işletmeler', 'i̇şletme', 'iş_sektörü', 'bağımsız_yüklenici', 'satıcı', 'müşteri', 'business', 'iş_döngü', 'byplay', 'meslek', 'şirket', 'müşteriler', 'kar_için', 'şirketler_hukuku', 'ticaret', 'iş_sistemi', 'işletme', 'iş', 'iş_organizasyonu', 'iş_hat', 'aşamasında_iş']
camera	kameralar	Match	['sinema_filmi_kamera', 'the_back_room', 'sinema_kamerası', 'kamera', 'televizyon_kamerası', 'tv_kamera', 'film_çekme_kamerası', 'kameralar', 'profesyonel_video_kamera', 'camera', 'fotoğraf_makinesi']
carefully	dikkatlice	Match	['dikkatlice', 'dikkatle', 'özen', 'endişe', 'kaygı', 'dikkatli', 'tasa']
challenge	kazananını	Incorrect	['meydan_okumayanıt_kimlik_doğrulama', 'meydan', 'meydan_okumayanıt']
charity	dernek	Incorrect	['sadaka', 'kardeşçe_sevgi', 'polemonium_vanbruntiae', 'polemonium_caeruleum', 'polymonium_caeruleum_vanbruntiae', 'charity', 'yardım_kuruluşudur', 'hayırsever_statüsünü', 'kamu_sadaka', 'hayır_kurumu']
charming	yakışıklı	Incorrect	['etkileyici', 'büyüleyici', 'çekici', 'charming']
clothes	giysileri	Found close match: ['giysiler', 'giysi', 'giyilebilir']	['giyecek', 'giyimkuşam', 'kıyafetler', 'üst', 'giyim_makalede', 'womenswear', 'giysi', 'giyim_eşyası', 'giyim', 'örtüler', 'kılık_kıyafet', 'giysiler', 'kılık_ve_kıyafet', 'habiliment', 'kıyafet', 'giyilebilir', 'kıyafetleri', 'elbise', 'elbiseler', 'giyim_kuşam']
cockroach	hamamböceği	Match	['alttakım_blattaria', 'hamamböceği', 'hamam_böceği', 'blattaria', 'cockroach', 'blattodea', 'kakalak', 'alttakım_blattodea']
code	kodu	Match	['kodifikasyon', 'şifre', 'kodları', 'bilgisayar_kodu', 'kod', 'kodu', 'zamanlamak', 'şifrelemek', 'kodlanmış']
collection	koleksiyonu	Match	['mazharfuatözkan', 'mazhar__fuat__özkan', 'küme', 'borç_tahsildarı', 'kapsayıcı', 'hawkwind', 'mazhar_fuat_özkan', 'özet', 'mfö', 'koleksiyon_ajansı', 'agregasyonu', 'akon', 'antikacılık', 'koleksiyon', 'birleştirme', 'aliaune_thiam', 'joe_sample', 'koleksiyoner', 'sanat_koleksiyonları', 'ürün_donatılacak', 'collection', 'hasat', 'the_charlatans', 'mazhar–fuat–özkan', 'derleme', 'the_offspring_collection', 'kitap_serisi', 'koleksiyonu', 'konteyner', 'paket_satış', 'toplama', 'sanat_koleksiyonu']
computer	bilgisayar	Match	['bilgisayarda_oluşturulan_müzik', 'tahminci', 'bilgisayar_teknolojisi', 'bilgisayar_müzik', 'insan_bilgisayar', 'bi̇lgi̇sayar_nedi̇r', 'bilgi_işleme_sistemi', 'computer', 'ordinatör', 'hesap_makinesi', 'bilgisayar_cihazı', 'bilgisayar_sistemi', 'bilgisayarların_gelişimi', 'genel_amaçlı_bilgisayar', 'bilgisayar', 'figurer', 'bilgsayar', 'bilgisayar_sistemleri', 'bilgisayarlar', 'veri_işlemcisi', 'elektronik_bilgisayar', 'kompüter', 'dijital_bilgisayar', 'örneksel_bilgisayar', 'i̇nsan_bilgisayar', 'bilgiyayar']
construction	inşaatı	Found close match: ['inşaat', 'i̇nşaat', 'inşa']	['dilbilgisel_yapı', 'yapı_sektörü', 'yapı', 'model', 'runescape', 'i̇nşaat', 'şantiye', 'rs', 'modeli', 'inşaat', 'inşaat_sektöründe', 'yapısı', 'zihinsel_sentezi', 'inşa']
cook	cook	Match	['kısasipariş_aşçı', 'komisyonu_şef', 'cook', 'kaptan_james_cook', 'sofra_kurmak', 'aşçı', 'james_cook', 'şef', 'kısa_sipariş_aşçı', 'pişirmek', 'yemek', 'çook', 'captain_cook', 'hazırlamak', 'souschef', 'şefler', 'cook_minnesota', 'executive_şef', 'frédérick_cook']
counting	sayılarına	Found close match: ['sayılandırma', 'sayarak']	['numaralandırma', 'saymak', 'sayılandırma', 'liste', 'sayma', 'saymaya', 'sayısal_sistem', 'sayım', 'sayarak', 'sayıyorum']
crazy	çılgın	Match	['crazy', 'delılıq', 'çılgın', 'usher', 'delilik', 'looney', 'because_of_you', 'famous_last_words', 'erika_jayne', 'playing_with_fire', 'manyak', 'loca', 'deli', 'deliyim', '(you_drive_me)_crazy', 'kaçık', 'the_red_album', 'kuduruk']
damage	hasara	Found close match: ['hasar']	['zarar', 'ziyan', 'fiyat', 'perakende_fiyat', 'adli_haksızlık', 'damage', 'hasar', 'ekipman_kaza', 'prix_de_detail', 'perakende_fiyatı', 'bozulmak']
dance	dans	Match	['dansçı', 'dans_partisi', 'postdisko', 'dancé', 'dans_etmek', 'postdisco', 'dans_müziği', 'waterloo', 'dansçılar', 'dance', 'dans', 'dansları', 'dans_müzik', 'oliver_heldens']
dangerous	tehlikeli	Match	['ultimate_cheska', 'tehlikeli', 'she_drives_me_wild', 'riskli', 'dangerous', 'its_hard', 'tehlikelidir']
deceive	yanıltmak	Not found	[]
dedication	şerefine	Incorrect	['dedication', 'adanmışlık', 'ithaf', 'özveri']
deliberately	kasıtlı	Match	['bilerek', 'kasten', 'kasıtlı']
delivery	teslimat	Match	['vasıta', 'alay_etmek', 'seyrani', 'kurtarmak', 'teslimat', 'doğum', 'delivery', 'ulaşım', 'vatandaslik', 'yasal_aktarımını', 'taşımacılık', 'teslimat_çocuk', 'konuşma_şeklini', 'eve_teslim', 'taşıt', 'araç', 'blade_the_series', 'vajinal_doğum', 'getiren', 'teslim', 'obstetrik_teslimat', 'kurtuluş', 'fikra', 'şaka', 'çocuk_doğurma', 'doğumla', 'nakliyat', 'taşıma', 'kurtarma', 'ulasim', 'fıkra', 'emek_ve_teslimat', 'devredilebilir', 'şakacı', 'yabancılaşma', 'loğusalık']
dessert	peynirli	Incorrect	['tatlılar', 'tatlı_şaraplar', 'tatlı', 'tatlı_şarap']
device	cihazında	Found close match: ['cihaz']	['device', 'donanım', 'telefon', 'mobil', 'aygıt', 'sermaye_ekipmanları', 'cep', 'taşınabilir_telefon', 'hücresel_haberleşme', 'cep_telefonları', 'configsys', 'cihaz', 'kişisel_bilgisayar_donanım', 'bilgisayar_donanım', 'hücresel_telefon', 'cep_telefonlarının_zararları', 'makine', 'cep_telefon', 'mobil_iletişim', 'kablosuz_telefon', 'bilgisayar_donanımı', 'makina', 'cep_telefonu', 'mobil_telefon', 'makineleri']
dig	kazmak	Match	['arkeolojik_sit', 'kaz', 'kazın', 'dokundurmak', 'kazmak', 'uyuşmak', 'anlamak', 'kazma', 'dig', 'kavramak', 'kazı']
dinner	yemeğinde	Found close match: ['öğle_yemeği']	['öğle', 'çay', 'yemekli_toplantı', 'teatime', 'yemek', 'tiffin', 'bardak_çay__was_bardak_çay__assumed_sumofparts_if_an_idiom', 'dejeuner', 'öğle_yemeği', 'akşam_yemeği', 'ikindi_kahvaltısı', 'ikindi_çayı']
disease	hastalık	Match	['begowal', 'huzursuzluk', 'sağlık_sorunu', 'hastalıklar', 'maraza', 'sayrılık', 'morbidite_oranı', 'marazi', 'hastalık', 'marazlık', 'maraz', 'plörezi', 'plörit', 'tıbbi_durumdur', 'zatülcenp']
dissolve	çözeltiyi	Not found	[]
disturb	dengede	Not found	[]
do	bulmadığımı	Not found	[]
doctor	doktor	Match	['bilim_doktoru', 'doktor_kim', 'birinci_doktor', 'savaşçı_doktor', 'fahri_doktora', 'tamir_etmek', 'altıncı_doktor', 'araştırma_doktora', 'savaş_doktoru', 'i̇kinci_doktor', 'doctor', 'doktor', 'sağlık_memuru', 'yüksek_doktora', 'üçüncü_doktor', 'cerrahlar', 'onarmak', 'dr', 'eliza', 'tabip', 'onuncu_doktor', 'yedinci_doktor', 'sekizinci_doktor', 'on_i̇kinci_doktor', 'loïc_nottet', 'ameliyatı_yapan_cerrahın', 'doctorat', 'dokuzuncu_doktor', 'yapmak', 'profesyonel_doktora', 'hekim', 'on_üçüncü_doktor', 'doktora_dereceleri', 'doktora_anlamına', 'doctor_who', 'beşinci_doktor', 'on_birinci_doktor', 'dördüncü_doktor', 'doktora_derecesi', 'kilise_büyüğü', 'doktora', 'on_ikinci_doktor', 'cerrah', 'tıp_doktoru', 'phd']
dog	köpek	Match	['i̇t', 'wienerwurst', 'tetik', 'peşinden_koşmak', 'köpekgil', 'familiaris', 'ocak_ayaklığı', 'canis_familiaris', 'hot_dog', 'canidste', 'weenie', 'kanid', 'köpek', 'ocak_ayağı', 'köpek_demir', 'kuçu_kuçu', 'doktor_wallace_breen', 'yerli_köpek', 'wallace_breen', 'ev_köpeği', 'canidae', 'd0g', 'küfretmek', 'duck_hunt', 'kovalamak', 'canis_lupus_familiaris', 'halflife_karakterleri_listesi', 'father_grigori', 'andiron', 'baharatlı_alman_sosisi', 'kastanyola', 'hotdog', 'dog', 'köpekler', 'kilit', 'sosisli', 'köpek_eti', 'demir_ayakklık', 'aile_canidae', 'arne_magnusson', 'eli_vance', 'sosisli_sandviç', 'köpekgiller', 'kocakarı']
dressing	giyinme	Match	['giyim_makalede', 'kıyafet', 'salata_sosu', 'giyimkuşam', 'giyim', 'dolgu', 'habiliment', 'pansuman', 'kıyafetleri', 'doldurma', 'giyinmek', 'giysi', 'kılık_kıyafet', 'iç', 'kılık_ve_kıyafet', 'giyim_kuşam', 'giyecek', 'üst', 'womenswear', 'bandajlama', 'giyinme', 'giyilebilir']
driver	sürücüsü	Match	['orman', 'şöför', 'orman_formasyonu', 'sürüş_tekerlek', 'kamyon_sürücüleri', 'iğne_yapraklı_orman', 'chauffer', 'ormanın_faydaları', 'device_driver', 'bir_numaralı_ahşap', 'şoför', 'driver_san_francisco', 'aygıt_sürücüleri', 'yazıcı_sürücüsü', 'yazılım_sürücüsü', 'pilot', 'kamyon_sürüş', 'cowcatcher', 'donanım_sürücü', 'donanım_sürücüsü', 'tir_şoförü', 'driver', 'aygıt_sürücü', 'kamyoncu', 'aygıt_sürücüsü', 'ormanda', 'sürücüsü', 'galeri_ormanı', 'ormanlık', 'orman_çeşitleri', 'sürücü', 'ormanlar', 'bostancı']
economy	ekonominin	Found close match: ['ekonomisi', 'ekonomi', 'ekonomik']	['politik_ekonomi', 'ekonomik_sistem', 'ekonomik_sistemler', 'walden', 'tutumluluk', 'i̇ktisadî', 'siyasal_ekonomi', 'ekonomi_politik', 'ekonomik_faaliyet', 'i̇ktisad', 'ekonomi_bilimi', 'siyasi_iktisat', 'tutum', 'i̇ktîsat', 'i̇ktisadi', 'ekonomik', 'iktisat', 'siyasi_ekonomi', 'ekonomisi', 'tasarruf', 'politik_iktisat', 'tasarruf_oranı', 'kaynak_kullanımı', 'ekonomik_aktivite', 'ekonomik_faaliyetler', 'economy', 'i̇ktisât', 'siyasal_iktisat', 'politik_i̇ktisat', 'i̇ktisat', 'ekonomi', 'kaynak_kullanım_bilimi']
election	seçimlerde	Found close match: ['seçimler', 'seçim_emri', 'seçim']	['seçmen', 'seçimler', 'saylav', 'election', 'yeniden_seçilmeyi', 'seçim_yargısı', 'seçim', 'yeniden_seçim', 'demokratik_yollardan_seçilen', 'seçim_emri']
electron	elektronları	Found close match: ['elektronlar', 'elektron', 'electron']	['eksicik', 'electron', 'negatron', 'elektronlar', 'elektron']
elegance	güzellikle	Found close match: ['güzellik', 'güzel', 'klasik_güzellik']	['güzellik', 'zarif', 'dekoratif', 'klasik_güzellik', 'karlgeorg_hoefer', 'nadide_şey', 'güzel', 'zarafet']
emotion	duygudan	Found close match: ['duygu', 'duygusal', 'duygular']	['duygusal', 'emotion', 'duygular', 'duygu', 'his', 'human_after_all']
emotionally	duygusal	Not found	[]
engine	motoru	Match	['lokomotifler', 'motor_silindiri', 'yazılım_motoru', 'otomobil_motorları', 'video_oyun_motoru', 'yazılım_altyapısı', 'yazılım_temeli', 'motorlar', 'otomobil_motoru', 'oyun_motorları', 'demiryolu_lokomotif', 'motoru', 'ray_alder', 'lokomotif', 'oyun_motoru', 'engine', 'binek_araçlarında_güç_üretim_teknolojisi', 'motor', '3d_motoru', 'demiryolu_altyapısı']
event	etkinlikte	Found close match: ['etkinlik', 'etkinliği', 'etkisi']	['tuşlara_basma', 'etkinlik', 'program_olayı', 'hadise', 'tuş', 'kulaklık', 'olay', 'etkinliği', 'sonuç', 'olay_işleme', 'vaka', 'olay_işleyicisi', 'sonucu', 'akıbet', 'etkisi', 'netice', 'dinleyici', 'etki']
experiment	deneyler	Found close match: ['deney', 'deneysel', 'deneme']	['deneysel', 'the_experiment', 'deney_grubu', 'deneysel_bilimin', 'experiment', 'deneme', 'bilimsel_deney', 'deney', 'tecrübe', 'deneysel_araştırma']
extremely	çok	Not found	[]
feeling	duyguları	Found close match: ['duygular', 'duyarlı', 'duygu']	['hissetmek', 'hassas', 'hissediyor', 'his', 'somatosensoriyel', 'sesi', 'duyarlı', 'dokunsal_geribildirim', 'izlenim', 'hissetme', 'duygusal', 'dokunsal', 'duygu', 'somatosensoriyel_sistemi', 'ruhu', 'dokunma', 'duygular', 'sezgisel_hissi', 'dokunma_duyusu', 'dokunma_hissi', 'hissediyorum']
fight	dövüşerek	Found close match: ['dövüşmek', 'dövüş', 'dövüşün']	['savaş', 'çatışma', 'çatışmalar', 'askeri_nişan', 'dövüşmek', 'mücadele', 'rekabet', 'nişan', 'kavga_etmek', 'harp', 'savaşmak', 'muharebe', 'boğuşmak', 'kavga', 'müsademe', 'dövüş', 'dövüşün', 'dramatik_anlaşmazlık', 'çakışma', 'karşı', 'silahlı_mücadele', 'fight']
fish	balık	Match	['fish', 'balik', 'balık_avlamak', 'balıklar', 'yüzgeçli', 'go_fish', 'balıg', 'balýk', 'tablo_balık_edilir', 'balık', 'balık_balıklar', 'balıklar_suda_nasıl_yaşar', 'ichthyofauna', 'pisces', 'pterygiophore', 'balık_eti', '♓', 'balık_yakalamak', 'küçük_balık', 'gıda_balık', 'phish', 'balık_burcu', 'elver', 'deniz_balıkları', 'yavru']
flow	akış	Match	['aybaşı_kanaması', 'akış_hızı', 'akışkan_dinamiği', 'akışkanlar_dinamiği', 'repçi', 'sıvı_mekaniği', 'hidrolik_ana_bilim_dalı', 'hacimsel_akış', 'ritmik_şiir', 'menstrüasyon', 'menstruasyon', 'menstural_siklus', 'akış_kuramı', 'rapper', 'ağ', 'rapçiler', 'hidrolik', 'rap', 'hidrolik_basınç', 'akar', 'akış', 'âdet_kanaması', 'akışkan_hareketi', 'rap_sanatçısı', 'âdet_dönemi', 'hayız', 'akışkanlar_mekaniği', 'hidrolik_mühendisi', 'rep', 'hidrolik_anabilim_dalı', 'gravity_recovery_and_interior_laboratory', 'young_money_entertainment', 'florent_mothe', 'flow', 'catamenia', 'emceeing', 'akışı', 'protorap', 'mensturasyon', 'aybaşı', 'adet', 'âdet', 'akış_ağı', 'adet_kanaması', 'akarsu_debisi', 'artırmada_yolu', 'ağ_akışı', 'rap_müzik', 'hidrodinamik', 'akışkan_fiziği', 'menstürasyon', 'hacimsel_debi', 'regl', 'akan', 'debi', 'rapçi', 'akım', 'sıvı_dinamikçiye']
food	yiyecek	Match	['azık', 'fikrî_gıdayı', 'aş', 'yiyecek', 'besinler', 'katı_gıda', 'düşünce_için_yiyecek', 'yiyecekler', 'gıda', 'yemek', 'yemekler', 'macronutrients', 'kirby', 'gıda_ürünleri', 'gıdalar', 'makrobesin', 'besin']
garbage	çöp	Match	['çöp', 'withering_to_death', 'atıklar', 'evsel_atık', 'madde_atık', 'atık_madde', 'atık', 'yemek_atıkları', 'çöplük', 'atıkların', 'garbage', 'hurda_demir', 'süprüntü', 'çöpler', 'katı_atık', 'hurda', 'kırıntı']
gold	altın	Match	['anthology', 'alfa_testi', 'platin_albüm', 'altin', 'yazılım_sürümü_yaşam_döngüsü', 'sandhja', 'lode_altın', 'platin', 'gold', 'altın_tek', 'altın_sarısı', 'atom_numarası_79', 'olimpiyat_altın_madalya', 'robert_barisford_brown', 'alfa_yazılımı', 'beta_sürümü', 'beta_tester', 'altın_disk', 'platin_plak', 'altın_madalyalı', 'üretici_sürümü', 'nabit_altın', 'çift_platin', 'sürüm_adayı', 'au', 'yayın', 'altın_rengi', 'barisford_brown', 'altın_madalya', 'altınlar', 'wanna_one', 'albüm_satış_sertifikası', 'altunî', 'platin_sertifika', 'yazılım_yaşam_döngüsü', 'multiplatin', 'kehribar_rengi', 'müzik_kayıt_satış_belgesi', 'altın', 'açık_beta', 'sarı', 'bobby_brown', 'beta_yazılım', 'the_heist', 'platin_disk', 'altun', 'altuni', 'geliştirme_aşamasında', 'halka_açık_beta', 'elmas_rekor', 'alfa_sürümü', 'üçlü_platin', 'beta_testi', 'önalfa', 'young_lust_the_aerosmith_anthology', 'kapalı_beta', 'altın_albüm', 'altın_sertifika', 'altın_plak']
great	büyük	Match	['harika', 'büyüklük', 'illustriousness', 'büyük']
gun	makineli	Incorrect	['silah_dükkanı', 'küçük_kol', 'ağır_silah', 'gaz_pedalı', 'silahı', 'kiralık_silah', 'ateşli_silahlar', 'tabanca', 'hitman', 'gunfighting', 'conventional_weapons', 'ateşli_silah', 'silah', 'gun', 'silahşor', 'silahşör', 'tetikçi', 'silâhlı_soyguncu', 'japonyanın_ilçeleri', 'gres_tabancası', 'adam_vurdu', 'louder_than_love', 'küçük_silah']
hair	saç	Match	['tüy', 'kafa_saç', 'hair', 'saç', 'ayva_tüyü', 'keçe', 'bırak_güneş_içeri_girsin', 'saç_dökülmesi', 'hairsgenişliği', 'kıl', 'kıllar', 'saç_bakımı', 'hairsbreadth', 'saçlar', 'sac', 'saç_folikülü', 'saç_rengi']
help	yardımım	Found close match: ['yardımcı', 'yardım', 'yardımcı_olmak']	['yardım_görevlisi', 'yardımcı_olamaz', 'servis_yapmak', 'ministration', 'yardım_etmek', 'the_help', 'muavin', 'yaramak', 'yardımcı', 'asistan', 'yardım_çalışmaları', 'yardım', 'yardımcı_olmak', 'yardim', 'çevrimiçi_yardım', 'duyguların_rengi', 'help', 'insani_yardım', 'imdat']
hurting	alıkoyamaz	Not found	[]
ignorance	inançsızlık	Incorrect	['bilgisizlik', 'cehalet', 'cahillik', 'ignorance']
illness	hastalıktan	Found close match: ['hastalık', 'hastalıklar']	['huzursuzluk', 'sağlık_sorunu', 'hastalıklar', 'sayrılık', 'morbidite_oranı', 'marazi', 'hastalık', 'marazlık', 'maraz', 'maraza', 'tıbbi_durumdur']
impress	kıskandırmak	Incorrect	['basın_çeteler', 'etkilemek', 'basınçete', 'impressment']
invention	mucidi	Found close match: ['mucid', 'mucit']	['yeni_değerleri_oluşturmak', 'yeni_değerler_oluşturmak', 'i̇navasyon', 'i̇cad', 'teknolojik_yenilik', 'mucid', 'buluş', 'yenilikler', 'mucit', 'i̇novatif', 'icat', 'yenileşim', 'yenileşme', 'i̇cat', 'yenilikçi', 'yenilik', 'i̇nnovasyon', 'i̇novasyon', 'mucitler']
investigation	soruşturma	Match	['araştırma_yöntemleri', 'tahkikat', 'araştırmacılar', 'akademik_araştırma', 'soruşturma', 'araştırma']
invisible	görünmez	Match	['görünmeyen', 'görünmezlik', 'elevate', 'katlı', 'holy_diver', 'invisible', 'taylor_swift', 'görünmez', 'sound_of_white_noise', 'dream_evil', 'evilized']
job	iş	Match	['personel', 'istihdam', 'i̇stihdam', 'sorun', 'eyub', 'sözleşmeli_işçi', 'iş_kitabı', 'eyyub_peygamber', 'meslek', 'eyyüb', 'işverenler', 'sıkıcı_iş', 'vazife', 'eyyub', 'çalışma', 'peygamber_eyüp', 'hz_eyyüp', 'eyüp', 'eyyûb', 'ön_güreşçi', 'yapılacak_iş', 'görev', 'iş', 'job', 'kullanmak', 'nabi_ayoubun', 'problem', 'iş_hat', 'eyub_kitabı', 'eyüp_kitabı']
jungle	savana	Incorrect	['orman', 'cangıl', 'oldschool_orman', 'shine_a_little_love', 'inna', 'jungle', 'hobo_kamp', 'out_of_the_blue', 'cengel']
kindness	yardımseverlik	Incorrect	['kibarlık', 'forgivingness', 'nezaket', 'iyilik']
king	kral	Match	['bbking', 'erkek_hükümdar', 'monark', 'büyük_işadamı', '♚', 'papaz', 'riley_b_king', 'kraliyet', 'b_b_kral', 'şah', 'kereste_baronu', 'reverend_horton_heat', 'padişah', 'monarşist', 'monarşik', 'hükümdarlar', 'üst_düzey_yönetici', 'iş_adamı', 'billie_jean_king', 'bb_king', 'martin_luther_king', 'george_king', 'monarşiler', 'billie_jean_moffitt_kral', 'baş_taç', 'dünya_rekoru', 'patronu', 'b_b_king', 'charles_bird_king', 'kingcom', 'kodaman', 'sanayici', 'martin_luther_king_jr', 'kral', 'tom_cato_visnes', 'egemen', 'monarşi', 'regnant', 'iş_lideri', 'king_ov_hell', 'king', 'hükümdar']
lady	lady	Match	['hanımefendi', 'virgin', 'soylu_kadın', 'unvan', 'bayan', 'leydinin_aşkı', 'nam', 'hanım', 'leydi', 'bayanlar', 'kutsal_bakire', 'lady', 'bakire_meryem', 'san', 'başlık', 'saygı_başlığı', 'adres_formu', 'meryem_ana', 'leydi_oldu', 'tarzı', 'mary', 'meryem', 'leydi_ve_sokak_köpeği', 'meryemana', 'leydi_ile_serseri', 'tanrının_anası', 'the_lady', 'lady_and_the_tramp', 'dame', 'titr']
land	arazi	Match	['kara', 'meksika_devlet', 'millet', 'edwin_herbert_land', 'taşınmaz_mal', 'almanyanın_bölgeleri', 'arazi', 'arsa', 'land', 'meksikanın_idari_bölünüşü', 'tarım', 'arazi_hakları', 'eyalet', 'toprak_hukuku', 'almanyanın_eyaletleri', 'devlet', 'gayrimenkul', 'feodal_etki', 'meksikanın_eyaletleri', 'ulus', 'demesne', 'toprak', 'ülke', 'toprak_sahibi', 'almanyanın_eyâletleri', 'dünyasında', 'emlâk', 'yer', 'memleket', 'hükümranlık_alanı', 'din_arsa', 'meksika_eyaletinden', 'kara_kütlesi', 'dönüm', 'res_publica', 'almanya_eyaletleri', 'gayrimenkul_hukuku', 'emlak', 'malikâne', 'meksikanın_idari_bölümleri', 'ulusal', 'egemen_devlet', 'mülk', 'taşınmaz', 'devlet_kurumu', 'karada', 'bölge', 'sağlam_bir_zemin']
laugh	fısıldar	Incorrect	['gülmek', 'gülün', 'fıkra', 'alay_etmek', 'gülme', 'fikra', 'gülüş', 'seyrani', 'şaka', 'gül', 'şakacı', 'kahkaha']
law	hukuku	Found close match: ['hukukçu', 'hukuk', 'hukukî']	['m72_law', 'kilise_kanunu', 'hukuk_felsefecisi', 'polis_koruması', 'resmi', 'kanon_hukuku', 'hak', 'hukuksal', 'polis_departmanı', 'fıkıh', 'hukuk', 'hukuk_profesörü', 'polis', 'doğal_hukuk_kuramı', 'doğal_hukuk', 'kanun', 'kanun_uygulaması', 'yasa_dışı', 'kanonik_hukuk', 'fizik_kanunu', 'hukuk_eğitimi', 'güvenlik_güçleri', 'polis_gücü', 'yazılı_hukuk', 'hukuk_felsefesinin', 'canon_avukat', 'polislik', 'law', 'kilise_hukuku', 'hukuk_fakültesi', 'yasalar', 'hukukçu', 'kanunu', 'tüze', 'lav_silahı', 'polis_departmanları', 'güvenlik_gücü', 'hukuk_öğrencisi', 'hukukî', 'hukuki', 'yasama', 'silahlı_polis', 'doğa_kanunu', 'earthling', 'polisler', 'resmî', 'yasa', 'zabıta', 'doğa_hukuku', 'yasal']
left	align	Incorrect	['sol_siyasetin', 'sol_politika', 'esquerra_republicana_de_catalunya', 'solcu', 'soldaki', 'kolektivist', 'soldan', 'sol_eğilimli', 'solculuk', 'venstre', 'sola', 'sol', 'sol_el', 'sol_muhalefet', 'solkanat_oyuncusu', 'sol_kanat', 'solcular']
level	seviye	Match	['adema', 'zemin_numaralandırma', 'katlı', 'kat', 'skala_derecesi', 'evrimsel_notu', 'bölüm', 'deneyim_puanı', 'düzey', 'derecesi', 'düz', 'yatay_yüzey', 'katta', 'level', 'su_terazisi', 'levél', 'tecrübe_puanı', 'seviye', 'üzerine_gitmek', 'ölçek_derece', 'kumpas']
liar	iftiracı	Incorrect	['lir', 'so_far_so_good_so_what', 'louder_now', 'glory', 'lyres', 'yalancı', 'liar', 'liră', 'republic']
light	ışıkla	Found close match: ['ışık', 'ışıklılık', 'ışıklandırmak']	['görünür_radyasyon', 'cam', 'ışığında', 'iç_işık', 'ışıklılık', 'işığın_kırılması', 'aydınlık', 'görünür_ışınlar', 'görülebilir_ışık', 'işık_dalgaları', 'pervaz', 'pencere', 'ışık_yansıma', 'görünür_ışık', 'içinde_işık', 'işık', 'dayanmalık', 'çıkarmak', 'ışık', 'elektrik_lambası', 'ışıklandırmak', 'lamba', 'air', 'yeğni', 'ışık_dalgaları', 'yakmak', 'soluk', 'ışık_kaynağı', 'nur', 'isik', 'ışık_yansıması', 'luminousness', 'hafif', 'parlaklık', 'aydınlatmak', 'parlaklık_seviyesi', 'çakmak', 'light', 'light_yagami', 'mesih_içinde', 'açık']
magic	sihirli	Match	['harikalar', 'volshebstvo', 'hokkabaz', 'magic', 'kiri_te_kanawa', 'axel_rudi_pell', 'make_a_scene', 'leandro_marín', 'illüzyonistler', 'başkalaşım', 'animagus', 'büyücülük', 'hogwartstaki_portreler', 'sahne_sihirli', 'iki_yönlü_ayna', 'diskdünya', 'sihirli_aile', 'octarine', 'te_kanawa', 'driving_rain', 'sihirli', 'bir_çeşit_büyü', 'secret_time', 'sihir', 'dame_kiri_te_kanawa', 'sahne_sihirbaz', 'miras_döngüsü', 'zihinbend', 'maji', 'traumaturgusun', 'thaumaturge', 'hokkabazlık', 'i̇llüzyonist', 'octiron', 'hogwartsdaki_portreler', 'çataldili', 'thaumaturgic', 'harry_potterda_sihir', 'gözbağı', 'büyü', 'take_me_home', 'justin_timberlake', 'justin_randall_timberlake', 'pluto', 'magic_the_gathering', 'hüner_conjuring', 'büyülü', 'direnişçi', 'dame_kiri_te_kanawa_janette', 'thaumaturgy', 'ak_büyü']
marriage	evliliği	Found close match: ['evlilik', 'evli', 'evlilik_töreni']	['sivil_düğün', 'nikah', 'evli_çift', 'hiçlik', 'evli', 'nikâh', 'düğün', 'hymeneals', 'birlik', 'katolik_evlilik', 'eş_ilişkisi', 'evlilik_töreni', 'karı_koca', 'bağlılık_töreni', 'evlenmek', 'sünnet_düğünü', 'evlilik', 'hiçlikten', 'gerdek', 'çiftler_evli', 'birliktelik', 'düğün_töreni']
material	materyaller	Found close match: ['materyalistler', 'materyal', 'materyalcilik']	['physicalism', 'materyalistler', 'tekstilci', 'özdekçilik', 'hammadde', 'tekstil', 'dokumacılık', 'madde', 'malzeme', 'materyalist', 'materyalizim', 'maddecilik', 'otel_tekstili', 'materyalizm', 'materyal', 'tekstil_terimleri', 'fiziksel_ontoloji', 'materyalistik', 'ev_tekstili', 'şeyler', 'maddeci', 'materyalcilik', 'kumaş']
mathematical	matematiksel	Match	['modern_matematik', 'matematikte', 'riyaziye', 'matematiğin_kronolojisi', 'matamatik', 'matematik', 'matematiğin_günlük_hayattaki_önemi', 'math', 'dağılımlı_kafes', 'matematiksel']
mechanism	mekanizmada	Found close match: ['mekanizma', 'mekanizması', 'kimyasal_mekanizma']	['tepkime_mekanizması', 'mekanizma', 'kimyasal_mekanizma', 'makine', 'mekanizması', 'hareketi', 'sermaye_ekipmanları', 'makina', 'reaksiyon_mekanizması', 'makineleri']
medication	tedaviyi	Not found	[]
money	parayı	Found close match: ['para']	['history_past_present_and_future_book_i', 'history', 'servet', 'maddi', 'money', 'history_past_present_and_future__book_i', 'zenginlik', 'para', 'akçe', 'tıngır', 'yeken', 'para_birimi']
mountain	dağ	Match	['çevirmek', 'sahtu_dene', 'satular', 'yer_kabuğundaki_çıkıntı', 'çok', 'passel', 'oldukça_küçük_bir', 'büyük', 'sürü', 'cebel', 'sahtular', 'iyi_anlaşma', 'dağlık', 'kuzey_slaveyleri', 'az_miktar', 'düzenli_toplamı', 'iyi_bir_anlaşma', '482', 'sahtu', 'çok_miktar', 'mountain', 'dağlar', 'lot_', 'dağ']
movement	hareketi	Match	['belirgin_hareket', 'gübre', 'movement', 'hareket', 'sanat_hareketleri', 'sıçkı', 'defecated', 'toplumsal_hareket', 'dışkı', 'hareketi', 'görünürdeki_hareketi', 'devinim', 'shitting', 'she_wolf', 'fışkı', 'pislik', 'sıçmık', 'kuş_pislikleri', 'gayta', 'motilite', 'bok', 'dışkılama', 'nedeni', 'phi_fenomeni', 'motor_beceri', 'arınmak', 'hareketlilik', 'kaka', 'sıçmak', 'sosyal_hareket', 'the_pillows', 'bağırsak_hareketi', 'tezek', 'hareketin', 'büyük_abdest_yapmak', 'hareketler', 'pislikleri', 'tuvaletimi', 'phi_fenomen', 'kalabalık', 'sanat_hareketi', 'kaka_yapmak']
movie	filmi	Found close match: ['film', 'filmide', 'tv_filmi']	['büyük_ekran', 'tv_filmi', 'tam_hareketli_video', 'filmlerin', 'hareketli_görüntü', 'sinema_filmi', 'sinema_gösterisi', 'film', 'tiyatro_film', 'resim_göstermek', 'hareketli_resim_göstermek', 'kites', 'filmide', 'sinema', 'hareketli_resim']
music	müzik	Match	['countryrock', 'prehistorik_müzik', 'the_music', 'musiki', 'müzik', 'music', 'muzik', 'müzik_türü', 'paradise', 'musıki', 'country_rock', 'müzi̇k', 'experimental', 'ahenk', 'teknolojinin_müziğe_etkileri', 'muzic']
nation	ulusun	Found close match: ['ulus', 'ulusal']	['meksika_devlet', 'millet', 'discworld', 'ulus_carry', 'almanyanın_bölgeleri', 'meksikanın_idari_bölünüşü', 'eyalet', 'almanyanın_eyaletleri', 'devlet', 'diskdünya', 'meksikanın_eyaletleri', 'ulus', 'toprak', 'ülke', 'apollo_crews', 'almanyanın_eyâletleri', 'memleket', 'meksika_eyaletinden', 'kendrick_lamar', 'amelia_moore_ulus_carry', 'res_publica', 'almanya_eyaletleri', 'nation', 'meksikanın_idari_bölümleri', 'ulusal', 'egemen_devlet', 'mülk', 'devlet_kurumu']
news	haber	Match	['tv_haber', 'newsworthiness', 'haberleri', 'haber_programı', 'haberler', 'sorak', 'haber', 'kelime', 'güncel_olaylar', 'news']
noise	gürültüyü	Found close match: ['gürültü', 'gürültü_müzik', 'sert_gürültü']	['statik_atmosferik', 'kozmik_mikrodalga_arka_plan_radyasyon', 'kozmik_mikrodalga_arkaplan_ışıması', 'kozmik_mikrodalga_arkaplan', 'kozmik_fon_radyasyonu', 'sinyal_gürültü_oranı', 'ses_şiddeti', 'ses_nasıl_oluşur', 'gürültü_kirliliği', 'sesin_oluşumu', 'ses_dalgaları', 'elementary_os', 'rasgele_gürültü', 'ses_kirliliği', 'kozmik_mikrodalga_arka_plan', 'gürültü', 'stochasticity', 'kozmik_mikrodalga_arkaplan_radyasyonu', 'ses_dalgası', 'spk', 'noise', 'ses_en_çok_hangi_ortamda_yayılır', 'gürültü_yönetmeliği', 'kozmik_mikrodalga_arka_plan_ışıması', 'radyo_paraziti', 'parazit', 'kozmik_ışınım', 'akustik_dalga', 'sinyal_gürültü', 'sert_gürültü', 'haphazardness', 'enterferans', 'elektronik_gürültü', 'cbr', 'ses', 'endüstriyel_gürültü', 'sesler', 'cmbr', 'gürültü_müzik']
obligation	yükümlülüğünü	Found close match: ['yükümlülük', 'yükümlülüktür', 'yükümlülükleri']	['yükümlülükleri', 'görev', 'mesuliyet', 'zorunluluk', 'borçlanma_aracı', 'borçlar_hukuku', 'borçluluk_belgesi', 'yükümlülük', 'sorumluluk', 'tahvil', 'yükümlülüktür', 'söz']
pain	ağrılar	Found close match: ['ağrı']	['zarar', 'ağrı', 'acı_hissi', 'belası', 'aci', 'pain', 'akut_ağrı', 'king_of_da_ghetto', 'forever', 'acı', 'ağrı_hissi', 'games_pain']
personality	mizahçı	Incorrect	['kişiliği', 'personality', 'kişilik']
philosophy	felsefe	Match	['filozof', 'felsefe', 'felsefî', 'felsefeci', 'felsefî_akımlar', 'düşünür', 'filozofi', 'düşünce_tarzı', 'felsefesi', 'felsefi_görüş', 'felsefi_akım', 'fikri_akımları', 'felsefi_düşünce_akımı', 'felsefi_bilgi', 'doktrini', 'felsefi_bir_görüş', 'doktrin', 'öğreti', 'doktriner', 'felsefi_öğreti', 'düşünbilim', 'filozoflar', 'felsefe_akımları', 'felsefi', 'okul', 'felsefi_düşünceler', 'felsefi_akımlar', 'felsefi_sistemi']
picture	fotoğraf	Match	['büyük_ekran', 'fotografçılık', 'film', 'kelimeboyama', 'cobol', 'resmi', 'resim_sanatı', 'resimlemecilik', 'filmide', 'görüntü', 'zihinsel_resim', 'başkalaşım', 'animagus', 'hogwartstaki_portreler', 'hesap_resmi', 'ressamlar', 'resimlemeci', 'sinema_filmi', 'fotoğraf', 'sinema_gösterisi', 'tiyatro_film', 'avatar', 'hareketli_resim_göstermek', 'i̇llüstrasyon', 'görsel', 'resim', 'fotograf', 'imaj', 'sinema', 'i̇llustrasyon', 'tv_filmi', 'zihinsel_imge', 'zihinbend', 'desen', 'filmlerin', 'hareketli_görüntü', 'zihinsel_görüntü', 'resim_göstermek', 'soyut_resim', 'hogwartsdaki_portreler', 'kelime_resim', 'çataldili', 'resimli_kitaplar', 'resimsel_madde', 'resimsel', 'fotoğraf_nedir', 'foto', 'i̇llüstratör', 'i̇lustrasyon', 'ressam', 'kiss', 'resimleme', 'klasik_resim', 'tasvir', 'çizim', 'ressamlık', 'resimli', 'hareketli_resim', 'zihinsel_imgeler', 'harry_potterda_sihir', 'illüstrasyon']
pig	domuz	Match	['saçmak', 'pasaklı', 'kılıksız_kimse', 'domuzu', 'domuz_yatağı', 'domuz_eti', 'scrofa', 'tiksindirici', 'polis', 'yaban_domuzu', 'boru_hattı_kontrol_aygıtı', 'domuz', 'vahşi_domuz', 'domuzcuk', 'conjoiner', 'shoat', 'pig', 'aynasız', 'shote', 'domuz_yavrusu', 'bayağı_yaban_domuzu', 'conjoiners', 'pudge', 'evcil_domuz', 'yerli_domuz', 'hırpani_kişi', 'hınzır', 'sus_scrofa_domestica', 'yabandomuzu', 'yabani_domuz', 'sus_scrofa', 'porc']
plan	planı	Match	['planı', 'program_yönetimi', 'akıl_etmek', 'çizimler', 'mimari_plan', 'plân', 'plan', 'program_yöneticisi', 'mimari_planı', 'planla', 'program', 'mimari_planlama']
plant	bitki	Match	['montaj_bandı', 'plantae', 'shill', 'vejetasyon', 'trigun', 'sanayi_tesisi', 'bitki_örtüsü', 'üretim_tesisi', 'montaj_hattı', 'üretim_hattı', 'tohumsuz_bitkiler', 'bitey', 'kurmak', 'üretimevi', 'nebatat', 'factorij', 'fabrikada', 'bitkinin_kısımları', 'yaratık_türü_verilir', 'bitkiler_âlemi', 'işleri', 'plantea', 'florasında', 'tesis', 'feitoria', 'plant', 'fiziksel_tesis', 'fabrika', 'üretimline', 'üretim_tesisleri', 'fabrika_işçisi', 'bitkiler', 'flora', 'bitki', 'montaj_hatları']
play	oynamak	Match	['play', 'kumarın_zararları', 'başıboş', 'eylencelik', 'android_market', 'getirmek', 'oyna', 'oyun_dönemi', 'söz_düellosu', 'stageplay', 'google_play_store', 'kumar', 'çalmak', 'dramatik_oyun', 'getirebilir', 'drama', 'oyunlar', 'dönemi_oynuyor', 'play_framework', 'neşe', 'dramatik_sanatlar', 'google_play', 'piyes', 'bahis', 'oyun', 'tiyatro', 'sıra', 'eğlencelik', 'çal', 'pırıldamak', 'dırama', 'dram', 'düz_oyun', 'play_store', 'oynamak', 'oynayın', 'zıplamak']
pleasure	zevkler	Found close match: ['zevk']	['sondre_lerche', 'semisonic', 'zevk', 'sevinç', 'marcus_ramone_cooper', 'hoş', 'haz', 'marcus_cooper', 'keyif', 'memnuniyet', 'neşe', 'mutluluk', 'pleasure_p']
poor	yoksul	Match	['yoksul_insanların', 'yoksullar', 'zavallılar', 'fakirlik', 'yoksul', 'yoksulluk_yemini', 'kentsel_yoksulluk', 'yoksulluk_oranı', 'fakir', 'yoksulluk', 'fukara', 'düşük_gelirli', 'göreli_yoksulluk', 'gönüllü_yoksulluk', 'züğürt', 'küresel_yoksulluk', 'zavallı']
prison	hapis	Match	['tom_robinson', 'tutukevine', 'kodes', 'cezaevi', 'hapishaneler', 'kılıksız', 'orta_güvenlik', 'hapis', 'minimum_güvenlik', 'hapishane', 'jailhouse', 'hapsetmek', 'pokey']
professional	profesyonel	Match	['profesyonel_futbol', 'üstat', 'hoca', 'uzman', 'profesyonel_kişi', 'mesleki', 'profesyonel', 'profesyonel_spor', 'profesyonel_görünümlü', 'usta', 'profesyonel_sporcular', 'kiss_land', 'profesyonellik']
protection	koruma	Match	['sâye', 'saye', 'protection', 'güvenlik', 'koruma', 'güvence', 'ticaret_koruma', 'koruyucu_kapak', 'korunma', 'himaye', 'selamet', 'korunmak']
quality	kalitesi	Match	['sesi', 'vasıf', 'timbral', 'kaliteli', 'sembol', 'tını', 'tınılar', 'kalite', 'kalitesi', 'kalite_kavramı', 'renk_tonu', 'nitelik', 'karakteri', 'quality']
reaction	reaksiyonu	Found close match: ['reaksiyon', 'kimyasal_reaksiyonu', 'reaction']	['kimyasal_tepkimeler', 'reaction', 'reaksiyon', 'kimyasal_reaksiyonu', 'kimyasal_reaksiyonlar', 'fiziksel_tepkime', 'etkileşim', 'kimyasal_tepkime', 'kimyasal_reaksiyon', 'tepkisi', 'tepki', 'tepkime', 'kimyasal_olarak', 'kimyasal_değişim']
read	okumam	Found close match: ['okuma', 'okumak', 'oku']	['çalışmak', 'saymak', 'okumak', 'okuyun', 'almak', 'varsaymak', 'oku', 'okuma', 'çalışmaya', 'kıraat', 'sanmak']
relationship	ilişki	Match	['akrabalık', 'kişilerarası_ilişkiler', 'tanışıklık', 'akraba', 'ilişki', 'kişilerarası', 'bağlantı', 'uzun_vadeli_bir_ilişki', 'insan_ilişkileri', 'aile_ilişkileri', 'arkadaşlık', 'ilişkisi']
religious	dini	Match	['mütedeyyin', 'imanlı', 'dinsel', 'inançlı', 'dini', 'dindar']
residence	ikametgâhı	Found close match: ['ikametgâh', 'ikamet']	['ikametgâh', 'özel_konut', 'hane', 'saray', 'mesken', 'konut', 'ev', 'hane_hanedan_giller', 'ikamet_eden_kimse', 'oturan', 'rezidans', 'yer', 'lojman', 'konak', 'sakini', 'malikâne', 'londra_belediye_konağı', 'sakin', 'ikamet', 'mansiyon', 'kasır']
road	karayolunu	Found close match: ['karayolu', 'kara_yolu', 'karayolları']	['the_road', 'cadde', 'kara_yolu', 'karayolu', 'yol', 'karayolları', 'road_oyunu', 'kumarda_kaybetmek', 'deplasman', 'caddeleri', 'new']
sad	seveceksen	Incorrect	['üzüntü', 'sad_suresi', 'sad', 'hüzünlü', 'keder', 'melul', 'ص', 'tsadik', 'hüzün', 'üzücü', 'tasalı', 'gamlı', 'mahzun', 'kış_bunalımı', 'kaygılı', 'sâd_suresi', 'mevsimsel_depresyon', 'mevsime_bağlı_duygusal_rahatsızlık', 'kış_depresyonu', 'üzgün', 'mevsimsel_duygulanım_bozukluğu', 'mağmum', 'lost_dogs', 'sâd_sûresi', 'sadhe', 'mutsuz']
science	bilim	Match	['i̇lm', 'ana_bilim', 'i̇lmi', 'genel_bilim', 'i̇lmî', 'bilimsel_bir_disiplin', 'discovery_science', 'bilimci', 'beceri', 'bilimsel', 'bilim', 'fen', 'i̇lim', 'blimselik', 'science', 'bilim_dalı', 'ilim', 'bilimler', 'bilimsel_metod']
seafood	lokantaları	Not found	[]
sell	satmak	Match	['tecim', 'satkanlık', 'satmak', 'tüccar', 'ticarî', 'satmanlık', 'alım_satım', 'tic', 'ticari', 'takas', 'ihanet_etmek', 'ticaret', 'sat', 'ticâret', 'sell']
sew	dikişsiz	Found close match: ['dikiş']	['dikiş', 'stitchery', 'dikmek', 'konfeksiyon', 'dik']
sexy	seksi	Match	['seksi', 'afrodizyak', 'elephunk', 'sexy']
shape	şekil	Match	['insan_fizyolojisi', 'vücut', 'avrupa_müttefik_kuvvetleri_yüksek_karargahı', 'görünüş', 'eti', 'müttefik_yüksek_komutanı_avrupa', 'dizilim', 'insan_vücudu', 'ilkel', 'oluşturmak', 'fiziksel_beden', 'insan_anatomisi', 'vaziyet', 'avrupa_müttefik_kuvvetleri_yüksek_karargâhı', 'biçim', 'yüksek_avrupa_müttefik_kuvvetler_karargahının', 'i̇nsan_vücudu', 'desen', 'supreme_headquarters_allied_powers_europe', 'durum', 'bod', 'beden', '433', 'diziliş', 'müttefik_harekat_komutanlığı', 'shape', 'avrupa_müttefik_kuvvetleri_yüksek_komutanı', 'rakam', 'şekli', 'şekil', 'form', 'şekillendirmeye', 'materyal_beden']
ship	gemi	Match	['gemi', 'göndermek', 'gemicilik']
show	şovu	Found close match: ['şov']	['ifade', 'göstermek', 'kumar', 'ilçe_fuarlar', 'tespit_etmek', 'gösterisi', 'kurmak', 'sunmak', 'kumarın_zararları', 'saptamak', 'göster', 'şov', 'bahis', 'gösteri', 'gösterin', 'ispat_etmek', 'kanıtlamak', 'tarım_fuarı', 'show']
sign	imzalamak	Match	['brown_eyed_girls', 'tabela', 'simgeloji', 'alâmet', 'elektronegatiflik', 'burç', 'grafemler', 'semiyoloji', 'burcun', 'elektronegatif', 'i̇konografi', 'planet_evi', 'omen', 'imza', 'preindication', 'i̇şaret', 'negatif_olmayan', 'semiyotik', 'yıldız_işareti', 'himayesi', 'sinyal', 'işaretidir', 'gösterge_bilimi', 'klinik_belirtisi', 'göstergebilimsel', 'karakter', 'imzalayın', 'polarite', 'ticari_tabela', 'işaret', 'belirti', 'semiotik', 'astrolojide_evler', 'elektropozitif', 'bulgu', 'gösterge', 'imzalı', 'grafik_sembolü', 'imzalamak', 'işareti', 'göstergebilim', 'sinyalizasyon', 'sesletim', 'allen_elektronegatifliği', 'grafem']
silly	söylemiyorum	Incorrect	['saçma', 'sersem', 'aptalca', 'şapşal', 'aptal', 'enayice', 'saçmalık', 'akılsız', 'saçmalığı', 'ahmak', 'angut', 'aptal_salak_bön_ahmak_ahmaklar', 'silly']
sin	sin	Match	['günahkârlık', 'günahkarlar', 'singalaca', 'sinhala', 'seylanca', 'günahkar', 'günâh', 'sinüs_fonksiyonu', 'sin', 'şin', 'singapur_changi_havalimanı', 'günahkâr', 'nanna', 'günah_işlemek', 'vebal', 'sinüs', 'ﺱ', 'shin', 'س', 'günah']
skin	deride	Found close match: ['deri', 'derisi']	['day_for_night', 'skinnable', 'eklentileri', 'almost_human', 'baskılı_devre_kartı', 'derisi', 'ten', 'devre_kartı', 'fişli', 'ray_of_light', 'baskı_devre', 'supernatural', 'dış_görünüm', 'zar', 'kabuğu', 'psikiyatrik_hastane', 'skin', 'derma', 'blender', 'cildi', 'bdk_baskılı_devre_kartı', 'deri_hücresi', 'deri', 'eklenti', 'avustralya_aborijin_akrabalık', 'kutanöz', 'rkelly', 'akıl_hastanesi', 'r_kelly', 'cilt', 'robert_sylvester_kelly', 'plugin', 'deri_solunumu']
smart	akıllı	Match	['smart_metodu', 'zekâ', 'istihbarat', 'smart', 'istihbarat_teşkilatı', 'zeki', 'akıllıca', 'anlak', 'kendi_kendini_izleme_çözümleme_ve_raporlama_teknolojisi', 'arsiz', 'zeka', 'smarting', 'akıllı']
smiling	gülümser	Found close match: ['gülümseme', 'gülümseyiş', 'gülümseyen']	['gülümseyiş', 'gülümseyen', 'sırıtmak', 'güleç', 'tebessüm', 'gülücük', 'gülme', 'gülüş', 'mütebessim', 'sırıtma', 'gülümseme', 'gülümsemek']
solution	çözüm	Match	['hal', 'çözümü', 'sonuç', 'cevap', 'denklem_çözme', 'çözünen', 'solüsyon', 'denklemi_çözme', 'çözelti', 'solution', 'problem_çözme', 'sorun_çözme', 'çözüm', 'çözeltiler']
soul	ruhunda	Found close match: ['ruhu', 'ruh']	['rûhânî', 'ruhu', 'ruh', 'birisi', 'kimse', 'ölümlü', 'soulfulness', 'can', 'biri', 'soul_müzik', 'kişi', 'aiúa', 'bireysel', 'soul', 'hint_mistisizmi', 'birey', 'fani']
sound	ses	Match	['konuşma_ses', 'sesi', 'sağlıklı', 'ses_dalgası', 'işitsel_duyu', 'ses_en_çok_hangi_ortamda_yayılır', 'telefon', 'boğaz', 'tecnocumbia', 'ses_şiddeti', 'ses_nasıl_oluşur', 'sound', 'ses', 'sesin_oluşumu', 'sesler', 'akustik_dalga', 'ses_dalgaları']
spoke	konuşuyordu	Found close match: ['konuştu']	['konuşma_dili', 'sesli_iletişim', 'konuştuğum_iletişim', 'tekerlek_konuştu', 'konuşma_dili__yazı_dili', 'konuştu', 'konuşma_iletişim', 'konuşmacı', 'konuşma', 'sözlü_iletişim', 'rundle', 'konuşma_iletişimi', 'konuşulan_dil', 'ispit', 'dil', 'spoke']
star	yıldızı	Found close match: ['yıldızlı', 'yıldız', 'yıldızlar']	['assolist', '✱', 'gelişmiş_yıldız_topolojisi', 'yıldız_topoloji', 'yıldız_derecelendirmesi', 'estelle', 'mavin', 'uzman', 'ünlü', '5_yıldızlı_otel', 'ilean_almaguer', 'film_yıldızları', 'başrol_oyuncusu', '∗', 'yıldız_imi', 'televizyon_kişiliği', 'dört_yıldızlı_otel', 'usta', 'yıldız_sınıflandırma', 'kefal', 'yıldız_sınıflandırması', '2_yıldızlı_otel', '4_yıldızlı_otel', 'tar_dosya_formatı', 'yıldızlı', 'star_topolojisi', 'star_gazetesi', 'targz', 'yildiz', 'tar', 'yıldız_işareti', 'maven', 'yıldız_ağ', 'üç_yıldızlı_otel', 'yıldız_yarıçapı', 'air', 'vızıltı', 'beş_yıldızlı_otel', 'bir_yıldızlı_otel', '＊', 'star', 'popstar', 'film_yıldızı', 'xerox_star', 'ünlüler', 'mütehassıs', 'süperstar', 'the_rise_and_fall_of_ziggy_stardust_and_the_spiders_from_mars', 'steroidojenik_akut_düzenleyici_protein', 'yıldız_çokgen', 'hotshot', '3_yıldızlı_otel', 'yıldız_(star)_topolojisi', 'yıldız', 'star_gazete', 'yıldız_topolojisi', 'i̇ki_yıldızlı_otel', 'oynadığı', 'ünlü_kişi', '❃', 'deha', 'yıldızlar', '1_yıldızlı_otel', 'estelle_swaray', 'asterisk']
student	öğrenci	Match	['kitapçılık', 'âlim', 'üniversite_öğrencisi', 'william_sealy_gosset', 'kitapçılarda', 'öğrenciler', 'kitapçı', 'üniversiteli', 'educatee', 'bilgin', 'öğrenci', 'bilimsel_kişi']
stupid	beğenmiyorum	Incorrect	['salak', 'saçma', 'puding_kafa', 'fakir_balık', 'aptal', 'aptal_kişi', 'ravensymone', 'sıcak_kompres', 'pudden_kafa', 'aptal_salak_bön_ahmak_ahmaklar', 'aptallık', 'aptalca', 'ahmak']
successful	başarılı	Match	['successful', 'başarılı']
sugar	şeker	Match	['şekerler', 'servet', 'seker', 'şarap_şekerlerin', 'sugar', 'glassheart', 'simoleons', 'şekerim', 'dinero', 'istiridye', 'korbonhitratlar', 'moolah', 'disakkarit', 'şekerli', 'küp_şeker', 'gelt', 'şeker_ticareti', 'sakarit', 'batman_forever', 'karbohidrat', 'deniz_tarağı', 'polisakarit', 'rafine_şeker', 'karbonhidrat', 'vurgun', 'kesme_şeker', 'şeker', 'sugarscapecom', 'kristal_şeker', 'toz_şeker', 'ekmek_parası', 'karbonhidratların_vücuttaki_görev', 'batman_daima', 'karbonhitratlar', 'karbonhidratlar', 'beyaz_şeker']
suspect	şüphelisi	Found close match: ['şüpheli', 'şüphe']	['güvensizlik', 'sanık', 'şüpheli', 'faili', 'robert_crais', 'şüphe', 'zanlı', 'davalı', 'suçlu', 'müdafi']
table	sütunundaki	Incorrect	['veri_sayfası', 'sekmeli_dizi', 'geciktirmek', 'iframe', 'yayla', 'etiket', 'masa', 'tablo', 'başvuru_çizelgesi', 'cetvel', 'soundboard', 'ertelemek', 'erteleme', 'href', 'mesa', 'yemek_masası', 'ses_kartı', 'arama', 'sekmeli', 'html_öğesi', 'html_etiketi', 'veritabanı_tablo', 'arama_tablosu', 'sofra']
taste	lezzette	Found close match: ['lezzet']	['tadı', 'tadını_çıkarmak', 'tadına_bakma', 'ekşi', 'lezzet', 'kör_tadım', 'taste', 'gustatuar_modalite', 'yapay_tatlandırıcı', 'çeşni', 'lezzet_arttırıcı', 'tutku', 'tat_duyusunda', 'tat', 'tat_algısı', 'temel_tat', 'tat_hissi', 'nowhere', 'şarap_tadımı', 'tat_alma_sistemi', 'tatlandırıcı', 'tercihleri', 'tat_alma', 'doğal_aromalar', 'tercihi', 'tatma', 'şarap_tatma']
team	takımken	Found close match: ['takım', 'takım_oyunu']	['enstrümental_orkestra', 'müzik_grubu', 'bando', 'rock_grupları', 'bando_takımı', 'solo_sanatçı', 'pop_grubu', 'solo_projesi', 'iş_hücresi', 'ekip', 'takım_sporları', 'takım', 'team', 'grubu', 'bar_grubu', 'pop_rock_grubu', 'müzik_topluluğu', 'rock_grubu', 'takım_oyunu', 'takım_sporu', 'pop_rock_grubudur']
texture	yumuşaklık	Incorrect	['doku_haritalama', 'doku_haritası', 'macrotexture', 'doku', 'doku_dahil', 'kaplama', 'dokusu', 'müzikal_doku']
time	zamanı	Found close match: ['zaman', 'zamanları', 'zamanların']	['gramer_gergin', 'in_my_own_words', 'zamanları', 'scatmans_world', 'süre', 'time_magazine', 'space_and_time', 'dördüncü_boyut', 'saat', 'gergin', 'sistem_saatini', 'saat_döngüsü', 'polymeter', 'y_not', 'müzikal_zaman_imza', 'bileşik_metre', 'zamanların', 'saat_zaman', 'xkcd_1190', 'defa', 'metre', 'bileşik_zaman', 'vals_zamanında', 'anastacia', 'hypnotica', 'zaman_imza', 'büyük_patlama_kronolojisi', 'zaman_imzalar', 'kez', 'ikili', 'zaman', 'pacific_ocean_blue', 'space__time', '44', 'kere', 'vakit', 'hapis', 'şimdi', 'ölçü_işareti', 'saat_işareti', 'saat_sinyali', 'sefer', 'time', 'time_dergisi', 'zaman_aralığı', 'an', '128', 'lahza', 'sistem_saati', 'zamansüre', 'basit_zaman', 'saat_tutmak']
tool	önyükleme	Incorrect	['pipi', 'çük', 'programlama_aracı', 'yarak', 'yazılım_aracıdır', 'âlet', 'yazılım_geliştirme_araçları', 'aygıt', 'sik', 'kobra', 'yazılım_araçları', 'cihaz', 'geliştirme_aracı', 'tool', 'alet', 'aracı', 'araç', 'aletler', 'kuş', 'yazılım_geliştirme_aracı']
toy	oyuncak	Match	['seks_oyuncak', 'seks_oyuncakları', 'süs_köpekleri', 'süs_köpeği', 'toy', 'chatoyancy', 'mastürbasyon_aletleri', 'oyuncak', 'oyuncak_köpek', 'yello', 'seks_oyuncağı', 'oyuncak_köpekler', 'toyline', 'refakatçi_köpekler', 'chatoyant', 'oyuncaklı_ilişki', 'oyuncağı']
tree	ağacı	Found close match: ['ağaç', 'agac', 'ağaç_inancı']	['orman', 'ağaç_gövdesi', 'ağaç', 'ağaçlar', 'charlotte_brontë', 'ahşap', 'alt_ağaç', 'agac', 'sir_herbert_beerbohm_ağacı', 'iç_düğüm', 'subtree', 'ağaç_diyagramı', 'fidan', 'kruskal_ağacı_teoremi', 'ağaç_inancı', 'ağaç_veri_yapısı', 'ağaç_kültü', 'kutsal_ağaç', 'yaprak_düğüm', 'üst_düğüm', 'herbert_beerbohm_tree', 'charlotte_bronte', 'aðaç', 'iç_düğümü', 'kök_düğüm', 'türk_mitolojisinde_ağaç']
trial	yargılanmasının	Incorrect	['paucal', 'sivil_dava', 'üç', 'iii', 'dava_açtı', 'deneme', '３', 'dava', 'bu', 'ceza_davası', '➂', 'hüç', 'duruşma_öncesi', 'sıkıntı', 'tekil', '3', 'deuceace', 'nedensellik', 'sivil_mahkeme', 'deney', 'sayı', 'duruşma', 'neden_sistem', '❸', 'üçlü', 'durum', '③', 'test', 'davalar', 'ternion', 'tarafalr', '三', 'deneme_çalışması', 'numarası_anlaşması', '३', '৩', 'causa', 'üç_mısralı_kıta', 'nedensel', '➌']
tried	suçluyordu	Incorrect	['denedim', 'denedi', 'ceza_davası', 'duruşma']
typical	tipik	Match	['tipik']
unaware	bilmiyordur	Incorrect	['habersiz']
usable	kullanılabilecek	Found close match: ['kullanılabilir', 'kullanılabilirlik', 'kullanılır']	['elverişli', 'kullanılır', 'kullanıcı_dostu', 'kullanılabilirlik', 'kullanılabilir', 'yaraklı']
useless	gereksiz	Match	['yararsız', 'faydasız', 'useless', 'gereksiz']
vacation	tatil	Match	['tatil']
war	savaşı	Found close match: ['savaş', 'savas', 'savaş_alanı']	['savaş', 'the_war', 'ares', 'waraywaray_dil', 'askeri_çatışma', 'muharebe', 'suikastçi', 'savaş_ile_ilgili_atasözleri_ve_deyimler', 'silahlı_çatışma', 'harp', 'savaş_alanı', 'savas', 'war', 'all_or_nothing', 'suikastçı', 'cenk', 'savaş_durumu', 'varayca']
wash	yıkamak	Match	['yıkanır', 'çamaşır_yıkama', 'arroyo', 'yıkama', 'kuru_vadi', 'büyük_kaçış', 'the_wash', 'sel_yatağı', 'çinli_çamaşır', 'tarama', 'yıkamak', 'çamaşırhane', 'pervane_rüzgârı', 'unearthed', 'netservinf', 'suluboya', 'yıkanabilirlikle', 'lost_dogs', 'yumak', 'yıkamak_için_kuru', 'prison_break', 'çamaşırcı']
weak	zayıf	Match	['zafiyet', 'kas_zayıflığı', 'zayıflar', 'kas_güçsüzlüğü', 'asteni', 'the_sea', 'güçsüz', 'zayıf']
wear	giyerler	Found close match: ['giyecek', 'giyilebilir']	['giyecek', 'giyimkuşam', 'üst', 'giyim_makalede', 'giymek', 'giysi', 'womenswear', 'giyim', 'kılık_kıyafet', 'kılık_ve_kıyafet', 'aşınma', 'aşınma_direnci', 'kıyafet', 'giyilebilir', 'habiliment', 'kıyafetleri', 'giy', 'wear', 'giyim_kuşam']
weather	fırtınaları	Incorrect	['hava_koşulları', 'atmosferik_durum', 'hava', 'hava_tahmin', 'hava_durumu', 'hava_tahmini', 'hava_tahminleri']
willingly	yalvararak	Incorrect	['isteyerek']
word	kelime	Match	['kelime_uzunluğu', 'kutsal_kitaplar_listesi', 'şeref_sözü', 'laf', 'oğul', 'kutsal_metin_listesi', 'inciller', 'kitabı_mukaddes', 'kutsal_kitap', 'logolar', 'mukaddes_kitap', 'i̇lahi_kitap', 'kelime_boyutu', 'kutsal_metin', 'söz', 'veri_kelimesi', 'bahıs', 'microsoft_word', 'incil', 'hıristiyan_kutsal', 'i̇ncil', 'word', 'kutsal_metinler', 'ahit_yazarları', 'sözcük', 'hıristiyan_incil', 'dini_metinleri', 'kelimesi', 'deyi', 'bağış_sözü', 'haber', 'kelime', 'kutsal_kitaplar', 'oğlu', 'parola', 'dini_metin', 'şifre', 'tartışma', 'münakaşa', 'geçiş_kodu', 'kutsal', 'logos', 'msword']
