ability	habilitat	Not found	[]
accomplished	versàtil	Incorrect	['complerta']
angry	enfadat	Match	['enfadat', 'còlera', 'mad_season', 'furor', 'tempestívol', 'ira', 'furiós', 'furibund', 'ràbia', 'kay_starr', 'irritat', 'enuig', 'violent', 'colèric', 'enutjat', 'press_to_play', 'tempestós', 'tempestuós']
apartment	apartament	Match	['bloc_mansió', 'complex_dapartaments', 'apartaments', 'aparthotel', 'apartament_amb_jardí', 'bloc_de_pisos', 'apartment', 'apartament', 'edificis_dapartaments', 'pis']
applause	aplaudiment	Match	['palmes', 'aplaudiments', 'applause', 'aplaudiment', 'mà_aplaudint']
argument	arguments	Match	['argument_complexe', 'argument_verb', 'paràmetre', 'argument_literari', 'controvèrsies', 'argument_oblic', 'discussió', 'disceptation', 'argument_lògic', 'argumentació', 'debats', 'debat', 'lluita', 'polèmica', 'arguments', 'equip_debat', 'argumentant', 'variable_independent', 'línia_de_raonament', 'línia', 'disputa', 'teoria_de_largumentació', 'argument', 'discutir', 'debat_polític', 'controvèrsia', 'argument_musical', 'lliça']
art	art	Match	['arts_majors', 'producció_artística', 'ni', 'expressió_artística', 'article', 'obres_dart', 'gràfica', 'belles_arts', 'estil_beauxarts', 'art', 'coratge', 'artística', 'artista_plàstic', 'disseny_dart', 'valor', 'mestria', 'articles', 'artístic', 'arts_pures', 'arquitectura_beauxarts', 'gràfics', 'creació_artística', 'perícia', 'gràfic', 'disciplines_artístiques', 'llenguatge_artístic', 'il·lustracione', 'qüestió_no_textual', 'android_runtime', 'pèptid_relacionat_amb_agouti', 'arts', 'arquitectura_beaux_arts', 'disciplina_artística', 'la_creació_artística']
attitude	actitud	Match	['conducta_social', 'angles_deuler', 'port', 'attitude', 'maneres', 'conducta', 'orientació_espacial', 'rampant', 'positura', 'actitud_mental', 'mala_presentació', 'tendència', 'disposició', 'posició', 'actuació', 'posat', 'fets', 'socialitat', 'reload', 'modals', 'comportament_humà_modern', 'conductes', 'inclinació', 'actituds', 'actitud', 'comportament', 'orientació', 'mala_conducta', 'postura', 'comportament_social']
bag	tovallola	Incorrect	['mamella', 'conjunts_múltiples', 'multiset', 'bag', 'robar', 'bossa_de_mà', 'meta', 'maletes', 'saca_de_correus', 'antiga_borsa', 'prendre', 'bossa', 'rampinyar', 'bossa_de_paper_plàstic', 'paperina', 'bossa_de_paper', 'valisa', 'bossa_de_plàstic', 'bosses', 'ensacar', 'afanar', 'furtar', 'maleta', 'borsa', 'sac', 'bombarse', 'embutxacar', 'bossa_de_viatge', 'inflarse', 'base', 'bossa_paper', 'multiconjunt', 'tassa_de_te', 'braguer', 'cartera']
ball	pilota	Match	['pilota_de_futbol_americà', 'glob', 'bala', 'bala_de_mosquet', 'cabdellar', '3esfera', 'bales', 'pilota_de_tennis', 'turma', 'bola_oberta', 'zona_de_strike', '2esfera', 'strike_zone', 'pilotes_de_tennis', 'pilota_de_futbol', 'pilotes_de_futbol', 'colló', 'tros', 'esfèric', 'testicular', 'semiesfèrica', 'pilotes', 'bocí', 'bola', 'ballock', 'bollocks', 'pilota', 'terròs', 'gònada', 'metatars', 'testicles', 'sector_esfèric', 'dídim', 'teste', 'mosquet_pilota', 'ou', 'bola_tancada', 'collons', 'ball', 'rodapilotes', 'esfera', 'futbol', 'lucille_ball', 'testicle', 'john_ball', 'esfèrica']
bar	barra	Match	['barra', 'receptor_beta2', 'fàbrica_de_cervesa_laixeta', 'telèfon_pissarra', 'banc_de_sorra', 'bar', 'foo', 'prevenció', 'receptor_farnesoid_x', 'antivari', 'bodegó', 'mesura', 'excloure', 'professional_jurídica', 'comunitat_legal', 'receptor_farnesoide_x', 'austrobavarés', 'advocacia', 'porter_saló', 'obstruir', 'signe_pub', 'pothouse', 'tavernes', 'patronímic', 'browning_automatic_rifle', 'marginar', 'barra_de_compàs', 'posada_de_camp', 'boarisch', 'mètode_de_la_ratlla', 'menjar_de_pub', 'professió_jurídica', 'mbar', 'austrobavarès', 'tap_house', 'bloquejar', 'fonda', 'factor_de_forma', 'banc_sorra', 'foobar', 'posada', 'advocatus', 'blocar', 'pastilla', 'taverna', 'exiliar', 'jurista', 'bandejar', 'ratlla', 'brasserie', 'compàs', 'taphouse', 'banc', 'patronímics', 'desterrar', 'mil·libars', 'patrònim', 'pub', 'professional_jurídic', 'professió_legal', 'bancs_de_sorra', 'patrynomic', 'pubs', 'milibar', 'public_house', 'ginmill', 'receptor_beta2_adrenèrgic', 'tasca', 'mil·libar', 'mil_·_libars', 'antibari', 'desmotadera_de_cotó', 'bavarès', 'bavarés']
bear	alastor	Incorrect	['orso', 'dur', 'aguantar', 'óssa', 'parir', 'bear', 'posseir', 'ursine', 'contenir', 'lós', 'webelos', 'suportar', 'ursidae', 'prendre', 'onso', 'rupert_bear', 'baixista', 'úrsids', 'sostenir', 'mike_brown', 'tolerar', 'entregar', 'assumir', 'esperar', 'exiliar', 'donar_a_llum', 'pagar', 'comportarse', 'adquirir', 'vestir', 'portarse', 'conduirse', 'úrsid', 'captenirse', 'portar', 'comunitat_de_lós', 'sofrir', 'óssos', 'ós', 'contenen']
beat	semifinalista	Incorrect	['pegar', 'martellejar', 'jet_grind_radio', 'copejar', 'vers_quantitatiu', 'beatnik', 'molestar', 'freqüència_de_batut', 'mètrica_(poesia', 'guanyar', 'fora_de_compàs', 'pols', 'rítmica', 'irritar', 'the_beat', 'tamborinejar', 'tustar', 'palpitar', 'jet_set_radio', 'esgotarse', 'ronda', 'picar', 'bategar', 'rítmics', 'desconcertar', 'aletejar', 'beatniks', 'rítmic', 'transposicionals', 'cadència', 'batec', 'agitar', 'temps', 'siteswap', 'batre', 'incomodar', 'compàs', 'ritmes', 'cremar', 'esbategar', 'ritme', 'remenar', 'bategada', 'amartellar', 'unitat_rítmica', 'palpitació', 'conquerir', 'espolsar', 'vèncer', 'tamborinar', 'mètrica', 'derrotar', 'esgotar', 'ritme_musical', 'metro_quantitatiu', 'beat']
bed	llit	Match	['fer_lamor', 'torrental', 'vena', 'menjador_compulsiu', 'trastorns_per_afartament', 'cala_llit', 'bed', 'tàlveg', 'follar', 'estirarse', 'llit_riu', 'jaciment', 'encantar', 'llit_del_riu', 'clapar', 'llitada', 'pla_destratificació', 'veta', 'fer_un_clau', 'llit', 'fotre', 'menjadora_compulsiva', 'costura', 'buc', 'anar_al_llit', 'fotre_un_clau', 'torrentera', 'gitarse', 'fons', 'cardar', 'allitarse', 'saber', 'capa', 'tirarse', 'filó', 'trastorn_per_afartament']
beer	cervesa	Match	['ale', 'cervesa_anglesa', 'beer', 'cervesa', 'bíter', 'indústria_cervesera', 'cervesa_ale', 'cervesera', 'birra']
big	little	Not found	[]
bird	ocell	Match	['aus', 'xavala', 'mossa', 'volant', 'ocellet', 'maca', 'xicota', 'ocell_minúscul', 'avians', 'aviram', 'aviaris', 'mikuni_shimokawa', 'culoti', 'ploma', 'yardbird_parker', 'bebè', 'moixó', 'au', 'aves', 'avafauna', 'esbroncada', 'noia', 'nena', 'ocell', 'charlie_parker', 'avifauna', 'bird_parker', 'dit', 'bird', 'parker', 'bronx_cheer', 'charles_christopher_parker', 'razzing', 'razz', 'animal_de_ploma', 'ocells', 'aviària']
blood	sang	Match	['bordeus_vi', 'nissaga', 'blood', 'sang_humana', 'llicenciós', 'descendència', 'línia_de_sang', 'herència_biològica', 'llinatge', 'bordeus', 'vi_de_bordeus', 'sang', 'dissolut', 'bordeaux', 'house_of_wolves', 'flux_sanguini', 'hèmic', 'vs', 'sang_line', 'llibertí', 'estirp', 'hematològics', 'persistence_of_time', 'vi_bordeus', 'ascendència', 'sang_oxigenada', 'collective_soul', 'origen', 'pedigrí', 'the_black_parade', 'herència', 'herència_genètica', 'herència_poligenètica', 'sanguínia', 'getting_away_with_murder', 'heretabilitat']
body	cos	Match	['cos_subtil', 'mida_en_punts', 'carrosseries', 'transistor_defecte_camp', 'leotard', 'article_periodístic', 'equilibri', 'article', 'transistors_defecte_de_camp', 'cos_físic', 'sòlid_geomètric', 'transistor_defecte_de_camp', 'porta', 'punt_tipogràfic', 'tors', 'cadàvers', 'catsuit', 'reportatge', 'mineralitat', 'caixa_de_ressonància', 'mallot', 'politopo', 'transistor_d’efecte_camp', 'stypsis', 'politopos', 'bodi', 'comunitat', 'cos_sòlid', 'vestit', 'fruites', 'carrosser', 'corporació', 'sec', 'fet', 'cos', 'politop', 'astrigència', 'cadàver', 'notícia', 'mort', 'associació', 'punt', 'restes', 'leotards', 'transistors_defecte_camp', 'unitard', 'estructura_física', 'notícies_història', 'body', 'text', 'estructura_orgànica', 'teairra_marí', 'defecte_de_camp_transistor', 'receptor', 'vestit_de_cos', 'gat_vestit', 'eubstance', 'carrosseria', 'polítop', 'punt_didot', 'tronc', 'consistència']
brain	cervell	Match	['psíquic', 'banks', 'racionalitat_pràctica', 'ment_humana', 'genialitat', 'crack', 'contingut_mental', 'raonament', 'encèfal', 'capacitat_mental', 'intel·ligència', 'cap', 'brain', 'enteniment', 'intel_·_lecte', 'ment', 'inspector_gadget', 'bryan_mantia', 'còrtex', 'raonable', 'einstein', 'geni', 'racionalitat', 'cerebral', 'funció_cerebral', 'la_capacitat_daprenentatge', 'raó', 'brainiac', 'capacitat_intel_·_lectual', 'facultat_de_lordre', 'cervell_dels_mamífers', 'psique', 'linspector_gadget', 'cervell', 'intel·lecte', 'cortex', 'teoria_de_la_raó', 'nous']
broken	trencat	Match	['violat', 'interromput', 'ms_kelly', 'trencat', '12_stones', 'winterhearts_guild', 'plastic_beach', 'incomplert', 'defectiu', 'baix', 'the_best_of_bruce_dickinson', 'humiliat', 'trencats', 'echo', 'delta_machine', 'erroni', 'espatllat', 'incorrecte', 'broken', 'defectuós']
building	edifici	Match	['edificis_públics', 'projecte_de_construcció', 'immoble', 'edificació', 'indústria_de_la_construcció', 'edificacions', 'construcció_dedificis', 'construir', 'construcció', 'castell_de_centelles', 'edifici_públic', 'edifici', 'edificis']
burn	cremar	Match	['cremarse', 'fc_dallas', 'brusar', 'ardor', 'cauteritzar', 'corrent_intermitent', 'eritema_solars_i', 'football_club_dallas', 'cremades', 'cursos_daigua', 'flama', 'consumirse', 'flamarada', 'rieres', 'corrent_daigua_intermitent', 'flamejant', 'burn', 'curs_daigua', 'picar', 'abrusarse', 'cremades_de_segon_grau', 'cremada', 'foc', 'cremor', 'rostir', 'corrent', 'cremada_de_primer_grau', 'eritema_solar', 'rierols', 'crema', 'embrunirse', 'riera', 'diu', 'abrasar', 'tallarse', 'cremar', 'ruisseau', 'recremar', 'mossegarse', 'cremada_de_tercer_grau', 'dallas_burn', 'cremar_marca', 'bronzejarse', 'incendis', 'abrusar', 'torrar', 'rostirse', 'cremada_de_segon_grau', 'cremades_de_tercer_grau', 'incendiar', 'bronzejat', 'rierol', 'cremades_solars', 'queimada', 'brillar', 'colrarse', 'incinerar']
business	negocis	Match	['client', 'sector_empresarial', 'contractistes_independents', 'sistema_de_negocis', 'parròquia', 'empresa', 'business', 'negocis_preocupació', 'amb_fins_de_lucre', 'empresa_comercial', 'ocupació', 'clientela', 'joc_escènic_secundari', 'contractista_independent', 'negocis', 'clients', 'negoci', 'assumpte', 'vacant', 'línia_de_treball', 'etapa_empresarial', 'treball', 'organització_empresarial', 'tasca', 'empresa_adherida', 'empreses', 'ruta_comercial', 'negoci_de_lempresa']
camera	càmera	Match	['pel_·_lícules_a_la_cambra', 'the_back_room', 'càmera_cinematogràfica', 'càmara_de_televisió', 'càmera_de_televisió', 'càmara_de_vídeo', 'càmera_de_filmar', 'càmera_de_cine', 'càmeres', 'càmera_de_vídeo_professional', 'càmera_de_cinema', 'càmera', 'tv_càmera', 'càmera_de_tele', 'camera', 'càmera_fotogràfica']
carefully	acuradament	Match	['tribulació', 'problema', 'atentament', 'inquietud', 'maldecap', 'aflicció', 'acuradament', 'angoixa', 'preocupació']
challenge	desafiament	Match	['desafiament', 'autenticació_desafiamentresposta', 'desafiamentresposta', 'the_challenge', 'desafiar', 'reptar', 'recusar', 'repte', 'impugnar', 'challenge', 'recompensa']
charity	benèfica	Found close match: ['beneficència', 'entitat_benèfica']	['comprensió', 'entitat_benèfica', 'caritat_pública', 'organització_caritat', 'compassió', 'caritat', 'polemonium_vanbruntiae', 'polemonium_caeruleum', 'polymonium_caeruleum_vanbruntiae', 'estatus_caritatiu', 'charity', 'amor_fraternal', 'beneficència', 'benèfica_registrada', 'organitzacions_caritatives']
charming	malhumorat	Incorrect	['encantador', 'màgic']
clothes	roba	Match	['vestimenta', 'indumentària', 'roba', 'peces_de_vestir', 'vestir', 'habiliment', 'roba_de_dona', 'robes', 'vestit', 'peça_de_vestir', 'usable']
cockroach	insectívora	Not found	[]
code	codi	Match	['xifrar', 'codi_de_lleis', 'planificar', 'codi_informàtic', 'programar', 'codi', 'codi_de_la_llei', 'codificació', 'piratejar', 'encriptar', 'codis', 'clau', 'codificar', 'codificada']
collection	col·leccions	Found close match: ['col·lecció', 'collection', 'col_·_leccions_dart']	['hawkwind', 'empresa_de_cobraments', 'col·lecció', 'col_·_leccions_dart', 'col·lecció_editorial', 'assemblatge', 'akon', 'agregació', 'col·lecció_de_llibres', 'col_·_lecció', 'composició_dobjectes', 'muntatge', 'compilació', 'cobrament_defectiu', 'col·lecta', 'cobrador_de_deutes', 'cobrament_de_deutes', 'joe_sample', 'compendi', 'cúmul', 'col_·_lecció_dart', 'paquets_de_productes', 'collection', 'collita', 'the_charlatans', 'paquet', 'recollida', 'the_offspring_collection', 'conjunt', 'contenidor', 'recol_·_lecció', 'sèrie_de_llibres', 'acumulació', 'arreplec', 'recaptació_defectiu']
computer	ordinador	Match	['calculadora', 'música_per_ordinador', 'computació_màquina', 'ordinador_electrònica', 'equip_informàtic', 'sistemes_informàtics', 'computadors_humans', 'computadora', 'dispositiu_informàtic', 'ordinadors', 'ordinador_de_propòsit_general', 'sistema_computacional', 'ciència_de_la_computació', 'sistema_de_processament_dinformació', 'equip_humà', 'el_processador_de_dades', 'computació_digital', 'computador', 'computació', 'calculadora_humana', 'informàtica_musical', 'sistema_informàtic', 'estimador', 'música_generada_per_ordinador', 'processador', 'ordinador_remot', 'estimador_estadístic', 'figurer', 'ordinador', 'computador_humà', 'computadores', 'calculador', 'computadores_digitals']
construction	construcció	Match	['model', 'projecte_de_construcció', 'runescape', 'interpretació_constitucional', 'expressió', 'construcció_gramatical', 'indústria_de_la_construcció', 'construcció_dedificis', 'construir', 'estructura', 'castell_de_centelles', 'síntesi_mental', 'construcció', 'interpretació_judicial']
cook	cook	Match	['formar', 'cuinar', 'xefs', 'james_cook', 'preparar', 'mestres_de_cuina', 'captain_cook', 'cuinera', 'xef_posada', 'falsificar', 'guisar', 'el_capità_james_cook', 'tergiversar', 'cuiner_de_menjar_ràpid', 'frederick_cook', 'crear', 'xef', 'bullir', 'cook', 'sousxef', 'falsejar', 'capità_cook', 'cuiner_poc_temps', 'cuiner', 'xef_executiu', 'confeccionar', 'coure']
counting	recompte	Found close match: ['compte', 'comptar', 'comptant']	['compte', 'sistema_numeral', 'sistema_de_numeració', 'còmput', 'càlcul', 'comptar', 'enumeració', 'comptant', 'llista', 'numeració']
crazy	caçafantasmes	Incorrect	['boig', 'looney', 'famous_last_words', 'insanitat', 'tocat_de_lala', 'crazy', 'usher', 'alienació_mental', 'pirat', 'dement', 'bogeria', '(you_drive_me)_crazy', 'desequilibrat', 'the_red_album', 'sonat', 'because_of_you', 'playing_with_fire', 'loca', 'malalt_mental', 'tipus_estrany', 'trastocat', 'guillat', 'follia', 'erika_jayne', 'tocat_del_bolet', 'insània']
damage	danys	Match	['dany', 'equip_víctima', 'espatllar', 'damage', 'trencar', 'destrossa', 'danyar', 'degenerar', 'deteriorarse', 'preu', 'preus', 'nivell_de_preus', 'marcir', 'espatllarse', 'dany_legal', 'deteriorar', 'mal', 'import', 'perjudici', 'degenerarse', 'avariar', 'danys', 'desfigurar']
dance	dansa	Match	['ballarins', 'danses', 'dansa', 'ballarí', 'música_dance', 'hilo', 'ball', 'dancé', 'dansar', 'waterloo', 'ballarines', 'ballarina', 'dance', 'ballar', 'música_de_ball', 'postdisc', 'postdisco', 'festa_ball', 'oliver_heldens']
dangerous	perillós	Match	['riscós', 'dangerous', 'perillosos', 'perillós', 'arriscat', 'sever', 'atzarós', 'its_hard', 'seriós', 'greu']
deceive	enganyar	Not found	[]
dedication	dedicació	Match	['devoció', 'compromís', 'dedication', 'consagració', 'dedicació', 'dedicatòria', 'entrega']
deliberately	intencionadament	Match	['intencionalment', 'expressament', 'intencionadament', 'deliberadament']
delivery	transferència	Found close match: ['transferència_legal', 'ocurrència']	['transport_terrestre', 'transport_marítim', 'subministrament', 'jocós', 'mitjans_de_transport', 'indústria_transport', 'alliberament', 'preservació', 'mitjà_de_transport', 'naixença', 'transport', 'delivery', 'entrega', 'manera_de_parlar', 'maternitat', 'vehicle', 'jocosa', 'rescatar', 'comunicacions_i_transports', 'repartiment', 'blade_the_series', 'acudits', 'distribució', 'lliurament_a_domicili', 'treball_de_part', 'sortida', 'portant', 'part', 'infraestructura_de_transport', 'llançament', 'ocurrència', 'part_obstètric', 'transferència_legal', 'agudesa', 'acudit', 'indústria_del_transport', 'lliurament', 'mobilitat', 'naixement', 'salvament', 'transports', 'alienable', 'gràcia', 'broma', 'blade_la_sèrie', 'part_vaginal', 'rescat', 'els_transports', 'alienació']
dessert	sopes	Incorrect	['postres_vi', 'postres', 'vins_de_postres', 'dolç', 'postre', 'vins_dolços', 'darreria', 'darreries', 'vi_dolç']
device	dispositiu	Match	['telefonia_cel_·_lular', 'device', 'internet_mòbil', 'telèfon_mòbil', 'telèfons_mòbils', 'telèfon_cel·lular', 'equip', 'maquinari_informàtic', 'màquines', 'recurs', 'dispositiu', 'configsys', 'maquinari', 'màqeuina', 'mòbil', 'història_del_telèfon_mòbil', 'aparell', 'mecanisme', 'maquinària', 'maquinaris', 'comunicacions_mòbils', 'mobile', 'història_de_la_telefonia_mòbil', 'truc', 'maquinari_dordinador', 'hardware', 'màquina', 'comunicació_cel_·_lular']
dig	excavar	Match	['punxar', 'dig', 'sarcasme', 'excavar', 'entendre', 'dicteri', 'punyalada', 'picar', 'cavar', 'befa', 'ganivetada', 'mofa', 'pulla', 'burla', 'cava', 'excavació', 'escarni', 'lloc_arqueològic', 'escarn', 'comprendre', 'aferrar']
dinner	sopar	Match	['dinada', 'déjeuner', 'berenar', 'te_de_la_tarda', 'tiffin', 'dinar', 'hora_del_te', 'sopar', 'lhora_del_te', 'te']
disease	malaltia	Match	['malalties', 'morbositat', 'begowal', 'tel·lurisme', 'malestar', 'patologia', 'condicions_mèdiques', 'condició_mèdica', 'malalt', 'malaltia', 'pleuresia', 'morbosa', 'pleuritis', 'patologies', 'afecció', 'taxa_de_morbiditat']
dissolve	dissoldre	Match	['fondre', 'diluirse', 'fosa', 'desferse', 'desfer', 'diluir', 'trencar', 'desglaçar', 'descongelar', 'dirimir', 'desgelar', 'dissoldre', 'fondres']
disturb	pertorbar	Match	['afligir', 'agitar', 'molesten', 'remoure', 'molestar', 'sollevar', 'incomodar', 'descompondre', 'pertorbar', 'destorbar', 'alterar', 'interrompre', 'excitar', 'amoïnar']
do	pregunto	Not found	[]
doctor	doctor	Match	['atendre', 'metgessa', 'doctora_de_lesglésia', 'cirurgià', 'novè_doctor', 'metjastres', 'dr_who', 'doctorand', 'dra', 'onzè_doctor', 'apariar', 'rudeboy', 'dotzè_doctor', 'doctor', 'adobar', 'metge_especialista', 'rude_boy', 'doctor_de_lesglésia', 'el_doctor', 'cirurgià_operar', 'dr', 'eliza', 'arreglar', 'quart_doctor', 'doctor_guerrer', 'doctors_de_lesglésia', 'grau_de_doctor', 'loïc_nottet', 'el_doctor_who', 'doctorat', 'primer_doctor', 'especialista', 'rudeboys', 'metge', 'cirurgians', 'restituir', 'doctor_of_philosophy', 'facultatiu', 'doctorat_de_recerca', 'metgessa_especialista', 'cirurgià_cirurgiana', 'desè_doctor', 'doctor_who', 'metges', 'doctorats', 'doctorat_professional', 'vuitè_doctor', 'doctor_guerra', 'oficial_metge', 'doc', 'guaridor', 'doctora', 'reparar', 'phd', 'doctorat_superior', 'doctor_en_medicina']
dog	gos	Match	['gossa', 'carn_de_gos', 'canis_domesticus', 'gossos', 'wienerwurst', 'seguir', 'pestell', 'ca', 'gossos_calents', 'barrut', 'firedog', 'familiaris', 'murri', 'empaitar', 'rastrejar', 'salsitxa_de_frankfurt', 'canalla', 'cus', 'canis_familiaris', 'hot_dog', 'entrepans_de_salsitxa_de_frankfurt', 'gos_de_ferro', 'pillet', 'frankfurt', 'dona_desaliñada', 'canis_canis', 'weenie', 'trinquet', 'cànids', 'gos', 'balda', 'penques', 'fiador', 'cànid', 'morillo', 'canidae', 'cans', 'entrepà_de_salsitxa_de_frankfurt', 'seguir_la_pista', 'duck_hunt', 'canis_lupus_familiaris', 'gos_domèstic', 'andiron', 'dog', 'hotdog', 'família_canidae', 'salsitxa', 'guàrdia', 'cutxo', 'perseguir', 'baldó', 'capfoguer']
dressing	vestidor	Not found	[]
driver	pilot	Match	['xofer', 'llevapedres', 'bosc', 'roda_motriu', 'camioner', 'wälder', 'conducció_camions', 'fusta_número_u', 'motorista', 'controlador', 'el_conductor', 'driver_san_francisco', 'rodes_motrius', 'selva', 'camioners', 'pilot', 'eix_acoblat', 'conductor', 'cowcatcher', 'conductor_de_camions', 'controlador_dimpressora', 'fusta', 'conductora', 'boscoses', 'cotxer', 'programa_controlador', 'controlador_de_dispositiu', 'driver', 'boscos', 'rodes_acoblades', 'rascle_davanter', 'forestals', 'xòfer', 'the_driver', 'eixos_acoblats', 'camionera', 'boscos_de_coníferes', 'reserva_forestal', 'número_u_de_la_fusta', 'drivers', 'driver_5', 'controlador_de_programari', 'forest', 'forestal', 'programa_de_control']
economy	economia	Match	['walden', 'econòmicament', 'econòmica', 'economia_rural', 'econòmiques', 'economista_polític', 'econòmic', 'ciència_econòmica', 'econòmics', 'economies', 'model_econòmic', 'economista', 'sistema_econòmic', 'activitat_econòmica', 'economia_clàssica', 'economia_política', 'taxa_destalvi', 'economia', 'walden_or_life_in_the_woods', 'sistemes_econòmics', 'estalvi', 'walden_o_la_vida_als_boscos', 'ciències_econòmiques', 'economy', 'estalvis', 'economia_nacional', 'economia_real', 'economistes']
election	eleccions	Not found	[]
electron	electrons	Match	['negatrón', 'electrònica', 'electron', 'electró', 'electrons', 'electró_celibatari']
elegance	elegància	Match	['bellesa', 'elegància_matemàtica', 'bellesa_clàssica', 'karlgeorg_hoefer', 'elegant', 'elegància', 'decoratiu', 'beaut', 'bellesa_matemàtica']
emotion	emoció	Match	['emocions', 'emoció', 'emotion', 'emocions_humanes', 'estat_emocional', 'human_after_all', 'emocional']
emotionally	emocionalment	Match	['emocions', 'emoció', 'emocions_humanes', 'estat_emocional', 'emocionalment', 'emocional']
engine	motor	Match	['game_engine', 'motor_ferrocarril', 'motor_de_joc', 'dorsal', 'motor_de_jocs', 'locomotora_dièselelèctrica', 'motor_de_programari', 'motor_de_videojocs', 'motor_davió', 'motors_de_videojocs', 'motor_daviació', 'motor_aeronàutic', 'ferrocarril_locomotora', 'motor_3d', 'motor', 'motor_tèrmic', 'locomotores', 'motor_daeronau', 'locomotora', 'ray_alder', 'motor_de_videojoc', 'locomotora_elèctrica', 'motors', 'engine', 'motor_de_gràfics_en_3d', 'locomotora_motor']
event	esdeveniment	Match	['controlador_desdeveniments', 'esdeveniment', 'succés', 'efecte', 'esdeveniment_de_programa', 'esdeveniment_planificat', 'cas', 'oïdor', 'oient', 'resultat', 'pulsació_de_tecla', 'incidència', 'conseqüència', 'cop_de_teclat', 'auditor', 'ocasió', 'esdeveniments']
experiment	experiment	Match	['experiment', 'the_experiment', 'provatura', 'investigació_experimental', 'experiment_aleatori', 'experimentació', 'experimental', 'assaig', 'ciència_experimental', 'experiments', 'experiments_i_esdeveniments_aleatoris', 'prova', 'espai_mostral', 'experimentar', 'verificació', 'provar', 'test', 'mètode_experimental', 'experiment_científic', 'grup_experimental', 'fenomen_aleatori']
extremely	extremadament	Match	['extremadament', 'molt']
feeling	sentiments	Match	['sentiment', 'entranyes', 'sistema_somatosensorial', 'sensació_tàctil', 'emoció', 'creença', 'sentiments', 'sentiment_intuïtiu', 'retroalimentació_tàctil', 'impressió', 'tàctil', 'esperit', 'idea', 'sensació', 'tacte', 'somatosensorial', 'to', 'sentit_del_tacte', 'percepció_tàctil']
fight	lluitar	Match	['contesa', 'batalles', 'barallar', 'baralles', 'lluitar', 'lluita', 'barallarse', 'oposar', 'combat_armat', 'competitivitat', 'defensarse', 'brega', 'combat', 'batallar', 'baralla', 'compromís', 'acció', 'pugnar', 'entrenament_de_combat', 'escaramusses', 'conflicte', 'batalla', 'fight']
fish	marisc	Incorrect	['aliment_per_a_peixos', 'peixos', 'fish', 'hibridació_in_situ_fluorescent', 'pisces', 'angules', 'pescar', 'ictiofauna', 'alevins', 'aleví', 'phish', 'piscis', 'peixos_marins', 'peix', 'go_fish', 'hibridació_in_situ_per_fluorescència', 'peixos_els_peixos', 'pterigióforo', 'hibridació_fluorescent_in_situ']
flow	flux	Match	['menstruació', 'psicología_del_flux', 'córrer', 'manar', 'xarxa_de_flux', 'créixer', 'cabal', 'pressió_hidràulica', 'fluix_menstrual', 'rapers', 'regla', 'flux_volumètric', 'mecànica_dels_fluïds', 'mecànica_de_fluids', 'rap', 'torrent', 'hidràulica', 'rajar', 'dinàmica_de_fluids', 'xarxa_flux', 'física_de_fluids', 'velocitat_de_flux', 'grail_b', 'taxa_de_flux', 'cicles_menstruals', 'hidràulicament', 'grail', 'menstruo', 'flux', 'curs', 'riu', 'corrent', 'taxa_de_flux_volumètric', 'caure', 'menstruacions', 'young_money_entertainment', 'gravity_recovery_and_interior_laboratory', 'florent_mothe', 'mecànica_dels_fluids', 'flow', 'catamenia', 'menstruar', 'menstru', 'trajectòria_daugment', 'emceeing', 'protorap', 'alimentar', 'flux_constant', 'raper', 'hidràulic', 'psicologia_del_flux', 'grail_a', 'fluix', 'dinamicista_fluid', 'fluir', 'xarxa', 'dinàmica_dels_fluids', 'acceleració_convectiva', 'brollar']
food	aliments	Match	['tipus_daliments', 'productes_alimentaris', 'aliments_sòlids', 'menjar', 'roda_daliments', 'nutrients', 'aliment_intel_·_lectual', 'macronutrient', 'aliments', 'roda_dels_aliments', 'aliment_per_al_pensament', 'macronutrients', 'sustent', 'tipus_de_nutrients', 'alimentació', 'kirby', 'aliment', 'nutrient']
garbage	escombraries	Match	['ferregada', 'residus_de_productes', 'ximpleria', 'deixalles_dorigen', 'sobralles', 'brutícia', 'residus_daliments', 'rsu', 'sobres', 'residu_alimentari', 'residus_sòlids', 'residus_municipals', 'residu', 'residus', 'residu_sòlid', 'deixalla', 'withering_to_death', 'deixalles', 'fotesa', 'residus_sòlids_urbans', 'rebutjar', 'residus_urbans', 'material_de_rebuig', 'escombraries', 'residu_sòlid_urbà', 'rebuig', 'ferralla', 'garbage', 'residus_domèstics']
gold	plata	Found close match: ['platí']	['anthology', 'daurat', 'certificat_or', 'auri', 'alfa_test', 'sandhja', 'etapa_de_desenvolupament', 'cicle_de_vida_i_difusió_del_programari', 'gold', 'medallista_dor', 'beta_oberta', 'fases_de_desenvolupament_del_software', 'cicle_de_vida_del_programari_alliberament', 'disc_dor', 'disc_de_plata', 'nombre_atòmic_79', 'versió_de_programari_de_cicle_de_vida', 'certificació_dor', 'número_atòmic_79', 'programari_beta', 'medalla_dor', 'versió_alfa', 'provador_beta', 'multiplatí', 'prova_beta', 'medalla_dor_olímpica', 'beta_pública', 'fases_de_desenvolupament_del_programari', 'cicle_vida_del_programari', 'cicle_de_vida_del_programari', 'medalles_dor', 'wanna_one', 'versió_candidata', 'prealpha', 'or_natiu', 'or_de_veta', 'disc_de_platí', 'alfa_programari', 'programari_alfa', 'certificats_musicals', 'software_alfa', 'bobby_brown', 'doble_platí', 'the_heist', 'versió_beta', 'beta_test', 'platí', 'versió_final', 'certificat_de_vendes_discogràfiques', 'fases_del_desenvolupament_de_programari', 'shooting_star', 'beta_tancada', 'triple_platí', 'ambre', 'beta', 'certificació_platí', 'young_lust_the_aerosmith_anthology', 'disc_platí', 'daurada', 'or']
great	gran	Match	['gran', 'súper', 'capital', 'brutal', 'majúscula', 'embarassada', 'guai', 'destacat', 'grandesa', 'genial', 'gestant', 'enorme', 'prenyada', 'illustriousness', 'bestial', 'excepcional', 'fenomenal', 'vast', 'excel·lent', 'fantàstic']
gun	metralladora	Incorrect	['sicari', 'petita_braç', 'assassí_a_sou', 'pistoler', 'pistola_de_lubricar', 'pedal_de_laccelerador', 'gas', 'arma_pesada', '郡', 'armes', 'canó', 'obús', 'del_pedal_de_laccelerador', 'arma', 'districte_del_japó', 'gunfighting', 'accelerador', 'pistolers', 'conventional_weapons', 'armes_petites', 'gun', 'artilleria', 'armes_de_foc', 'districtes_del_japó', 'gun_for_hire', 'gatillero', 'botiga_darmes', 'pistola', 'greixgun', 'arma_de_foc_portàtil', 'màquines_de_tro', 'arma_portàtil', 'lubricadora_a_pressió', 'heavy_weapon', 'arma_de_foc', 'pedal_laccelerador', 'louder_than_love', 'disparar', 'assassí_professional', 'escopeta', 'màquines_de_tró']
hair	cabell	Match	['cabell_humà', 'vestit_de_pèl', 'pèl', 'cabell', 'hair', 'toment', 'cabells', 'pelut', 'hairsbreadth', 'a_pèl', 'pèls', 'hairsamplada', 'enllaços_cabells']
help	ajudar	Match	['servir', 'the_help', 'socorrista', 'va_poder', 'ajuda_humanitària', 'assistència', 'cooperant', 'assistente', 'assistent', 'suport', 'ajudant', 'socors', 'auxili', 'pot', 'ajut', 'ajudar', 'administració', 'dependent', 'assistència_humanitària', 'auxiliar', 'aprofitar', 'assistir', 'ajuda_en_línia', 'ajuda', 'help', 'socórrer']
hurting	perjudicant	Not found	[]
ignorance	ignorància	Match	['incultura', 'ignorància', 'avidya', 'ignorance']
illness	malaltia	Not found	[]
impress	impressionar	Match	['requisició', 'impressionar', 'afectar', 'estampar', 'reclutament_forçós', 'requisa', 'repercutir', 'colles_de_premsa', 'marcar', 'imprimir']
invention	invenció	Match	['concepció', 'innovació_tecnològica', 'innovacions', 'inventors', 'invents', 'innovacio', 'invent', 'inventat', 'innovació', 'invenció', 'inventar']
investigation	investigació	Not found	[]
invisible	invisible	Match	['holy_diver', 'invisibilitat', 'invisible', 'elevate', 'floored', 'taylor_swift', 'sound_of_white_noise', 'dream_evil', 'evilized', 'discret']
job	feina	Match	['problema', 'dificultat', 'llibre_de_job', 'vida_laboral', 'feina', 'control_de_tasques', 'especular', 'tasques_pendents', 'ocupadors', 'deure', 'quefer', 'ocupació', 'emprats', 'empleats', 'lluitador_preliminar', 'negoci', 'faena', 'vacant', 'emprar', 'línia_de_treball', 'treball', 'job', 'tasca', 'mà_dobra_contractada', 'personal']
jungle	jungla	Match	['the_jungle', 'la_jungla', 'selves', 'jungles', 'selva', 'shine_a_little_love', 'hobo_campament', 'oldschool_jungle', 'jungle', 'out_of_the_blue', 'jungla']
kindness	afecte	Incorrect	['bondat', 'cortesia', 'forgivingness', 'clemència', 'gentilesa', 'amabilitat']
king	rei	Match	['riley_b_king', 'billy_jean_king', 'cap_coronat', 'reverend_horton_heat', 'executiu', 'industrial', 'billie_jean_moffitt_king', 'potentat', 'reialesa', 'magnats', 'rex', 'gran_empresari', 'campió_del_món', 'magnat', 'gran_home_de_negocis', 'sobirà', 'billie_jean_king', 'bb_king', 'monarca_masculí', 'campió_mundial', 'george_king', 'martin_luther_king', 'billie_jean_moffit', 'monarquia', 'monarques', 'líder_empresarial', 'b_b_king', 'charles_bird_king', 'kingcom', 'martin_luther_king_jr', 'regnant', 'billie_king_jean', 'monarquies', 'magnat_navilier', 'fusta_baró', 'monàrquics', 'king_ov_hell', 'magnat_dels_negocis', 'king', 'el_líder_empresarial', 'monarquía', 'rei', 'plusmarquista_mundial', 'industrials', 'monàrquic', 'monarca', 'reines', 'billiejean_king']
lady	senyora	Match	['la_verge', 'estil', 'dames', 'títol', 'noble', 'forma_de_direcció', 'dama', 'mare_de_déu_de_lassumpció', 'verge', 'títol_de_respecte', 'lady', 'dónam', 'títols', 'maria', 'senyora', 'maria_de_natzaret', 'santa_maria', 'virginitat_perpètua_de_maria', 'la_verge_maria', 'paresa', 'verge_maria', 'mary', 'aristòcrata', 'la_dama_i_el_rodamón', 'the_lady', 'maria_mare_de_jesús', 'lady_and_the_tramp', 'mare_de_deu']
land	terres	Found close match: ['terreny', 'terra', 'terra_seca']	['país', 'sòl', 'propietari_terratinent', 'organització_territorial_de_mèxic', 'teoria_declarativa_de_la_estadidad', 'estat_del_món', 'entitats_federatives_de_mèxic', 'divisions_administratives_de_mèxic', 'teoria_declarativa_de_la_condició_destat', 'de_terra_ferma', 'estat_dalemanya', 'hisenda', 'estats_dalemanya', 'estat', 'indústria_de_béns_arrels', 'land_alemany', 'finca', 'estats_alemanys', 'propietat_de_la_terra', 'poble', 'portar', 'immoble', 'estats_federats_alemanys', 'edwin_herbert_land', 'bundesland_alemany', 'land', 'federació_mexicana', 'estat_federat_alemany', 'àmbit', 'terra_sòlida', 'dret_immobiliari', 'forma_destat', 'din_land', 'estat_federal_alemany', 'estats', 'estats_mexicans', 'domini', 'estatal', 'res_publica', 'béns_arrels', 'bé_immoble', 'bundesländer', 'estat_mexicà', 'cos_polític', 'nacional', 'agricultura', 'estat_sobirà', 'estats_federals_dalemanya', 'béns_seents', 'nacions', 'sector_immobiliari', 'teoria_declarativa_de_la_de_condició_destat', 'països', 'drets_de_la_terra', 'estat_federal', 'terreny', 'immobiliària', 'bundesland', 'propietat', 'terra', 'societat_política', 'república', 'terra_seca', 'latifundi', 'domini_feudal', 'divisió_política_de_mèxic', 'länder', 'estat_alemany', 'inamovible', 'acres', 'immobles', 'llei_de_terres', 'terra_ferma', 'béns', 'estats_federats_dalemanya', 'estat_propi', 'heretat', 'governamentals', 'territori', 'béns_immobles', 'estat_federat_dalemanya', 'aterrar', 'estat_federat', 'edwin_h_land', 'estats_federals_alemanys', 'teoria_declarativa_de_lestadidad', 'estat_independent', 'nació', 'estats_sobirans', 'teoria_constitutiva_de_la_condició_destat']
laugh	riure	Match	['rialla', 'jocosa', 'jocós', 'sortida', 'riure', 'broma', 'gràcia', 'ocurrència', 'agudesa', 'acudit', 'acudits']
law	lleis	Found close match: ['llei', 'llei_social', 'llei_física']	['m72_law', 'força_de_policia', 'llei', 'llei_natural', 'llei_eclesiàstica', 'legislativa', 'regla', 'estudis_jurídics', 'dret_processal', 'llei_social', 'dret_bizantí', 'drets_naturals', 'protecció_policial', 'policia', 'llei_física', 'ciències_del_dret', 'jurisprudència', 'força_policial', 'policia_armada', 'batalla_legal', 'dret', 'estudiant_de_dret', 'jurídic', 'forces_de_seguretat', 'exercici_de_ladvocacia', 'lleis_físiques', 'dret_adjectiu', 'cànon', 'jusnaturalisme', 'jurídics', 'legal', 'estatut_de_la_llei', 'la_filosofia_del_dret', 'pràctica_de_la_llei', 'pràctica_no_autoritzada_de_la_llei', 'iusnaturalista', 'jurisprudent', 'filosofia_del_dret', 'la_llei_natural', 'lleis_naturals', 'forces_de_lordre_públic', 'advocat_canònic', 'agent_de_policia', 'professor_de_dret', 'agents', 'canònic', 'policials', 'dret_eclesiàstic', 'cos_policial', 'dret_natural', 'llei_de_lesglésia', 'departaments_de_policia', 'forces_de_lordre', 'normativa', 'dret_canònic', 'llei_de_la_naturalesa', 'departament_de_policia', 'codi_de_dret_canònic', 'llei_científica', 'legislació', 'iusnaturalisme', 'earthling', 'forces_policials', 'teoria_legal', 'canonista', 'filòsof_legal', 'serveis_legals', 'agent_de_lautoritat', 'lleis_de_la_física', 'dret_grecoromà']
left	esquerre	Match	['jardí_esquerra', 'sobrer', 'crida_nacional_a_esquerra_republicana_de_catalunya', 'crida_nacional_a_erc', 'mà_esquerra', 'esquerra_republicana_de_catalunya，缩写为erc', 'oposició_desquerra', 'esquerrà', 'crida_nacional', 'erc', 'esquerres', 'crida_nacional_a_esquerra_republicana', 'col·lectivista', 'crida_nacional_a_esquerra', 'esquerra_republicana_de_catalunya__secció_local_dels_hostalets_de_pierola', 'ala_esquerra', 'ultraesquerra', 'esquerra_republicana', 'progresisme', 'esquerra_política', 'venstre', 'desquerres', 'col_·_lectivista', 'política_desquerres', 'restant', 'progressista', 'esquerre', 'esquerranisme', 'esquerra', 'progressisme', 'esquerra_republicana_de_catalunya', 'esquerrans', 'progressiste', 'oposició_d’esquerra', 'er', 'política_desquerra', 'a_lesquerra', 'tendència_esquerrana', 'catalunya_decideix']
level	nivell	Match	['pla', 'apuntar', 'esplanar', 'aplanar', 'terraplenar', 'anivellar', 'pis', 'desarticular', 'nivell_de_bombolla', 'arrasar', 'adema', 'planta_de_numeració', 'nivell', 'superfície_horitzontal', 'grau_evolutiu', 'fase', 'pisos', 'grau_tonal', 'tapar_sots', 'punts_dexperiència', 'nivell_bombolla', 'llis', 'etapa', 'igualar', 'grau', 'nivell_daire', 'experiència', 'punt', 'planta', 'graus_de_lescala', 'nivell_dexperiència', 'level', 'plantes', 'talar', 'levél', 'uniformar', 'allisar', 'grau_de_lescala']
liar	mentider	Match	['so_far_so_good_so_what', 'prevaricador', 'louder_now', 'lira', 'lires', 'chelyslyra', 'liar', 'mentider', 'mentidera', 'republic']
light	llum	Match	['clar', 'metxa', 'team17_software', 'claredat', 'llicenciós', 'desmuntar', 'claror', 'lluminositat', 'radiació_electromagnètica_visible', 'flama', 'lasciu', 'encendres', 'finestra', 'nítid', 'calar', 'posar', 'brillantor', 'luxuriós', 'team_17', 'mistera', 'ona_de_llum', 'finestres', 'enllumenar', 'team17', 'làmpada', 'guspira', 'encendre', 'pàl·lid', 'abrandar', 'encenedors', 'espectre_visual', 'iniciador_pirotècnic', 'finestral', 'llum_visible', 'net', 'llum_interior', 'llibertí', 'brillant', 'luminància', 'encenedor', 'ones_de_llum', 'reflexió_de_la_llum', 'lleuger', 'espurna', 'promiscu', 'festejador', 'nivell_de_brillantor', 'peladits', 'pararse', 'il·luminar', 'llum', 'light', 'light_yagami', 'encimbellarse', 'llum_elèctrica', 'abstemi', 'font_de_llum', 'radiació_visible', 'il·luminació', 'lluminós', 'dins_de_crist']
magic	màgia	Match	['alagaësia', 'magic', 'kiri_te_kanawa', 'il·lusionisme', 'discworld', 'embruixament', 'leandro_marín', 'axel_rudi_pell', 'et_kanawa', 'màgia_descenari', 'make_a_scene', 'artefacte', 'taumatúrgiques', 'octarina', 'la_màgia', 'il•lusionisme', 'pársel', 'il·lusió', 'màgic', 'prestidigitació', 'transfiguració', 'taumaturg', 'màgica', 'mirall_unidireccional', 'driving_rain', 'secret_time', 'illusionisme', 'dame_kiri_te_kanawa', 'oclumancia', 'conjur', 'wonderworking', 'il_·_lusionistes', 'energia_màgica', 'conjurant_truc', 'mirall_de_dues_vies', 'octiron', 'poder_màgic', 'iŀlusionisme', 'planeswalker', 'el_llegat', 'magic_el_encuentro', 'il·lusionador', 'encantament', 'axel_rudi', 'surda', 'truc_de_màgia', 'encanteri', 'genet_de_drac', 'màgiques', 'dónam_kiri_te_kanawa_janette', 'telescopi_magic', 'truc', 'encís', 'taumaturgia', 'magic_la_trobada', 'màgia', 'take_me_home', 'genets_de_drac', 'justin_timberlake', 'dónam_kiri_te_kanawa', 'màgics', 'taumatúrgia', 'magic_the_gathering', 'pluto', 'animago', 'il·lusionista', 'marca_de_les_forces_del_mal']
marriage	matrimoni	Match	['nul·litat', 'nupcials', 'unió', 'nihilidad', 'matrimonis', 'el_casament', 'enllaç', 'cònjugues', 'relacions_matrimonials', 'matrimoni_canònic', 'relació_conjugal', 'matrimoni_catòlic', 'noces', 'boda', 'casament_civil', 'matrimoni', 'esponsal', 'hymeneals', 'connubi', 'nores', 'cerimònia_compromís', 'nuvi', 'núpcies', 'casament', 'nul_·_litat', 'cerimònia_del_casament', 'casarse', 'casori', 'casaments', 'matrimonial', 'parella_casada', 'parells_casats', 'marit_i_dona', 'cerimònia_de_matrimoni']
material	materials	Match	['ontologia_física', 'teles', 'teixit', 'materialisme', 'corpori', 'dades', 'fisicalismo', 'nous_materials', 'roba', 'art_de_teixir', 'drap', 'ceguesa_escaquística', 'matèria', 'coses', 'industrial_tèxtil', 'materialistes', 'tèxtil', 'materialista', 'els_materials_i_les_seves_propietats', 'tela', 'materials', 'tèxtils', 'material_design', 'material', 'fisicalisme', 'substancial']
mathematical	matemàtica	Not found	[]
mechanism	mecanisme	Match	['aparell', 'moviment', 'mecanisme', 'dispositiu', 'maquinària', 'mecanisme_químic', 'màquina', 'equip', 'mecanismes_de_reacció', 'màqeuina', 'màquines', 'mecanisme_de_reacció']
medication	medicació	Match	['droga_medicinal', 'agent_medicinal', 'farmacèutic', 'farmacèutics', 'medicina', 'version_20', 'fàrmac', 'medicaments', 'medicació', 'producte_farmacèutic', 'medecina', 'medicament', 'rescue', 'medicines']
money	diners	Match	['money', 'moneda', 'quartos', 'diner', 'diners', 'monetari']
mountain	muntanya	Match	['bona_suma', 'apilament', 'feix', 'muntanyosa', 'montanyes', 'passel', 'lot', 'apilotament', 'la_muntanya', 'muckle', 'muntanyes', 'nivell_muntanyenc', 'estol', 'muntanya', 'mickle', 'pilot', 'quantitat', 'estiba', 'cúmul', 'montanya', 'munt', 'pila', 'manyoc', 'molt', 'tou', '482', 'sahtu', 'castell', 'mountain', 'gran_quantitat', 'bastant_una_mica']
movement	moviment	Match	['egestió', 'movement', 'moviment_musical', 'campanya', 'moviments_socials', 'trasllat', 'multitud', 'acció_de_grup', 'motilitat', 'legió', 'bosta', 'she_wolf', 'excrement', 'moviment_aparent', 'femtes', 'dejecció', 'coprogènic', 'corrent_artístic', 'anadura', 'moviment_phi', 'mobilitat_cel·lular', 'moviments_intestinals', 'gernació', 'front', 'moviment_artístic', 'corrent', 'femta', 'deposició', 'evacuació_intestinal', 'fenomen_phi', 'motriu', 'fecal', 'munt', 'mòtil', 'locomoció_animal', 'fecals', 'excrements', 'tifa', 'matèria_fecal', 'desplaçament', 'acció_grupal', 'moviment_filosòfic', 'merda', 'moviment_social', 'moviments_artístics', 'the_pillows', 'defecar', 'moviment', 'caca', 'art_moviment', 'exèrcit', 'cagar', 'excrements_daus', 'activitat_locomotora', 'motricitat', 'defecació', 'causa', 'massa', 'locomoció', 'cagant']
movie	pel·lícula	Not found	[]
music	música	Match	['countryrock', 'the_music', 'música_prehistòrica', 'músiques', 'eufonia', 'music', 'música_primitiva', 'música_de_la_prehistòria', 'country_rock', 'música']
nation	nació	Match	['país', 'estats_federats_alemanys', 'estat_mexicà', 'cos_polític', 'divisió_política_de_mèxic', 'länder', 'bundesland_alemany', 'estat_alemany', 'organització_territorial_de_mèxic', 'nacional', 'discworld', 'kendrik_lamar', 'land', 'estat_sobirà', 'estat_federat_alemany', 'federació_mexicana', 'estats_federals_dalemanya', 'teoria_declarativa_de_la_estadidad', 'estat_del_món', 'nacions', 'entitats_federatives_de_mèxic', 'divisions_administratives_de_mèxic', 'teoria_declarativa_de_la_condició_destat', 'estat_dalemanya', 'teoria_declarativa_de_la_de_condició_destat', 'forma_destat', 'països', 'estat_federal', 'estats_dalemanya', 'carry_nation', 'estats_mexicans', 'estat', 'carrie_nation', 'estats', 'estat_federal_alemany', 'estatal', 'land_alemany', 'estats_federats_dalemanya', 'estat_propi', 'dur_a_amelia_nació_moore', 'kendrick_lamar', 'governamentals', 'bundesland', 'res_publica', 'estat_federat_dalemanya', 'nation', 'terra', 'estats_alemanys', 'estat_federat', 'estats_federals_alemanys', 'societat_política', 'nació_estudiant', 'teoria_declarativa_de_lestadidad', 'estat_independent', 'poble', 'nació', 'teoria_constitutiva_de_la_condició_destat', 'estats_sobirans', 'república', 'bundesländer']
news	notícies	Match	['paraula', 'nova', 'notícia', 'informe_notícies', 'actualitat', 'noticiari', 'noves', 'transmissió_de_notícies', 'esdeveniments_actuals', 'noticiabilitat', 'notícies', 'news', 'telenotícies']
noise	soroll	Match	['fons_de_radiació_de_microones', 'so', 'soroll_industrial', 'la_radiació_còsmica_de_fons', 'soroll_electrònic', 'fons_cosmològic', 'ona_sonora', 'elementary_os', 'fons_de_microones_còsmic', 'soroll_ambiental', 'contaminació_acústica', 'radiació_còsmica_de_fons', 'interferència', 'soroll', 'cmb', 'ona_de_so', 'atmosfèrica_estàtica', 'ressonar', 'soroll_aspre', 'impacte_auditiu', 'soroll_de_ràdio', 'noisemusic', 'noise', 'paràsit', 'ona_acústica', 'ones_sonores', 'estàtica', 'radiació_de_fons', 'radiació_de_fons_microones', 'retrunyir', 'atmosfèrics', 'fons_còsmic_de_microones', 'cmbr', 'aleatorietat', 'radiació_de_fons_microones_còsmic', 'haphazardness', 'soroll_aleatori', 'sò', 'la_contaminació_sonora', 'estrèpit', 'estocasticitat', 'dissonància', 'sons', 'soroll_elèctric', 'cbr', 'soroll_del_senyal', 'fressa', 'microones_còsmic_de_radiació_de_fons', 'soroll_de_la_imatge', 'radiació_de_fons_de_microones', 'direccionalitat_del_so', 'baluern']
obligation	obligació	Match	['obligacions', 'bo', 'obligació', 'deures', 'promesa', 'certificat_de_deute', 'instrument_de_deute', 'deure', 'dret_dobligacions', 'responsabilitat']
pain	dolor	Match	['dany', 'tabarra', 'dolor', 'enutjament', 'colpir', 'aflicció', 'sensació_de_dolor', 'fer_mal', 'enuig', 'dolor_al_cul', 'pesar', 'angoixa', 'games_pain', 'nosa', 'pain', 'anguniejar', 'king_of_da_ghetto', 'sensació_dolorosa', 'indolores', 'molèstia', 'mal', 'pena', 'afligir', 'forever', 'destorb', 'dolor_agut']
personality	personalitat	Match	['persona', 'personality', 'personalitat']
philosophy	filosofia	Match	['filosòfica', 'filosòfic', 'filosofia', 'sistema_filosòfic', 'isme', 'escola', 'escola_filosòfica', 'filòsof', 'escola_de_pensament', 'filosofies', 'filosòfiques', 'filosofía', 'filosofar', 'filosofia_aplicada', 'filòsofs', 'filòsofa', 'filosófica', 'doctrina', 'filosofia_occidental', 'filosòfics', 'doctrines', 'doctrinal']
picture	fotograma	Not found	[]
pig	porc	Match	['carn_de_porc', 'engolir', 'porcs_salvatges', 'camp', 'carn_magra', 'devorar', 'parir', 'porcellar', 'porcí', 'sus', 'truges', 'senglar', 'bòfia', 'persona_desaliñada', 'gandul', 'zhu_wuneng', 'endrapar', 'porc_llit', 'fartarse', 'policia', 'poli', 'porc_salvatge', 'pasma', 'scrofa', 'porca', 'suid', 'marrà', 'empassar_se', 'sloven', 'deixat', 'porc_domèstic', 'jònec', 'porco', 'conjoiner', 'porcs', 'brut', 'truja', 'porquet', 'pig', 'garrí', 'bacó', 'porcell', 'porcs_senglars', 'conjoiners', 'tacany', 'porc_senglar', 'marranxó', 'sus_domesticus', 'senglars', 'acaparador', 'verra', 'zhu_bajie', 'rascat', 'sus_scrofa', 'sus_domestica', 'grassonet', 'sus_scrofa_domestica', 'sembrar', 'porc_fer', 'porcina', 'mesurador_dinspecció_de_canonades', 'porc', 'carn_porcina']
plan	planejament	Found close match: ['planejar']	['idear', 'traçat', 'planificació_arquitectònica', 'pla', 'planificar', 'director_del_programa', 'pla_arquitectònic', 'planejar', 'disseny', 'plan', 'armada_de_lexèrcit_popular_dalliberament', 'dissenyar', 'gestió_de_programes', 'plans', 'dibuixos', 'plànol', 'programa']
plant	plantes	Match	['cadena_de_muntatge', 'fàbrica', 'testaferro', 'planta_de_fabricació', 'línia_producció', 'instituir', 'regne_vegetal', 'plantae', 'plantar', 'trigun', 'planta_física', 'línia_de_producció', 'espècies_de_plantes', 'flores', 'clorobionts', 'implantar', 'instaurar', 'factorij', 'planta_de_fabricació_de', 'constituir', 'la_vida_vegetal', 'treballador_de_la_fàbrica', 'molí', 'integrar', 'obres', 'fabricació', 'línies_de_muntatge', 'flora_mediterrània', 'producció_en_sèrie', 'línia_de_muntatge', 'chlorobionta', 'clorobiont', 'planta', 'planta_industrial', 'fabricant', 'fàbriques', 'feitoria', 'plantes', 'plant', 'la_línia_de_producció', 'establir', 'les_plantes', 'vegetal', 'vegetals', 'fundar', 'còmplice', 'flora', 'factoria', 'inculcar', 'viridiplantes', 'producció_en_cadena', 'metafitas', 'producció_en_massa', 'viridiplanta', 'cadena_de_producció', 'viridiplantae', 'nau_industrial']
play	jugar	Match	['dramàtic', 'play', 'posar_en_joc', 'entretenirse', 'lúdics', 'soltesa', 'joc_daposta', 'android_market', 'joc_de_nens', 'aposta', 'conya', 'lúdic', 'deseiximent', 'simular', 'retrocés', 'espectacles_dramàtics', 'jugadors', 'actuar', 'dramatisme', 'tocar', 'obres_teatrals', 'ride', 'maniobra', 'jocs', 'posar', 'google_play_store', 'apostes', 'festa', 'obra_de_teatre', 'representació_teatral', 'el_joc_les_seves_aportacions_pedagògiques', 'esbargirse', 'folgança', 'forma_dramàtica', 'espectacle_dramàtic', 'befa', 'brillantor', 'espectacles_teatrals', 'drama', 'obra', 'interpretar', 'retozar', 'entremaliadura', 'representar', 'obres_dramàtiques', 'curs', 'obres_de_teatre', 'google_play', 'espectacle_escènic', 'peça_dramàtica', 'maneig_de_lespasa', 'espectacle_teatral', 'període_de_joc', 'espectacle_de_teatre', 'plan', 'divertirse', 'jugar', 'jugada', 'joc_dramàtic', 'amplitud', 'executar', 'folga', 'obra_teatral', 'lúdiques', 'repercussió', 'reprodueix', 'obra_dramàtica', 'fer_veure', 'drames', 'dramàtica', 'reflex', 'portarse', 'lúdica', 'broma', 'play_store', 'dramatúrgia', 'portar', 'joc', 'enfrontarse', 'torn', 'jugant_període', 'participar', 'apostar']
pleasure	plaer	Match	['sondre_lerche', 'agradable', 'semisonic', 'delit', 'gust', 'pleasure_p', 'gaudi', 'alegria', 'plaer']
poor	pobre	Match	['pobresa_urbana', 'trist', 'baix', 'desafortunat', 'llastimós', 'miserable', 'taxa_de_pobresa', 'desgraciat', 'dissortat', 'pobresa_relativa', 'infeliç', 'indigents', 'misèria', 'pobresa_voluntària', 'exigu', 'pobres', 'els_pobres', 'insuficient', 'vot_de_pobresa', 'pobresa_global', 'pobresa', 'empobriment', 'baixos_ingressos', 'fretura', 'escàs', 'pobre', 'desventurat']
prison	presó	Match	['política_penitenciària', 'fängelse', 'tom_robinson', 'empresonat', 'centre_penitenciari', 'presó_del_comtat', 'institució_correccional', 'sistema_penitenciari', 'penal', 'garjola', 'empresonar', 'presó', 'presidi', 'calabós', 'mitjana_seguretat', 'diminut', 'presons', 'pokey']
professional	professional	Match	['futbol_professional', 'pèrit', 'atletes_professionals', 'professionalisme', 'esport_professional', 'professional', 'expert', 'mestre', 'crac', 'perit', 'atleta_professional', 'professionals', 'experts', 'mestra', 'persona_professional']
protection	protecció	Match	['protection', 'asil', 'resguard', 'auspicis', 'auspici', 'favor', 'refugi', 'protecció', 'protecció_comercial', 'coberta_de_protecció', 'guàrdia', 'abric', 'seguretat', 'ègida', 'recer']
quality	qualitat	Match	['timbre_musical', 'timbres', 'superior', 'timbre', 'caràcter', 'qualitatiu', 'concepte_de_qualitat', 'to', 'intercanvi', 'qualitat', 'to_de_color', 'sacrifici_de_qualitat', 'característica', 'excel·lent', 'tímbrica', 'calibre', 'embergadura', 'distingit', 'qualitativament', 'selecte', 'quality']
reaction	reacció	Match	['força_de_reacció', 'reacció', 'reaction', 'acció_i_reacció', 'canvi_químic', 'reaccions_químiques', 'reacció_química', 'resposta', 'accióreacció', 'processos_químics', 'mètodes_químics', 'químicament', 'reacció_metallàcid']
read	llegir	Match	['traduir', 'examinar', 'lector', 'enregistrar', 'entendre', 'prendre', 'lectoescriptura_inicial', 'llegit', 'llegirse', 'explorar', 'interpretar', 'aprendre', 'registrar', 'sentir', 'read', 'estudiar', 'marcar', 'llegir', 'lectura', 'declamar']
relationship	relació	Match	['convivència', 'relacions_humanes', 'cognat', 'vincle', 'grup_de_descendència', 'grau_de_parentiu', 'conegut', 'lligam', 'companyia', 'relació_familiar', 'contacte', 'parentiu', 'relació', 'parentesc', 'relació_personal', 'les_relacions_humanes', 'relació_interpersonal', 'relació_a_llarg_termini', 'parentiu_i_la_descendència', 'relacions_interpersonals', 'interpersonal', 'relació_de_llarg_termini', 'coneixença', 'tracte', 'coneguda', 'interacció_humana']
religious	religiosos	Found close match: ['religiosa', 'religiós']	['eclesiàstic', 'espiritual', 'religiós', 'pietós', 'piadós', 'religiosa', 'clergue', 'regular']
residence	residència	Match	['veí', 'habitacle', 'veïna', 'poblador', 'pobladora', 'pis', 'habitant', 'habitatges', 'casa', 'casa_dhabitatge', 'residència', 'mansió', 'allotjament', 'residència_privada', 'habitants', 'llar', 'resident', 'habitatge', 'mansions', 'residencia', 'llatinoamericà', 'estatge', 'casa_pairal', 'lloc', 'domicili', 'vivenda']
road	carretera	Match	['the_road', 'construcció_de_carreteres', 'carretera_joc', 'la_carretera', 'calçades', 'carreteres', 'ruta', 'new', 'camí', 'visitant', 'road', 'carretera', 'partit_fora_de_casa']
sad	avergonyeix	Incorrect	['trista', 'infelicitat', 'ṣād', 'trist', 'tristesa', 'sad', 'sade', 'tsade', 'trastorn_afectiu_estacional', 'צ', 'deplorable', 'consternació', 'ṣade', 'dissort', 'tristor', 'pena', 'ṣāḏē', 'lost_dogs', 'sadhe', 'ﺹ', 'desgràcia']
science	ciència	Match	['coneixement_científic', 'ciència_empírica', 'ciència', 'disciplina_científica', 'ciencia', 'ciències', 'científiques', 'science', 'habilitat', 'ciència_convencional', 'científica']
seafood	marisc	Match	['marisc', 'peix_de_mar', 'mariscs', 'mariscada']
sell	vendre	Match	['comercial', 'comerciar', 'comerciant', 'venda', 'comerciants', 'traficar', 'compra', 'comerç', 'vendre', 'comerç_marítim', 'comercialització', 'vendres', 'trair', 'sell']
sew	brodar	Match	['brodar', 'frunzir', 'stitchery', 'cosit', 'costura', 'cosir', 'confeccionar']
sexy	sexy	Match	['afrodisíac', 'sexy', 'elephunk']
shape	allargada	Incorrect	['formar', 'donar_forma', 'forma_musical', 'primitiva', 'configuració', 'monestrell', 'cos_físic', 'anatomia_humana', 'falsificar', 'primitiu_geomètric', 'constituir', 'forma_geomètrica', 'faccions', 'material_del_cos', 'formarse', 'cuerpo', 'determinar', 'cos', 'carn', 'físic', 'forma_teatral', 'figura', 'supreme_headquarters_allied_powers_europe', 'forma', 'formació_wm', 'regularitzarse', 'pigmentació_de_la_pell', 'bod', 'primitius', 'monastrell', 'forjar', 'mourvèdre', 'garnatxa_tintorera', '433', 'shape', 'comandant_suprem_aliat_a_europa', 'anatomia', 'influenciar', 'cos_humà', 'garnatxa_tintera', 'fisiologia_humana', 'patró', 'comandament_aliat_doperacions', 'estructura', 'soma', 'fisonomia', 'modelar', 'influir', 'quarter_general_suprem_de_les_potències_aliades_a_europa']
ship	–	Incorrect	['embarcació', 'bóta_congrenyada', 'embarcar', 'trametre', 'transportar', 'vaixells', 'navili', 'vaixell', 'expedir', 'nau', 'barca', 'enviar']
show	show	Match	['exhibir', 'mostren', 'assenyalar', 'joc_daposta', 'aposta', 'instituir', 'declarar', 'apuntar', 'xou', 'obsequiar', 'signe', 'jugadors', 'marcar', 'show_luo', 'demostrar', 'jocs', 'indici', 'show', 'retratar', 'guiar', 'implantar', 'apostes', 'instaurar', 'testificar', 'mostra', 'fira_del_comtat', 'anunciar', 'espectacle', 'indicar', 'designar', 'exhibició', 'demostració', 'expressar', 'espectacular', 'enregistrar', 'the_show', 'reflectir', 'manifestar', 'registrar', 'aparença', 'ressaltar', 'provar', 'prestar', 'ensenyar', 'mostrar', 'establir', 'introduir', 'evidenciar', 'revelar', 'joc', 'presentar', 'fires_del_comtat']
sign	signar	Match	['mostra_mèdica', 'assenyalar', 'signe_semiòtic', 'signe_clínic', 'rètol', 'brown_eyed_girls', 'electropositiu', 'signe_matemàtic', 'caràcter', 'signe', 'semiologia', 'anunci', 'escala_de_mulliken', 'signe_zodiacal', 'electronegativitat', 'grafema', 'semiòtic', 'casa', 'planetari_casa', 'ratificar', 'nombre_positiu', 'escala_de_pauling', 'subscriure', 'signe_astrològic', 'signa', 'grafia', 'polaritat', 'preindication', 'indicar', 'casa_planetària', 'semiòtica', 'marca', 'auspicis', 'senyal', 'senyal_clínic', 'senyal_control', 'auguri', 'senyalística', 'signes_clínics', 'electropositivitat', 'grafemes', 'semiòleg', 'signe_del_zodíac', 'signar', 'senyalització_comercial', 'auspici', 'signat', 'signe_lingüístic', 'gest', 'símbol_gràfic', 'no_negatiu', 'senyalització', 'firmar', 'electronegatiu', 'signe_de_zodíac', 'presagi']
silly	divertit	Not found	[]
sin	sin	Match	['sense', 'sin', 'cingalès', 'aeroport_de_singapurchangi', 'funció_si', 'pecar', 'šin', 'si', 'sinhala', 'perversitat', 'pecaminositat', 'regne_de_sine', 'pecadors', 'idioma_singalès', 'nanna', 'xīn', 'singalès', 'shin', 'sinus', 'pecats', 'pecat', 'aeroport_internacional_de_singapurchangi', 'pecador', 'šīn', 'maldat']
skin	pell	Match	['avió_poder', 'day_for_night', 'plugins', 'plaques_de_circuit_imprès', 'skinnable', 'manicomi', 'connector', 'almost_human', 'targeta_de_circuits', 'ray_of_light', 'plugin', 'placa_de_circuit_imprès', 'tegument', 'skin', 'la_pell', 'decorticar', 'targeta_de_circuit_imprès', 'pell', 'primera_temporada_de_supernatural', 'psiquiàtric', 'blender', 'parentiu_aborigen_australià', 'complement', 'circuit_imprès', 'cutani', 'hospital_psiquiàtric', 'pelar', 'odre', 'cutis', 'closca', 'cuir', 'la_pelle', 'pujar', 'pell_de_gallina', 'institució_per_a_malalts_mentals', 'targeta_dexpansió', 'cutània', 'bot', 'circuits_impresos', 'r_kelly', 'pellofa', 'escorçar', 'targeta_de_circuit', 'pela', 'escorxar']
smart	intel·ligent	Match	['smart', 'inteŀligència', 'elegant', 'fer_mal', 'intel_·_ligent', 'espavilat', 'llestesa', 'capacitat_mental', 'fresc', 'impudent', 'intel·ligència', 'picar', 'intelligència', 'impertinent', 'insolent', 'despert', 'intel·ligent', 'coïssor', 'brillant', 'picor', 'intel•ligència', 'intel_·_ligència', 'llest', 'descarat', 'desvetllat', 'pruir', 'intel·lecte', 'viu', 'coure']
smiling	somrient	Match	['somrís', 'somriure', 'somrient']
solution	solució	Match	['solució', 'dissolucio', 'dissolució', 'resultat', 'dissolucions', 'resolució_dequacions', 'dissolució_química', 'solució_química', 'disolució', 'solucions_sobresaturades', 'resposta', 'solucions', 'resolució', 'dissoldre', 'soluts', 'solution', 'resolució_de_problemes']
soul	ànima	Match	['persona', 'música_soul', 'individual', 'ésser_humà', 'psique', 'sobre_lànima', 'ànima', 'individus', 'ànima_immortal', 'de_anima', 'humà', 'mortal', 'individu', 'soul', 'aiúa', 'soul_music', 'ànimes', 'qualcú', 'soulfulness', 'algú']
sound	so	Match	['sonar_lalarma', 'so', 'àudio', 'fonema', 'so_de_la_parla', 'fer_sonar', 'canal', 'telèfon', 'ona_sonora', 'sensació_auditiva', 'sonar', 'bo', 'estret', 'soroll', 'ona_de_so', 'fer_sorolls', 'raonable', 'intel·ligent', 'ona_acústica', 'ones_sonores', 'tecnocumbia', 'raonat', 'sensat', 'sondar', 'semblar', 'encertat', 'els_sons_de_la_parla', 'bé', 'sò', 'fon', 'sa', 'fer_fila', 'sonda', 'estrets', 'sons', 'direccionalitat_del_so']
spoke	parlava	Match	['idioma', 'radis', 'parlava', 'llenguatge_humà', 'radio', 'radi', 'comunicació_oral', 'parla', 'rundle', 'llenguatge_parlat', 'llenguatge', 'llengua', 'llenguatge_oral', 'comunicació_de_veu', 'discurs_de_la_comunicació', 'spoke', 'roda_va_parlar', 'llengua_oral', 'la_comunicació_oral', 'llengua_parlada', 'parlar']
star	estrella	Match	['polígons_estrellats', 'estelle', 'mavin', 'artista_de_cine', 'estrela', 'ilean_almaguer', 'actriu_principal', 'crack', 'celebritat', 'topologia_en_estrella', 'protagonitzar', 'headliner', 'categoria', 'estrella_cinematogràfica', 'estels', 'forma_destrella', 'hotel_de_cinc_estrelles', 'protagonitzada_per', 'as', 'expert', 'actor_principal', 'estrelles_de_cinema', 'estrella_de_cinema', 'destre', 'targz', 'the_star', 'estel', 'repartiment', 'maven', 'wiz', 'asterisc', 'virtuós', 'personalitat_dels_mitjans', 'protagonista', 'geni', 'polígon_estelat', 'polígon_estrella', 'personalitat_de_la_televisió', 'polígon_estrellat', 'estel·lar', 'estrella_de_cine', 'estrella', 'celebritats', 'xiulet', 'star', 'famós', 'lestrella_de_cinema', 'xerox_star', 'the_rise_and_fall_of_ziggy_stardust_and_the_spiders_from_mars', 'persona_famosa', 'superestrella', 'hotshot', 'adepte', 'gràfic_destrella', 'temperatura_de_superfície', 'estrelles', 'topologia_destrella', 'xarxa_en_estrella', 'estel_fix', 'tar']
student	estudiants	Match	['venda_de_llibres', 'llibreries', 'any', 'erudit', 'alumnat', 'educant', 'estudiós', 'bookman', 'estudiant', 'llibreters', 'llibreter', 'alumna', 'estudiants', 'estudianta', 'student', 'alumne', 'persona_erudita', 'botiga_de_llibres', 'alumnes', 'pupil', 'william_sealey_gosset', 'christ_church_college', 'llibreria', 'william_sealy_gosset']
stupid	estúpid	Match	['pillock', 'estupidesa', 'ase', 'curt', 'ximple', 'inintel·ligència', 'ravensymone', 'bèstia', 'toix', 'pallús', 'babau', 'estúpid', 'pudden_de_cap', 'estabornit', 'lent', 'gamarús', 'pobre_peix', 'aturat', 'majareta', 'idiota', 'inintel·ligent', 'imbècil', 'idiòcia', 'obtús', 'cretí']
successful	èxit	Not found	[]
sugar	sucre	Match	['sucres', 'cloïsses', 'sugar', 'glícid', 'quartos', 'glassheart', 'simoleons', 'peles', 'sucre_refinat', 'moolah', 'nivells_sucre', 'endolcir', 'sacàrids', 'gelt', 'sucres_en_el_vi', 'batman_forever', 'lucre', 'ensucrar', 'cuques', 'pistrincs', 'hidrat_de_carboni', 'hidrats_de_carboni', 'shekels', 'terròs_de_sucre', 'pasta', 'sacarosa', 'glúcids', 'carbohidrat', 'sucre_en_el_vi', 'sucre', 'carbohidrats', 'sucre_blanc', 'vil_metall', 'comerç_de_sucre', 'diners', 'glúcid', 'calés', 'sacàrid', 'kale', 'ensucrat']
suspect	sospitat	Found close match: ['sospita', 'sospitar', 'la_sospita']	['estrany', 'acusats', 'recelar', 'autor', 'dubtós', 'desconfiar', 'intuir', 'sospitós', 'sospitar', 'robert_crais', 'acusat', 'afigurarse', 'demandat', 'suspició', 'sospitosos', 'sospita', 'rar', 'desconfiança', 'recel', 'la_sospita', 'malfiarse', 'il_sospetto', 'acusada']
table	taula	Match	['quadre', 'taula_indexada', 'altiplà', 'matriu_tabular', 'iframe', 'endarrerir', 'lut_(look_up_table)', 'taula_de_consulta', 'cuina', 'caixa_de_ressonància', 'taula', 'ajornar', 'tabular', 'relació', 'lookup_table', 'placa_de_so', 'muntanya_tabular', 'demorar', 'tapa_harmònica', 'soundboard', 'posposar', 'mesa', 'element_html', 'recerca', 'altiplans', 'taula_harmònica', 'lut', 'taula_de_base_dades', 'caixa', 'cerca']
taste	gust	Match	['degustar', 'gust_artístic', 'predilecció', 'gust_estètic', 'insípid', 'tast', 'sentit_del_gust', 'tastar', 'gustation', 'gust_sensació', 'bon_gust', 'sabors_naturals', 'potenciador_del_sabor', 'gustar', 'gust', 'tast_a_cegues', 'saboritzants_artificials', 'gustació', 'taste', 'preferències', 'assaborir', 'el_gust', 'apreciació', 'percepció_gustativa', 'gustos_bàsics', 'percepció_del_gust', 'provar', 'mal_gust', 'sabor_bàsic', 'inclinació', 'nowhere', 'discerniment', 'preferència', 'gustatiu', 'sabor', 'sensació_gustativa', 'tast_de_vins', 'degustació', 'modalitat_gustativa']
team	equip	Match	['grup_de_música', 'banda_pop', 'esport_dequip', 'bandes_de_rock', 'grup', 'bandes_de_música', 'formar_un_equip', 'equip', 'esports_dequip', 'associarse', 'equip_multidisciplinar', 'banda_musical', 'team', 'el_grup_de_rock', 'conjunt_instrumental', 'equip_desport', 'grup_musical', 'banda_de_rock', 'artista_en_solitari', 'la_banda_de_rock', 'conjunt_musical', 'grup_de_rock', 'banda_de_música', 'equip_multidisciplinari', 'projecte_en_solitari']
texture	textura	Match	['macrotextura', 'mapa_de_textura', 'textura', 'textures_musicals', 'textura_cristal·logràfica', 'textures', 'textura_de_la_pintura', 'textura_musical', 'sensació_a_la_boca']
time	temps	Match	['ordres_de_magnitud', 'pena_de_presó', 'in_my_own_words', 'mountain_khakis_epno', 'mètrica_musical', 'bulb', 'titan_mare_explorer', 'time_magazine', 'scatmans_world', 'quarta_dimensió', 'hora', 'senyal_de_rellotge', 'polímetre', 'cronologia_del_big_bang', 'rellotge_de_temps', 'seqüència_desdeveniments', 'moment', 'compassos', 'ocasió', 'signatura_de_compàs', 'temps_verbal', 'y_not', 'punt_en_el_temps', 'temporalitzar', 'temps_t', 'rellotge_del_sistema', 'xkcd_1190', 'rellotge', 'calcular_el_temps', 'timeh', 'anastacia', 'temps', 'hypnotica', 'temps_simple', 'duple', 'smartstop', 'tens', 'unitats_de_temps', 'compàs', 'cronometrar', 'pacific_ocean_blue', 'temps_gramatical', '44', '24_vegada', 'temps_de_vals', 'vegada', 'cable_disparador', 'temps_cosmològic', 'regular', 'pena', '68_vegada', 'temps_compost', 'cop', 'compàs_musical', 'time', 'smartstopmountain_khakis', 'època', '128', 'mountain_khakisjittery_joes', 'mètrica', 'unitat_de_temps', 'interval_de_temps', 'revista_time', 'cicles_de_rellotge', 'univers_primerenc', 'mountain_khakis', 'cicle_de_rellotge', 'condemna', 'pare_temps']
tool	eina	Match	['estris', 'carall', 'utillatge', 'ferramenta', 'medis_de_vida', 'eines_de_programari', 'eina_desenvolupament', 'titola', 'eina_programari', 'tool', 'polla', 'instrument', 'medi_de_vida', 'eina_de_desenvolupament', 'eina_de_desenvolupament_programari', 'estris_de_treball', 'estri_de_treball', 'eines_de_desenvolupament_programari', 'utensili', 'eines', 'pixa', 'estri', 'nolex', 'eina_de_programació', 'eina']
toy	joguines	Match	['joguina', 'joguina_del_gos', 'toy', 'gos_de_joguina', 'jugueta', 'chatoyancy', 'gos_de_companyia', 'jugar', 'miniatura', 'línia_de_joguines', 'yello', 'joguines', 'joguina_de_platja', 'chatoyant', 'joguet', 'joguines_sexuals']
tree	arbre	Match	['teorema_de_kruskal_arbre', 'bosc', 'tree', 'arbre', 'charlotte_brontë', 'subarbre', 'arbres_joves', 'node_arrel', 'arbres', 'node_pare', 'diagrama_darbre', 'arbreda', 'estructura_dades_darbre', 'charlotte_brönte', 'node_intern', 'fusta', 'diagrama_arbori', 'arboris', 'node_interior', 'arbre_sagrat', 'sir_herbert_beerbohm_tree', 'node_fulla', 'herbert_beerbohm_tree', 'charlotte_bronte']
trial	judici	Match	['dificultat', 'número', '3r', 'experiment', 'cas_civil', 'procés_judicial', 'litigi', 'iii', 'cas_criminal', 'paucal', 'provatura', 'experiment_aleatori', 'juí', 'experimentació', 'tercet', 'demanda_civil', 'judici', 'tercers', 'terceras', 'disputa_legal', 'assaig', 'morfema_de_nombre', 'nombre', '3', 'causalitat', 'trio', 'procés', 'plet', 'nombre_gramatical', 'trineu_a_lhivern', 'troica', 'causes', 'judici_executiu', 'terzetto', 'nombre_tres', 'tribulació', 'experiments_i_esdeveniments_aleatoris', 'sistema_causa', 'prova_de_funcionament', 'prova', 'prèvies_al_judici', 'espai_mostral', 'verificació', 'tres', 'demanda', 'trial', 'test', 'tercer', 'ternion', 'ternari', 'singular', 'trey', 'cas', 'causal', 'deucees', 'litigants', 'cas_legal', 'maldecap', 'nombre_de_contracte', 'tribunal_civil', 'terceres', 'examen', 'causa', 'demandar', 'fenomen_aleatori']
tried	intentar	Not found	[]
typical	típic	Match	['típic', 'típica', 'distintiu']
unaware	assabentant	Not found	[]
usable	utilitzable	Not found	[]
useless	innecessària	Incorrect	['va', 'inepte', 'incapaç', 'ineficaç', 'useless', 'inútil']
vacation	vacances	Match	['estiuejar', 'fer_vacances', 'vacation', 'vacances']
war	guerra	Match	['conflicte_militar', 'the_war', 'victòries_per_sobre_del_reemplaçament', 'ares', 'guerra', 'bel·licisme', 'línies_de_bizkaibus', 'idioma_waraywaray', 'krigen', 'guerres', 'conflicte_bèl·lic', 'conflictes_armats', 'guerrejar', 'conflicte_armat', 'war', 'waraywaray', 'all_or_nothing', 'estat_de_guerra', 'a_war', 'samarà']
wash	rentar	Not found	[]
weak	feble	Match	['the_sea', 'imperfecte', 'astènia', 'frágil', 'decrèpit', 'fal·lible', 'malaltís', 'debilitat', 'feble', 'aigualit', 'dèbil', 'debilitat_muscular', 'aquós']
wear	vestir	Match	['dur', 'trabujada', 'desgast', 'descompondre', 'usable', 'perdurar', 'posarse', 'roba', 'peces_de_vestir', 'abatre', 'trasluar', 'rompres', 'habiliment', 'cansarse', 'trencarse', 'vestit', 'peça_de_vestir', 'fatigarse', 'fracturarse', 'indumentària', 'persistir', 'cansar', 'resistència_al_desgast', 'roba_de_dona', 'desgastarse', 'vestimenta', 'ús', 'vestir', 'fatigar', 'desgastar', 'portar', 'vestirse', 'wear']
weather	meteorològiques	Found close match: ['condicions_metereològiques', 'temps_meteorològic']	['perdurar', 'temps_pronòstic', 'temps_meteorològic', 'temps', 'estat_del_temps', 'pronòstic_del_temps', 'desafiar', 'condicions_climàtiques', 'weather', 'persistir', 'pronòstic', 'temps_espacial', 'condició_atmosfèrica', 'capejar', 'el_temps', 'afrontar', 'condicions_metereològiques', 'temps_atmosfèric']
willingly	voluntàriament	Not found	[]
word	paraula	Match	['fills', 'redactar', 'escriptures_cristianes', 'biblia', 'noves', 'mot_de_pas', 'textos_religiosos', 'discussió', 'bon_llibre', 'password', 'bíbliques', 'microsoft_word', 'llibre_sagrat', 'debat', 'logos', 'ordre', 'escriptura_sagrada', 'escriptures', 'escriptures_religioses', 'bíblies', 'formular', 'word', 'mot', 'fill', 'la_bíblia', 'escriptura', 'sant_i_senya', 'bíblica', 'llibres_sagrats', 'paraula', 'notícia', 'sagrada_escriptura', 'clau_daccés', 'paraula_dhonor', 'texts_religiosos', 'bíblics', 'vocable', 'consigna', 'filla', 'notícies', 'text_sagrat', 'textos_sagrats', 'contrasenya', 'compromís', 'nova', 'formació_de_paraules', 'texts_sagrats', 'text_religiós', 'santa_bíblia', 'contrasenyes', 'bíblia_cristiana', 'lógos', 'paraula_de_dades', 'mida_de_la_paraula', 'sagrades_escriptures', 'bíblia', 'bíblic', 'word_records', 'paraules']
