ability	kemampuan	Match	['kemampuan', 'daya_upaya', 'kesanggupan', 'kemahiran', 'kuasa', 'kapabilitas', 'kecakapan', 'kapasitas', 'bakat', 'kebolehan', 'pembawaan']
accomplished	handal	Incorrect	['siap', 'dicapai', 'tercapai']
angry	marah	Match	['geram', 'angriness', 'kay_starr', 'kegusaran', 'mengganas', 'mengkal', 'amarah', 'press_to_play', 'meradang', 'marah', 'gusar', 'menggila', 'mad_season', 'kemarahan', 'murka', 'rengus', 'radang', 'gemas', 'memberongsang', 'kehangusan_hati', 'kemurkaan', 'berang', 'angry']
apartment	apartemen	Match	['kompleks_apartemen', 'apartemen_taman', 'flat', 'bangunan_apartemen', 'apartemen', 'apartment', 'blok_rumah', 'rumah_pangsa', 'apartement', 'blok_flat']
applause	pujian	Found close match: ['tepukan']	['tepuk_tangan', 'applause', 'tepukan', 'bertepuk_tangan', 'bertepuk', 'handclaps', 'tangan_bertepuk_tangan']
argument	argumen	Match	['pembantahan', 'kontroversial', 'debating', 'diskusi', 'masyarakat_berdebat', 'disceptation', 'sastra_argumen', 'membahas', 'perbantahan', 'perdebatan', 'debat_politik', 'debat', 'pertengkaran', 'argumentasi', 'cara', 'garis_penalaran', 'argumen_logis', 'pidato_dan_debat', 'tim_debat', 'hujah', 'tengkarah', 'argumen_miring', 'argumen_musik', 'kontroversi', 'pertikaian', 'mendiskusikan', 'argumen_verba', 'berdebat', 'perbahasan', 'perbalahan', 'teori_argumentasi', 'argumen', 'parameter', 'pernyataan', 'alasan']
art	seni	Match	['bakat', 'grafis', 'artistik', 'kesenian', 'ekspresi_artistik', 'art', 'cara', 'gaya_beauxarts', 'grafika', 'artikula', 'nontextual_materi', 'fineart', 'beaux_arts', 'makalah', 'seni_murni', 'artikel', 'kecakapan', 'seni_penciptaan', 'agoutirelated_peptide', 'grafik', 'baik_seni', 'kart', 'karya_seni', 'seni', 'desain_seni', 'seni_rupa', 'arab_radio__television', 'kata_sandang', 'keindahan', 'dni', 'beaux_arts_arsitektur', 'beauxarts_arsitektur', 'artistik_produksi']
attitude	sikap	Match	['keadaan', 'kenakalan', 'gerak_langkah', 'perilaku_sosial', 'lagak', 'attitude', 'perlakuan', 'malpresentation', 'akhlak', 'posisi', 'perilaku', 'arah', 'sikap', 'disposisi', 'perangai', 'orientasi', 'adab', 'pekerti', 'laku', 'perawakan', 'haluan', 'cenderung', 'sikapnya', 'sikap_mental', 'ragam', 'reload', 'postur', 'tingkah_laku', 'kedudukan', 'kegemaran', 'sudut_euler', 'kelakuan', 'tindak_tanduk', 'kecenderungan', 'inklanasi', 'tindakan', 'gaya', 'respons_tindakan_terhadap_dorongan', 'pendirian', 'go0007610', 'kecondongan', 'merajalela', 'orientasi_spasial', 'keberpihakan']
bag	bungkusan	Found close match: ['bungkus']	['kopor', 'kambing', 'timpamenimpa', 'pangkalan', 'menggeledah', 'bag', 'multiset', 'puting_susu', 'buntil', 'tas', 'mendapat', 'mengantongi', 'kantong', 'kantung', 'menyembul', 'longgar', 'tas_kertas', 'dompet', 'tas_tangan', 'koper', 'dasar', 'menangkap', 'ambing', 'membunuh', 'menggelapkan', 'landasan', 'multisets', 'menonjol', 'tas_belanja_plastik', 'memperoleh', 'bungkus', 'secangkir_teh', 'membengkak', 'paper_bag', 'karung', 'menengil', 'mengambil', 'tua_tas', 'pangkal', 'hobi', 'kantong_kertas', 'tas_carrier', 'mencuri', 'mencolong', 'tas_kecil', 'kantong_penuh', 'sumpit', 'tersembul', 'kampit', 'menjerat', 'tas_plastik', 'menyambar', 'alas', 'kantong_plastik', 'perempuan', 'rpub', 'menggeleber', 'saku', 'asas', 'tas_perjalanan']
ball	ball	Match	['biji_salak', 'mengepal', 'mata_peluru', 'menggumpal', 'peluru', 'bola_tenis', 'sekepal', 'mengumpar', 'bullet', 'sepak_bola', 'tarian', 'buah_pelir', 'ballock', 'gumpal', 'peler', 'bola', 'biji_peler', 'sejarah_bola_sepak_bola', 'bulat', 'pelor', 'majlis', 'testis', 'testikel', 'omong_kosong', 'lucille_d√©sir√©e_ball', 'teste', 'buah_zakar', 'hemispherical', 'pemogokan_zona', 'lucille_desiree_ball', 'musket_bola', 'gonad', 'bergumpal', 'anak_peluru', 'membulatkan', 'siput', 'ball', 'bundar', 'bola_senapan', 'membulat', 'pesta_dansa', 'lucille_ball', 'proyektil_peluru', 'terpedo', 'bola_tertutup', '2bola', 'bola_terbuka', 'john_ball', 'mengepalkan']
bar	bar	Match	['menahan', 'rumah_publik', 'patronimik', 'menghalang', 'bilah', 'melintangi', 'memecal', 'memalang', 'kisikisi', 'grub_pub', 'hantaran', 'mencegah', 'merintangi', 'makanan_pub_inggris', 'mbar', 'negara_penginapan', 'jalur', 'kawanan', 'hukum_masyarakat', 'mengeluarkan', 'menghambat', 'tercampak', 'tersekat', 'bar_correze', 'buku', 'keran_bir', 'ginmill', 'membantut', 'menghalanghalangi', 'membuntukan', 'patronym', 'menghalangi', 'melarang', 'bar_corr√®ze', 'makanan_pub', 'menghindari', 'bar', 'warung', 'reseptor_beta2_adrenergik', 'browning_senapan_otomatis', 'kedai_bir', 'mendinding', 'mengadang', 'ukuran', 'beting', 'terhalang', 'menggencat', 'batang_kayu', 'gosong_sungai', 'merebat', 'meredam', 'advocatus', 'profesi_hukum', 'melepaskan', 'kiper_sedan', 'taphouse', 'menyendat', 'kbar', 'nama_yg_sama_dgn_nama_ayah', 'halau', 'mengempang', 'taproom', 'ketul', 'gosong_pasir', 'menyingkir', 'kedai', 'gosong', 'menghalau', 'pengacara', 'birama', 'jerjak', 'hukum_profesi', 'berjalur', 'memegat', 'bar_montenegro', 'foobar', 'menyekat', 'zjqh', 'gundukan_pasir', 'mogok', 'membendung', 'hostelry', 'pub', 'singkir', 'menyumbat', 'milibar', 'public_house', 'patronymics', 'jeruji', 'pencegahan', 'palang', 'pantai_penghalang', 'halangan', 'mengasingkan', 'mengusir', 'tanda_pub', 'berjejaljejal', 'berjejal', 'mengucilkan', 'meninggalkan', 'bank_pasir', 'jeriji', 'menyingkirkan', 'melalau', 'memandekkan', 'beta2_reseptor', 'berasak', 'beta2_adrenergik_reseptor', 'memalangi', 'patrynomic', 'terintang', 'menjegal', 'reseptor_x_farnesoid', 'barroom', 'patronymic', 'merintang', 'kue', 'batang', 'membuang', 'foo', 'pengukur']
bear	beruang	Match	['mewujudkan', 'menahan', 'webelos', 'membulang', 'membawa', 'menghasilkan', 'babaran', 'melambuk', 'mike_brown', 'mengandaikan', 'mengizinkan', 'menggantikan', 'menaruh', 'menggemakgemak', 'berdiri', 'tupolev_tu95', 'mengalami', 'merenung', 'mengawai', 'betah', 'menerima', 'mengandungi', 'terima', 'mengadakan', 'berakhir', 'mengarik', 'makan', 'bear', 'menopang', 'ada', 'berulah', 'membutuhkan', 'ursidae', 'tampung', 'muat', 'masyarakat_beruang', 'mempertenggangkan', 'tanggung', 'membuahkan', 'mengumpamakan', 'hamil', 'bertingkah', 'menanggung', 'memiliki', 'menjerojol', 'memberi', 'mengenakan', 'menunggu', 'mendeportasikan', 'bersabar', 'mengusung', 'menyingkir', 'memasukkan', 'mencocol', 'mengedrop', 'melunasi', 'sampai', 'menanggungkan', 'layak', 'ursine', 'menggendong', 'memegang', 'menyangga', 'beruang', 'menderita', 'mempunyai', 'mengandung', 'tahan', 'menonjol', 'menempuh', 'memuat', 'memakaikan', 'membayar', 'menyimpan', 'mengambil', 'mencaplok', 'mengalah', 'memakai', 'membenarkan', 'mengisi', 'berisi', 'mendeportasi', 'membersit', 'mencengkeram', 'menampung', 'bersangka', 'menyandang', 'beranak', 'mendukung', 'mengangkat', 'menjalani', 'menyokong', 'membiarkan', 'melahirkan', 'mengasakan', 'memimpin', 'takluk', 'wajar', 'pikul', 'menjorok', 'melunaskan', 'memperoleh', 'bermuatan', 'menjinjing', 'meluwengkan', 'membebaskan', 'mengira', 'bunting', 'menjaga_hati', 'menakung', 'mengangkut', 'berperangai', 'membetahkan', 'pemegang', 'memikul', 'menyembat', 'berhenti', 'menyambut', 'terjerojol']
beat	mengalahkan	Match	['degap', 'menyesah', 'menggelek', 'menghancurleburkan', 'irama', 'merangket', 'menyakal', 'membawa', 'menggeligis', 'menguasai', 'gentar', 'memupuh', 'ronda', 'menghancurluluhkan', 'melindas', 'menaklukkan', 'mendenyut', 'kalahkan', 'menyebat', 'nada', 'memukul', 'frekuensi_beat', 'bingung', 'denyut', 'melekap', 'siteswap', 'menghajar', 'menguras', 'mengherankan', 'mencemuk', 'menokok', 'menumpaskan', 'mengelirukan', 'mengepakngepakkan', 'mengilas', 'menipu', 'raun', 'musik_irama', 'bergembutgembut', 'meteran_kuantitatif', 'mendahului', 'beat', 'melemahkan', 'mengatasi', 'mengentakentak', 'metrum', 'labrakan', 'melabrak', 'menghantam', 'berdebar', 'kunjungan', 'beroleh', 'membantai', 'mengirapkan', 'menempel', 'menggebrak', 'mencengangkan', 'berkibarkibar', 'meter', 'menakol', 'mengalahkan', 'ritme', 'meletihkan', 'memintasi', 'kebingungan', 'pukulan', 'memegas', 'membius', 'tempo', 'mengibasngibaskan', 'ayat_kuantitatif', 'pukul', 'denyutan', 'mengantongi', 'menempa', 'unit_berirama', 'keletihan', 'berdebardebar', 'menggugupkan', 'mengentakentakkan', 'berpegang', 'menggilas', 'mengibarngibarkan', 'bergetar', 'membajau', 'mengambil', 'menggecek', 'paluan', 'membelasah', 'mencantumkan', 'debaran', 'menggenjot', 'berdetik', 'menakjubkan', 'menindas', 'detik', 'rentak', 'membanat', 'menggagalkan', 'mendapati', 'endut', 'mengganyang', 'denyut_jantung', 'beatnik', 'berdenyut', 'mengagumkan', 'mendapat', 'meter_puitis', 'membalun', 'terpegun', 'menjelunut', 'letih_lesu', 'merapun', 'memusingkan', 'berdengap', 'berirama', 'berkibaran', 'memermak', 'lawatan', 'pinga', 'memperoleh', 'degup', 'menabuh', 'melibas', 'offbeat', 'detak_jantung', 'hippi', 'mengakali', 'memenangi', 'menggempur', 'mendebik', 'memenatkan', 'mengaduk', 'mengelukan', 'membingungkan', 'mendapatkan', 'melanda', 'menewaskan', 'kawalan', 'pengukur']
bed	terbaring	Incorrect	['petala', 'main', 'tempat_tidur', 'tempat_tidur_sungai', 'tahu', 'katil', 'bercinta', 'sungai_tidur', 'bed', 'menidurkan', 'gangguan_pesta_makan', 'kebun', 'ngewe', 'mengamput', 'kbed', 'dasar', 'tidur', 'meniduri', 'streambed', 'lapisan', 'kenal', 'mengentot', 'mengenali', 'endapan', 'memensiunkan', 'mengundurkan', 'ranjang', 'bidang_perlapisan', 'bersetubuh', 'menyetubuhi', 'entot', 'mengetahui', 'lipit', 'memasang', 'alas', 'batas', 'ngentot', 'lapislapisan', 'jahitan', 'mengancuk', 'üõè']
beer	bir	Match	['ale', 'bir', 'beer', 'industri_pembuatan_bir', 'bir_putih']
big	big	Match	['kuat', 'murah', 'terbesar', 'keseimbangan', 'baik_hati', 'banyak', 'gede', 'gedang', 'longgar', 'kering', 'luas', 'dermawan', 'gadang', 'bjarke_ingels_group', 'bidang', 'besar', 'stypsis', 'buah', 'matang', 'pemurah', 'terkemuka', 'pabi', 'minerality', 'tubuh', 'terkenal', 'big', 'dewasa', 'mulia', 'ramai', 'norm_nixon', 'utama']
bird	burung	Match	['tahun_ayam', 'bertengger', 'buah_hati', 'mikuni_shimokawa', 'bulu_tangkis', 'burung_parker', 'yardbird_parker', '9_que_shimokawa_mikuni_self_cover_album', 'aves', 'paksi', 'ejekan', 'avafauna', 'bronx_bersorak', 'memperolokkan', 'jari', 'charlie_parker', 'unggas', 'avifauna', 'bird_parker', 'bird', 'wanita', 'ayam', 'parker', 'dara', 'kok', 'bayi', 'charles_christopher_parker', 'razzing', 'desis', 'burung', 'perempuan', 'shuttlecock', 'gadis', 'sayang', 'dame', 'mentertawakan']
blood	darah	Match	['darah', 'anggur_bordeaux', 'bordeaux_anggur', 'blood', 'hematologi', 'wilayah_anggur_bordeaux', 'darah_baris', 'rakehell', 'bordeaux', 'pewarisan', 'warisan_biologis', 'si_cabul', 'vs', 'hereditas', 'warisan_genetik', 'aliran_darah', 'persistence_of_time', 'darah_sebagai_makanan', 'keturunan', 'collective_soul', 'mendarahi', 'the_black_parade', 'darah_manusia', 'perancis', 'hidung_belang', 'temperamental', 'darah_beroksigen', 'asal', 'getting_away_with_murder']
body	tubuhnya	Found close match: ['tubuh', 'tubuh_halus']	['struktur_organik', 'poin', 'ketegasan', 'mewujudkan', 'transistor_efek‚Äìmedan', 'torso', 'coachbuilder', 'titik', 'keseimbangan', 'coachwork', 'leotard', 'bagasi', 'tubuh_halus', 'berita_cerita', 'markah', 'ukuran_titik', 'transistor_efek_medan', 'kelompok', 'objek_fisik', 'polytopes', 'kering', 'artikel_surat_kabar', 'catsuit', 'objek', 'isi', 'receiver', 'efek_medan_transistor', 'buh', 'stypsis', 'buah', 'keteguhan', 'bodi', 'struktur_fisik', 'raga', 'transistor_efekmedan', 'artikel_koran', 'bangkai', 'fet', 'kunarpa', 'body_suit', 'jenazah', 'artikel_jurnal', 'berita', 'gerbang', 'badan_fisik', 'mati_tubuh', 'artikel', 'menggambarkan', 'soundbox', 'kekentalan', 'kumpulan', 'pintu', 'kadaver', 'kepadatan', 'minerality', 'jasad', 'artikel_majalah', 'jasmani', 'triko', 'struktur', 'batang_tubuh', 'tubuh', 'mayat', 'body', 'tubuh_fisik', 'penerima', 'ukuran_titik_kecil', 'teairra_mar√≠', 'bodysuit', 'artikel_berita', 'eubstance', 'karoseri', 'kor', 'polytope', 'badan', 'cat_suit', 'unitard']
brain	otak	Match	['pemahaman', 'kemampuan_belajar', 'banks', 'pengertian', 'genius', 'otak_mamalia', 'budhi', 'mentalitas', 'pikiran_manusia', 'kebijakan', 'budiman', 'dalang', 'brain', 'kepala', 'pikiran', 'bryan_mantia', 'intelek', 'jiwa', 'penalaran', 'perancang', 'otak', 'mental', 'fungsi_otak', 'boedi', 'batin', 'keterampilan', 'jiwa_kapasitas', 'konten_mental', 'budi', 'kecerdasan', 'kecerdikan', 'kepintaran', 'kepalanya', '(c)brain', 'sebab', 'nalar', 'akal', 'pemikiran', 'jenius', 'nous', 'alasan']
broken	rusak	Match	['ms_kelly', 'hancur_luluh', '12_stones', 'patah', 'salah', 'delta_machine', 'broken', 'lekaklekuk', 'hancur_lebur', 'tertahantahan', 'kopak', 'remuk', 'plastic_beach', 'begin', 'terputusputus', 'berceranggah', 'hancur', 'susah_hati', 'pecah', 'rendah', 'pukah', 'the_best_of_bruce_dickinson', 'mengelirukan', 'winterhearts_guild', 'ripuk', 'silap', 'echo', 'rusak']
building	bangunan	Match	['situs_konstruksi', 'proyek_konstruksi', 'bangunan_publik', 'industri_konstruksi', 'bangunan_tits', 'membangun', 'perumahan', 'lokasi_konstruksi', 'membina', 'konstruksi', 'bangunan', 'pembangunan', 'gedung', 'pembinaan', 'industri_bangunan', 'konstruksi_bangunan', 'building', 'tits_bangunan']
burn	membakar	Match	['kebakaran', 'menusuk_hati', 'fc_dallas', 'bernyala', 'menyengat', 'api', 'meritul', 'menggunakan', 'aliran_air', 'pembakaran', 'kesakitan', 'aliran_intermiten', 'memperhentikan', 'tingkat_kedua_membakar', 'luka_bakar_tingkat_ketiga', 'memedihkan', 'memarak', 'burn', 'luka_bakar_derajat_kedua', 'anak_air', 'tan', 'anak_sungai', 'luka_bakar', 'derajat_ketiga_terbakar', 'fire', 'terbakar', 'menggigit', 'melecur', 'menerangi', 'melepuh', 'nyala', 'menyala', 'memberhentikan', 'menyalakan', 'membakar', 'membakar_mark', 'bakar', 'meruapruap', 'hamilton', 'menghanguskan', 'menyadau', 'menokak', 'sungai', 'luka_bakar_tingkat_tiga', 'lecur', 'ruisseau', 'jemur', 'membasmi', 'mengonslah', 'gigit', 'membara', 'memijar', 'bercahaya', 'berapiapi', 'eritema_solare', 'warna_coklat_karena_berjemur', 'sengat']
business	bisnis	Match	['perusahaan_komersial', 'kesibukan', 'dagang', 'nasabah', 'perjanjian', 'penjual', 'bisnis_memacu', 'jawatan', 'bisnis_dan_industri', 'langganan', 'kegiatan', 'korporat', 'rute_bisnis', 'perusahaan', 'transaksi', 'ilmu_bisnis', 'bidang', 'bidang_pekerjaan', 'business', 'untuk_keuntungan', 'firma', 'badan_usaha', 'pelanggan', 'perniagaan', 'syarikat', 'bisnis_perusahaan', 'byplay', 'kontraktor_independen', 'bisnis', 'bisnis_komersial', 'operasi', 'perusahaan_bisnis', 'minat', 'kerja', 'anjuran', 'sektor_bisnis', 'hukum_perusahaan', 'bisnis_keprihatinan', 'pekerjaan', 'tahap_bisnis', 'tajaan', 'sistem_bisnis', 'urusan', 'perdagangan', 'organisasi_bisnis', 'tugas', 'kekosongan', 'klien', 'nirlaba']
camera	kamera	Match	['kamera_televisi', 'kamera_tv', 'the_back_room', 'gerakgambar_kamera', 'kamera', 'committee_for_accuracy_in_middle_east_reporting_in_america', 'alat_potret', 'fotografi_kamera', 'tv_kamera', 'kamera_film', 'komite_akurasi_laporan_timur_tengah_di_amerika', 'kamera_video_profesional', 'cinecamera', 'camera']
carefully	teliti	Not found	[]
challenge	penantang	Found close match: ['menantang', 'menentang', 'tantang']	['tantanganrespon_otentikasi', 'cekcok', 'mempercekcokkan', 'bercaran', 'menantang', 'berbentrok', 'menyangkal', 'cabar', 'tantangan', 'menyanggah', 'tantang', 'menentang', 'berbentrokan', 'bantahan', 'challenge', 'bercekcok', 'tantanganrespon', 'membantah']
charity	amal	Match	['caritas', 'publik_amal', 'derma', 'amal', 'amal_publik', 'kasih', 'polemonium_vanbruntiae', 'persaudaraan_cinta', 'polemonium_caeruleum', 'kasih_sayang', 'polymonium_caeruleum_vanbruntiae', 'organisasi_amal', 'amal_terdaftar', 'kebajikan', 'khairat', 'charity', 'sedekah', 'bersedekah', 'status_amal']
charming	tampan	Incorrect	['apik', 'cantik', 'menawan', 'sakti', 'ajaib', 'ilmu_sihir', 'charming', 'menarik']
clothes	pakaian	Match	['persalinan', 'clothing', 'baju', 'yg_dpt_dipakai', 'pakaian', 'industri_garmen', 'mengenakan_pakaian', 'bajunya', 'habiliment', 'kain', 'pakaian_wanita', 'busana', 'artikel_pakaian']
cockroach	arachnida	Incorrect	['subordo_blattodea', 'coro', 'kecoak', 'kecoa', 'blattaria', 'cockroach', 'lipas', 'blattodea', 'subordo_blattaria']
code	kode	Match	['kode_hukum', 'encoding', 'memakuk', 'mengira', 'kode', 'kanun', 'undangundang', 'code', 'dikodekan', 'kodifikasi', 'menuliskan', 'memekuk', 'kode_komputer', 'penyandian', 'memprogram', 'sandi']
collection	koleksi	Match	['bundling_produk', 'seri_buku', 'hawkwind', 'perakitan', 'pemungutan', 'pengambilan', 'agen_penagihan', 'akon', 'kontainer', 'aliaune_badara_akon_thiam', 'longgokan', 'penggabungan', 'penagih_utang', 'alioune_badara_thiam', 'himpunan', 'pengumpulan', 'paket', 'aliaune_thiam', 'penghimpunan', 'joe_sample', 'pungutan', 'set', 'kutipan', 'collection', 'kompilasi', 'kumpulan', 'penagihan_utang', 'antologi', 'the_charlatans', 'koleksi', 'agregasi', 'art_collection', 'akumulasi', 'the_offspring_collection', 'siri', 'mengumpulkan', 'pemasangan', 'ringkasan', 'dikumpulkannya', 'koleksi_seni']
computer	komputer	Match	['mesin_hitung', 'kalkulator', 'sejarah_perkembangan_komputer_dan_tik', 'computer', 'musik_komputer', 'komputer_manusia', 'teknologi_komputer', 'komputer_tujuan_umum', 'komputer_digital', 'komputer', 'musik_yang_dihasilkan_komputer', 'penilai', 'informasi_sistem_pengolahan', 'komputer_elektronik', 'fungsi_komputer', 'penghitung', 'komputasi_digital', 'komputasi_mesin', 'figurer', 'definisi_komputer', 'elektronik_komputer', 'sistem_komputer', 'data_prosesor', 'perkomputeran', 'komputasi_perangkat']
construction	konstruksi	Match	['proyek_konstruksi', 'industri_konstruksi', 'lokasi_konstruksi', 'gramatikal_konstruksi', 'konstruksi', 'industri_bangunan', 'penafsiran_konstitusi', 'konstruksi_gramatikal', 'interpretasi_hukum', 'jiwa_sintesis', 'ungkapan', 'konstruksi_bangunan', 'situs_konstruksi', 'runescape', 'interpretasi', 'tafsiran', 'bangunan', 'pembangunan', 'ulasan', 'ekspresi', 'struktur', 'model', 'membina', 'gedung', 'pembinaan']
cook	cook	Match	['koki_eksekutif', 'captain_james_cook', 'melancung', 'membimbing', 'james_cook', 'siap', 'sedia', 'rebus', 'juru_masak_yang_singkat', 'captain_cook', 'memperalat', 'membetulkan', 'juru_masak', 'tiruan', 'masak', 'bersedia', 'bertanak', 'membuat', 'purapura', 'menyelewengkan', 'kapten_cook', 'memalsu', 'mendidih', 'pemalsuan', 'pemasak', 'menggelegak', 'bercadang', 'siaga', 'masak_pendekorder', 'membisul', 'membentuk', 'menyediakan', 'menggelogok', 'souschef', 'membagar', 'bakut', 'koki', 'mematangkan', 'memanipulasi', 'membenarkan', 'melancungkan', 'merebus', 'menyiapkan', 'memasang', 'cook', 'menjadikan', 'memasak', 'meniru', 'melakukan', 'memalsukan', 'buat', 'berhadir', 'kapten_james_cook', 'koki_komisi', 'fr√©d√©rick_cook', 'membuatkan']
counting	menghitung	Match	['sistem_angka', 'menghitung', 'kiraan', 'pengiraan', 'membilang', 'bilangan', 'mengira', 'penting', 'pencacahan', 'daftar', 'perhitungan', 'sistem_bilangan', 'enumerasi', 'pembilangan', 'penomoran', 'kira', 'sistem_numerik', 'penghitungan']
crazy	babysitting	Incorrect	['kegilaan', 'looney', 'famous_last_words', 'penyakit_gila', 'menjelekkan', 'gendeng', 'si_tu_lavoues', 'majnun', 'seteheng', 'sakit_jiwa', 'crazy', 'usher', '(you_drive_me)_crazy', 'kesintingan', 'the_red_album', 'because_of_you', 'playing_with_fire', 'loca', 'edan', 'erika_jayne', 'gila', 'hilang_akal']
damage	rusaknya	Found close match: ['kerusakan', 'merusakkan', 'merusak']	['kemerosotan', 'keburukan', 'merugikan', 'damage', 'menjelekkan', 'mundur', 'rugi', 'kecelakaan', 'hukum_cedera', 'lorot', 'memusnahkan', 'kemusnahan', 'menjatuhkan', 'kebinasaan', 'peralatan_korban', 'mencacati', 'merusakkan', 'kerugian', 'memburuk', 'menodai', 'kerusakan', 'harga', 'kecelaan', 'merusak', 'kadar', 'merosot', 'kemalangan', 'menghancurkan', 'mudarat', 'cacat', 'mengupak', 'kehancuran']
dance	dance	Match	['berjoget', 'mengigal', 'gengsot', 'pascadisco', 'meloncatloncat', 'taritarian', 'menari', 'dance', 'tarian', 'musik_dansa', 'berdansa', 'dansa', 'musik_dance', 'danc√©', 'berkanjar', 'bertandak', 'oliver_heldens', 'melonjaklonjak', 'igal', 'penari', 'seni_tari', 'berlenso', 'waterloo', 'dancemusic', 'pesta_dansa', 'tari', 'postdisco', 'meronggeng']
dangerous	berbahaya	Match	['membahayakan', 'rawan', 'dangerous', 'berbahaya', 'its_hard', 'bahaya']
deceive	mengelabui	Found close match: ['mengabui', 'mengibuli', 'menghalusi']	['melecun', 'melebun', 'penipuan', 'membuaya', 'mengabui', 'mengacah', 'mendurhaka', 'mengecoh', 'bohong', 'menggelapkan', 'memahat', 'menghalusi', 'memperdayakan', 'kecurangan', 'terpesong', 'mengibuli', 'mengentuti', 'mencurangi', 'melibas', 'mengkhianati', 'berolah', 'mengakali', 'tipu_muslihat', 'ketidakjujuran', 'menipu', 'membuayai', 'mendustai', 'memesongkan', 'tipu', 'memperbudikan', 'menyesatkan', 'memperdaya', 'memalsukan']
dedication	dedikasi	Match	['persetujuan', 'komitmen', 'dedikasi', 'kebaktian', 'dedication', 'bakti', 'ketaatan', 'pembaktian', 'kesetiaan', 'kepatuhan', 'janji']
deliberately	disengaja	Found close match: ['sengaja']	['perlahanlahan', 'sengaja']
delivery	pengiriman	Match	['hukum_transfer', 'keterasingan', 'persalinan', 'gurauan', 'lawak', 'infrastruktur_transportasi', 'melahirkan', 'bercanda', 'penyerahan', 'delivery', 'membawa', 'pasokan', 'transportasi', 'pertuturan', 'pengantaran', 'pengeluaran', 'vagina_melahirkan', 'melawak', 'bersendasenda', 'pengiriman', 'pengangkutan', 'senda', 'berseloroh', 'lelucon', 'kelakar', 'penyelamatan', 'industri_transportasi', 'kandungan_pengiriman', 'canda', 'kemampuan_beranak', 'pengantar', 'kejenakaan', 'bergurau', 'accouchement', 'jenaka', 'persalinan_normal', 'menyelamatkan', 'kenaikan', 'penyelamat', 'bersenda_gurau', 'alienable', 'pengiriman_rumah', 'lucu', 'cara_berbicara', 'serahan', 'gelak_manis', 'gurau', 'gurau_senda', 'penyampaian', 'kelahiran', 'percakapan', 'pembebasan', 'penayangan', 'seloroh', 'penawaran']
dessert	hidangan	Found close match: ['hidangan_penutup']	['dessert', 'pembasuh_mulut', 'makanan_penutup', 'manisan', 'disert', 'hidangan_penutup', 'anggur_penutup', 'afters', 'pencuci_mulut']
device	portabel	Incorrect	['telepon_seluler', 'hand_phone', 'device', 'kreasi_teknologi', 'telepon_bergerak', 'peranti', 'komunikasi_seluler', 'lambang', 'mesin', 'ponsel', 'peralatan_modal', 'implemen', 'perangkat', 'mobil_ginerak', 'selular', 'cara', 'perangkat_keras_komputer', 'configsys', 'komunikasi_mobile', 'telepon_nirkabel', 'peranti_mekanis', 'telgam', 'peralatan', 'telepon_genggam', 'piranti_keras', 'jentera', 'gadget', 'handpone', 'alat', 'pesawat', 'gawai', 'instrumen', 'perangkat_keras', 'sistem', 'seluler', 'muslihat', 'telepon_selular', 'hardware', 'hard_disk', 'perangkat_keras_komputer_pribadi', 'handphone']
dig	menggali	Match	['menggelitik', 'mengorek', 'merunjang', 'menyigung', 'mengarifi', 'dig', 'arkeologi_situs', 'mengerti', 'memafhumi', 'menggali', 'memacak', 'gali', 'membalik', 'menangkap', 'ekskavasi', 'mencebak', 'cucuk', 'mencengkam', 'ejekan', 'menambang', 'menggerai', 'merodok', 'bandar_udara_d√™q√™n_shangrila', 'menyodok', 'mengosongkan', 'mencukil', 'mencekam', 'mengulek', 'menyinggung', 'menjabat', 'memahami', 'hinaan', 'berkuli', 'menjolok', 'menebuk', 'mencungkil', 'korek', 'berlekuk', 'mencekau', 'melubangi', 'menyiku', 'pengorekan', 'menggayuk', 'mengorok', 'menajak', 'mengarifkan', 'zpdq', 'mafhum', 'menusuk', 'merunjam', 'penggalian', 'menujah', 'buruh', 'sindiran', 'tikam']
dinner	jamuan	Incorrect	['pesta_makan', 'minum_teh', 'dinner', 'makan_siang', 'tiffin', 'teh', 'dejeuner', 'the_dinner', 'teh_sore', 'teatime', 'makan_malam']
disease	penyakit	Match	['begowal', 'penyakit', 'kondisi_medis', 'sehat', 'mengerikan', 'radang_selaput_dada', 'kondisi_kesehatan', 'pleurisy', 'pleuritis', 'tingkat_morbiditas', 'unwellness', 'kecacatan', 'sakit']
dissolve	membubarkan	Match	['membereskan', 'lebur', 'mencair', 'penghancuran', 'bubar', 'memperhentikan', 'cair', 'memutuskan', 'memberaiberaikan', 'meluik', 'usai', 'mencairkan', 'memberhentikan', 'berbaur', 'memecatkan', 'larut', 'melarut', 'membubarkan', 'mengonslah', 'menghancurkan', 'melarutkan']
disturb	mengganggu	Match	['menggagalkan', 'menggoda', 'menceletuk', 'memilukan', 'menyentuhkan', 'merundung', 'menghalang', 'membencanakan', 'ganggu', 'menggodai', 'mengacau', 'menggelorakan', 'memutuskan', 'terharu_biru', 'mengubrakabrik', 'mengalutkan', 'menjamah', 'sentuhan', 'menghirukkan', 'menggelisahkan', 'menggelisahi', 'menggaduh', 'menyayukan', 'memecah', 'mengucarngacirkan', 'memalak', 'mencemaskan', 'menyalakan', 'menghiruk', 'bertelinga_merah', 'menjelut', 'menyinggung', 'merecok', 'terusik', 'menghasut', 'menggalakkan', 'menghentikan', 'menyeletuk', 'mengagani', 'menyedihkan', 'membuncahkan', 'menggaul', 'mengemol', 'mengganggu', 'mengisruhkan', 'menggendalakan', 'campur_aduk', 'menggerakkan', 'menggoleng', 'menggerecok', 'mengusik', 'merisak', 'mengasung', 'membencanai']
do	do	Not found	[]
doctor	doctor	Match	['tabib', 'phd', 'membaiki', 'playing_doctor', 'memugari', 'memperbarui', 'dokter_spesialis_konsultan', 'mendandani', 'dokter_bedah', 'dokter_gelar', 'menjahit', 'dan_doktor', 'reparasi', 'membalut', 'program_pendidikan_dokter_spesialis', 'membetulkan', 'doktor', 'menisik', 'pendidikan_dokter_gigi__iik', 'doktor_filosofi', 'doctor', 'doktoral', 'anak_kasar', 'medikus', 'doktor_penelitian', 'dokterandes', 'menambal', 'bedah', 'pujangga_gereja', 'dr', 'bermain_dokterdokteran', 'eliza', 'gelar_doktor', 'mereparasi', 'lo√Øc_nottet', 'doctorat', 'menyinggung', 'membarui', 'memperbaiki', 'dokter_spesialis', 'dokter_gereja', 'menjerumat', 'pulihkan', 'ahli_bedah', 'membenarkan', 'dokter', 'doktor_yang_lebih_tinggi', 's3', 'gelar_dokter', 'memasang', 'doctor_who', 'merawat', 'menisiki', 'membubul', 'menampal', 'doktor_profesional', 'operasi_bedah', 'doktor_gereja']
dog	anjing	Match	['anjingbesi', 'orang_jorok', 'kinologi', 'anjing', 'firedog', 'durjana', 'familiaris', 'melelah', 'daging_anjing', 'anying', 'kejar', 'orang', 'mengikut', 'canis_familiaris', 'mengejar', 'hot_dog', 'menjejaki', 'asu', 'mengesan', 'menguntit', 'weenie', 'melacak', 'pawl', 'detent', 'merunut', 'mengudak', 'meluru', 'membuntuti', 'menguber', 'berburuburu', 'jejak', 'anjing_domestik', 'kasar', 'kuyuk', 'membayangbayangi', 'anjing_tanah', 'kurang_ajar', 'shio_anjing', 'canidae', 'bandit', 'melalah', 'duck_hunt', 'keparat', 'canis_lupus_familiaris', 'bajingan', 'andiron', 'dog', 'hotdog', 'menguntiti', 'sosis', 'merunuti', 'daftar_karakter_alam_semesta_halflife', 'keluarga_canidae', 'penjahat', 'memburu', 'oyak', 'domestik_anjing']
dressing	berdandan	Found close match: ['sandang']	['sandang', 'penyuburan', 'persalinan', 'isian', 'sarak', 'membalut', 'clothing', 'pakaian', 'industri_garmen', 'habiliment', 'inti', 'pakaian_wanita', 'pembalut', 'bumbu_kuah_selada', 'kuah', 'medis_berpakaian', 'baju', 'yg_dpt_dipakai', 'saus_salad', 'busana', 'artikel_pakaian']
driver	pembalap	Incorrect	['sopir', 'roda_ditambah', 'penahan', 'penggerak', 'nomor_satu_kayu', 'supir', 'as_digabungkan', 'chauffer', 'rimba', 'pengandar_perangkat', 'w√§lder', 'device_driver', 'mandur', 'driver_san_francisco', 'belantara', 'pilot', 'pengemudi', 'penjaga', 'cowcatcher', 'driver_perangkat_lunak', 'pemimpin', 'hutan_konifer', 'pengandar_peranti', 'driver_printer', 'penampan', 'hutan', 'pemandu', 'mengemudi_roda', 'pengendali_perangkat_keras', 'penyangga', 'kayu', 'sopir_truk', 'roda_mengemudi', 'pengendara', 'roda_digabungkan', 'driver', 'truk_mengemudi', 'trucker', 'driver_perangkat', 'pemacu_peranti', 'berhutan', 'pengawas']
economy	perekonomian	Match	['walden', 'sistem_ekonomi', 'ilmu_ekonomi_politik', 'ekonomi_politik', 'tabungan', 'perekonomian_nasional', 'ekonomi_riil', 'hemat', 'cermat', 'kegiatan_ekonomi', 'thriftiness', 'ekonom_politik', 'ilmu_ekonomi', 'perekonomian', 'ekonomi_ilmu', 'produksi_komoditas', 'kecermatan', 'ekonomi_pedesaan', 'kehematan', 'economy', 'sistem_perekonomian', 'ekonomika', 'berjimat', 'tingkat_tabungan', 'keekonomian', 'jimat', 'ekonomi', 'profil_ekonomi']
election	pemilu	Match	['yang_terpilih_secara_demokratis', 'pemilihan_kembali', 'pemilu', 'election', 'suara_rakyat', 'pemilihan_umum', 'pemilu_legislatif', 'pemilihan', 'pemilihan_ulang', 'politik_elektoral', 'pengundian', 'proses_pemilihan', 'surat_pemilihan', 'tertulis_dari_pemilu', 'terpilih']
electron	elektron	Match	['negatron', 'elektron', 'electron']
elegance	elegan	Match	['keelokan', 'elegan', 'kecantikan', 'dekoratif', 'keindahan_matematika', 'keindahan_klasik', 'keanggunan_matematika', 'anggun', 'karlgeorg_hoefer', 'kemerduan', 'keanggunan', 'keindahan', 'kehalusan', 'indah', 'beaut', 'keindahan_matematis']
emotion	emosi	Match	['emotion', 'emosi_manusia', 'emosional', 'emosi', 'perasaan', 'renjana', 'human_after_all']
emotionally	emosional	Match	['emosi_manusia', 'emosional', 'emosi', 'perasaan', 'renjana']
engine	mesin	Match	['enjin', 'kepala_kereta_api', 'mesin_kereta_api', 'mesin_video_game', 'penggerak', 'jentera', 'mesin_3d', 'ray_alder', 'lokomotif_mesin', 'lokomotif', 'kereta_api_lokomotif', 'lokomotif_kereta_api', 'mesin_permainan', 'engine', 'motor', 'mesin_perangkat_lunak', 'mesin']
event	event	Loanword	['akibat', 'hasil', 'pendengar', 'kesan', 'kejadian_program', 'penanganan_event', 'event_handler', 'hal', 'kasus', 'perkara', 'kunci_stroke', 'kes', 'acara', 'efek', 'akibatnya', 'konsekuensi', 'peristiwa', 'kejadian', 'kesudahan', 'keystroke', 'tekanan_tombol']
experiment	eksperimen	Match	['uji', 'ilmu_eksperimental', 'ilmu_pengetahuan_eksperimental', 'the_experiment', 'ujian', 'penelitian_eksperimental', 'experiment', 'penelitian_eksperimen', 'mencoba', 'menguji', 'mencobakan', 'percobaan', 'bereksperimen', 'kelompok_eksperimen', 'eksperimen', 'eksperimen_ilmiah', 'eksperimental']
extremely	sangat	Match	['sampai_ke_sumsum', 'melampau', 'terlalu', 'tersangat', 'tinggi', 'sangat', 'amat', 'terlampau', 'sungguh', 'benar']
feeling	perasaan	Match	['whisper', 'tahu', 'rasa', 'umpan_balik_taktil', 'intuitif_perasaan', 'kesan', 'perasaan', 'taktil_sensasi', 'aroma', 'sentuhan', 'nada', 'feeling', 'lawatan', 'taktil', 'suasana', 'cita', 'somatosensori', 'gagasan', 'sistem_somatosensori', 'semangat', 'tanggapan', 'indera_peraba', 'sentuhan_sensasi', 'merasa', 'sentuh', 'kepercayaan']
fight	pertarungannya	Found close match: ['pertarungan', 'persabungan', 'bertarung']	['gaduh', 'pertempuran', 'mengapit', 'bertarung', 'bersabung', 'menyorongkan', 'mengenyak', 'berbentrok', 'bergelut', 'menentang', 'beradu', 'persengketaan', 'membalah', 'berlaga', 'memperjuangkan', 'menyorong', 'konflik', 'memberantas', 'perlagaan', 'berlawan', 'berjuang', 'pergaduhan', 'laga', 'mendesak', 'pertengkaran', 'pertarungan', 'meremasremas', 'lawan', 'bercakak', 'bertenggang', 'perjuangan', 'pancakara', 'membalas', 'berpolitik', 'memampat', 'memberontak', 'tempur', 'bergusti', 'berhantam', 'mempertahankan', 'keterlibatan', 'daya_saing', 'berperang', 'menghasut', 'perlawanan', 'bergocoh', 'meremas', 'peperangan', 'menyolang', 'kelahi', 'pertikaian', 'menekan', 'pelatihan_tempur', 'pertentangan', 'tarung', 'bercakarcakaran', 'melawan', 'perkelahian', 'bergumul', 'keterlibatan_militer', 'bertempur', 'bergulat', 'tengkar', 'berkelahi', 'kombat', 'perebutan', 'bergaduh', 'fight', 'membela', 'bersenjata_tempur', 'persabungan']
fish	ikan	Match	['ikan', 'fish', 'finfish', 'telinga_ikan', 'go_fish', 'pancing', 'ray_lembut', 'daging_ikan', 'goreng', 'memancing', 'hibridisasi_in_situ_fluorescent', 'pisces', 'pterygiophore', 'hibridisasi_in_situ_fluoresensi', 'memepas', 'ikan_laut', 'ikhtiofauna', 'memukat', 'remi', 'phish', 'makanan_ikan', 'mengail', 'elver', 'fingerling', 'pisces_para_fishes']
flow	mengalirkan	Found close match: ['pengaliran', 'mengalir', 'mengalirlah']	['bergayutan', 'alur', 'kini', 'mens', 'pengaliran', 'laju_alir_volume', 'menggayuti', 'hidrodinamika', 'penyanyi_rap', 'aliran_fluida', 'hidrolik', 'rap', 'dynamicist_cairan', 'berhamburan', 'berjurai', 'fisika_fluida', 'rapper', 'pergerakan', 'mengalirlah', 'traff', 'menggandul', 'arus', 'berlalu', 'hala', 'mekanika_zat_cair_dan_gas', 'curahan', 'hanyut', 'dinamika_fluida', 'siklus_menstruasi', 'mekanika_fluida', 'persamaan_euler_relativistik', 'kucuran', 'mengurai', 'young_money_entertainment', 'hidrolika', 'menstruasi', 'tekanan_hidrolik', 'florent_mothe', 'gravity_recovery_and_interior_laboratory', 'menggelulur', 'roboh', 'flow', 'aliran', 'tersalur', 'catamenia', 'jatuh', 'aliran_volumetrik', 'emceeing', 'persamaan_navierstokes', 'bercucuran', 'hidup', 'membesut', 'terjurai', 'mengalir', 'jaringan', 'alir', 'datang_bulan', 'seharihari', 'siklus_haid', 'protorap', 'mengaliri', 'laju_alir_volumetrik', 'laju_aliran', 'laju_aliran_volumetrik', 'haid', 'terkelepai', 'berjatuhan', 'buyar', 'memasang', 'membuyarkan', 'laju_alir', 'hidrodinamik', 'berlinang', 'jaringan_aliran', 'menggerabak', 'bergayut', 'jalan_menambah', 'dapet', 'menyangkutkan', 'terurai', 'tergantung', 'rapping']
food	makanan	Match	['mff', 'makanan', 'zat_makanan', 'masakan', 'makan', 'produk_makanan', 'gizi', 'padat_makanan', 'bahan_pangan', 'pangan', 'macronutrients', 'nutrien', 'nutrisi', 'bahan_makanan', 'food', 'intelektual_makanan', 'kuliner', 'santapan', 'hara', 'bahan_untuk_dipikirkan', 'kirby', 'makronutrien']
garbage	sampah	Match	['murahan', 'limbah_makanan', 'limbah', 'kedunguan', 'produk_limbah', 'limbah_rumah_tangga', 'limbah_domestik', 'besi_tua', 'limbah_bahan', 'withering_to_death', 'sisa_makanan', 'memo', 'omongan', 'buang_materi', 'sampah_makanan', 'kebodohan', 'sampah', 'sisasisa', 'menolak', 'limbah_padat', 'garbage', 'limbah_padat_perkotaan']
gold	emas	Match	['rilis_software', 'tes_beta', 'aurum', 'siklus_hidup_perangkat_lunak', 'kencana', 'kuning', 'emas', 'beta_software', 'gold', 'multiplatinum', 'alpha_software', 'kandidat_rilis', 'sertifikasi_emas', 'beta_publik', 'disc_emas', 'atom_nomor_79', 'medali_emas_olimpiade', 'sertifikasi_rekaman_musik', 'praalpha', 'emas_tunggal', 'siklus_hidup_perangkat_lunak_rilis', 'au', 'medali_emas', 'versi_untuk_produksi', 'versi_beta', 'versi_alpha', 'mas', 'disc_platinum', 'beta_terbuka', 'rekor_platinum', 'triple_platinum', 'wanna_one', 'beta_tertutup', 'rilis_beta', 'unsur_79', 'tahap_pengembangan', 'album_emas', 'beremas', 'bobby_brown', 'album_platinum', 'list_of_music_recording_certifications', 'emas_asli', 'daur_hidup_rilis_perangkat_lunak', 'disc_perak', 'daur_hidup_rilis_peranti_lunak', 'keemasan', 'the_heist', 'musik_rekaman_penjualan_sertifikasi', 'bersertifikat_emas', 'bersepuh', 'rekor_emas', 'sertifikasi_platinum', 'tester_beta', 'platinum', 'emas_lapisan', 'double_platinum', 'peraih_medali_emas', 'catatan_emas', 'sertifikasi_penjualan_rekaman_musik', 'young_lust_the_aerosmith_anthology', 'alpha_uji', 'anthology']
great	great	Loanword	['penting', 'keunggulan', 'kebesaran', 'agung', 'besar', 'illustriousness', 'kemasyhuran', 'keagungan', 'kehebatan', 'banyak', 'bagus', 'ulung', 'gedang', 'unggul', 'hebat']
gun	berpeluru	Incorrect	['accelerator_pedal', 'pembunuh', 'artileri', 'senpi', 'senjata_api', 'kelengkapan', 'koboi', 'bedil', 'distrik_di_jepang', 'gunfighting', 'revolver', 'conventional_weapons', 'membedil', 'senjata_kecil', 'distrik', 'kecilarm', 'gun', 'greasegun', 'lengan_kecil', 'senjata_untuk_menyewa', 'senjata', 'pedal_gas', 'toko_senjata', 'centeng', 'meriam', 'pistol', 'disewa_gun', 'minyak', 'senapan', 'louder_than_love', 'perompak', 'menembak', 'triggerman', 'kecilsenjata', 'berat_senjata', 'gunslinger', 'hit_man', 'penembak']
hair	rambut	Match	['rambut_manusia', 'bulu', 'hair', 'rambut', 'hairsluasnya', 'hairsbreadth', 'kain_bulu', 'berbulu', 'bulu_roma', 'rambut_kepala']
help	membantu	Match	['memudahkan', 'pekerja_bantuan', 'the_help', 'sokongan', 'faedah', 'menggunakan', 'pertolongan', 'asisten', 'tolong', 'bimbingan', 'berkhidmat', 'kapit', 'menyumbang', 'bantuan_online', 'melambuk', 'melicinkan', 'menunjang', 'menyediakan', 'menyantuni', 'pekerjaan_bantuan', 'penolong', 'servis', 'aids', 'melayani', 'melancarkan', 'pembantu', 'mengembari', 'meladeni', 'membantu', 'menolong', 'mempermudah', 'bantu', 'menyajikan', 'penyokong', 'meringankan', 'faali', 'bantuan_kemanusiaan', 'bantuan', 'membela', 'help']
hurting	menyakiti	Match	['ngilu', 'sensasi_nyeri', 'menyakitkan_sensasi', 'menyakiti', 'nyeri', 'nyeri_akut', 'kesakitan', 'sakit']
ignorance	ketidaktahuan	Match	['ketidakpedulian', 'ketidaktahuan', 'kebodohan', 'kejahilan', 'avidya', 'ignorance']
illness	penyakitnya	Found close match: ['penyakit']	['penyakit', 'kondisi_medis', 'sehat', 'mengerikan', 'tingkat_morbiditas', 'kondisi_kesehatan', 'unwellness', 'kecacatan', 'sakit']
impress	menggemaskan	Found close match: ['menggerakkan', 'mengesankan', 'menerakan']	['menabrak', 'mengadaada', 'memilukan', 'mengecap', 'mengisarkan', 'menarik_hati', 'impresi', 'menyentuh', 'menekankan', 'memindahkan', 'geng_pers', 'menggampar', 'berganjak', 'terharu', 'merekamkan', 'cetak', 'mengesankan', 'memukul', 'menera', 'melembutkan', 'mengharukan', 'mengetuk', 'membajau', 'terkesan', 'bergerak', 'bersedih', 'rekam', 'menggetok', 'menyontok', 'menggulir', 'berbekas', 'tertera', 'berantuk', 'bergulir', 'mencemuk', 'menakol', 'menoyor', 'demik', 'menggerakgerakkan', 'menggenjot', 'menerakan', 'menekan', 'pendaftaran_paksa', 'melebas', 'berpurapura', 'berkesan', 'menyiarkan', 'mencetak', 'menyambar', 'tertarik', 'mencepol', 'bergeser', 'menggerakkan', 'berpindah', 'menerbitkan', 'merekam', 'terpengaruh']
invention	penemuannya	Found close match: ['penemuan', 'penemu']	['reka_cipta', 'penciptaan', 'rekacipta', 'penemuan', 'inovasi_teknologi', 'rekaan', 'inovatif', 'diciptakan', 'ciptaan', 'invensi', 'inovasi', 'reka_baru', 'penemu', 'reka_bentuk', 'menciptakan']
investigation	penyelidikan	Match	['menyelidiki', 'penelitian_akademik', 'tinjau', 'pemeriksaan', 'peneliti', 'siasat', 'kajian', 'penyelidikan', 'pengusutan', 'memeriksa', 'penelitian', 'selidik', 'metode_penelitian', 'penelitian_asli', 'riset', 'investigasi']
invisible	invisible	Not found	[]
job	pekerjaannya	Found close match: ['pekerjaan', 'dipekerjakan', 'pekerjaan_rumah']	['nabi_ayyub', 'kontrol_pekerjaan', 'pengusaha', 'pegulat_awal', 'jawatan', 'nabi_ayub', 'kegiatan', 'dipekerjakan', 'personil', 'pekerjaan_rumah', 'kesukaran', 'persoalan', 'tugas', 'kitab_ayub', 'bidang', 'karyawan', 'masalah', 'tenaga_kerja_kontrak', 'bisnis', 'penghunian', 'minat', 'kerja', 'kehidupan_kerja', 'pendudukan', 'ayyub', 'pekerjaan', 'jenayah', 'mempekerjakan', 'job', 'urusan', 'ayub', 'problem', 'rencana', 'bidang_pekerjaan', 'kekosongan', 'susah']
jungle	jungle	Match	['hutan_oldschool', 'hutan', 'shine_a_little_love', 'out_of_the_blue', 'rimba', 'jungle', 'hobo_camp']
kindness	ketulusan	Incorrect	['kebaikan', 'forgivingness']
king	raja	Match	['indra', 'monark', 'billie_jean_moffitt_raja', 'riley_b_king', 'kayu_baron', 'magnates', 'reverend_horton_heat', 'lakilaki_raja', 'kepala_monarki', 'ratu', 'billie_jean_moffitt_king', 'orang_kaya', 'rex', 'monarki', 'billie_jean_king', 'bb_king', 'martin_luther_king', 'george_king', 'kuasa', 'sultan', 'duniapemukul', 'kerajaan', 'industrialis', 'taipan', 'penguasa_monarki', 'dinobatkan_kepala', 'b_b_raja', 'jutawan', 'b_b_king', 'beraja', 'charles_bird_king', 'kingcom', 'datu', 'salatin', 'martin_luther_king_jr', 'riley_b_raja', 'maharaja', 'pemimpin_monarki', 'king_ov_hell', 'pemimpin_bisnis', 'berdaulat', 'monarch', 'king', 'raja', 'top_eksekutif', 'besar_pengusaha', 'hartawan']
lady	lady	Match	['mary_turkmenistan', 'marjam', 'madam', 'virgin_mary', 'santa_perawan', 'istri_bangsawan', 'bu', 'judul_hormat', 'pangkat', 'bangsawan_wanita_inggris', 'wanita_yg_berkedudukan_baik', 'the_virgin', 'blessed_virgin', 'lady', 'mariam', 'perawan_maria', 'marya', 'sang_perawan_maria', 'maria', 'maryam_binti_imran', 'jenis_gelar', 'bunda_maria', 'judul', 'bentuk_alamat', 'kak', 'wanita', 'mary', 'gelar', 'gaya', 'madonna', 'nyonya', 'nona', 'perempuan', 'the_lady', 'santa_perawan_maria', 'wanita_ningrat', 'lady_and_the_tramp', 'dame', 'puan']
land	tanahnya	Found close match: ['tanah', 'tanah_air', 'ranah']	['domain_feodal', 'menyatakan', 'realty', 'bangsa', 'pemerintah', 'lahan_yasan', 'mendarat_estate', 'membawa', 'tenang', 'membawakan', 'nasional', 'negara_berdaulat', 'daftar_negara_bagian_di_meksiko', 'harta', 'tanah_air', 'menggulingkan', 'real_estat', 'mendaratkan', 'hukum_pertanahan', 'tanah', 'hukum_real_estate', 'pemilik_tanah', 'hektar', 'dunia', 'negeri', 'darat', 'pasar_real_estat', 'keadaan', 'edwin_herbert_land', 'estat_negara', 'perladangan', 'lahan_kering', 'republik', 'negara_bagian_di_jerman', 'tipe_tipe_negara', 'buana', 'land', 'perkebunan', 'bidang', 'daftar_negara_bagian_di_jerman', 'negara_bagian_di_meksiko', 'teori_deklaratif_kenegaraan', 'tanah_milik', 'kerajaan', 'lembaga_politik', 'daftar_negara_bagian_jerman', 'demesne', 'hak_atas_tanah', 'melandas', 'din_land', 'negara_bagian_meksiko', 'estate', 'res_publica', 'menuntun', 'menembak', 'barang_tak_bergerak', 'industri_real_estate', 'kekaisaran', 'the_land', 'realestate', 'daratan', 'jatuh', 'landas', 'masyarakat_politik', 'mendarat', 'muncul', 'bundesland', 'padat_tanah', 'lahan', 'bidang_tanah', 'kawasan', 'datang', 'wilayah', 'real_property', 'membumi', 'properti_mendarat', 'real_properti', 'bumi', 'rantau', 'terdangkadangka', 'real_estate', 'rakyat', 'pertanian', 'realestat', 'negara_bagian_jerman', 'meletakkan', 'ranah', 'pantai', 'daerah', 'turun', 'membaringkan', 'domain', 'negara']
laugh	tertawa	Match	['gurauan', 'lawak', 'menggelakkan', 'bercanda', 'bergembira', 'ha_ha_ha', 'laugh', 'melawak', 'tawa', 'bersendasenda', 'senda', 'berseloroh', 'lelucon', 'gelak', 'ketawa', 'kelakar', 'tertawa', 'canda', 'kejenakaan', 'kakah', 'bergurau', 'jenaka', 'bersenda_gurau', 'lucu', 'gurau', 'gelak_manis', 'gurau_senda', 'seloroh', 'berjenaka']
law	hukum	Match	['m72_law', 'ukuran_buatan_manusia', 'perundangundangan', 'hukum_kanon', 'perlindungan_polisi', 'filsafat_hukum', 'pedoman', 'jurispundens', 'instruksi', 'polisi_bersenjata', 'alami_hukum', 'gerejawi_hukum', 'praktek_hukum', 'praktek_hukum_yang_tidak_sah', 'hukumhukum_fisika', 'dalil', 'undangundang_tertulis', 'filsuf_hukum', 'hukum_agama', 'departemen_kepolisian', 'penegak_hukum', 'pendidikan_hukum', 'hukum_alam', 'ruu', 'hukum_fisika', 'ilmu_hukum', 'polis', 'kanun', 'undangundang', 'kepolisian', 'yuridis', 'jurisprudens', 'profesor_hukum', 'uu', 'hukum', 'hukum_undangundang', 'legal', 'hukuman', 'yurisprudensi', 'polisi', 'law', 'studi_hukum', 'hukum_kanonik', 'jurisprudensi', 'peraturan', 'norma', 'departemen_polisi', 'pasukan_keamanan', 'klaw', 'luo', 'ilegal', 'rancangan_undangundang', 'hukum_gereja', 'pembuatan_undangundang', 'hukum_filsafat', 'jasa_hukum', 'legislasi', 'teori_hukum', 'pasukan_polisi', 'pertempuran_hukum', 'hukum_kodrat', 'earthling', 'undang_undang', 'hukum_gerejawi', 'mahasiswa_hukum']
left	left	Loanword	['sayapkiri', 'reja', 'sayap_kiri_politik', 'pihak_kiri', 'kiri_politik', 'kekirian', 'sayap_kiri', 'baki', 'tersisa', 'perca', 'tangan_kirinya', 'sisa', 'politik_sayap_kiri', 'berhaluan_kiri', 'kiri', 'kirisayap', 'venstre', 'tangan_kiri', 'kolektivis', 'esquerra_republicana_de_catalunya', 'kelompok_kiri']
level	level	Match	['paras', 'menyetrum', 'tingkat', 'titik', 'mutu', 'waterpass_tukang', 'bertarah', 'kelas_evolusi', 'taraf', 'adema', 'peringkat', 'pangkat', 'separas', 'derajat_skala', 'tingkat_pengalaman', 'menujukan', 'sampaisampai', 'horisontal_permukaan', 'memusnahkan', 'membidikkan', 'tingkat_gelembung', 'tahap', 'merobohkan', 'meratakan', 'lapisan', 'menumbangkan', 'titik_pengalaman', 'mendatar', 'mengarahkan', 'menyelaraskan', 'menyamaratakan', 'poin_pengalaman', 'lantai', 'tangga', 'aras', 'mengacukan', 'penyamarataan', 'waterpas', 'menyiram', 'cerita', 'meruntuhkan', 'menyamakan', 'level', 'tanah_datar', 'rata', 'kadar', 'menghadapkan', 'tingkatan', 'semangat_tingkat', 'mengacu', 'membinasakan', 'lev√©l', 'mendatarkan', 'lantai_penomoran', 'mencopotkan', 'datar', 'memaras', 'kelas', 'membongkar', 'mencopot', 'menghalakan']
liar	pembohong	Match	['kecapi', 'penipu', 'so_far_so_good_so_what', 'louder_now', 'pembohong', 'gambus', 'bohong', 'lira', 'pendusta', 'liar', 'republic']
light	cahaya	Match	['bernyala', 'cerah', 'renyairenyai', 'api', 'pemantik_api', 'ringan', 'bayangan', 'lampu_listrik', 'memantik', 'gayang', 'menyalai', 'kurang', 'muda', 'hinggap', 'menggelulur', 'mencahayai', 'keterangan', 'pencahayaan', 'listrik_lampu', 'tipis', 'memasang', 'menyigi', 'kecerahan', 'menerangkan', 'tingkap', 'gasang', 'korek_api_gas', 'kilauan', 'terang', 'menyerikan', 'tingkat_kecerahan', 'inisiator_piroteknik', 'terlihat_cahaya', 'menyala', 'menyunu', 'rendah', 'luminance', 'kilau', 'perlahan', 'nipis', 'lantang', 'bercahaya', 'pencerahan', 'menyulut', 'light', 'gambaran', 'ventilasi', 'cahaya_dalam', 'lighter', 'gelombang_cahaya', 'jendela', 'gemerlap', 'dalam_kristus', 'mencetuskan', 'lampu', 'sumber_cahaya', 'memarakkan', 'ilham', 'sinaran', 'menerangi', 'jarang', 'ceroboh', 'lampu_isyarat', 'nuriah', 'roboh', 'pucat', 'air', 'jatuh', 'sinar', 'mendarat', 'pantulan_cahaya', 'cahaya_tampak', 'nur', 'sorot', 'luminousness', 'menyuluh', 'mencerahkan', 'cahaya_batin', 'cahaya', 'bertengger', 'cair', 'luminositas', 'penyala', 'segi', 'mencucuh', 'korek_api', 'nyala', 'bertenggek', 'menyalakan', 'pemantik', 'penyuluhan', 'lengang', 'sudut', 'tingkat_terang', 'gembur', 'terlihat_radiasi', 'berjatuhan', 'light_yagami', 'berhenti', 'aspek', 'menyinari']
magic	magic	Match	['sihir_dalam_harry_potter', 'sulap_trik', 'alagaesia', 'cermin_satu_arah', 'silap_mata', 'magic', 'kiri_te_kanawa', 'dame_kiri_janette_te_kanawa', 'sakti', 'ajaib', 'axel_rudi_pell', 'ilmu_gaib', 'kepandaian', 'make_a_scene', 'transfigurasi', 'sulap', 'artefak', 'animagus', 'they_dont_know_about_us', 'pesulap', 'octarine', 'jampijampi', 'cermin_dua_arah', 'pesulap_panggung', 'te_kanawa', 'magik', 'driving_rain', 'perdayaan', 'secret_time', 'sihir', 'wasiat', 'dame_kiri_te_kanawa', 'penyihir', 'occlumency', 'r550_magic', 'wonderworking', 'permainan_sulap', 'trik_sulap', 'parseltongue', 'ilmu_sihir', 'helah', 'octiron', 'planeswalker', 'ilusi', 'siklus_warisan', 'thaumaturgus', 'take_me_home', 'mantra', 'muslihat', 'justin_timberlake', 'maya', 'pluto', 'magic_the_gathering', 'sihir_panggung', 'tipuan', 'ajiaji', 'ahli_sihir', 'dame_kiri_te_kanawa_janette', 'thaumaturgy']
marriage	pernikahan	Match	['suamiistri', 'suamiistri_hubungan', 'nikah', 'adalah_pasangan_suami_istri', 'upacara_pernikahan', 'pernikahan', 'pergabungan', 'kahwin', 'gabungan', 'kesatuan', 'uni', 'ketiadaan', 'perkawinan', 'sakramen_perkawinan', 'hymeneals', 'sepasang_suami_istri', 'pesta_nikah', 'upacara_perkawinan', 'pernikahan_sipil', 'menikah', 'marriage', 'wiwaha', 'mempelai', 'ikatan_perkawinan', 'nihility', 'nulitas', 'kehampaan', 'marriage_not_dating', 'perkawinan_katolik', 'upacara_komitmen', 'kekosongan', 'perjodohan']
material	materi	Match	['physicalism', 'materialisme', 'substansial', 'lahiriah', 'bahan_mentah', 'ontologi_fisik', 'materialisme_objective', 'tekstil', 'materi', 'hal', 'kebendaan', 'betul', 'fisikalisme', 'perkara', 'desain_material', 'bahan_pakaian', 'matre', 'lahir', 'kain', 'peralatan', 'bahan', 'materialis', 'bahan_baku', 'duniawi', 'subjek', 'barang_baku', 'barang_mentah', 'alat', 'jasmani', 'halhal', 'materialistik', 'material', 'isi']
mathematical	matematika	Match	['persamaan_matematis', 'mengira', 'matematika', 'ilmu_hisab', 'matematik', 'matematis', 'numerik']
mechanism	mekanisme	Match	['sistem', 'peralatan_modal', 'perangkat', 'jentera', 'permesinan', 'cara', 'gerakan', 'mekanisme_kimia', 'alat', 'pesawat', 'mekanisme_reaksi', 'peranti', 'mekanisme', 'peralatan', 'mesin']
medication	antihipertensi	Incorrect	['obat_obat', 'obat_blockbuster_potensial', 'pharmaceutic', 'penawar', 'obat', 'perawatan', 'version_20', 'farmasi', 'ubat', 'obatobatan', 'obat_farmasi', 'rescue', 'pengobatan']
money	uang	Match	['uang_kertas', 'uwang', 'doku', 'money', 'berupa_uang', 'moneter', 'uanguangan', 'wang', 'uang', 'me_i_am_mariah_the_elusive_chanteuse', 'valuta', 'me_i_am_mariah_the_elusive_chantause', 'kas', 'duit', 'uang_tunai']
mountain	pegunungan	Match	['unggun', 'longgok', 'rawa', 'banyak', 'besar_kesepakatan', 'passel', 'pegunungan', 'kelompok', 'bukit', 'cukup_sedikit', 'longgokan', 'muckle', 'lot', 'gunung_kapur', 'mickle', 'baik_kesepakatan', 'sungguh', 'timbun', 'kumpulan', 'gunung', 'rombongan', 'selalu', '482', 'sahtu', 'rapi_sum', 'bumbun', 'mountain', 'ardi', 'timbunan']
movement	gerakan	Match	['movement', 'najis', 'hal_buang_air_besar', 'usaha', 'feses', 'ee', 'faecal_masalah', 'pemindahan', 'tai', 'gerakan_motorik', 'tindakan_kelompok', 'gerakan', 'feces', 'artistik_gerakan', 'gerakan_sosial', 'she_wolf', 'berak', 'tahi', 'fenomena_phi', 'pergerakan', 'daya_upaya', 'khalayak_ramai', 'arus', 'gerakan_seni', 'gerakan_filosofis', 'kotoran', 'taik', 'aktivitas_lokomotor', 'garit', 'perjuangan', 'mekanisme', 'defekasi', 'caci_maki', 'pindah', 'buang_hajat', 'aliran', 'kerumunan', 'kotoran_burung', 'buang_air_besar', 'kecenderungan', 'faeces', 'motilitas', 'babak', 'gerak_hewan', 'art_gerakan', 'pengalihan', 'gerak', 'tembelek', 'tinja', 'the_pillows', 'tentera', 'ganjak', 'keramaian', 'kampanye', 'jelas_gerakan', 'orang_ramai', 'boker', 'fecal_masalah', 'jelas_gerak']
movie	film	Match	['motion_video_penuh', 'film', 'gerakgambar', 'wayang', 'gambar', 'gerakgambar_menunjukkan', 'bergerakgambar_menunjukkan', 'filem', 'motion_picture', 'fullmotion_video', 'film_layar_lebar', 'perfilman', 'film_teater', 'kites', 'sebuah_film_besar', 'layar_lebar', 'industri_film', 'movie', 'bioskop', 'a_movie', 'gambar_bergerak', 'film_besar']
music	musik	Match	['countryrock', 'musik_prasejarah', 'the_music', 'seni_musik', 'musik', 'bunyi_merdu', 'music', 'musical_symbols', 'country_rock']
nation	negara	Match	['keadaan', 'menyatakan', 'bangsa', 'republik', 'pemerintah', 'negara_bagian_di_jerman', 'tipe_tipe_negara', 'nasional', 'daftar_negara_bagian_di_jerman', 'negara_bagian_di_meksiko', 'negara_berdaulat', 'daftar_negara_bagian_di_meksiko', 'teori_deklaratif_kenegaraan', 'lembaga_politik', 'daftar_negara_bagian_jerman', 'tanah_air', 'rantau', 'carry_bangsa', 'apollo_crews', 'carry_nation', 'negara_bagian_meksiko', 'rakyat', 'masyarakat_politik', 'negara_bagian_jerman', 'tanah', 'kendrick_lamar', 'bundesland', 'carry_amelia_nation_moore', 'res_publica', 'nation', 'daerah', 'kawasan', 'carry_amelia_moore_nation', 'negeri', 'bangsa_mahasiswa', 'negara']
news	berita	Match	['warta', 'program_berita', 'kejadian_terkini', 'laporan', 'kabar', 'info', 'berita_acara', 'newsworthiness', 'kata', 'maklumat', 'laporan_berita', 'acara_berita', 'berita_tv', 'news', 'berita']
noise	bising	Match	['musik_noise', 'gelombang_suara', 'latar_belakang_gelombang_mikro_kosmis', 'radiasi_latar_belakang_gelombang_mikro_kosmis', 'atmosfer_statis', 'bunyibunyian', 'radiasi_latar_belakang_gelombang_mikro_kosmik', 'radio_noise', 'suara_elektronik', 'elementary_os', 'elementary', 'gelombang_akustik', 'radiasi_latar_belakang_kosmik', 'latar_belakang_gelombang_mikro_kosmik_radiasi', 'kebisingan', 'latar_belakang_gelombang_mikro_kosmik', 'atmospherics', 'radiasi_latar_mikrogelombang_kosmis', 'cmb', 'desasdesus', 'stochasticity', 'kebisingan_sinyal', 'kosmik_microwave_background', 'derau', 'kebisingan_industri', 'audio', 'kebisingan_listrik', 'polusi_suara', 'bising', 'bunyi', 'desah', 'bergema', 'noise', 'gangguan_acak', 'kosmik_latar_belakang_radiasi', 'bergaung', 'mbr', 'suara_polusi', 'radiasi_latar_belakang_mikrogelombang_kosmis', 'suara', 'radiasi_latar_gelombang_mikro_kosmis', 'mendengungkan', 'peraturan_kebisingan', 'haphazardness', 'hingar', 'igauigauan', 'riuh_rendah', 'gangguan', 'cbr', 'semut', 'latar_belakang_microwave_cosmic', 'cmbr']
obligation	kewajiban	Match	['kewajiban', 'komitmen', 'tanggungan', 'hukum_kontrak', 'sertifikat_hutang', 'perjanjian', 'hutang', 'obligasi', 'keharusan', 'janji', 'darma', 'bon', 'tugasnya', 'hukum_kewajiban', 'surat_utang', 'utang_instrumen', 'tugas', 'ikrar', 'tanggung_jawab']
pain	penderitanya	Found close match: ['menderita']	['pengganggu', 'mcl', 'menyakitkan_sensasi', 'membencanakan', 'kesakitan', 'ngilu', 'orang_rewel', 'menderita', 'kepiluan', 'menyakitkan', 'kemarahan', 'mencacati', 'nyeri', 'melukai', 'nyeri_di_pantat', 'games_pain', 'pain', 'king_of_da_ghetto', 'pengacau', 'kesengsaraan', 'nyeri_akut', 'sengsara', 'forever', 'gangguan', 'sensasi_nyeri', 'menyakiti', 'sakit', 'membencanai']
personality	kepribadian	Match	['personality', 'tokoh', 'ketokohan', 'kepribadian']
philosophy	filsafat	Match	['filosofi', 'aliran', 'sekolah', 'falsafah', 'pemikiran', 'filsuf', 'filsafat_terapan', 'filosof', 'sekolah_pemikiran', 'ajaran', 'philosphy', 'filsafat', 'doktrin', 'filosofis', 'aliran_pemikiran_tradisi_intelektual', 'mazhab_pemikiran']
picture	picture	Match	['bayangan', 'lukisan_klasik', 'transfigurasi', 'kesan_mental', 'lukisan_kata', 'avatar', 'bergerakgambar_menunjukkan', 'fotograf', 'memikirkan', 'occlumency', 'memvisualisasikan', 'citra', 'mengangankan', 'kiss', 'potret', 'keadaan', 'pelukis', 'bergambar', 'cobol', 'film', 'menerawang', 'gerakgambar', 'wayang', 'animagus', 'peta', 'mementaskan', 'foto_akun', 'pertunjukan', 'memperlihatkan', 'filem', 'picture', 'berjumpa', 'serupa', 'parseltongue', 'menonjolkan', 'menunjukkan', 'jiwa_picture', 'tanggapan', 'gambaran', 'drawing', 'melukiskan', 'buku_bergambar', 'menampakkan', 'sihir_dalam_harry_potter', 'bayangbayang', 'mental_yang_gambar', 'gambar', 'ikon', 'menyaba', 'mempertunjukkan', 'menceritakan', 'motion_picture', 'ilustrasi', 'nampak', 'pemandangan', 'film_layar_lebar', 'sebuah_film_besar', 'bercerita', 'industri_film', 'penyifatan', 'melakonkan', 'gambar_bergerak', 'katalukisan', 'menggambar', 'kata_gambar', 'imaji', 'lukisan', 'gerakgambar_menunjukkan', 'mengilatngilatkan', 'mengunjurkan', 'bertemu', 'menjorok', 'mempertontonkan', 'membayangkan', 'menggambarkan', 'perfilman', 'film_teater', 'menampilkan', 'melihat', 'citra_mental', 'mengkhayalkan', 'foto', 'layar_lebar', 'bioskop', 'bergambar_materi', 'film_besar', 'membayangbayangkan']
pig	kelinci	Incorrect	['mengganyang', 'babi_hutan', 'sus', 'celeng', 'menelan', 'shio_babi', 'pipa_pengukur_inspeksi', 'gelojoh', 'jorok_orang', 'pigging', 'orang_gemuk', 'scrofa', 'polis', 'anak_babi', 'babi', 'ceroboh', 'conjoiner', 'membaham', 'shoat', 'piglet', 'polisi', 'pig', 'khinzir', 'babi_tidur', 'babi_liar', 'shote', 'conjoiners', 'menabur', 'matamata', 'pelahap', 'pemalas', 'sus_scrofa', 'sus_scrofa_domestica', 'melahap', 'babi_betina', 'babi_celeng', 'daging_babi', 'babi_domestik', 'porc']
plan	rencana	Match	['menyusun', 'merangkakan', 'arsitektur_rencana', 'manajemen_program', 'beragan', 'mereka', 'reka', 'menjadwalkan', 'menyemburkan', 'angkatan_laut_tiongkok', 'gambar', 'angkatan_laut_pembebasan_rakyat', 'menghasilkan', 'mencadangkan', 'memancarkan', 'manajer_program', 'cara', 'reka_bentuk', 'mendesain', 'menjorok', 'rancang', 'bercadang', 'perencanaan_arsitektur', 'plan', 'mengasadkan', 'merencanakan', 'bermaksud', 'jalan', 'rancangan', 'merancang', 'angkatan_laut_tentara_pembebasan_rakyat', 'rencanakan', 'desain', 'cadang', 'pelan', 'program', 'berencana', 'rencana', 'rencana_arsitektur']
plant	tumbuhan	Match	['mengadakan', 'membangun', 'mewujudkan', 'perakitan', 'lini_produksi', 'tanaman_fisik', 'plantae', 'lini_perakitan', 'mengeset', 'membenamkan', 'pekerja_pabrik', 'membuka', 'menepatkan', 'bertanam', 'viridiplantae', 'mendirikan', 'trigun', 'nabati', 'memancangkan', 'memulakan', 'alam_tumbuhtumbuhan', 'mengukuhkan', 'pabrik_industri', 'terbenam', 'assembly_line', 'memacak', 'tetumbuhan_hijau', 'loji', 'manufaktur_pabrik', 'menetakkan', 'tanam', 'membangunkan', 'vegetabilia', 'menghijaukan', 'factorij', 'mengenten', 'tumbuhan', 'pokok', 'diri', 'produksiline', 'tanaman', 'daftar_istilah_biliar', 'membentuk', 'menetak', 'jalur_perakitan', 'menyemaikan', 'melepaskan', 'industrial_plant', 'tetumbuhan', 'memperkenalkan', 'jenis_makhluk', 'penjudi', 'feitoria', 'menubuhkan', 'tumbuhtumbuhan', 'plant', 'merupakan', 'spesies_tanaman', 'pabrik', 'menanam', 'kilang', 'mengasaskan', 'melansir', 'membina', 'ialah', 'menjadikan', 'tanamtanaman', 'flora', 'tanammenanam', 'karya', 'tumbuhan_hijau', 'daftar_istilah_billiard', 'menetapkan', 'mengecor', 'tercari', 'pabrikan', 'memancang']
play	bermain	Match	['bermain_lurus', 'bermain_periode', 'berbuat', 'taruh', 'ambul', 'menentang', 'kesan', 'meloncatloncat', 'bertaruh', 'membawa', 'membawakan', 'gema', 'bebas_rein', 'menghasilkan', 'menjudikan', 'berolokolok', 'menyebabkan', 'dramatis_bermain', 'hidup', 'sandiwara_panggung', 'penjudi', 'berhadapan', 'berpurapura', 'berkesan', 'rancangan', 'memasang', 'mempersembahkan', 'bermain', 'akting', 'akibat', 'berakhir', 'main', 'gambling', 'kilauan', 'bercumbucumbu', 'spekulasi', 'berulah', 'seni_drama', 'perjudian', 'mempermainkan', 'menyampaikan', 'google_play_store', 'mementaskan', 'periode_bermain', 'berlakon', 'terukir', 'taruhan', 'mainmain', 'meneban', 'kilau', 'bertingkah', 'berjumpa', 'olahraga', 'pemerintahan', 'menimbulkan', 'memetik', 'judi', 'menjumpai', 'drama_panggung', 'menuntun', 'menjalankan', 'mendatangkan', 'melawan', 'menunjukkan', 'melompatlompat', 'mewakili', 'reaksi', 'play', 'bermusik', 'game', 'android_market', 'google_bouncer', 'gurauan', 'pementasan', 'lakon_panggung', 'pengundian', 'menurunkan', 'keseronokan', 'tawaran', 'mempertunjukkan', 'mempertaruhkan', 'putar', 'undian', 'teater_bermain', 'pantulan', 'pusingan', 'buyar', 'membuyarkan', 'play_store', 'mainkan', 'terjadi', 'melakonkan', 'seloroh', 'menemui', 'stageplay', 'mengakok', 'dramawan', 'berundanundan', 'giliran', 'permainan_anggar', 'lantunan', 'drama', 'sandiwara', 'bertemu', 'memainkan', 'mengakibatkan', 'berperan', 'google_play', 'bertanding', 'bermainmain', 'memberikan', 'games', 'mempertontonkan', 'lakon', 'memegang_peranan', 'mengalir', 'perlawanan', 'permainan', 'kejenakaan', 'melonjaklonjak', 'bermain_teater', 'memikul', 'memisalkan']
pleasure	kesenangan	Match	['sondre_lerche', 'nikmat', 'semisonic', 'kesenangan', 'keseronokan', 'kenikmatan', 'kegembiraan', 'menyenangkan', 'kemesraan', 'menggembirakan', 'gembira', 'pleasure_p']
poor	buruk	Found close match: ['bulus']	['papa', 'jembel', 'tingkat_kemiskinan', 'kemiskinan', 'kasihan', 'kefakiran', 'poor', 'sarit', 'mundur', 'lemah', 'kemiskinan_perkotaan', 'pemiskinan', 'kemiskinan_global', 'sumpah_kemiskinan', 'kurang', 'berpenghasilan_rendah', 'malang', 'orang_miskin', 'kemelaratan', 'sial', 'kepapaan', 'fakir', 'zavillilar', 'miskin', 'malap', 'kemiskinan_relatif', 'menyedihkan', 'sengsara', 'tipis', 'bulus', 'celaka', 'kemiskinan_sukarela', 'azab', 'zavallƒ±lar', 'melarat', 'susah']
prison	penjara	Match	['keamanan_minimum', 'dipenjara', 'sistem_penjara', 'sekolah', 'penjara', 'sel', 'penjara_county', 'bui', 'lembaga_pemasyarakatan', 'tom_robinson', 'fasilitas_pemasyarakatan', 'jailhouse', 'keamanan_menengah', 'terpenjara', 'rumah_tahanan', 'prison', 'memenjarakan', 'muslihat', 'sempit', 'lembaga_permasyarakatan', 'tahanan']
professional	profesional	Match	['atlet_profesional', 'profesional_orang', 'ketua', 'handal', 'karyawan', 'tuan', 'professional', 'juru', 'ahli', 'pakar', 'kepala', 'berpengalaman', 'profesionalisme', 'eksper', 'profesional', 'olahraga_profesional']
protection	perlindungan	Match	['proteksi', 'protection', 'pelindung', 'keselamatan', 'pemeliharaan', 'kesentosaan', 'alingaling', 'perlindungan', 'kediaman', 'naungan', 'kesejahteraan', 'proteksi_perdagangan', 'lindungan', 'bantuan', 'kawalan', 'penjagaan', 'keamanan']
quality	kualitas	Match	['timbral', 'timbres', 'timbre', 'mutu', 'bermutu', 'kaliber', 'kualitas', 'ciri', 'nada', 'aksara', 'pertukaran', 'pilihan', 'karakter', 'berkaliber', 'ton', 'watak', 'sifat', 'huruf', 'warnanada', 'pendirian', 'smpn_41_jakarta', 'digit', 'pilih', 'berkualitas', 'quality']
reaction	reaksi	Match	['proses_kimia', 'reaction', 'respon', 'tanggapan', 'balasan', 'kimia', 'reaksioner', 'reaksi_kimia', 'reaksi']
read	membaca	Match	['mengucapkan', 'menginterpretasikan', 'menampakkan', 'mengkaji', 'mengarik', 'bersabda', 'pembacaan', 'jadi', 'membaca', 'meneliti', 'makan', 'dengar', 'membuktikan', 'mengarifi', 'menyabdakan', 'mengabarkan', 'mengerti', 'memafhumi', 'membutuhkan', 'membawa', 'menghafal', 'mencatat', 'mencernakan', 'menandakan', 'menangkap', 'mempertunjukkan', 'mencatatkan', 'mencerna', 'maklum', 'mengutarakan', 'mengilatngilatkan', 'baca', 'berujar', 'menganalisis', 'menyelidik', 'menafsirkan', 'memperlihatkan', 'mengartikan', 'menelaah', 'bacaan', 'mendaftar', 'berhasil', 'terjemah', 'meluwengkan', 'mempertontonkan', 'mengambil', 'dibaca', 'menerjemahkan', 'membacakan', 'menganggap', 'berucap', 'belajar', 'berbunyi', 'menampilkan', 'memahami', 'menonjolkan', 'berkata', 'mendaftarkan', 'memaklumi', 'bacalah', 'mendengar', 'mempelajari', 'bercakap', 'menunjukkan', 'memeriksa', 'mempersembahkan', 'mengarifkan', 'mengatakan', 'mafhum', 'read', 'merekam', 'menanggapi', 'memasuki', 'memasukkan']
relationship	hubungan	Match	['kelompok_keturunan', 'famili', 'sanak_saudara', 'keluarga', 'kerabat', 'pertalian', 'hubungan', 'interaksi_manusia', 'hubungan_keluarga', 'kaitan', 'kekerabatan', 'hubungan_kekerabatan', 'hubungan_antarpribadi', 'jalinan', 'kenalan', 'perhubungan', 'ikatan', 'hablun', 'hubungan_interpersonal', 'hubungan_jangka_panjang', 'persahabatan', 'kekerabatan_dan_keturunan', 'keterkaitan', 'interpersonal', 'hubungan_manusia', 'saudara', 'hubungan_akrab', 'perkenalan', 'relasi']
religious	keagamaan	Match	['agamais', 'religi', 'beriman', 'keagamaan', 'saleh', 'warak', 'ibadah', 'beragama', 'alim', 'agamis', 'agama', 'religius', 'cermat', 'suci']
residence	kediaman	Match	['residence', 'sebelah', 'kampung_halaman', 'tempat_tinggal', 'rumah_tinggal', 'aula', 'kediaman', 'penghuni', 'tempat', 'tinggal', 'trah', 'kedudukan', 'hunian', 'rumah', 'residencia', 'wangsa', 'kediaman_pribadi', 'residensi', 'rumahrumah', 'rumah_besar', 'domisili', 'penduduk', 'permukiman']
road	jalan	Match	['causeways', 'the_road', 'saluran', 'jalan', 'pembangunan_jalan', 'jalur', 'cara', 'pergi_permainan', 'road', 'pertandingan_tandang', 'laluan', 'new', 'jalan_permainan']
sad	perasaanku	Incorrect	['kuyu', 'berhati_pilu', 'masgul', 'sugul', 'dukacita', 'nestapa', 'sungkawa', 'gobar', 'gangguan_afektif_musiman', 'sad', 'murung', 'berdukacita', 'kesedihan', 'teruk', 'benguk', 'ripuh', 'tsade', 'ksad', 'sedu', 'nelangsa', 'galaba', 'sedih', 'walang_hati', 'surat_shaad', 'muram', 'gundah', 'gelabah', 'bersedih', 'bersendu', 'sayu', 'pilu', 'sedu_hati', 'menyedihkan', 'sendu', 'galabah', 'lost_dogs', 'bengok', 'tsadi', 'surah_sad', 'sadhe', 'lara', '·π£ad', 'gelebah', 'terista']
science	sains	Match	['iptek', 'ilmu_empiris', 'kemahiran', 'ilmu_pengetahuan', 'disiplin_ilmu', 'discovery_science', 'sains', 'keterampilan', 'ilmu_pengetahuan_dan_teknologi', 'science_channel', 'ilmu', 'ketangkasan', 'the_science_channel', 'ilmu_umum', 'science', 'ilmiah', 'ilmu_pengetahuan_mainstream', 'ilmiah_disiplin']
seafood	seafood	Match	['makanan_laut', 'sari_laut', 'seefood', 'hidangan_laut', 'seafood', 'boga_bahari']
sell	menjual	Match	['menjual', 'penjualan', 'mendagangkan', 'mendurhaka', 'terjual', 'menawarkan', 'laku', 'perniagaan', 'perdagangan_maritim', 'laris', 'khianat', 'jual', 'membelot', 'mengkhianati', 'berdagang', 'membeli', 'mengorbankan', 'berjual', 'perdagangan', 'belot', 'melakukan', 'melariskan', 'sell']
sew	menjahit	Not found	[]
sexy	girly	Incorrect	['seksi', 'sexy', 'elephunk', 'afrodisiak', 'memberahikan']
shape	bentuknya	Found close match: ['bentuk', 'membentuk', 'berbentuk']	['mengerjakan', 'sosok', 'berakhir', 'bentuk_musik', 'menyusun', 'melancung', 'markas_tertinggi_sekutu_powers_eropa', 'mengakok', 'bentuk', 'material_bodi', '442', 'memutuskan', 'rupa', 'menetakkan', 'rangka', 'pigmentasi_kulit', 'markas_besar_bersekutu_powers_eropa', 'memalsu', 'formasi', 'anatomi', 'pengaruh', 'berbentuk', 'panglima_tertinggi_sekutu_eropa', 'fisiologi_manusia', 'fisik_tubuh', 'bentuk_tubuh', 'menetak', 'membentuk', 'mengatur', 'memastikan', 'garis_bentuk', 'bod', 'pola', 'susuk', 'jasmani', 'bakut', '433', 'primitif', 'komando_operasi_sekutu', 'warna_kulit', 'kondisi', 'shape', 'melancungkan', 'tubuh', 'mencetak', 'daging', 'raut', 'anatomi_manusia', 'tubuh_manusia', 'menentukan', 'penjelmaan', 'corak', 'formasi_wm', 'menetapkan', 'warna_kulit_manusia', 'memalsukan', 'badan']
ship	kapal	Match	['memuat', 'melayangkan', 'mengirimkan', 'mengambil', 'ship', 'menghantar', 'mengirimi', 'mengirim', 'kapal_laut', 'membawa', 'menyalurkan', 'mengantarkan', 'kapal', 'mengangkut', 'menaiki']
show	show	Match	['menyatakan', 'memadahkan', 'mengarah', 'membawa', 'membawakan', 'show', 'memamerkan', 'mengungkapkan', 'takrir', 'mendaftarkan', 'penjudi', 'mempersembahkan', 'mempergelarkan', 'acara_pertanian', 'mendemonstrasikan', 'menetapkan', 'menunjuk', 'menghantar', 'gambling', 'tunjuk', 'spekulasi', 'membuka', 'membaca', 'menyuguhi', 'perjudian', 'rupa', 'mementaskan', 'mencatatkan', 'mencerna', 'mengutarakan', 'taruhan', 'pertunjukan', 'meluahkan', 'memperlihatkan', 'pekan_raya', 'perlihatkan', 'acara', 'terbeti', 'menetak', 'judi', 'pengertian_dari_show', 'menonjolkan', 'memandu', 'menunjukkan', 'melisankan', 'melukiskan', 'merekam', 'mengucapkan', 'membangun', 'menampakkan', 'wajah', 'berdemonstrasi', 'pengundian', 'membuktikan', 'menunjuki', 'hadir', 'mengonyok', 'mempertunjukkan', 'indikasi', 'gamik', 'menghadiahkan', 'menceritakan', 'mendaftar', 'mengonyokkan', 'nampak', 'pemandangan', 'membentuk', 'menahkikkan', 'mengekspresikan', 'kelihatannya', 'memastikan', 'undian', 'menghidangkan', 'bercerita', 'menghadapkan', 'menyajikan', 'tampil', 'pameran', 'tayang', 'kelihatan', 'pamer', 'melakonkan', 'menayangkan', 'membahasakan', 'melahirkan', 'tunjukkan', 'menayang', 'memimpin', 'tampilkan', 'mencatat', 'mencernakan', 'menandakan', 'menetakkan', 'mengemukakan', 'mengilatngilatkan', 'menyelenggarakan', 'kepurapuraan', 'mencurahkan', 'mempertontonkan', 'menggambarkan', 'terbukti', 'gamit', 'menampilkan', 'menubuhkan', 'menghadirkan', 'bukti', 'membayangbayangkan']
sign	menanda	Found close match: ['mengadakan', 'tanda', 'pertanda']	['mengadakan', 'outofband_signaling', 'memberkati', 'polaritas', 'bertanggung_jawab', 'no_regret_life', 'signage_komersial', 'elektropositif', 'upah', 'brown_eyed_girls', 'keelektronegatifan', 'ilmu_nujum', 'mengerut', 'naungan', 'tanda', 'isyarat', 'lambang', 'tanda_semiotik', 'cancer', 'auspicium', 'tanda_klinis', 'tanda_mintakulburuj', 'tanda_zodiak', 'elektronegatif', 'grafis_simbol', 'planet_rumah', 'sign', 'membuat', 'sinyal_kontrol', 'preindication', 'ditandatangani', 'tandatangani', 'aksara', 'tandatanda_klinis', 'sinyal', 'papan', 'signage', 'tandatanda', 'bilangan_negatif', 'semiotika', 'zodiak', 'angka_positif', 'karakter', 'rumah', 'petunjuk', 'tanda_bintang', 'merestui', 'papan_merek', 'pertanda', 'semiotik', 'bintang_tanda', 'elektronegatifitas', 'memperjanjikan', 'huruf', 'nonnegatif', 'skala_pauling', 'kutub_positif', 'bilangan_positif', 'meratifikasi', 'elektronegativitas', 'mengesahkan', 'tanda_medis', 'grafem', 'alamat', 'menandatangani', 'simbol', 'semiologi', 'skala_allen']
silly	Âçê	Incorrect	['goblok', 'sementung', 'jahil', 'bebal', 'ongok', 'bongak', 'tolol', 'gendeng', 'sontoloyo', 'bangang', 'silly', 'bambung', 'otak_udang', 'ayam_kampung', 'bego', 'sempit_akal', 'sinting', 'geblek', 'mengarut', 'mamai', 'pandir', 'hamik', 'udik', 'tumpul', 'bukanbukan', 'tongong', 'lompong', 'dogol', 'pilon', 'otak_ayam', 'kebohongan', 'kekonyolan', 'omong_kosong', 'ahmak', 'bodoh', 'tidak_masuk_akal', 'konyol', 'menyedihkan', 'beloh', 'gilagila', 'gilagilaan', 'pusung', 'jongkok', 'dongok', 'lembap', 'bongok', 'lembam', 'dungu']
sin	sin	Match	['bandar_udara_internasional_changi_singapura', 'bandara_internasional_changi_singapura', 'pangkalan_udara_changi', 'bandar_udara_changi_singapura', 'sin', 'bahasa_sinhala', 'terlanjur', 'sinhala', 'changi_international_airport', 'xian', 'bandara_changi', 'ÿ≥', 'bandara_changi_singapura', 'berdosa', 'changi_airport', 'bandar_udara_changi', 'singapore_changi_airport', 'bandara_internasional_changi', 'shin', 'wsss', 'kedosaan', 'bandar_udara_singapura_changi', 'sinus', 'bandar_udara_internasional_changi', 'orangorang_berdosa', 'dosa', 'silap', 'fungsi_sinus']
skin	kulitnya	Found close match: ['kulit', 'kulit_buah']	['day_for_night', 'mengorek', 'skinnable', 'tempurung', 'psikiatri_rumah_sakit', 'almost_human', 'ray_of_light', 'kekerabatan_aborigin_australia', 'jiwa_lembaga', 'supernatural', 'colokmasuk', 'tegument', 'merangkak', 'skin', 'mengakas', 'tersandung', 'melucutkan', 'kad', 'kupas', 'perawatan_kulit', 'papan_sirkuit_cetak', 'terkupas', 'blender', 'memanjat', 'merelas', 'kulit', 'lapisan', 'printed_circuit_board', 'cutis', 'kulit_buah', 'mencetus', 'bergesek', 'menguliti', 'rumah_sakit_jiwa', 'addin', 'mengupas', 'sirkuit_kartu', 'menggeret', 'pesawat_listrik', 'papan_sirkuit', 'melapah', 'terkelopak', 'mengopek', 'mengelopak', 'membeset', 'bergeser', 'sel_kulit', 'kehidupan', 'kulit_bulu', 'pasangtambah', 'r_kelly', 'pengaya', 'plugin', 'tersayat', 'pcb']
smart	pintar	Match	['cemerlang', 'smart', 'lancang', 'tampan', 'cerdik', 'kapasitas_mental', 'intelligence_quotient', 'tertikam', 'intelijen', 'terluka', 'mencelakai', 'gerenyau', 'tajam_pikiran', 'bijak', 'membencanakan', 'mencederakan', 'bestari', 'memedihkan', 'cedera', 'biadab', 'inteligensi', 'inteligen', 'menyakitkan', 'tajam_otak', 'pintar', 'cerdas', 'mencacati', 'melukai', 'terang_akal', 'perit', 'kacak', 'kecerdasan_intelektual', 'pandai', 'otak', 'berakal', 'pantas', 'kurang_ajar', 'encer', 'segak', 'kecerdasan', 'bergaya', 'kecerdikan', 'smart_gmbh', 'cantik', 'perih', 'menggunting_hati', 'kecerdasan_logika', 'menyakiti', 'kepedihan', 'sakit', 'membencanai']
smiling	tersenyum	Match	['kernyih', 'theresa_fu', 'menyenangkan', 'senyum', 'menyeringai', 'senyuman', 'tersenyum', 'smiling', 'smile', 'seringai', 'sengihan', 'sengih']
solution	solusi	Match	['persamaan_memecahkan', 'akibat', 'ketetapan', 'hasil', 'resolusi', 'penyelesaian', 'larutan', 'adunan', 'keputusan', 'pemecahan_masalah', 'jawaban', 'kesan', 'penyelesaian_masalah', 'persamaan_pemecahan', 'solusi', 'akar', 'solution', 'zat_terlarut']
soul	soul	Match	['unik', 'sukma', 'sanubari', 'mrmr', 'orang', 'individu', 'soul', 'soulfulness', 'seorang', 'ruh', 'jiwa_yang_abadi', 'jiwa', 'manusia', 'ai√∫a', 'soul_music', 'roh', 'pribadi', 'nyawa', 'insan', 'musik_soul', 'seseorang', 'fana', 'individual', 'jiwanya']
sound	sound	Match	['sah', 'gelombang_suara', 'menyelami', 'berbahaya', 'secukupnya', 'bunyibunyian', 'gelombang_akustik', 'sehat', 'wajar', 'bunyi_ujaran', 'telepon', 'teguh', 'menduga', 'berjalan', 'audio', 'sound', 'pendengaran_sensasi', 'bunyi', 'tecnocumbia', 'membunyikan', 'berbunyi', 'hidup', 'terdengar', 'utuh', 'selat', 'membahana', 'nyenyak', 'memerum', 'lena', 'cantik', 'segar', 'fon', 'halal', 'bunyi_bahasa', 'menuturkan', 'mantap', 'suara', 'suara_pidato', 'kukuh']
spoke	berbicara	Not found	[]
star	star	Match	['kepribadian_tv', 'aktor_utama', 'estelle', 'matriks_pertumbuhansaham', 'pemain_yg_terkenal', 'mavin', 'genius', 'ilean_almaguer', 'hotel_bintang_lima', 'selebriti', 'star_tv', 'topologi_bintang', 'star_india', 'topologi_star', 'terkenal_orang', 'pesohor', 'ketenaran', 'protein_regulator_steroidogenik_akut', 'adept', 'mullet', 'pintar', 'startv', 'kepribadian_media', 'superstar', 'targz', 'the_star', 'tar', 'maven', 'juara', 'jaringan_bintang', 'aktris_terkemuka', 'mahir', 'matriks_bcg', 'star_pravah', 'selebritis', 'aktor_terkemuka', 'jagoan', 'air', 'selebritas', 'aktor', 'tanda_bintang', 'bintang_film', 'pakar', 'grafik_bintang', 'membintangi', 'star', 'asterisk', 'popstar', 'xerox_star', 'the_rise_and_fall_of_ziggy_stardust_and_the_spiders_from_mars', 'bintang', 'dibintangi', 'terkenal', 'star_37', 'tersohor', 'berbintang', 'jenius', 'utama']
student	mahasiswinya	Found close match: ['mahasiswi', 'mahasiswa']	['tahun_pertamanya', 'handal', 'pelatih', 'educatee', 'siswa', 'murid', 'pelajar', 'buku_harian', 'mahasiswa', 'penjualan_buku', 'berilmu', 'penjual_buku', 'mahir', 'toko_buku', 'ilmiah_orang', 'sarjana', 'mahasiswi', 'anak_murid', 'penuntut', 'student', 'arif', 'sekolah_gereja_kristus', 'cendekiawan', 'peserta_didik', 'william_sealy_gosset']
stupid	bodoh	Match	['goblok', 'sementung', 'jahil', 'pillock', 'ongok', 'bongak', 'orang_goblok', 'bebal', 'tolol', 'ravensymone', 'kedunguan', 'gendeng', 'sontoloyo', 'bangang', 'bambung', 'puddenkepala', 'ayam_kampung', 'otak_udang', 'miskin_ikan', 'orang_bodoh', 'bego', 'sempit_akal', 'geblek', 'kebebalan', 'pandir', 'hamik', 'udik', 'tumpul', 'tongong', 'lompong', 'dogol', 'stupid', 'pilon', 'otak_ayam', 'ahmak', 'bodoh', 'beloh', 'bodoh_orang', 'kebodohan', 'pusung', 'jongkok', 'dongok', 'ketololan', 'lembap', 'bongok', 'lembam', 'dungu']
successful	sukses	Match	['berhasil', 'berjaya', 'jaya', 'sukses', 'successful']
sugar	gula	Match	['gula', 'kadar_gula', 'sakar', 'sugar', 'gula_pasir', 'glassheart', 'simoleons', 'roti', 'dinero', 'moolah', 'perdagangan_gula', 'c12h22o11', 'gelt', 'gula_halus', 'kubus_gula', 'uang', 'harta', 'batman_forever', 'karbohidrat', 'gula_dalam_anggur', 'fulus', 'pelf', 'remis', 'kubis', 'gula_putih', 'menggulai', 'kerang', 'sakarida']
suspect	mencurigai	Match	['kesangsian', 'waswas', 'tersangka', 'menerka', 'bercuriga', 'tertuduh', 'robert_crais', 'terdakwa', 'membaui', 'syak', 'penderita', 'syak_wasangka', 'mencurigai', 'menyangka', 'the_suspect', 'sangsi', 'terdakwa_kriminal', 'kecurigaan', 'ketidakpercayaan', 'meramalkan', 'waham', 'pelaku']
table	tabel	Match	['elemen_html', 'mengemudiankan', 'membekukan', 'makanan', 'membenamkan', 'membelakangkan', 'mesas', 'hubungan', 'lembar_data', 'iframe', 'menunda', 'menangguhkan', 'tertunda', 'mempertangguhkan', 'tabular_array', 'tabel_database', 'meja', 'tabular', 'papan_suara', 'soundboard', 'tunda', 'hidangan', 'mengundurkan', 'mesa', 'tag_html', 'dataran_tinggi', 'lookup', 'data', 'tabel', 'sajian', 'bertangguh', 'pencarian', 'menundakan']
taste	citarasanya	Found close match: ['cita_rasa', 'cita_rasa_anggur']	['selera', 'pedar', 'pencicipan', 'cita_rasa_anggur', 'gustatory_sensasi', 'menguji', 'penyedap', 'rasa', 'rasa_alami', 'rasa_rasa', 'gustation', 'gemar', 'mengenyam', 'wine_tasting', 'penghayatan', 'rasa_dasar', 'kesayangan', 'gustatory_modalitas', 'jamah', 'menikmati', 'cita_rasa', 'mencicipi_anggur', 'sifat_rasa', 'keutamaan', 'contoh', 'rame', 'sesuap', 'pemberi_rasa', 'berusaha', 'suka', 'mencicip', 'cecap', 'menjamah', 'rasa_buatan', 'kenyam', 'berasa', 'mencicipi_buta', 'merasai', 'pengecapan', 'penyedap_rasa', 'kenyap', 'menjajal', 'taste', 'persepsi_rasa', 'minat', 'penambah_rasa', 'meninjau', 'kegemaran', 'mengikhtiarkan', 'penikmatan', 'mencoba', 'kecenderungan', 'agen_penyedap', 'kesukaan', 'prefrensi', 'mencobakan', 'mencicipi', 'gustatory', 'gustasi', 'sampel', 'apresiasi', 'nowhere', 'mendebik', 'bumbu_buatan', 'sensasi_rasa', 'preferensi', 'anggaran', 'merasa', 'coba', 'merasakan', 'lampang', 'berikhtiar', 'meresapi', 'gustatory_persepsi']
team	team	Match	['band_pop', 'band_rock', 'kelompok_musik', 'grup_rock', 'grup_band', 'proyek_solo', 'ensemble_instrumental', 'kelompok', 'ansambel_musik', 'regu', 'grup_musik', 'olahraga_tim', 'ensembel_musik', 'ensambel_musik', 'artis_solo', 'ensembel', 'team', 'bar_band', 'tim', 'ensemble_musik', 'tim_olahraga', 'pasukan', 'band_musik', 'band_rock_pop']
texture	tekstur	Match	['tekstur_musik', 'macrotexture', 'tekstur', 'teksturnya', 'tenunan', 'jalinan', 'peta_tekstur', 'dimulut', 'pemetaan_tekstur']
time	waktu	Match	['interval_waktu', 'pukul', 'in_my_own_words', 'kali', 'scatmans_world', 'titan_mare_explorer', 'rilis_kabel', 'time_magazine', '1_e16_s', 'sinyal_clock', 'kesempatan', 'tegang', 'masa', 'waktu_tanda_tangan', 'waktu_waltz', 'polymeter', 'siklus_clock', 'y_not', 'rangkap', 'majalah_time', 'waktu_kosmologis', 'tanda_tangan_waktu', 'xkcd_1190', 'kala', 'bola', 'tempoh', 'anastacia', 'waktu_jam', 'era', 'hukuman', 'hypnotica', 'pulsa_clock', 'keempat_dimensi', 'ketika', 'meter', 'smartstop', 'zaman', 'alam_semesta_awal', 'pacific_ocean_blue', '44', 'waktu_sederhana', '44_waktu', '68_waktu', 'waktu_sistem', 'jam', 'tenses', 'penjara_jangka', 'rentang', 'time', '128', 'waktu_t', 'waktu', 'waktu_senyawa', 'waktunya', 'selama', 'urutan_kejadian', 'jam_sistem', '24_waktu', 'musik_waktu_tanda_tangan']
tool	debugging	Incorrect	['pelir', 'kanjut', 'alat_pengembangan', 'perangkat_lunak', 'patung', 'punai', 'makhluk', 'alatalat', 'boneka', 'alat_pemrograman', 'cara', 'alat_pembangunan', 'agen', 'alat_pengembangan_pemrograman_komputer', 'tool', 'peler', 'peralatan', 'alat_pemrograman_aplikasi', 'titit', 'alat', 'gawai', 'kontol', 'burung', 'alat_pengembangan_perangkat_lunak', 'batang', 'üõ†', 'perkakas']
toy	mainan	Match	['main', 'bercumbucumbu', 'chatoyancy', 'mempermainkan', 'berundanundan', 'bandara_toyama', 'anjing_mainan', 'mainan_seks', 'alat_permainan', 'mainan', 'mainmain', 'bermainmain', 'toy', 'mempertontonkan', 'memetik', 'chatoyant', 'bandar_udara_toyama', 'rjnt', 'mempersembahkan', 'bermain', 'yello', 'toyline', 'mainan_anjing']
tree	pohon	Match	['membelok', 'teorema_pohon_kruskal_itu', 'tree', 'ibadah_pohon', 'salasilah', 'charlotte_bront√´', 'simpul_induk', 'pohon_suci', 'bronte', 'pohon_berakar', 'pohonpohonan', 'pohon', 'pokok', 'simpul_akar', 'subtree', 'hutan', 'mengepung', 'simpul_anak', 'node_internal', 'diagram_pohon', 'simpul_orang_tua', 'sir_herbert_beerbohm_pohon', 'simpul_daun', 'node_interior', 'simpul_ayah', 'anakan', 'sir_herbert_beerbohm_tree', 'herbert_beerbohm_tree', 'charlotte_bronte', 'kayu']
trial	pengadilannya	Found close match: ['pengadilan_sipil', 'kasus_pengadilan']	['kausal', 'bilangan', 'paucal', 'bala', 'iii', 'kasus_pidana', 'jumlah', 'percobaan', 'nomor_gramatikal', 'gugatan', 'fitnah', 'tercet', 'kasus_pengadilan', 'pertandingan', 'kausalitas', 'sidang', '3', 'hal', 'deuceace', 'trimurti', 'trio', 'kasus', 'ujian', 'pengadilan_sipil', 'kasus_perdata', 'tuntutan_hukum', 'beberapa', 'diadili', 'terzetto', 'trial_run', 'tes', 'dugaan', 'sistem_penyebab', 'kes', 'kesusahan', 'uji', 'kasus_hukum', 'tiga_serangkai', 'tiga', 'prasidang', 'gugatan_perdata', 'musibah', 'perkara_hukum', 'kesengsaraan', 'sengketa_hukum', 'penyebab', 'penderitaan', 'gugatan_hukum', 'menggugat', 'ternion', 'angka', 'terner', 'berperkara', 'sebab', 'nomor_persetujuan', 'causa']
tried	mencoba	Match	['dicoba', 'mencoba', 'kasus_pidana', 'diadili']
typical	mirip	Incorrect	['lazim', 'klasik', 'biasa', 'khas', 'tipikal', 'normal']
unaware	mengetahui	Not found	[]
usable	dibutuhkan	Not found	[]
useless	wikirusak	Not found	[]
vacation	liburan	Match	['liburan', 'berlibur', 'bercuti', 'libur', 'hari_libur', 'cuti', 'seaway_band']
war	perang	Match	['pertempuran', 'konflik_bersenjata', 'the_war', 'yuddha', 'persaingan', 'pertarungan', 'all_or_nothing', 'a_war', 'yuda', 'bahasa_waray', 'ares', 'berlomba', 'konflik_militer', 'berperang', 'perang', 'peperangan', 'keadaan_perang', 'yudha', 'war', 'bahasa_waraywaray', 'waraywaray']
wash	mencucinya	Found close match: ['mencuci', 'pencucian', 'mencuci_gambar']	['washout', 'dikuburkan', 'memandikan', 'ditemukan', 'melarungkan', 'arroyo', 'basuh', 'the_wash', 'terkubur', 'binatu_cina', 'mencuci_gambar', 'membasahkan', 'lavation', 'washables', 'kumbah', 'mengumbah', 'hanyut', 'melengaskan', 'menggilas', 'pencucian', 'melembapkan', 'menghanyutkan', 'wash', 'slipstream', 'scan', 'mencuci', 'membasahi', 'cuci', 'basuhan', 'kering_mencuci', 'lost_dogs', 'bergurah', 'pembasuhan', 'membasuh', 'binatu', 'membilas']
weak	kuat	Incorrect	['cair', 'lembab', 'lahip', 'kelemahan', 'langlai', 'rapuh', 'lintuh', 'kelesuan', 'daif', 'kendur', 'lemah', 'lesa', 'kelemahan_otot', 'rengsa', 'the_sea', 'layu']
wear	mengenakan	Match	['aus', 'menyusahkan', 'kehausan', 'beranak', 'bosan', 'persalinan', 'artikel_pakaian', 'meletup', 'menyembulkan', 'melemahkan', 'keusangan', 'patah', 'keletihan', 'habis', 'membulang', 'pakai', 'hancur_lebur', 'tahan_uji', 'lusuh', 'melelahkan', 'berpakaian', 'letih_lesu', 'clothing', 'mengarihkan', 'pakaian', 'industri_garmen', 'membosankan', 'habiliment', 'keausan', 'hancur', 'reyot', 'pakaian_wanita', 'ketahanan_aus', 'tahan', 'menyelenggarakan', 'membuahkan', 'kelusuhan', 'memakaikan', 'mengumpamakan', 'pecah', 'letih', 'hamil', 'nampak', 'menanggung', 'mengira', 'haus', 'penat', 'terputus', 'mengandaikan', 'kepenatan', 'bunting', 'memakai', 'pakailah', 'hinaan', 'membetahkan', 'menjemukan', 'memberi', 'mengenakan', 'kekal', 'memenatkan', 'meletihkan', 'baju', 'yg_dpt_dipakai', 'kelihatan', 'ripuk', 'busana', 'meluntur', 'wear']
weather	cuaca	Match	['meredah', 'ramalan_cuaca', 'menantang', 'menanggung', 'kondisi_atmosfer', 'cuaca', 'nekad', 'menahan', 'kondisi_cuaca', 'cuaca_outlook', 'prakiraan_cuaca', 'membetahkan', 'menempuh']
willingly	bersedia	Match	['rela', 'bersedia', 'sanggup']
word	kata	Match	['menyatakan', 'kata_sandi', 'daftar_perkataan_l', 'kode_sandi', 'janji', 'laporan', 'mengungkapkan', 'merumuskan', 'kitab_suci_kristen', 'daftar_perkataan_j', 'bible', 'daftar_perkataan_r', 'al_kitab', 'daftar_perkataan_a', 'bibel', 'daftar_perkataan_g', 'injil', 'daftar_perkataan_y', 'diskusi', 'ukuran_word', 'kode_akses', 'daftar_perkataan_k', 'daftar_kitab_dalam_alkitab', 'putra', 'kitab_injil', 'microsoft_word', 'teksteks_agama', 'daftar_perkataan_c', 'berita', 'daftar_perkataan_u', 'perintah', 'baik_buku', 'teksteks_suci', 'daftar_perkataan_f', 'perundingan', 'anak', 'daftar_perkataan_h', 'daftar_perkataan_x', 'perbahasan', 'kabar', 'panjang_kata', 'daftar_perkataan_e', 'jenis_kata', 'daftar_perkataan_b', 'mengucapkan', 'arahan', 'daftar_perkataan_s', 'teks_agama', 'semboyan', 'firman_allah', 'daftar_kata', 'daftar_perkataan_q', 'firman_tuhan', 'perkataan', 'daftar_perkataan_p', 'istilah', 'janji_untuk_ditepati', 'sandi', 'berkata', 'daftar_perkataan_d', 'kata', 'logo', 'daftar_perkataan_w', 'jaminan', 'logos', 'katakata', 'kata_kunci', 'kitab_suci', 'password', 'perbincangan', 'daftar_perkataan_o', 'kata_laluan', 'daftar_perkataan_z', 'word', 'daftar_perkataan_v', 'daftar_perkataan_t', 'daftar_perkataan_n', 'daftar_perkataan_m', 'daftar_perkataan', 'firman', 'maklumat', 'mengatakan', 'teks_suci', 'daftar_perkataan_i', 'alkitab_kristen', 'alkitab']
