all	všechny	Match	['všichni', '∀', 'akutní_lymfocytární_leukemie', 'všechno', 'úplně', 'univerzální_kvantifikace', 'all', 'všechny', 'zcela', 'akutní_lymfoblastickou_leukémií', 'obecný_kvantifikátor', 'univerzální_kvantifikátor', 'vse', 'vše', 'velký_kvantifikátor', 'univerzální_uzavření']
and	a	Not found	[]
animal	zvířat	Match	['zvíře', 'stvoření', 'živočichové', 'fauna', 'animal', 'epifauna', 'wasp', 'rostlinného', 'animalia', 'živočišstvo', 'epifaunal', 'život_zvířat', 'metazoans', 'zvířat', 'metazoa', 'far_east_movement', 'zvířecí', 'animovat_je', 'rozmnožování_zvířat', 'typ_bytosti', 'infauna', 'zvířena', 'živočišná_říše', 'makrofaunu', 'živočich', 'reality_check']
ashes	pohřbeného	Incorrect	['post_mortem', 'popel', 'ashes']
at	u	Not found	[]
back	zpátky	Match	['podporovat', 'fotbalový_obránce', 'obránce', 'páteře', 'flypolovina', 'záda', 'mimo_centrum_města', 'levého_obránce', 'bek', 'back', 'tighthead_prop', '백', 'na_centra', 'flyhalf', 'obránkyně', 'zadní', 'páteř', 'zpátky', 'zpět', 'zadní_části', 'poranění_páteře', 'útočník', 'obratlů', 'knižní_vazby', 'hřbet', 'rub', 'opěradlo', 'knižní_vazba', 'pravé_zadní', 'couvat', 'columna_vertebralis']
bad	špatné	Match	['špatný', 'zlo', 'barksdaleova_letecká_základna', 'zkažený', 'špatné', 'big_audio_dynamite', 'letecká_základna_barksdale', 'royce_da_59', 'bad', 'barksdale_air_force_base', 'špatnost', 'nežádoucí_statek', 'bad_world_tour', 'bcl2související_smrti_propagátora']
bark	jehličí	Incorrect	['il2_šturmovik', 'štěkat', 'bark', 'šturmovik', 'periderm', 'stromové_kůry', 'kůra', 'štěkání', 'barque', 'štěkot', 'kůry', 'borka', 'iljušin_il2']
because	protože	Match	['protože', 'because', 'kvůli']
belly	břicho	Match	['břicho', 'břich', 'břišní_svaly', 'podbřišek', 'lidského_břicha', 'pupek', 'bachor', 'belly', 'břišní_dutina', 'břicha', 'břichy', 'břišní', 'bříško']
big	big	Match	['bjarke_ingels_group', 'velká', 'ovoce', 'big', 'velké', 'tělo', 'mineralitou', 'stypsis', 'dospělý', 'velký', 'suché', 'norm_nixon']
bird	pták	Match	['ptačí', 'ženská', 'vztyčený_prostředník', 'vypískat', 'zdvižený_prostředník', 'ptáci', 'mikuni_shimokawa', 'yardbird_parker', 'kohout', 'aves', 'avafauna', 'opeřenci', 'prst', 'pták', 'ptáček', 'charlie_parker', 'avifauna', 'bird_parker', 'zdvižený_prostředníček', 'bird', 'děvče', 'ptáků', 'pérák', 'kočka', 'roosting', 'bronx_cheer', 'razzing', 'charles_christopher_parker', 'ptactvo', 'razz', 'boo']
bite	kousnutí	Match	['pokousání_hmyzem', 'snack', 'píchnutí', 'bodnutí', 'plnění', 'ostrost', 'žvýkat', 'štiplavou', 'kousnutí', 'hmyzem', 'bodnutí_hmyzem', 'kousat', 'pokousání', 'svačina', 'kousnout', 'pikantní', 'bispecifické_tbuňky_engager', 'kousání', 'steven_hassan']
black	černá	Match	['potupný', 'black_osoba', 'sensation', 'černá', 'černošské_komunity', 'ostudný_ponižující_hanebný', 'shirley_jane_templeová', 'shirley_temple_blacková', 'shirley_templeová_blacková', 'shirley_templeblack', 'černá_barva', 'shirley_templová_blacková', 'jiných_závodů', 'final_fight_3', 'černé_ženy', 'černošský', 'shirley_temple_black', 'black', 'barva', 'negroidní_rasa', 'negroid', 'mouřenín', 'shirley_jane_temple', 'blackamoor', 'černý_afričan', 'černoch', 'shirley_temple', 'negr', 'shirley_templeblacková', 'bílý', 'hanebný', 'černoši', 'negroids', 'lightlessness', 'černá_žena', 'černá_rasa', 'negroidní', 'final_fight', 'taio_cruz', 'barevné_světlo', 'shirley_templeová', 'hluboká_tma', 'černé', 'planeswalker', 'hispánský', 'negro', 'ostudný', 'magicthe_gathering', 'kari_kimmel', 'rasa_ekvatoriální', 'čerň', 'barvy', 'afrického_původu', 'latino', 'shirley_templová', 'mtg', 'ekvatoriální_rasa', 'inkiness', 'bílý_a_černý_v_šachu', 'barva_světla', 'černoška', 'magic_the_gathering', 'černočerné_tmě', 'negroidní_plemeno', 'černý', 'joseph_black']
blood	krev	Match	['hematologické', 'původu', 'blood', 'víno_bordeaux', 'linie', 'okysličené_krve', 'rakehell', 'genetického_dědictví', 'bordeaux', 'krev', 'roue', 'krvi', 'vs', 'dědičnosti', 'persistence_of_time', 'specifická_hmotnost_krve', 'collective_soul', 'the_black_parade', 'bordeaux_víno', 'lidské_krve', 'okysličenou_krev', 'krevní_linie', 'getting_away_with_murder', 'krve']
blow	zatáhnout	Found close match: ['vanout']	['zpackat', 'vanout', 'poryv', 'rána', 'blow', 'bum', 'kokain', 'nos_candy', 'foukat', 'zbodat', 'vát', 'podělat', 'zorat', 'sníh', 'nezdar']
bone	kosti	Match	['kostní', 'kostní_tkáně', 'slonovinu', 'kostí', 'kosterní_tkáň', 'def_jam_recordings', 'offwhite', 'bone', 'kost', 'kosti']
breast	prsu	Match	['ňadra', 'hrudní', 'bysta', 'cecek', 'mamma', 'pectus', 'titty', 'prso', 'karcinom_prsu', 'prs', 'busta', 'karcinomu_prsu', 'poprsí', 'bílé_maso', 'ňadro', 'hrudníku', 'the_breast', 'hruď', 'mammakarcinom', 'hrudník', 'prsu', 'prsa', 'rakovina_prsu']
breathe	dýchat	Match	['dýchat', '1159', 'kristof_konrad', 'time', 'breathe_in_the_air', 'breathe', 'dark_side_of_the_moon', 'the_body', 'the_dark_side_of_the_moon', 'music_from_the_body', 'iempire', 'funeral_for_yesterday', 'a_class']
burn	spálit	Match	['fc_dallas', 'erytém_solare', 'plamen', 'plameny', 'potok', 'popáleniny_třetího_stupně', 'burn', 'tekoucí_voda', 'vodoteč', 'kyneta', 'popáleniny', 'tan', 'druhý_stupeň_vypálit', 'planoucí', 'spálit', 'přerušovaný_proud', 'tok_vodní', 'spáleniny', 'druhého_stupně_popálení', 'spálenina', 'hořet', 'proudu', 'ruisseau', 'vypálit_značku', 'vodní_tok', 'upálit', 'pálení', 'pálit', 'popálenina', 'opálení', 'kineta', 'oheň', 'popálení', 'třetí_stupeň_hoří', 'požáry']
child	dítě	Match	['dcery', 'dítě', 'nezletilé', 'tiddler', 'dcera', 'predospívající', 'dětský', 'miminko', 'děti', 'lenfant', 'mladík', 'dětská', 'mladiství', 'mladistvý', 'menší']
cloud	cloud	Match	['oblaka', '☁', 'kiba', 'roj', 'infrastruktura_jako_služba', 'mraky', 'cloud_computing', 'cloudbased', 'cloud_infrastruktury', 'oblak', 'mrak', 'cloud_strife', 'cloud', 'veřejný_cloud', 'mračno', 'rojení', 'mraků', 'cloud_služby', 'cloud_hosting', 'hybridní_cloud', 'cloud_služeb']
cold	studené	Match	['husí_kůže', 'studené', 'chronická_obstrukční_plicní_nemoc', 'studená', 'nicole_scherzingerová', 'nicole_scherzinger', 'craig_david', 'nachlazení', 'zima', 'chopn', 'nepřátelský', 'cold', 'studený', 'chlad', 'nízká_teplota', 'chladný', 'chladnokrevný']
come	přijít	Match	['cum', 'semenné_tekutiny', 'dojet', 'doletovat', 'dolétat', 'dostat', 'mrdka', 'dorážet', 'sperma', 'docházet', 'přijít', 'dojíždět', 'ejakulovat', 'dojít', 'dorazit', 'semeno', 'ejakulát', 'napadnout', 'doletět', 'spermatu', 'předejít', 'come', 'pojď']
correct	správné	Match	['správné', 'opravte', 'nastavit', 'opravit', 'napravit', 'správný', 'správně', 'pravdu', 'správná']
count	dolnolotrinský	Incorrect	['hrabě_monte_christo', 'isoiec_9075', 'hrabě', 'hrabství', 'monte_christo', 'počítat_s', 'hrabě_montechristo', 'počítat', 'výčtu', 'zápisy_čísel', 'numerický_systém', 'počet', 'hrabě_monte_cristo', 'countship', 'jarl', 'hraběcího', 'earl', 'číselné_soustavy', 'vážit', 'sql', 'počítací', 'hrabě_montecristo', 'číselná_soustava', 'comital', 'jazyk_sql', 'výčet', 'comtesse', 'seznam', 'číslování']
cut	odstřihnout	Found close match: ['střih']	['vyjmout', 'filmový_střih', 'cenzurován', 'informační_kontrola', 'cut', 'řezu', 'tít', 'otevřenou_ránu', 'rány', 'přezíravost', 'snímání', 'řezání', 'převrátit', 'krátit', 'filmového_střihu', 'cenzura', 'otočit', 'baseball_houpačka', 'albatross', 'tržné_rány', 'zraňovat', 'film_střih', 'opencut', 'tiskové_cenzury', 'prvotní_řez', 'řezat', 'cenzoři', 'censor', 'snížit', 'kastrovat', 'řez', 'poranění', 'střihač', 'řezaných', 'zasklít', 'řez_masa', 'vypnout', 'rána', 'vynechat', 'střih', 'vypustit', 'seznam_golfových_pojmů', 'censura', 'kontrola_nad_informacemi', 'cenzor', 'censor_u_římanů', 'říznutí']
day	den	Match	['synodický_den', 'clarence_shepard_day_jr', 'délce_dne', 'dne', 'dny', 'pravý_sluneční_den', 'day', 'dnů', 'hvězdný_den', 'sluneční_den', 'denních', 'sluneční_čas', '24hodinová_interval', 'dvacetčtyři_hodin_doba', 'clarence_day', 'časový_posun_v_česku', 'pravý_sluneční_čas', 'střední_sluneční_den', 'dvacetčtyřihodiny', 'časová_rovnice', 'střední_sluneční_čas', 'znamená_sluneční_den', 'hvězdného_času', 'den', 'dni', 'délka_dne']
die	tragödie	Incorrect	['úmrtí', 'hrací_kostka', 'kostky', 'usmrcení', 'skon', 'zemřít', 'exitus', 'zemřel', 'zesnout', 'umírající', 'úhyn', 'umírání', 'ukončení_života', 'předčasných_úmrtí', 'polyhedral_kostky', 'personifikace_smrti', 'zemři', 'smrt', 'kostka', 'pokazit', 'die']
dig	vykopat	Found close match: ['kopat']	['kopání', 'rýt', 'bodnutí', 'posmívat_se', 'rozumět', 'kopat', 'smrt_přírodovědce', 'dig', 'archeologické_naleziště']
dirty	špinavý	Match	['půda', 'dirrty', 'lemon_interupt', 'l1_cache', 'prsť', 'znečištěné', 'cache_paměti', 'cpu_cache', 'setasociativní', 'špinavé', 'mezipaměti', 'rychlá_vyrovnávací_paměť', 'dirty', 'země', 'špinavá', 'půdní_druh', 'instrukční_cache', 'underworld', 'writeback', 'l2_cache', 'vyrovnávací_paměť', 'hliněné', 'špinavě', 'cache', 'půdy', 'mezipaměť', 'l3_cache', 'špinavý']
dog	pes	Match	['psa', 'wienerwurst', 'věcička', 'firedog', 'familiaris', 'psí_maso', 'mrzutý_člověk', 'psovité', 'pejsek', 'canis_familiarus_domesticus', 'párek_v_rohlíku', 'aretace', 'pes', 'západka', 'canis_familiaris', 'šelmy_psovité', 'hot_dog', 'aretací', 'rodina_canidae', 'párek', 'stopovat', 'psovití', 'canids', 'psí', 'domácí_pes', 'párky_v_rohlíku', 'dogiron', 'železný_kozlík', 'sledovat', 'fena', 'pes_domácí', 'canidae', 'canis_lupus_f_familiaris', 'psa_domácího', 'duck_hunt', 'canis_lupus_familiaris', 'andiron', 'hnát', 'hotdog', 'psovité_šelmy', 'lump', 'hafík', 'honit', 'pronásledovat']
drink	nápoje	Match	['nápoj', 'pití', 'chlastání', 'polknutí', 'pít', 'polykací', 'nápoje', 'jonathan_mortimer', 'lil_jon', 'deglutice', 'hlt', 'nápojů', 'polykání', 'pitný', 'lok', 'drink', 'kocovina']
dry	vlhké	Incorrect	['prohibitionist', 'ovoce', 'suchý', 'tělo', 'mineralitou', 'suchá', 'stypsis', 'sucho', 'vyschnout', 'dry', 'suché']
dull	špinavě	Not found	[]
dust	prachu	Match	['angel_dust', 'sutiny', 'fannings', 'prach', 'prachu', 'trosky', 'uklidňující', 'fencyklidin', 'uklidňující_hydrochlorid', 'prašnost', 'babylon_5', 'suť', 'dust', 'orange_pekoe', 'pekoe', 'b5']
ear	hrudník	Incorrect	['klas', 'ušní_rozklad', 'ucha', 'labyrint', 'ušní', 'boltce', 'ušní_boltec', 'lidské_ucho', 'pinna', 'uši', 'ucho', 'vnitřní_ucho', 'ouška', 'pinnae', 'boltec', 'sluchové_ústrojí', 'vnější_ucho', 'vrchol', 'roh', 'auricula', 'bod_uchycení', 'cíp']
earth	planety	Found close match: ['planeta_země', 'třetí_planeta', 'modrá_planeta']	['terra_firma', 'brontitall', 'pozemek', 'uzemnit', 'saiyan', 'třetí_planeta_sluneční_soustavy', 'světě', 'gaia', 'golgafrincham', 'modrá_planeta', 'sonic_the_hedgehog', 'dragon_ball', '♁', '⊕', 'earth', 'sol_3', 'sol_iii', 'pozemský_obavy', 'zelená_planeta', 'lamuella', 'země', 'pevná_zem', 'planeta_země', 'dragonball_z', 'uzemnění', 'magrathea', 'vznik_země', 'krikkit', 'zemi', 'andromeda_stoupající', 'uzemění', 'andromeda', 'zem', 'terra', 'milliways', 'světské_obavy', 'třetí_planeta', 'suché_půdy', 'zeměkoule', 'ace_combat', 'světa', 'zemské_těleso']
eat	jíst	Match	['sníst', 'pozření', 'jedení', 'jídlo', 'jíst', 'stravování', 'jísti', 'konzumace', 'eat', 'příjem_potravy', 'jezení', 'krmení', 'krmit', 'pangbornovo_letiště']
egg	vejce	Match	['pakobylka', 'vajíčka', 'slepičí_vejce', 'eliptické', 'vaječné_buňky', 'strašilky', 'osi_model', 'referenční_model_isoosi', 'ovogeneze', 'elipsy', 'varle', 'ovum', 'pakobylky', 'testes', 'vejce', 'strašilka', 'koule', 'bordel', 'varlata', 'ptačí_vejce', 'excentricita', 'vedlejší_poloosa', 'ballock', 'egg__egli', 'oogeneze', 'egg', 'isoosi', 'produkci_vajec', 'testis', 'elipsa', 'teste', 'vajíčko', 'modelu_osi', 'testikulární', 'phasmida', 'hlavní_poloosa', 'numerická_excentricita', 'phasmatodea', 'rybí_vejce', 'iso_7498', 'aby_phasmatodea', 'číselná_výstřednost', 'ovál', 'oologie', 'model_osi', 'aby_phasmida']
eye	oko	Match	['eye', 'oči', 'očko', 'okulus', 'opaion', 'bud', 'oka', 'zrakové_ústrojí', 'oko', 'oculi', 'pupen', 'pupeny', 'the_eye', 'eyewall', 'oční', 'oční_bulva', 'oculus', 'okem', 'složené_oči', 'optický']
fall	pádu	Match	['pin', 'úsvit', 'padnout', 'setmění', 'soumrak', 'milostné_vzplanutí', 'mořského_soumraku', 'fall', 'podzim', 'natalia_lesz', 'the_fall', 'evenfall', 'příchod_noci', 'crepuscle', 'astronomický_soumrak', 'pádu', 'gloam', 'svažování', 'snížit', 'pád', 'pádu_člověka', 'crepuscule', 'občanský_soumrak', 'padat', 'pokles', 'astronomická_noc', 'soumraku', 'sestupu']
far	daleko	Match	['far', 'bývalých_ozbrojených_sil', 'podlahová_plocha_poměr', 'daleký', 'armáda_pro_osvobození_rwandy', 'daleko', 'alir', 'interahamwe']
fat	lecitin	Incorrect	['fat12', 'tuková_tkáň', 'tlustý', 'lipidy', 'tuky', 'tukové_tkáně', 'glycerolipid', 'vfat', 'tělesného_tuku', 'lipide', 'suché', 'korpulence', 'tukové_vazivo', 'viscerálního_tuku', 'ovoce', 'lipid', 'nadváha', 'stypsis', 'fat', 'rostlinný_tuk', 'fat16', 'lipoidní', 'tuk', 'tloušťka', 'tukové', 'systém_souborů_fat32', 'mineralitou', 'fat32', 'tlustá', 'tuku', 'adiposis', 'lipidů', 'file_allocation_table', 'tělo', 'systém_souborů_fat', 'tučný', 'rostlinné_tuky']
father	otec	Match	['kněze', 'sériový_podnikatel', 'podnikatelské_myšlení', 'otec_církve', 'fotr', 'bůh_otec', 'begetter', 'podnikatelé', 'podnikatelské', 'katolický_kněz', 'kostel_otec', 'tatínek', 'římskokatolický_kněz', 'kněz', 'otcové_církve', 'církevní_otec', 'mužský_rodič', 'spoluzakladatel', 'podnikatel', 'otče', 'father', 'církevní_otci', 'církevní_otcové', 'the_gift', 'otec', 'katolických_kněží', 'svatí_otcové', 'otecbůh', 'entrepreneurialism', 'podnikání', 'táta', 'ot', 'biologický_otec', 'taťka']
fear	strachu	Match	['bát', 'bát_se', 'v_hlave', 'marillion', 'mít_hrůzu', 'zhrozit_se', 'děsit_se', 'strach', 'acrofobie', 'inside_out', 'hrozit_se', 'maškara', 'v_hlavě', 'fear', 'obavy', 'milenec_nebo_vrah', 'strachu']
feather	peří	Match	['opeření', 'jak17', 'jakovlev_jak15', 'krycí_peří', 'filoplume', 'barbule', 'pero', 'brk', 'peří', 'peří_zatmění', 'pírko', 'jak15', 'péro', 'jak21', 'jakovlev_jak17']
few	několik	Incorrect	['množství', 'málo', 'málokdo']
fight	bojovat	Match	['proti', 'zápasit', 'bojovník', 'bitva', 'konflikt', 'bitvy', 'boj', 'ozbrojeného_boje', 'bojovat', 'konkurenceschopnost', 'bít_se', 'zápas', 'bojového_výcviku', 'zapojení', 'potyčky', 'bojování', 'fight']
fingernail	škrábání	Incorrect	['nehty', 'nehet']
fire	oheň	Match	['plamen', 'emerson_lake__palmer', 'plameny', 'žár', 'třída_požáru', 'heartbreak_on_hold', 'vyhodit', 'planoucí', 'kelis_was_here', 'fire', 'emerson_lake_and_palmer', 'kindle_fire', 'anarchy', 'leona_lewisová', 'hořet', 'požár', 'třídy_požárů', 'firejericho', 'upálit', 'fervidness', 'leona_lewis', 'pálit', 'camp_rock_2_the_final_jam', 'amazon_kindle_fire', 'tina_barrett', 'elp', 'propustit', 'oheň', 'lets_cheers_to_this', 'požáry', 'fáze_požáru']
fish	ryby	Match	['ryby', 'měkký_paprsek', 'fish', 'ryby_a_rybovití_obratlovci', 'fluorescenční_in_situ_hybridizace', 'go_fish', 'mořských_ryb', 'rybičky', 'rybařit', 'seznam_pokerových_výrazů', 'plůdek', 'rybovití_obratlovci', 'ploutvovci', 'kvarteto', 'ichtyofauny', 'friendly_interactive_shell', 'potravinové_ryby', 'ryb', 'pisces', 'pterygiophore', 'pokerové_výrazy', 'ryby_jsou_ryby', 'rybí', 'phish', 'ryba', 'elver', 'fingerling']
five	pět	Match	['ⅴ', 'five', 'v', '➎', 'pět', 'pětka', 'succeeder', 'cinque', 'něčeho_dosáhl', '➄', '5', 'da_kurlzz', 'eneagram', 'malý_phoebe', '⑤', 'sugarcult', 'basketbalový_tým', 'hollywood_undead', 'enneagram', 'pětice', '❺']
float	float	Match	['icecream_soda', 'free_float', 'bobber', 'css_styly', 'veřejnou_plováku', 'plovací_měchýř', 'pohyblivá_řádová_čárka', 'zavodňováníaritmetika_bodu', 'plout', 'plavat', 'vát', 'css', 'icecream_float', 'foukat', 'vanout', 'číslo_s_plovoucí_desetinnou_čárkou', 'číslo_s_plovoucí_čárkou', 'explozivní_dekomprese', 'šablony_stylů_css', 'cascading_style_sheets', 'kaskádové_styly', 'vzduchový_měchýř', 'barvy_css', 'plynový_měchýř', 'float', 'floatingpoint', 'aritmetika', 'ponton', 'air_močového_měchýře', 'swimbladder', 'plovoucí_desetinná_čárka', 's_plovoucí_desetinnou_čárkou_čísla', 'plováky', 'veřejné_plováku', 'plovák', 'plavat_močový_měchýř', 'tabulky_kaskádových_stylů', 'plovoucí_řádová_čárka', 'bobfloat', 'štukatér_je_float']
flow	proudění	Match	['hydrodynamické', 'proudová_čára', 'hydraulika', 'rapu', 'hydraulické', 'tekoucí', 'rap', 'menstruace', 'rapper', 'maximální_tok_v_síti', 'tok', 'čmýra', 'průtoku', 'proudění_tekutin', 'mechanika_kapalin_a_plynů', 'proudové_vlákno', 'rapový_umělec', 'hydraulický_tlak', 'měsíčky', 'toky_v_sítích', 'grail', 'mechanika_tekutin', 'průtok', 'maximální_tok', 'tekutina_dynamicist', 'young_money_entertainment', 'gravity_recovery_and_interior_laboratory', 'florent_mothe', 'flow', 'mechaniky_tekutin', 'nestacionární_proudění', 'catamenia', 'objemový_průtok', 'plynout', 'emceeing', 'ustálené_proudění', 'rapování', 'mcing', 'proudnice', 'zlepšující_cesty', 'proudění', 'toku', 'tok_v_síti', 'protorap', 'síť', 'raper', 'neustálené_proudění', 'objemový_tok', 'old_school_hip_hop', 'hranová_kapacita', 'stacionární_proudění', 'proudová_trubice', 'menses', 'menstruovat', 'vrcholová_kapacita', 'rapperů', 'rapping', 'menzes', 'hydraulicky', 'hydrauliky']
flower	květ	Match	['relient_k', 'květina', 'play', 'květiny', 'květy', 'rozkvět', 'květ', 'květinové', 'vegetačního_období', 'gackt', 'kvetení', 'pupeny', 'kytka', 'kvést', 'flower', 'flowersatan_is_boring', 'květu', 'bambi']
fly	létat	Match	['stanfly', 'stanu', 'dvoukřídlí', 'ciara', 'butterfly_zdvih', 'utíkat', 'podívejte_se_přední', 'hms_fly', 'moucha', 'diptera', 'poklopec', 'kanton', 'ciara_princess_harris', 'leť', 'rainfly', 'skutečné_mouchy', 'vexilologické_názvosloví', 'delfín', 'motýlek', 'létat', 'musė', 'fly', 'motýl', 'mouchy', 'utéct_utéci', 'podívejte_se_míč', 'dipterans', 'podívejte_se_list']
fog	bouřky	Incorrect	['mlhu', 'murk', 'mlha', '10th_avenue_freakout', 'mlhy', 'mlze']
foot	metry	Found close match: ['metrum']	['šlapací_šicí_stroj', 'šicí_stroje', 'spodek', 'formace_pěchoty', 'měkkýšů', 'základna', 'metrum', 'spodní_stavba', 'chodidlo', 'nohy', 'mollusca', 'nohu', 'noha', 'pes', 'metrické_nohy', 'bezobratlý_nohy', 'zadní_končetina', 'měkkýš', 'metrické_jednotky', 'pěší_pluk', 'mainsheet', 'měkkýši', 'understructure', 'pada', 'základy', 'zatáhnout', 'pěšáků', 'feet', 'pěchoty', 'šicí_stroj', 'malakofauna', 'zvířat_foot', 'vývoj_měkkýšů', 'počasí_list', 'úpatí', 'metrických_noh', 'infantérie', 'pěšák', 'infanterie', 'list', 'lidská_noha', 'foot', 'základový_pas', 'ft', 'železniční_spodek', 'clew', 'pěchota', 'kmen_mollusca', 'stopa']
forest	lesa	Match	['les_pásma_mírného', 'stromová_struktura', 'timberland', 'kořenový_strom', 'lesa', 'doménová_struktura', 'les', 'lese', 'nottingham_forest', 'lesy', 'lesní', 'zakořeněný_strom', 'forest', 'jehličnatého_lesa', 'wälder', 'nottingham_forest_fc', 'strom', 'dřevo', 'zálesí']
four	šest	Match	['tetraktys', '➍', 'hranici', 'čtveřice', 'čtyřka', 'bleeker_ridge', 'forth', 'čtyři', 'channel_four', 'succeeder', 'tetractys', 'šest', 'ⅳ', 'kvaternion', 'four', '❹', 'něčeho_dosáhl', 'ℍ', 'iiii', 'eneagram', 'malý_joe', 'quatern', 'čtverka', '4', 'čtyři_místě', 'tetrad', '④', 'channel_4', 'enneagram', '➃', 'iv', 'quaternity', 'planetary']
freeze	zmrazit	Match	['mráz', 'freeez', 'todd_smith', 'mrznutí', 'aleš_kněžínek', 'tuhnutí', 'mrznout', 'zmrazit', 'zmrazení', 'mrazivý', 'freeze', 'jordin_sparks', 'zmrznout', 'bloodline']
fruit	plody	Found close match: ['plod']	['fruit', 'ovoce', 'plod', 'tělo', 'mineralitou', 'stypsis', 'semen_lusku', 'fructus', 'suché']
full	plné	Match	['plná_fáze_měsíce', 'plná', 'plně', 'zasycený', 'fullofthemoon', 'pln', 'úplňku', 'plné', 'sytý', 'plný', 'celý', 'úplněk', 'nasycený']
give	dát	Match	['aby', 'obětovat', 'pet_your_friends', 'dárek', 'dávat', 'dar', 'dát', 'věnovat', 'zasvětit', 'pružnost', 'darovat', 'cold', 'mají', 'dejte', 'vynést', 'podat', 'dej', 'dárky', 'by', 'dárce', 'the_giver']
good	dobré	Found close match: ['dobrý', 'dobry', 'dobro']	['dobře', 'dobry', 'statek', 'good_music', 'komodita', 'hodnoty', 'dobrý_skutek', 'obchodu_dobrý', 'šikovný', 'zručný', 'zdravý', 'good', 'dobro', 'obratný', 'dobrý', 'zboží', 'hodnota', 'libellé', 'etické_hodnoty', 'důkladně', 'dobré_skutky', 'komodit', 'lidských_hodnot', 'etických_hodnot', 'dovedný']
grass	tráva	Match	['zelená_bohyně', 'graminoid', 'günter_grass', 'nothing_can_stop_us', 'sens', 'gudr', 'marihuany', 'tráva', 'pícniny', 'marihuana', 'zelí', 'ganja', 'píce', 'grass_gis', 'eatage', 'günter_wilhelm_grass', 'supergrass', 'sporobolus_caespitosus', 'joint', 'mariuhana', 'kůra', 'graminaceae', 'trav', 'rodina_graminaceae', 'rodina_poaceae', 'skylarking', 'günter_wilhelm_graß', 'sess', 'skunk', 'konopí', 'klásky', 'lipnicovité', 'špek', 'pícnina', 'zeleninka', 'poaceae', 'travina', 'traviny', 'marijuana', 'trávy', 'stoner', 'graminae', 'hulení', 'gramineae', 'travička', 'bylina', 'mary_jane', 'gunter_grass', 'gunter_grass_wilhelm', 'rodina_gramineae', 'skéro', 'tráva_rodina']
green	zelený	Match	['žlutozelená', 'puška_zelené', 'zelená_politika', 'důvěřivý', 'občina', 'zelené_politiky', 'brunswick_zelené', 'environmentálního_hnutí', 'jade', 'super_c', 'listová_zelenina', 'zelený', 'suché', 'šetrnější_k_životnímu_prostředí', 'zvláštní_k', 'smaragdově', 'zelenina_listová', 'ovoce', 'william_green', 'povědomí_o_životním_prostředí', 'cat_valium', 'zeleň', 'ekologicky_šetrné', 'zelená_barva', 'listové_zeleniny', 'hrášková_zeleň', 'stypsis', 'zelenkavá', 'park', 'zelené_listové_zeleniny', 'listnatém_zeleniny', 'green', 'chartreuse', 'ochraně_životního_prostředí', 'environmentalismus', 'commons', 'zelenavý', 'zelenožluté', 'environmentalistka', 'zelené', 'ekologismus', 'putting_green', 'zelená', 'společný', 'zelené_zeleniny', 'ekologických_aktivistů', 'feldgrau', 'mineralitou', 'jamkoviště', 'vert', 'ekologové', 'ekologické_hnutí', 'green_river', 'olej_medu', 'enviromentalizmus', 'kelly_green', 'zelenina', 'nezralý', 'žlutá_zelená', 'lahvově_zelená', 'super_kyselina', 'environmentalista', 'tělo', 'enviromentalismus', 'problémů_životního_prostředí', 'tmavě_zelená', 'parku', 'uvedení_povrchu', 'naivní', 'bude_zelená', 'zeleně', 'ekologický_aktivista']
guts	bestie	Incorrect	['trávicího_ústrojí', 'gastrointestinálního_traktu', 'zažívací_trakt', 'trávicí_trakt', 'lidský_trávicí_trakt', 'zažívacího_traktu', 'grand_unified_theory', 'střeva', 'lidském_zažívacím_traktu', 'trávicího_traktu', 'střevní', 'gastrointestinální', 'teorie_velkého_sjednocení', 'guts', 'odvahu', 'střev', 'kuráž', 'trávicí_soustava_člověka', 'statečnost', 'gi_traktu', 'lidská_trávicí_soustava', 'courageousness', 'trávicího_systému', 'horní_části_gastrointestinálního_traktu', 'vnitřnosti', 'trávicí_trakt_člověka', 'střevní_sliznici', 'střevního_lumen', 'nebojácnost', 'gastrointestinální_trakt', 'střevo', 'grand_unification_theory', 'trávicí_trubice', 'gastrostřevní', 'pylorické_výběžky', 'odvaha', 'hrdinství', 'moxie', 'trávicí_soustava', 'střevní_trakt']
hair	vlasy	Match	['chlup', 'látka_z_velbloudí_srsti', 'hair', 'srst', 'hairsšířka', 'ochlupení', 'chlupatý', 'vlasy', 'hairsbreadth', 'vlasů', 'chlupy']
hand	ruce	Match	['ruka', 'najal_muž', 'nádeník', 'dávat', 'roberta', 'hra_v_karty', 'dát', 'karty', 'rasy_v_seriálu_babylon_5', 'brakiri', 'karbanictví', 'dilgar', 'darovat', 'manus', 'civilizace_v_seriálu_babylon_5', 'skriptu', 'system_of_a_down', 'hand', 'ruce', 'karetní_hra', 'most_hráč', 'cordella', 'podat', 'karetní_hry', 'dlaně', 'dlaň', 'rukou', 'rukopis', 'ruku', 'pomocnou_ruku']
he	když	Not found	[]
head	hlava	Match	['hyper_text_transfer_protocol', 'vést', 'téma', 'protokol_http', 'http', 'head', 'hlavu', 'http_požadavku', 'duševní_obsah', 'ředitel_školy', 'pramen', 'cunnilingtus', 'provést', 'brian_phillip_welch', 'nús', 'orální_sex', 'http11', 'dirty_mind', 'lidská_hlava', 'vedoucí_mistr', 'ředitelka', 'hydraulického_gradientu', 'publicistický_styl', 'kůže_natažená_na_buben', 'mysli', 'hlavy', 'mafiánský_boss', 'carpetmuncher', 'vést_příběh', 'hlavní', 'ředitel', 'učitel', 'generální_ředitel', 'čtecí__zapisovací_hlavou', 'cephalic', 'novinky_ze_světa', 'top_dog', 'mainsheet', 'hlavička', 'chieftaincy', 'psychika', 'pseudanthium', 'náčelník', 'brian_welch', 'směřovat', 'hydraulický_spád', 'mysl', 'novinový_článek', 'direktorka', 'mys', 'list', 'orál', 'direktor', 'požadavek_http', 'vůdce', 'náčelnictví', 'ostroh', 'lidské_mysli', 'zločin_pán', 'hlava', 'zpravodajský_článek', 'šéf', 'článek', 'článek_v_časopise', 'drumhead', 'metoda_http', 'otázka', 'brian_head_welch', 'clew', 'hypertext_transfer_protocol', 'kmenový_náčelník', 'bubnové_hlavy', 'počasí_list', 'nous', 'psyché']
hear	poslechnout	Not found	[]
heart	srdce	Match	['bytnost', 'filia', 'heart', 'srdce_a_duše', 'srdce', '❧', '♡', 'esence', 'srdeční_komory', '❥', 'edmondo_de_amicis', 'srdeční', 'philia', 'esencí', 'srdce_v_heraldice', '❦', 'podstata', 'alexz_johnson', 'srdce_člověka', 'pravé_srdce', 'náklonnost', 'srdeční_komora', 'lidské_srdce', 'levého_srdce', 'cuore', 'natvrdlýkostrbatý', '♥', 'odvaha', 'mindless_self_indulgence', 'srdce_komory', '❤']
heavy	těžkými	Found close match: ['těžký', 'těžké', 'těžká']	['jed', 'sokratovská_metoda', 'zákon_mafie', 'nečekaná_pravda', 'tf2', 'tělesná_stráž', 'osobní_strážce', 'anamnéza', 'suché', 'tf_2', 'ovoce', 'sportovní_medicína', 'nechat_zemřít', 'líbánky', 'mateřství', 'nová_generace', 'těžký', 'stypsis', 'team_fortress_2', 'jeptiška', 'děti', 'heavycom', 'bodyguard', 'těžké', 'stát_vs_radric_davis', 'tělesný_strážce', 'sebeovládání', 'láska_bolí', 'heavy', 'mineralitou', 'prokletý', 'absťák', 'team_fortress', 'tělo', 'věrnost', 'dr_house', 'těžká', 'zátěž', 'occamova_břitva']
here	tady	Match	['toto', 'místo', 'tady', 'hera', 'here', 'sem', 'tu', 'héra', 'zde']
hit	hit	Match	['udeřit', 'bodovat', 'hit', 'skórovat', 'praštit', 'base_hit', 'bít', 'hīt', 'uhodit', 'kolize', 'skóre', 'dosáhnout', 'trhák', 'volání']
hold	držet	Match	['časová_prodleva', 'vyčkávací_obrazec', 'vazba', 'podporovat', 'násadka', 'nákladový_prostor', 'koruna', 'zadržet', 'policejní_vazbě', 'zavazadlového_prostoru', 'obsahovat', 'předložení_drží', 'katamewaza', 'zápasnický_chvat', 'držadlo', 'spáry', 'stisk_ruky', 'kontrolovat', 'katame_waza', 'nákladní_paluba', 'shodovat_souhlasit', 'zadržení', 'shodovat', 'deklarovat', 'odkládací_prostor', 'soudní_vazby', 'utahovák_hlavového_složení', 'mají', 'zápas_držet', 'podpalubí', 'držet', 'násada', 'zpoždění', 'rukojeť', 'mít', 'fermata']
horn	roh	Match	['trubka', 'trumpetista', 'horna', 'kornet', 'trubači', 'okres_horn', 'brumle', 'trupka', 'vozidla_roh', 'automobilový_klakson', 'horn', 'lovecký_roh', 'jazzový_trumpetista', 'motor_roh', 'klakson', 'roh', 'trumpeta', 'lesní_roh', 'sedla', 'francouzský_roh', 'francouzské_rohy', 'gaienhofen']
how	jak	Match	['tázací_slovo', 'hau', 'how', 'howgh', 'tázací_zájmeno', 'jak', 'tázací_zájmena', 'hands_all_over']
hunt	lovec	Match	['holman_hunt', 'james_henry_leigh_hunt', 'jagten', 'leigh_hunt', 'hon', 'hon_klub', 'honba', 'hledání', 'lovec', 'richard_morris_hunt', 'lovit', 'william_holman_hunt', 'hunt', 'overhunting', 'lov_křepelek', 'lovu', 'lov', 'william_henry_hunt']
husband	manželkou	Found close match: ['manželka', 'manžel', 'manželi']	['ženatý_člověk', 'partner', 'lepší_polovička', 'manžela', 'manželi', 'manžílek', 'choť', 'manželka', 'ženatý_muž', 'husband', 'manžel', 'muž']
i	jsem	Not found	[]
ice	lední	Found close match: ['led', 'ledu']	['ledová_poleva', 'ice_kontakt', 'v_případě_nouze', 'metedrin', 'dextromethamphetamine', 'peří', 'nmethylamfetamin', 'intercityexpress', 'ma', 'dezoxyefedrin', 'superionická_voda', 'perník', 'methylamfetamin', '(s)nmetyl1fenylpropan2amin', 'ice_la_fox', 'desoxyefedrin', 'vodní_led', 'metylamfetamin', 'desoxyn', 'piko', 'metamfetamin_hydrochlorid', 'metamfetamin', 'inter_city_express', 'superionický_led', '(s)nmethyl1fenylpropan2amin', 'meth', 'in_case_of_emergency', 'ledu', 'emirates', 'zmrzlina', 'ice', 'umělé_ledové', 'polevou', 'spalovací_motor', 'methedrin', 'motoru_ic', 'spalovacích_motorů', 'vareso', 'led', 'párno', 'c10h15n', 'nmetylamfetamin', 'crystal_meth', 'ledová_plocha', 'pervitin', 'methamfetamin', 'motor_s_vnitřním_spalováním', 'metamfetaminu', 'methedrine', 'shabu', 'deoxyephedrine', 'instituto_de_costarricense_electricidad', 'emirates_airline', 'kluziště', 'vnitřní_spalování', 'spalovacím_motorem']
if	pokud	Not found	[]
in	v	Not found	[]
kill	zabít	Match	['úmrtí', 'personifikace_smrti', 'zabití', 'úhyn', 'smrt', 'zabíjení', 'the_kill', 'zabij', 'skon', 'umírání', 'ukončení_života', 'usmrcení', 'zabitím', 'exitus', 'zemřel', 'zesnout', 'předčasných_úmrtí', 'umírající', 'zabít', 'kill']
knee	kotníku	Found close match: ['kolenní_kloub']	['lidské_koleno', 'kolena', 'kolenní_kloub', 'koleno', 'kolenem_stávky', 'zranění_kolena', 'kolenního_kloubu', 'articulatio_genus', 'genu', 'potlačit']
know	říct	Incorrect	['kognitivní_zpracování', 'noesis', 'zažít', 'kognitivní', 'poznání', 'šukat', 'poznatek', 'poznávací_procesy', 'prcat', 'kognitivní_funkce', 'jebat', 'kognitivní_schopnosti', 'znalosti', 'kognitivních_funkcí', 'znalost', 'šoustat', 'vědění', 'kognitivních_procesů', 'mrdat', 'vědět', 'znát', 'kognitivních_schopností', 'cognitions', 'know', 'souložit', 'poznávání']
lake	jezero	Match	['barviva', 'pigmenty', 'efemérní_jezera', 'lake', 'jezera', 'barvivo', 'pigment', 'jezero', 'přírodní_jezero', 'sladkovodní_jezero']
laugh	smát	Match	['veselý', 'smíchu', 'smích', 'fór', 'smát', 'vtipů', 'žertu', 'vtipkovat', 'anekdota', 'vtipy', 'vtip']
leaf	větévek	Incorrect	['kvart', 'verso', 'listové', 'midrib', 'fylom', 'asimilační_list', 'recto', 'listy', 'fol', 'osmerka', 'axil_listu', 'stromová_struktura', 'paullinia_pterophylla', 'listoví', 'složené_listy', 'folio', 'vroubkované', 'řapík', 'strom', 'les', 'adaxial', 'zakořeněný_strom', 'listí', 'list', 'okraj_listu', 'foliant', 'paždí', 'pýřité', 'bazální_list', 'recto_a_zadní', 'kořenový_strom', 'nissan_leaf', 'abaxial']
left	levý	Match	['levicový_socialista', 'levice', 'levičáctví', 'levá', 'politická_levice', 'levičák', 'levicové', 'levicový', 'levá_opozice', 'levé', 'kolektivistické', 'levá_ruka', 'levicové_politice', 'venstre', 'vlevo', 'levé_křídlo', 'levičáky', 'esquerra_republicana_de_catalunya', 'levý', 'kolektivistický', 'doleva', 'levicová_politika']
leg	kotník	Incorrect	['etapa', 'odvěsna', 'bérec', 'dolní_končetiny', 'pegleg', 'lidská_noha', 'rozvětvení', 'lidské_nohy', 'zlomenou_nohu', 'noga', 'dvalegged', 'dolních_končetin', 'noze', 'crus', 'nohy', 'dřevěná_noha', 'dvou_nohách', 'dolní_končetina', 'nohu', 'noha']
lie	zdvíhá	Incorrect	['ležet', 'lhář', 'absolute_first_album', 'the_lie', 'lež_dětem', 'lež', 'faleš', 'trygve_halvdan_lie', 'lie', 'malpresentation', 'lehnout_si', 'trygve_lie_halvden', 'lži_dětem', 'awake', 'lži', 'trygve_lie', 'nepravda', 'lhát', 'hopeless_fountain_kingdom']
live	live	Match	['koncerty', 'živý', 'zažít', 'recital', 'built_to_spill', 'živá', 'jennifer_lópez', 'turné', 'přežít', 'živé', 'život', 'živě', 'live_at_the_marquee', 'bydlet', 'hudební_koncert', 'live_i__live_ii', 'live_i', 'naživu', 'jennifer_lopez', 'jennifer_lynn_lopez', 'žij', 'live', 'koncertní', 'jennifer_lopezová', 'simian_mobile_disco', 'live_ii', 'rem_live', 'jlo', 'recitál', 'jennifer_lópezová', 'koncert', 'žít', 'koncertní_turné', 'jennifer_lynn_lópez', 'pigmy_love_circus']
liver	ledvin	Incorrect	['jaterní', 'jater', 'játra', 'hovězí_játra', 'hepar', 'iecur']
long	dlouhé	Match	['longa', 'long_position', 'long_sale', 'dlouhý', 'bloody_roar', 'dlouhá', 'dlouhé', 'long', 'william_henry_long', 'dlouho', 'daleko', 'dlouhá_pozice', 'dlouhý_prodej']
louse	toxocara	Incorrect	['pták_veš', 'členovec', 'vši', 'phthiraptera', 'špína_koule', 'veš', 'kousání_veš', 'členovci', 'sání_veš', 'členovců', 'závod_vši', 'arthropoda']
man	muž	Match	['relient_k', 'příslušník_armády', 'mužů', 'atani', 'metropolitan_area_network', 'atanatári', 'wen', 'pán', 'lidé', 'lidská_bytost', 'lidský_rod', 'man_se', 'letiště_manchester', 'dospělý_pes', 'vrchovcům', 'homo_sapiens', 'manuálová_stránka', 'člověk_dnešního_typu', 'man_norimberk', 'pohlavní_dospělosti', 'dunlending', 'hominina', 'metropolitní_sítě', 'moderní_člověk', 'homo_sapiens_sapiens', 'pohlavně_dospívají', 'lidi', 'homo', 'ostrov_man', 'tynwald', 'svět', 'manuálových_stránek', 'isle_of_man', 'lidské_rasy', 'chlap', 'manfred_gnadinger', 'hildor', 'metropolitní_síť', 'pánský_gentleman', 'komorník', 'člověk_moudrý', 'muž', 'současný_člověk', 'komorník_de_chambre', 'vojenská_osoba', 'wan', 'lidské_bytosti', 'manuálové_stránky', 'lidských_druhů', 'cornelis_de_man', 'člověk_rozumný', 'na_světě', 'man', 'člověk', 'voják', 'světa', 'člověka', 'lidstvo']
many	mnohé	Match	['mnozí', 'mnoha', 'mnoho', 'many', 'mnohé']
meat	maso	Match	['bytnost', 'podstata', 'natvrdlýkostrbatý', 'zpracované_maso', 'masa_vědy', 'masa', 'shawn_stasiak', 'maso', 'esence', 'srdce_a_duše', 'jádro', 'esencí', 'we_will_rock_you']
moon	jupiteru	Found close match: ['jupiter']	['přirozená_družice', 'slunce', 'venuše', 'moon', 'měsíční_svit', 'son_mjong_mun', '문', 'měsíční', 'mars', 'jupiter', 'sun_myung_moon', 'přirozený_satelit', 'družice', 'měsíc', 'přirozených_satelitů', 'synodic_měsíc', 'satelit', 'měsíční_světlo', 'lunární_měsíc', 'kyôko_fukada', 'synodický_měsíc', 'měsíci', 'sonmjong_mun', 'měsíčním_světle', 'znamení_slunce', 'lunation', 'merkur', 'měsíce', 'lunárního_měsíce', 'christopher_robin_milne', 'reverend_moon']
mother	matka	Match	['matka', 'mamka', 'matky', 'matku', 'sisters_of_avalon', 'mother', 'řeholnice', 'jeptišky', 'řeholní_sestra', 'maminka', 'bohyně_matka', 'synchronicity', 'mateřství', 'bohyně_matky', 'jeptiška', 'sestra', 'chorus_line', 'a_chorus_line', 'ženské_mateřské', 'velká_matka', 'řádová_sestra', 'jebtička', 'tichon_nikolajevič_chrennikov', 'matka_země', 'matky_země', 'máma']
mountain	hory	Match	['muckle', 'hodně', 'uklizené_součet', 'hory', 'hora', 'mickle', '482', 'dobrý_obchod', 'mountain', 'zabil', 'šarže', 'horu', 'passel', 'docela_málo', 'sahtu']
mouth	řeky	Found close match: ['ústí_řeky']	['mluvit', 'periorální', 'ústní_otvor', 'backtalk', 'ústa', 'ústní_fisura', 'dutina_ústní', 'cavitas_oris', 'pusu', 'ústní_dutina', 'ústí', 'ústí_řeky', 'sass', 'vrchol', 'ústa_a_ústní_dutina', 'roh', 'zpět_talk', 'sassing', 'pyskem', 'tlama', 'bod_uchycení', 'rima_oris', 'cíp', 'úst', 'pusa', 'ústí_toku']
name	jméno	Match	['veřejnou_postavou', 'jmeno', 'proprializace', 'jméno', 'propria', 'proprium', 'citovat', 'id', 'pojmenovat', 'name', 'jmenné_fráze', 'identifikátory', 'nominální', 'vlastní_jména', 'nominální_fráze', 'zmínit', 'jmenná_fráze', 'gens', 'název_počítače', 'vlastních_jmen', 'jmenovat', 'vlastní_jméno', 'identifikátor', 'vyjmenovat', 'název', 'jména']
narrow	úzké	Match	['úzká', 'úzký', 'zúžit', 'úzké', 'soapskin', 'anja_plaschg']
near	poblíž	Match	['skoro', 'téměř', 'near', 'poblíž', 'near_shoemaker', 'málem', 'blízký', 'blížit_se', 'blízko']
neck	krku	Match	['krku', 'šíje', 'krk', 'krk_otevření', 'hrdlo']
new	nové	Match	['nové', 'nová', 'originální', 'novinka', 'nově', 'nový', 'new', 'neotřelý']
night	noci	Match	['nox', 'nyx', 'nótt', 'noc', 'eli_wiesel', 'noci', 'night', 'elie_wiesel', 'půlnoc', 'wiesel', 'noční', 'eliezer_wiesel']
nose	bříško	Incorrect	['gore', 'magnetické_trysky', 'vůně', 'aromatické', 'tryska', 'čichový_orgán', 'buket', 'redolence', 'aromátů', 'nos', 'trysek', 'aroma']
not	není	Match	['logické_hradlo', 'xnor', 'a', 'ne', 'logický_součet', 'logický_člen', 'negace', 'diskrétní_logiky', 'logická_hradla', 'not', 'není', 'nand', 'logickou_negaci', 'logický_prvek', 'logické_členy', 'nor', 'negace_výroku', 'piercova_algebra', '¬', 'logický_součin', 'invertor', 'schefferova_algebra', 'logický_obvod', 'and', 'hradlo']
old	starý	Match	['staré', 'stará', 'starý']
one	jeden	Match	['uspořádaná_dvojice', 'vampire_weekend', 'planetshakers', 'jeden', 'one', 'ⅰ', 'ntice', '❶', '1', 'jedno', 'succeeder', 'jednu', 'ntici', 'eso', 'něčeho_dosáhl', 'uspořádaná_ntice', 'uspořádaná_ktice', 'still_not_getting_any', 'armin_van_buuren', 'jedna', 'eneagram', 'still_not_getting_any…', 'jednička', 'i', 'supposed_former_infatuation_junkie', 'symbol_1', '➊', 'the_one', 'vertical_man', 'sextuple', '➀', '①', 'ntic', 'enneagram']
other	například	Incorrect	['jinak', 'jiná', 'jiný', 'jiné', 'ostatní']
play	hrát	Match	['play', 'divadelní_hra', 'android_market', 'hazardní_hra', 'stageplay', 'hrajte', 'dovádění', 'manévr', 'vůle', 'divadelní_hru', 'google_play_store', 'hazardní_hry', 'hrát', 'spustit', 'drama', 'play_framework', 'dramata', 'google_play', 'dramatické_umění', 'šerm', 'vsadit', 'doba_hry', 'přehrávání_období', 'divadelních_her', 'rozpustilost', 'třpyt', 'činoherec', 'gaming', 'přinést', 'divadelní_hry', 'dramatická_hra', 'hru', 'vsadit_se', 'hrát_si', 'činohra', 'play_store', 'volnou_ruku', 'karban', 'hry', 'dramatická_forma', 'google_store', 'hra', 'přehrát', 'sázení', 'hráčům']
pull	natáhnout	Found close match: ['táhnout', 'vytáhnout']	['nohy_pohled', 'vytáhnout', 'tahání', 'přitahovat', 'pull', 'přilákat', 'odpalování', 'tah', 'tasit', 'pull_výstřel', 'pálkaři', 'tahat', 'vytahovat', 'táhnout', 'spáchat']
push	tlačit	Match	['push', 'getupandgo', 'confessions_on_a_dance_floor', 'tlačítko', 'propagovat', 'black_and_white_america', 'tlačit', 'zatlačit', 'zásobník', 'knoflík', 'tlačítkem', 'button', 'stack', 'puttichai_kasetsin', 'tah', 'precious', 'balík', 'lifo', 'tlačení', 'přepínač']
rain	deště	Match	['in_blue', 'heavy_rain', 'deště', 'dešťové_vody', 'john_colton', 'dešti_bouři', 'dešťové_srážky', 'prudký', 'déšť', 'dešťová_kapka', 'voda_dešťová', 'rain', 'srážky', 'dešťovka']
red	červená	Match	['červený_odstín', 'after_school', 'bolshie', 'red_one', 'angry_birds_rio', 'bolševik', 'red_digital_cinema_camera_company', 'bolševismu', 'red', 'bolshy', 'červené', 'bolševické_strany', 'ztráta', 'rudá', 'angry_birds_seasons', 'odstín_červené', 'odstíny_červené', 'červená_řeka', 'angry_birds', 'red_river', 'rouge_du_sud', 'bolševici', 'červený', 'červeně', 'bolševismus', 'anil_kapoor', 'červená_barva', 'day__age', 'červená', 'červený_inkoust', 'červené_odstíny']
right	pravo	Found close match: ['vpravo', 'právo', 'pravý']	['přesně', 'etických_otázek', 'politická_pravice', 'správné_a_co_špatné', 'dobře', 'pravá_strana', 'správné', 'statut', 'pravý', 'právní_nárok', 'přirozených_práv', 'norská_konzervativní_strana', 'etiky', 'správně', 'pravou_rukou', 'pravá_ruka', 'subjektivní_právo', 'fyzických_a_právnických_práv', 'vpravo', 'nezcizitelné', 'morální_filosofie', 'høyre', 'rightism', 'etické', 'přímo', 'young_americans', 'správný', 'pravé_straně', 'napravit', 'morální_filozof', 'práva', 'etika', 'pravé', 'pravice', 'handedness', 'pravicové', 'pravostranný', 'přirozeného_práva', 'pravicové_politice', 'morální_filozofie', 'nezadatelné_právo', 'pravé_křídlo', 'mravouka', 'statutární', 'politické_pravice', 'pravostranná', 'oprávněnost', 'levák', 'pravdu', 'správná', 'mravověda', 'pravém', 'řádně', 'neetické', 'doprava', 'právo', 'na_pravo', 'etické_teorie', 'konzervativní_strana', 'pravicový', 'opravit', 'levou_rukou', 'pravičák', 'etický_systém', 'nezadatelná_práva', 'ethika', 'pravicová_politika', 'etickým_otázkám']
river	řeky	Match	['řeky', 'river', 'seznam_pokerových_výrazů', 'potok', 'říční', 'tekoucí_voda', 'vodoteč', 'řek', 'kyneta', 'tok_vodní', 'přerušovaný_proud', 'watermark', 'pokerové_výrazy', 'revival', 'proudu', 'ruisseau', 'vodní_tok', 'řece', 'sestao_river_club', 'kineta', 'řeka']
road	silnici	Match	['the_road', 'hráze', 'silniční', 'cesta', 'silnice', 'road', 'silnici', 'pryč_hra', 'new', 'silnice_hra']
root	kořenového	Found close match: ['kořenové', 'kořenový_strom', 'kořen_slova']	['kořeny', 'srst', 'ochlupení', 'předek', 'hudební_intervaly', 'chlupatý', 'praotec', 'původu', 'začátek', '√', 'adventivní_kořen', 'koráloidní_kořen', 'počátek', 'kořenový_systém', 'nula', 'pramatka', 'zdroj', 'kořen_slova', 'etymon', 'odmocňování', 'superuser', 'chlup', 'stromová_struktura', 'kmen', 'tónika', 'cizích_kořenů', 'vlasy', '0', 'tonikum_akord', 'interval', 'rodinný_původ', 'strom', 'hudebních_intervalů', 'konohagakure', 'předchůdce', 'správce_systému', 'prarodič', 'slovní_kmen', 'les', 'přídatný_kořen', 'kořenové', 'superuživatele', 'odmocnění', 'kořen_rovnice', 'odmocnina', 'zakořeněný_strom', 'kořen_funkce', 'správce_počítače', 'tonální_centrum', 'kořenová_soustava', 'rootování_androidu', 'kořen_poznámku', 'kořenový_strom', 'korálovitých_kořenů', 'zakořenění', 'uživatel_root', 'hudební_interval', 'vzdušné_kořeny', 'tonikum', 'ascendent', 'předci', 'prarodiče', 'kořenovém_svém_místě', 'předků', 'zubní_kořen', 'root', 'kořen']
rope	provazu	Found close match: ['provaz', 'provaznické']	['lana', 'r2', 'mexická_valium', 'lanko', 'provaz', 'zapomněl_mi_lék', 'provaznické', 'rophy', 'roofy', 'lano', 'rope']
rotten	rottentomatoes	Not found	[]
round	čtvrtfinále	Incorrect	['rundu', 'prizefighting', 'bareknuckle', 'obchůzka', 'kulatý', 'číslice', 'kulaté', 'suché', 'ovoce', 'platných_číslic', 'box', 'rohovaná', 'zaokrouhlit', 'aritmetickou_přesnost', 'stypsis', 'jeden_výstřel', 'kovové_kazety', 'jednotka_munice', 'nejméně_významné_číslice', 'round', 'pěstní_zápas', 'kulatá', 'mineralitou', 'denní_kolo', 'pěstí', 'patrona', 'rohování', 'golf', 'významnější_postavou', 'tělo', 'přesnost', 'náboj', 'shell_kryt', 'kolo', 'nábojnice', 'nejvýznamnější_číslice', 'významné_místo']
rub	nalepí	Not found	[]
salt	solí	Match	['sodná_sůl', 'nacl', 'kryptografická_sůl', 'limitace_strategických_zbraní_mluví', 'kuchyňská_sůl', 'iontová_sůl', 'salt', 'sůl_kamenná', 'posypové_soli', 'salt_i', 'cheryl_james', 'henry_salt', 'jedlá_sůl', 'iontové_soli', 'sůl_kuchyňská', 'slánka', 'sůl_jedlá', 'solit', 'soli', 'osolit', 'strategic_arms_limitation_talks', 'solnička', 'draselné_soli', 'saltnpepa', 'chlorid_sodný', 'sůl', 'solí', 'posypová_sůl', 'výroby_soli', 'stolní_sůl']
sand	písku	Match	['baronka_dudevant', 'mořský_písek', 'amandine_aurore_lucile_dupin_de_francueil', 'písek', 'říční_písek', 'georges_sand', 'sand', 'amandine_aurore_dupin_lucie', 'sand_am_main', 'písku', 'moxie', 'schönenbergkübelberg', 'aa_dupin', 'vnitřnosti', 'george_sand', 'george_sandová', 'aa_lucile_dupin']
say	říct	Match	['povědět', 'in_blue', 'jeanbaptiste_say', 'thomas_say', 'řekněte', 'jean_baptiste_say', 'say', 'vyslovovat', 'osakis', 'řekněme', 'řekni', 'říci', 'říct']
scratch	vylepšovat	Not found	[]
sea	moře	Match	['měsíční_moře', 'oceány', 'měsíčním_maria', 'měsíční_klisna', 'mare', 'prostředí_životní_mořské', 'seznam_moří', 'světový_oceán', 'mořská', 'oceánu', 'oceán', 'moře', 'oceánů', 'mořské_prostředí', 'sea']
see	vidím	Found close match: ['vidění', 'vidět']	['1r2r4s7s9s)9metyl3oxa9azatricyklo(331024)non7yl_ester_(–)(s)3hydroxy2fenylpropanové_kyseliny', 'vidění', 'navštěvovat', 'skopolamin', 'zrak', 'potkat', 'skopolin', 'scopolamin', 'viz', 'vizuální_vnímání', 'uvědomit', 'tycho', '1r2r4s7s9s)9methyl3oxa9azatricyklo(331024)non7yl_ester_(–)(s)3hydroxy2fenylpropionové_kyseliny', 'představovat', '1r2r4s7s9s)9methyl3oxa9azatricyklo(331024)non7yl_ester_kyseliny_(–)(s)3hydroxy2fenylpropionové', 'hyoscin', 'navštívit', 'episkopální_vidět', '1r2r4s7s9s)9methyl3oxa9azatricyklo(331024)non7yl_ester_kyseliny_(–)(s)3hydroxy2fenylpropanové', 'považovat', 'spatřit', '1r2r4s7s9s)9metyl3oxa9azatricyklo(331024)non7yl_ester_kyseliny_(–)(s)3hydroxy2fenylpropionové', '1r2r4s7s9s)9methyl3oxa9azatricyklo(331024)non7yl_ester_(–)(s)3hydroxy2fenylpropanové_kyseliny', 'see', 'věnovat_se', '1r2r4s7s9s)9metyl3oxa9azatricyklo(331024)non7yl_ester_kyseliny_(–)(s)3hydroxy2fenylpropanové', 'arcibiskupský_vidět', 'objevit', 'spatřovat', '1r2r4s7s9s)9metyl3oxa9azatricyklo(331024)non7yl_ester_(–)(s)3hydroxy2fenylpropionové_kyseliny', 'vidět', 'pochopit']
seed	semena	Match	['cum', 'osiva', 'semenné_tekutiny', 'singleturnaj_eliminace', 'vítěz', 'nasazený_hráč', 'semen', 'sublime', 'osmifinále', 'semena', 'mrdka', 'sperma', 'přijít', 'osivo', 'ejakulovat', 'nasazení', 'semifinále', 'čtvrtfinále', 'random_seed', 'vyřazovací_systém', 'semifinalistou', 'semeno', 'ejakulát', 'zdrojem', 'spermatu', 'pavouk', 'santi', 'single_elimination_turnaj', 'seed', 'počáteční_hodnota', 'vyřazovacím', 'final_fantasy_viii']
sew	vyšívání	Incorrect	['šít', 'stitchery', 'krejčovství', 'šití']
sharp	ostrý	Match	['skinheads_against_racial_prejudice', 'adaven', 'ostrá', 'křížek', 'ostrý', 'ostře', 'sharp_corporation', 'ostré', 'sharp', 's_křížkem', 'is', '♯', 'bystrý']
short	krátký	Match	['krátkých_filmů', 'zkratu', 'shortstop', 'krátkých_animovaných_filmů', 'malý', 'náhle', 'shortselling', 'short_selling', 'zkratovat', 'krátké_pozice', 'krátkou_pozici', 'short_position', 'najednou', 'zkrat', 'krátký_prodej', 'regulace_krátkého_prodeje', 'krátké', 'short', 'krátký_předmět', 'krátký', 'krátké_spojení', 'krátká', 'krátká_pozice', 'krátkých_předmětů', 'short_sale', 'krátký_film', 'shortstops']
sing	zpívat	Match	['harmonie_zpěv', 'ženské_vokály', 'leisure', 'zpívání', 'zpěvák', 'zpěv', 'zpívat', 'zpívej', 'pěvkyně', 'zpěvem', 'sing', 'čisté_vokály']
sit	sedět	Not found	[]
skin	kůže	Match	['duševní_instituce', 'day_for_night', 'téma', 'tištěný_spoj', 'pleť', 'almost_human', 'psychiatrické_nemocnice', 'neodermis', 'ray_of_light', 'osemení', 'vzhled', 'obvod_karty', 'tegument', 'modul_plugin', 'skin', 'kůže', 'australské_domorodé_příbuzenství', 'psychiatrická_léčebna', 'blender', 'plošný_spoj', 'deska_plošných_spojů', 'cutis', 'addin', 'zásuvný_modul', 'skinovatelný', 'pokožka', 'pluginy', 'šlupka', 'kožní', 'slupka', 'blázinec', 'kůži', 'barva_pleti', 'deska', 'r_kelly', 'robert_sylvester_kelly', 'plugin']
sky	sky	Match	['sky_airlines', 'chemické_složení_atmosféry_země', 'british_sky_broadcasting', 'zemská_atmosféra', 'blankyt', 'heterosphere', 'sky_digital', 'atmosféra_země', 'cerulean', 'modrý', 'pozemská_atmosféra', 'firmament', 'blankytný', 'credo', 'sky', 'obloha', 'chemické_složení_atmosféry', 'vzduchu', 'stacey_king', 'lazuline', 'team_sky', 'nebe', 'zemské_atmosféry', 'bskyb', 'winx_club', 'british_sky_broadcasting_group_plc', 'sky_tv', 'thatgamecompany', 'nebeský']
sleep	spánku	Match	['věčný_spánek', 'věčný_odpočinek', 'hybridní_režim_spánku', 'nrem_fáze_spánku', 'zúčtování', 'spánku', 'náměsíčník', 'spánek', 'režim_hibernace', 'spí', 'režim_pozastavení', 'spaní', 'sopor', 'režimu_spánku', 'letargický_spánek', 'režim_spánku', 'pohotovostním_režimu', 'the_black_parade', 'spánková_porucha', 'spi', 'spát', 'sleep']
small	malé	Match	['small', 'john_kunkel_small', 'bederní', 'malý', 'malé', 'malá']
smell	zápachu	Match	['puch', 'zápach', 'příslušenství_čichového_systému', 'bez_zápachu', 'pocit', 'aroma', 'čichu', 'čichový_vjem', 'čichový_systém', 'čichové', 'čich', 'cítit', 'aromatikum', 'čichové_vjemy', 'ducha', 'čichový_majetku', 'pach', 'zápachu', 'vůně', 'čichový_modalita', 'vonící', 'tón', 'nepříjemný_zápach', 'smrad']
smoke	kouře	Match	['zelená_bohyně', 'cigaretu', 'sens', 'tráva', 'kouř', 'dým', 'cígo', 'marihuana', 'fastball', 'nedopalek', 'užívání_tabáku', 'joint', 'nekuřák', 'uzené', 'dýmat', 'sess', 'nicotiana', 'cigareta', 'yin_yang_yo', 'magnetooptický_kerrova_jevu', 'cigaret', 'kouření', 'rostlina_tabáku', 'špek', 'tabák', 'kouřit', 'kouře', 'mary_jane', 'rakev_nehty', 'cigarety', 'cigereta', 'smoke', 'tabákový_smotek', 'rostliny_tabáku']
smooth	hladkými	Found close match: ['hladký', 'hladké', 'hladká']	['gerald_albright', 'smooth', 'ovoce', 'hladká', 'leštit', 'hladce', 'tělo', 'mineralitou', 'hladký', 'stypsis', 'hladké_číslo', 'hladké', 'vyhladit', 'suché']
snake	hadů	Found close match: ['had', 'hadí', 'hadi']	['hadi', 'bell_ah1', 'ah1_cobra', 'solid_snake', 'gray_code', 'had', 'hadí_řeka', 'grayovo_kódování', 'gray_kód', 'snake', 'haďák', 'ah1', 'hadí', 'hydra', 'hada', 'snake_river', 'serpentes', 'souhvězdí_hydry', 'ophidian', 'had_v_trávě', 'grayův_kód', 'snake_jailbird', 'bell_ah1_cobra', 'zrcadlový_binární_kód', 'souhvězdí_hydra']
snow	sníh	Match	['sněhu', 'charles_percy_snow', 'libav', 'baron_snow_of_leicester', 'nos_candy', 'the_warriors', 'libavcodec', 'sněhová_pokrývka', 'prašan', 'sněžení', 'snow', 'sněhové_pokrývky', 'sněžit', 'c_p_snow', 'slonovinu', 'darrin_kenneth_obrien', 'libavformat', 'ffmpeg', 'poplést', 'offwhite', 'sníh']
some	některé	Match	['okolo', 'nebo_tak', 'více_či_méně', 'někteří', 'asi', 'zhruba', 'nějaké', 'kolem', 'některým', 'některé', 'přibližně', 'některý']
spit	vychladnout	Not found	[]
split	rozdělen	Found close match: ['rozdělení', 'rozdělit', 'stock_rozdělení']	['proříznout', 'rozetnout', 'heterozygotní', 'homozygotnosti', 'birds_of_prey', 'heterozygotnosti', 'split_album', 'split', 'hemizygous', 'homozygosity', 'rozdělení_akcií', 'rozříznout', 'heterozygoti', 'prasknout', 'heterozygotnost', 'rozpojit', 'rozdělit', 'homozygot', 'rozdělení', 'zygosity', 'heterozygot', 'praskla', 'stock_rozdělení', 'homozygotní', 'homozygotů', 'rozkol']
squeeze	zahodit	Incorrect	['úvěrové_krize', 'krize_likvidity', 'objetí', 'krizi_likvidity', 'nevýhoda_tahu', 'protažení', 'stisknout', 'štípnout', 'drtit', 'stažením_prstů_zmenšit', 'squeeze', 'ždímat', 'zmáčknout', 'zugzwang', 'obejmout', 'objímání', 'úvěrová_krize', 'hnízdo', 'mačkání']
stab	bodne	Found close match: ['bodnutí', 'bodnout']	['bodnutí', 'pobodat', 'scream_2', 'probodnout', 'nůž_tah', 'vřískot_2', 'bodnout', 'roh_bodnout']
stand	padnout	Incorrect	['venkovní_stage', 'postavit', 'hledisko', 'pozice', 'sad', 'ovocný_sad', 'stát', 'firma', 'ovocného_sadu', 'hlediska', 'vystát', 'woodlet', 'prodejní_stánek', 'háj', 'stanovisko', 'partnerství', 'stojí', 'sadař', 'plantáže', 'vydržet', 'tolerovat', 'kávové_plantáže', 'susan_ashton', 'hájová_květena', 'plantáž', 'základ', 'pohledu', 'stand', 'mít', 'stánek', 'hudební_pavilón', 'snášet', 'kořen']
star	hvězdy	Match	['filmová_hvězda', 'kouzelník', 'hvězdička', 'estelle', 'herec_v_hlavní_roli', 'vedoucí_herec', 'mavin', 'hlavní_role', 'ilean_almaguer', 'steroidů_akutní_regulační_protein', 'pětihvězdičkový_hotel', 'hvězdy_polygonu', 'vznik_hvězdy', 'headliner', 'odbornice', 'hvězdiček', 'mág', 'hvězdy', 'hrát', 'filmových_hvězd', 'expert', 'vznik_hvězd', 'estelle_fanta_swaray', 'adept', 'eso', 'superstar', 'targz', 'the_star', 'celebrity', 'hvězda', 'maven', 'zánik_hvězdy', 'wiz', 'slavná_osoba', 'zběhlý', 'svištět', 'celebrita', 'bcg_matice', 'hvězdicová_topologie', 'herečka_v_hlavní_roli', 'star', 'asterisk', 'parmice', 'popstar', 'the_lamb', 'xerox_star', 'mediální_osobnost', 'the_rise_and_fall_of_ziggy_stardust_and_the_spiders_from_mars', 'hvězd', 'zánik_hvězd', 'odborník', 'hvězda_graf', 'druhy_hvězd', 'televizní_osobnost', 'estelle_swaray', 'tar']
stick	trsátko	Incorrect	['křížový_ovladač', 'sukovice', 'joystick', 'manuální_převodovka', 'hůl', 'marihuanová_cigareta', 'manuální_převodovkou', 'pendrek', 'marihuana_cigareta', 'joint', 'ascii_kód', 'billystick', 'billy_club', 'americký_standardní_kód_pro_výměnu_informací', 'řídící_páky', 'zůstat', 'klacek', 'obušek', 'krátký_posunovač', 'synchronizovaná', 'vycházkových_holí', 'stick_shift', 'špek', 'svázat', 'billy_klub', 'standard_ascii', 'pákový_ovladač', 'policejní_obušek', 'spliff', 'clapstick', 'ascii', 'obušky', 'joysticky', 'hůlka', 'standardní_přenos', 'krátké_páky', 'obušku']
stone	kamene	Match	['drahých_kamenů', 'harlan_kámen', 'šperky', 'endokarp', 'i_f_stone', 'drahokam', 'drahý_kámen', 'polodrahokam', 'klenot', 'oliver_stone', 'hornina', 'bikoru', 'edward_durell_kámen', 'past', 'kamene', 'pecka', 'picul', 'semidrahých_kamenů', 'lucy_kámen', 'endocarp', 'isidor_feinstein_kámen', 'harlan_f_stone', 'vypeckovat', 'harlan_fiske_kámen', 'kamenný', 'kameny', 'horniny', 'mezokarp', 'semidrahých', 'lucy_stone', 'harlan_fisk_kámen', 'stone', 'harlan_fiske_stone', 'kámen', 'drahé_kameny', 'exokarp', 'oplodí', 'drahokamy', 'perikarp']
straight	stosurovou	Found close match: ['rovnou']	['cílové', 'rovné', 'heterosexualism', 'nudný', 'kříž', 'rovnou', 'postupka', 'přímo', 'hetero', 'hned', 'heterosexuální_preference', 'heterosexuální_založení', 'heterosexualita', 'heterosexuality', 'rovně', 'cílová_rovinka', 'rovný_člověk', 'heterosexuálů', 'heterosexuální_zaměření', 'heterosexuální_osoba', 'heterosexuální_orientace', 'heterosexuál', 'heterosexuálové', 'heterosexuální']
suck	pročistit	Not found	[]
sun	slunce	Match	['stálici', 'sun', 'sunmicrosystems', '☉', 'neděli', 'slunce', '孫', 'utu', 'venuše', 'sol', 'mars', 'seon', 'jupiter', 'cun', 'záření_sluneční', 'šamaš', 'sun_microsystems', 'slunečního_spektra', 'měsíc', 'utug', 'sonne', 'stálice', 'sluneční_světlo', 'šamšu', 'sunhwa_kwonová', 'neděle', '☼', 'den_páně', 'sunhwa_kwon', 'znamení_slunce', 'sun_television', 'merkur', 'do_světla', 'měsíce', 'slunit', 'the_sun', 'dominicus']
swell	praskání	Not found	[]
swim	plavat	Match	['pohyb_ve_vodě', 'plav', 'sportovní_plavání', 'plavání', 'koupání', 'ray_of_light', 'vodního_pohybu', 'plavecký_sport', 'plout', 'závodní_plavání', 'plavecké_sporty', 'plavat']
tail	ocas	Match	['shadower', 'kontralaterální', 'ocasní_plochy', 'dorzolaterální', 'tailender', 'ventrolaterálně', 'pořadí_odpalování', 'ohon', 'ocasní', 'ocasender', 'po_straně', 'apikální', 'empennage', 'tail', 'dorsoventral', 'za', 'ocásek', 'zadeček', 'gluteální_oblasti', 'keister', 'proximální', 'hyždě', 'tush', 'ventrální', 'distální', 'stopovat', 'zadní_část', 'zadní', 'plantární', 'boční', 'konec_laně', 'hýždě', 'sledovat', 'kaudálně', 'buchty', 'ipsilaterální', 'tail_assembly', 'vená', 'rub', 'bazální', 'aboral', 'tailend', 'hnát', 'zádi', 'záď', 'ocas', 'zadnice', 'honit', 'oháňka', 'anatomické_podmínky_umístění', 'pronásledovat', 'posteriorly', 'nb', 'chvost', 'tooshie', 'prdel']
that	že	Match	['thaat', 'že', 'to', 'that']
there	existují	Incorrect	['tam']
they	ale	Not found	[]
thick	tmavošedé	Incorrect	['tlustý', 'střed', 'husté', 'hustý', 'hustá']
thin	tenké	Match	['štíhlý', 'tenké', 'řídký', 'útlý', 'tenká', 'tenký', 'hubená']
think	myslím	Match	['mysli', 'myslím', 'myšlenky', 'zvažovat', 'think', 'zamýšlet', 'vádění', 'myšlení', 'myslitel', 'představit', 'přemýšlení', 'nechci', 'pamatovat', 'funkce_mozku', 'porozumění', 'think_global', 'myšlenkový_proces', 'přemýšlet', 'myslet', 'úmyslu']
this	takovéhle	Found close match: ['tohle']	['toto', 'cenej', 'mě', 'tohle', 'tento', 'to', 'this', 'mnou', 'thinis', 'mne']
three	pět	Incorrect	['prong', 'ⅲ', 'trojka', 'iii', 'santana_iii', 'tercet', '➂', 'dvojkaace', 'bob_sinclar', 'seventeen_seconds', '3', 'tři', 'succeeder', 'trigon', 'terzetto', 'něčeho_dosáhl', 'three', '❸', 'bob_sinclair', 'eneagram', '③', 'ternion', 'trojice', 'enneagram', '➌']
throw	přehodit	Found close match: ['hodit']	['hod', 'žesťový_nástroj', 'výfukového_zdvihu', 'zdvih_pístu', 'throw', 'přehazovat_žonglování', 'dechové_nástroje', 'mosazi', 'dechových_nástrojů', 'plechový_nástroj', 'dechový_nástroj', 'nátrubkový_nástroj', 'hoď', 'vrhat', 'cam_zdvih', 'hodit', 'žesťové_nástroje', 'nátrubkové_nástroje', 'vrhnout', 'mají', 'kompresního_zdvihu', 'nage_waza', 'zdvih', 'by', 'žestě']
tie	duelu	Incorrect	['zavázat', 'linkup', 'krku_kravatu', 'kravaty', 'železniční_pražec', 'v_tie', 'železnice_tie', 'propojit', 'pražce', 'tie_paprsek', 'pevnou_jízdní_dráhu', 'přidružit', 'crosstie', 'pražec', 'kravatu', 'kravata', 'vázanka', 'spárovat', 'remíza', 'železniční_kravatu', 'připojit', 'přivázat']
tongue	jazylky	Found close match: ['jazyk', 'jazyka']	['jazykové_svaly', 'glossa', 'lingua', 'hovězí_jazyk', 'dar_jazyků', 'přirozený_jazyk', 'přirozených_jazyků', 'glosolálie', 'tongue', 'přirozeného_jazyka', 'jazyk', 'glossolalia', 'srdce', 'mluvení_v_jazycích', 'srdce_zvonu', 'lengua', 'svaly_jazyka', 'jazyka']
tooth	zubu	Match	['zubní_pahýl', 'zuby', 'zub', 'zubu', 'druhy_zubů']
tree	stromu	Found close match: ['strom', 'stromů', 'stromy']	['koncový_uzel', 'tree', 'charlotte_brontë', 'kořenový_uzel', 'vnitřní_uzel', 'stromová_struktura', 'posvátný_strom', 'kult_stromů', 'nadřazený_uzel', 'strom', 'stromek', 'stromů', 'stromy', 'les', 'podstrom', 'charlotte_brontéová', 'zakořeněný_strom', 'charlotte_brontëová', 'uzel_typu_list', 'strom_datová_struktura', 'stromu_uctívání', 'strom_diagram', 'podstromu', 'kořenový_strom', 'nadřazeného_uzlu', 'sir_herbert_beerbohm_tree', 'herbert_beerbohm_tree', 'charlotte_bronte']
turn	tak	Incorrect	['pirueta', 'acciaccatura', 'vrátit_zpět', 'dobrý_skutek', 'piruetu', 'seznam_pokerových_výrazů', 'převrátit', 'milost_poznámka', 'obrat', 'otočit', 'zahnout', 'ozdoba', 'volta', 'perigon', 'ornament', 'pokerové_výrazy', 'appoggiatura', 'vítězný_bod', 'zase_akcí', 'herní_mód', 'točit', 'proměnit', 'dekorace', 'kolo_úhel']
two	šest	Incorrect	['něčeho_dosáhl', 'succeeder', 'two', '➁', '②', '❷', 'dvojka', '2', 'ii', 'enneagram', 'eneagram', 'dvě', '➋', 'dva', 'ⅱ']
vomit	pozřít	Incorrect	['barf', 'dávicí_prostředek', 'dávidlo', 'regurgitace', 'disgorgement', 'zvracení', 'zvracet', 'vomitive', 'zvrací', 'vomitus', 'zvratky', 'blít', 'emeze', 'nauseant', 'blití']
walk	ujít	Found close match: ['jít']	['hustý_graf', 'uzel', 'chůzi', 'graf', 'base_on_balls', 'mimochod', 'uzel_grafu', 'jezdit', 'procházka', 'chodníky', 'walk', 'neorientovaný_graf', 'chodník', 'seznam_sousedů', 'jednoduchý_graf', 'jet', 'chůze_od_života', 'pěšky', 'grafu', 'jít', 'chodit', 'meta_zdarma', 'způsob_chůze', 'paseo', 'muž_na_laně', 'jechat', 'chůze', 'základna_na_míče', 'kontrakce_hrany', 'the_walk', 'krok', 'řád', 'podgraf', 'řídký_graf']
warm	chladné	Incorrect	['teplá', 'teplý', 'milující', 'teplo', 'teple', 'teplé']
wash	vysušit	Incorrect	['vymývání', 'buried', 'mytí', 'arroyo', 'lavírovaná_kresba', 'the_wash', 'lavation', 'washables', 'prát', 'zahrnování', 'lavírování', 'unearthed', 'čínské_prádelny', 'scan', 'umýt', 'závětří', 'praní', 'suché_mytí', 'pradlena', 'lost_dogs', 'mýt', 'navlhčit', 'prádelna']
water	vody	Match	['dusíkatých_odpadů', 'fencyklidin', 'voda', 'pára', 'vodu', 'vodárna', 'superionická_voda', 'water', 'chcanky', 'dihydrogenmonooxid', 'h2o', 'piddle', 'vody', 'vodní_led', 'uklidňující', 'dhmo', 'molekuly_vody', 'weewee', 'obecní_vodovodní_systém', 'pokles_plot', 'superionický_led', 'blood_red_shoes', 'ledu', 'tělo_vody', 'oxidan', 'užitkové_vody', 'moč', 'quoins', 'vodní_pára', 'nároží', 'moči', 'vodních_útvarů', 'síť_vodovodní', 'zásobování_vodou', 'zdroj_vody', 'kyselina_hydroxylová', 'vodní_plocha', 'dihydrogen_monoxid', 'h₂o', 'vodovod', 'led', 'vodní_zdroje', 'vodovodní_sítě', 'zavlažovat', 'angel_dust', 'vodovodů', 'uklidňující_hydrochlorid', 'vodní_páry', 'průmyslové_vody', 'kapalné_vody', 'napájet', 'vodstvo']
we	prostě	Not found	[]
wet	vlhké	Found close match: ['vlhký', 'vlhkost', 'vlhkosti']	['vlhkost', 'angel_dust', 'wet', 'mokré', 'mokro', 'uklidňující', 'fencyklidin', 'uklidňující_hydrochlorid', 'mokrý', 'vlhký', 'vlhkosti', 'západoevropský_čas', 'mokrá']
what	opravdu	Incorrect	['jaký', 'co']
when	když	Match	['kdy', 'když', 'diamonds_for_breakfast']
where	kde	Match	['where', 'kam', 'kde']
white	bílé	Match	['bílí_lidé', 'white_osoba', 'vaječný_albumin', 'andrew_d_white', 'pigmentace_kůže', 'patrick_victor_martindale_white', 'bílek', 'europoidní_plemeno', 't_h_white', 'jiných_závodů', 'lidské_pleti', 'white', 'barva_kůže', 'vaječný_bílek', 'vaječných_bílků', 'white_airways', 'běloši', 'kavkazský_závod', 'bělouš', 'bílé_rasy', 'blackface', 'bílá', 'bílý', 'edward_d_white', 'běloch', 'slonovinu', 'pieris', 'pleti', 'stanford_white', 'andrew_dickson_white', 'caucasoid', 'planeswalker', 'bílé', 'patrick_white', 'bílá_rasa', 'europoidní_rasa', 'caucasoid_závod', 'magicthe_gathering', 'latino', 'bílá_barva', 'edward_douglas_white_jr', 'hispánský', 'bílé_světlo', 'theodore_harold_white', 'mtg', 'white_river', 'bílý_a_černý_v_šachu', 'tři_barvy_bílá', 'barva_pleti', 'běloška', 'magic_the_gathering', 'offwhite', 'černý', 'edward_white', 'elwyn_brooks_white', 'caucasoids', 'e_b_white', 'ovalbumin']
who	kteří	Found close match: ['který', 'ktery']	['world_health_organisation', 'jemuž', 'zain_malik', 'koho', 'the_high_numbers', 'kdo', 'who', 'the_detours', 'zayn_malik', 'zain_javadd_malik', 'the_who', 'ktery', 'szo', 'jim_neidhart', 'kterého', 'světová_zdravotnická_organizace', 'world_health_organization', 'jehož', 'který', 'světové_zdravotnické_organizace', 'komu']
wide	široké	Match	['široký', 'široká', 'široké', 'širokou']
wife	manželka	Match	['manželce', 'žena', 'choť', 'manželka', 'manželku', 'vdaná_žena', 'manželky']
wind	větru	Match	['lámání_vítr', 'wiatr', 'závan', 'akeboshi', 'navíjení', 'vinutí', 'dechové_nástroje', 'malarky', 'dechový_nástroj', 'větry', 'potenciální_zákazník_', 'dechu', 'vítr', 'aerofony', 'wind_a_breath_of_heart', 'proud_vzduchu', 'důvěrné_informace', 'proudu_vzduchu', 'malarkey', 'vzduch', 'wind', 'potenciální_dárce', 'nárazy_větru', 'nečinnosti_slova', 'potenciální_zákazník', 'prdění', 'větru', 'prd']
wing	křídlo	Match	['příloha', 'spoiler', 'pomocí_levé_lemovat', 'hindwing', 'flypolovina', 'mimo_centrum_města', 'lemovat_manévr', 'doprovodných', 'kluzáky', 'tighthead_prop', 'kola_stejně', 'na_centra', 'obchvat', 'dummypolovina', 'v_zákulisí', 'flyhalf', 'křídlo_letadla', 'swingman', 'křídlo', 'létat', 'zákulisí', 'strážforward', 'blatník', 'spojler', 'gone_again', 'křídle', 'letu_hmyzu', 'obchvatný_manévr', 'wing', 'přístavba']
wipe	vyhladit	Not found	[]
with	s	Not found	[]
woman	žena	Match	['ženy', 'woman', 'žena', 'ženská', 'ženské_pohlaví', 'žen', '♀', 'nancy_benoit', 'samice', 'klaatu', 'dospělá_žena', 'uklízečka', 'harry_styles', 'spravedlivé_sex']
worm	parazit	Incorrect	['internetový_červ', 'červi', 'helmint', 'worm', 'červ', 'špína_koule', 'závit', 'počítačový_červ', 'helminti']
year	rok	Match	['tropický_rok', 'ročník', 'let', 'rok_gregoriánského', 'ma', 'anomalistic_rok', 'roky', 'roce', 'dlouhá_doba', 'ročně', 'letech', 'doba', 'astronomický_rok', 'yr', 'per_annum', 'rok', 'roku', 'dlouhou_dobu', 'sluneční_rok', 'rovnodenní_rok', 'pa', 'období', 'věk', 'annum', 'dvanáct_měsíc']
yellow	žlutá	Match	['hong_jinho', 'zbabělý', 'hwang_ho', 'blondýnka', 'eiko_shimamiya', 'blonďák', 'blond_vlasy', 'žluté', 'zebrahead', 'žluť', 'yellow', 'žlutý', 'chuangche', 'žlutá', 'huang_he', 'blond', 'blondýna', 'žlutá_barva', 'žlutá_řeka', 'žlutavý']
you	vám	Incorrect	['no_control', 'vykat', 'vy', 'jsi', 'tvůj', 'amy_lee', 'dodie_clark', 'you', 'ty', 'janne_da_arc', 'the_sos_band', 'pablo_honey', 'monster', 'fly', 'the_real_testament']
