all	alle	Match	['totalt', 'universelle_quantifier', 'akutt_lymfoblastisk_leukemi', 'alle', 'fullstendig', 'universal_quantifier', 'all', 'universell_kvantifisering', 'universelle_nedleggelse', 'alt', 'universell_quantifier', 'helt', 'akutt_lymfatisk_leukemi']
and	og	Match	['logikk_krets', 'konjunksjon', 'and', 'logisk_og', 'logikk_gate', 'armed_and_dangerous', 'logiske_porter', 'logisk_port', '‚àß', 'diskret_logikk', 'logisk_sammenheng', 'og', 'logisk_¬´og¬ª']
animal	dyr	Match	['flercellede_dyr', 'fauna', 'joseph_laurinaitis', 'dyr', 'animal', 'epifauna', 'wasp', 'animalia', 'epifaunal', 'dyreriket', 'dyreliv', 'krek', 'randy_pipers_animal', 'skapning', 'reproduksjon_av_dyr', 'metazoans', 'animere_v√¶re', 'dyreart', 'skapning_type', 'anlegg', 'makrofauna', 'road_warrior_animal', 'metazoa', 'far_east_movement', 'dyrisk', 'infauna', 'faunistikk', 'reality_check', 'dyret']
ashes	begravde	Incorrect	['post_mortem', 'aske', 'asken', 'ashes']
at	ved	Not found	[]
back	tilbake	Match	['sissybar', 'virvels√∏yle', 'innsiden_sentrum', 'back', 'ryggvirvel', 'tighthead_prop', 'rachis', 'ryggrad', 'thoracalcolumna', 'attende', 'ryggvirvlene', 'ryggje', 'forsvarsspiller', 'bak', 'flyhalf', 'fly_halv', 'utenfor_sentrum', 'ryggrad_ryggs√∏yle', 'ryggst√∏', 'venstreback', 'ryggs√∏yle', 'ryggen', 'tilbake', 'ryggraden', 'midt_bak', 'brystvirvler', 'bokbinding', 'forsvar', 'bakside', 'midtstopper', 'f√∏rste_fem√•ttende', 'ryggs√∏ylen', 'baksiden', 'columna', 'st√∏tte', 'rygge', 'fly_halvparten', 'h√∏yreback', 'ryggrad_ryggs√∏yle_virvels√∏yle', 'virvels√∏ylen', 'ryggvirvler', 'rygg']
bad	d√•rlig	Match	['bad_tour', 'det_onde', 'slem', 'evilness', 'vond', 'utg√•tt_r√•tten', 'big_audio_dynamite', 'ondskap', 'd√•rlig', 'royce_da_59', 'barksdale_flystasjon', 'r√•tten', 'onde', 'barksdale_air_force_base', 'ille', 'bad', 'bad_world_tour']
bark	kvister	Incorrect	['iljusjin_il2', 'tre_bark', 'bark', 'barkskip', 'gj√∏', 'bjeffe', 'barque', 'periderm', 'bjeff']
because	fordi	Match	['p√•_grunn_av', 'because', 'fordi']
belly	buken	Found close match: ['buk']	['buk', 'magemusklene', 'menneskelige_magen', 'vom', 'underlivet', 'magen', 'belly', 'mage', 'abdomen', 'maven']
big	big	Match	['t√∏rr', 'bjarke_ingels_group', 'kroppen', 'big', 'balanse', 'stort', 'stypsis', 'minerality', 'store', 'frukt', 'stor', 'norm_nixon']
bird	fugleunger	Found close match: ['fugler', 'fuglefaunaen', 'fuglearter']	['neornithes', '√•_gi_fingern', 'fj√¶rball_h√∏ne', 'fuglearter', '√•_vise_fingeren', 'mikuni_shimokawa', 'n√•tidsfugler', 'yardbird_parker', 'aves', 'wench', 'avafauna', '√•_gi_noen_fingeren', 'fj√¶rball', 't√∏s', '√•_vise_langfingeren', 'jente', 'charlie_parker', 'kasteball', 'bird_parker', 'charles_parker_jr', 'bird', 'fugler', 'fugl', 'roosting', 'bronx_cheer', 'fuglefaunaen', 'charles_christopher_parker', 'razzing', 'razz', 'boo', 'fingeren']
bite	bite	Match	['biter', 'pungency', 'tildeling', 'jafs', 'snack', 'pikant', 'stikket', 'insektbitt', 'chomp', 'bit', 'bitter', 'bite', 'steven_hassan', 'stikk', 'matbit', 'mellomm√•ltid', 'brenne', 'biting', 'bitt', 'krydret', 'bispesifikke_tcelle_engager', 'insektsbitt', 'brodd']
black	svart	Match	['totalt_m√∏rke', 'sort', 'sensation', 'negroide', 'svarte_kvinner', 'svarte_samfunnet', 'm√∏rkhudete_mennesker', 'negroid_rase', 'final_fight_3', 'svart_kvinne', 'farve', 'van√¶rende', 'farge', 'negere', 'shirley_temple_black', 'negresse', 'neger', 'afrikansk_avstamning', 'black', 'shirley_temple_svart', 'negre', 'shirley_jane_temple_black', 'negroid', 'shirley_jane_temple', 'blackamoor', 'toneh√∏yde_blackness', 'shirley_temple', 'skjendig', 'svart_mann', 'negroids', 'lightlessness', 'asiatisk', 'svarte', 'afrikansk', 'final_fight', 'den_negroide_rase', 'taio_cruz', 'svarte_mennesker', 'negrene', 'svart', 'skammelig', 'hispanic', 'planeswalker', 'andre_raser', 'kari_kimmel', 'negro', 'latino', 'farger', 'inkiness', 'magic_the_gathering', 'negrer', 'strukturfarge', 'svart_person', 'svart_afrikansk', 'hvite', 'joseph_black', 'skamfull']
blood	blod	Match	['arv', 'arveegenskaper', 'blood', 'hematologiske', 'blodmat', 'biologisk_arv', 'rakehell', 'oksygenrikt_blod', 'blodet', 'blodslinje', 'bordeaux', 'arvelig', 'arvelighet', 'blodtyper', 'roue', 'blodlegemer', 'vs', 'genetisk_arv', 'persistence_of_time', 'menneskeblod', 'blod_linje', 'blodtype', 'collective_soul', 'the_black_parade', 'blod', 'bordeaux_vin', 'opphav', 'getting_away_with_murder']
blow	bl√•se	Match	['nese_godteri', 'vindkast', 'bl√•se', 'gust', 'blow', 'tilbakeslag', 'bl√•s', 'slag', 'kaste_bort', 'skryte']
bone	kjevebeinet	Incorrect	['elfenben', 'bones', 'osseous', 'def_jam_recordings', 'knokkel', 'def_jam', 'offwhite', 'osseous_vev', 'bone', 'bein']
breast	brystkreft	Match	['brystparti', 'daier', 'bryst', 'pupp', 'melon', 'brystvorter', 'brystet', 'pectus', 'titty', 'brystkassen', 'pupper', 'patte', 'batteri', 'torakal', 'kvinnebryst', 'the_breast', 'byste', 'bryster', 'barm', 'thorax', 'hvitt_kj√∏tt', 'brystene', 'brystkreft', 'brystvorte', 'brystkasse', 'forlykt', 'kar_og_thoraxkirurgi', 'n√∏tt']
breathe	puste	Match	['kristof_konrad', 'time', 'pust', 'breathe', 'dark_side_of_the_moon', 'puste', 'the_dark_side_of_the_moon', 'music_from_the_body', 'iempire', 'funeral_for_yesterday', 'a_class']
burn	brenne	Match	['tredje_grads_forbrenning', 'fc_dallas', 'vassdrag', 'flammende', 'burn_intense_energy', 'vannl√∏p', 'tredje_grad_brenne', 'branner', 'andre_grad_brenne', 'burn', 'solbrenthet', 'b√•l', 'tan', 'bekk', 'brann', 'flamme', 'suntan', 'tredje_grads_forbrenninger', 'bekkefar', 'brenn', 'burn_juiced', 'tredjegrads_forbrenninger', 'eld', 'kauterisere', 'branns√•r', 'ilden', 'ruisseau', 'brenne_mark', 'dallas_burn', 'erythema_solare', 'ild', 'brenne', 'bekker', '√•pen_ild', 'forbrenning', 'vassdraget']
child	barn	Match	['barndom', 'barnet', 'tiddler', 'juvenile', 'barn', 'mindre√•rig', 'child', 'datter', 'd√∏tre', 'ungdom', 'lenfant', 'mindre√•rige', 'skolebarn', 'prepubescent', 'youngster', 'mindre']
cloud	nettskyen	Match	['sky_infrastruktur', 'cloud_infrastruktur', 'sverm', '‚òÅ', 'kiba', 'skyer', 'offentlig_sky', 'skjule', 'gjemme', 'cloud_computing', 'nettskyen', 'skytjeneste', 'infrastruktur_som_en_tjeneste', 'skyen', 'sky', 'cloud_strife', 'cloud', 'cloudtjenester', 'svermende', 'hybrid_sky', 'cloud_hosting', 'skydannelse', 'skytjenester', 'sky_st√∏vsky', 'nettsky', 'en_skytjeneste']
cold	kalde	Found close match: ['kald', 'kulde', 'kaldt']	['akutt_nasofaryngitt', 'kols', 'kulde', 'nicole_scherzinger', 'forkj√∏lelse', 'cold', 'kaldblodig', 'kronisk_obstruktiv_lungesykdom', 'snue', 'lav_temperatur', 'copd', 'craig_david', 'kald', 'kronisk_obstruktiv_lungesjukdom', 'kaldt', 'nasofaryngitt']
come	komme	Match	['komme', 'cum', 's√¶d', 'come', 'ankomme', 'kom', 'kommer', 'sperma', 'traff', 'kommet', 'sperm', 's√¶dv√¶ske', 's√¶dv√¶sken', 'n√•', 'ejakulere', 'ankommer', 'gj√∏re']
correct	riktige	Match	['sann', 'justere', 'korrekt', 'riktige', 'korrigere', 'korriger', 'virkelig', 'innstille', 'riktig', 'stille_inn', 'rette_opp', 'rett']
count	greve	Match	['greve', 'tell', 'jarled√∏mmet', 'saken', 'opplisting', 'jarl', 'countship', 'earls', 'earl', 'vurdere', 'fulltelling', 'opptelling', 'sql', 'greven_av_monte_cristo', 'greven_av_monte_christo', 'telle', 'comital', 'romersk_greve', 'comtesse', 'liste', 'numeration', 'oppteljing', 'tallsystemet', 'structured_query_language', 'tallsystemer', 'tallsystem']
cut	kutte	Match	['filmredigering', '√•pent_s√•r', 'stykningsdel', 'snu', 'kuttet', 'tynne_ut', 'kutt', 'wounding', 'klippe_ut', 'cut', 's√•re', 'skj√¶r', 'redusere', 'sjongleringsm√∏nster', 'sensuren', 'kuttskader', 'politisk_sensur', 'dreie', 'central_√∫nica_dos_trabalhadores', 'sensurert', 'film_editor', 'dcut', 'film_redigering', 'trykk_sensur', 'klipt', 'videoklipping', 'kald_skulder', 'redigering_av_film', 'skj√¶ring', 'kutte_ned', 'klipp', 'sensurerer', 'kutte', 'directors_cut', 'spor', 'forkorte', 'vende', 'links', 'filmklipper', 'snitt', 'filmklipping', 'klipping', 'kutt_og_fyll', 'kuttet_av_kj√∏tt', 'videoredigering', 'primal_kutt', 'sensur', 'skade', 's√•r', 'baseball_swing', '√•pen_snitt', 'stykke']
day	dagen	Match	['solens_gang', 'dagen', 'tilsynelatende_solens_gang', 'clarence_shepard_day_jr', 'dag', 'solar_dag', 'day', 'tjuefire_timers_periode', '24timers_intervall', 'mener_sold√∏gn', 'siderisk_dag', 'dagene', 'dagtid', 'd√∏gn', 'clarence_day', 'daglengde', 'tjuefire_timer', 'soltid', 'sold√∏gn', 'dager', 'dagens_lengde']
die	da√ü	Incorrect	['terningene', 'terningspill', 'd√∏d', 'd√∏den', 'd√∏r', 'spellterning', 'd√∏', 'krepere', 'terningspell', 'bortgang', 'daude', 'd√∏dsfall', 'terning', 'spillterning', 'tidlig_d√∏d', 'bryte_sammen', 'polyhedral_terninger', 'lastet_terninger', 'd√∏de', 'die', 'terninger']
dig	grave	Match	['grave', 'skj√∏nne', 'jibb', 'stikk', 'gibe', 'kunne', 'arkeologiske_omr√•det', 'forst√•', 'graving', 'dig', 'utgraving']
dirty	skitne	Match	['data_cache', 'rambufferminne', 'hurtigbuffer', 'dirrty', 'l1_cache', 'setassosiativ', 'jord', 'skitt', 'cpu_cache', 'cache_linje', 'instruksjon_cache', 'dirty', 'skr√∏pelige', 'hurtigbufring', 'm√∏kkete', 'jordsmonn', 'minnebuffer', 'underworld', 'l2_cache', 'hurtigminne', 'cache', 'skittent', 'cacheminne', 'skriveback', 'cache_miss', 'l3_cache', 'jordarter', 'skitne', 'skitten']
dog	hund	Match	['familien_canidae', 'wienerwurst', 'hund', 'allergivennlig_hundetype', 'hundedyr', 'firedog', 'hundjern', 'hundekj√∏tt', 'montefrank', 'familiaris', 'french_hot_dog', 'p√∏lse_i_lompe', 'hakket', 'moderne_hundedyr', 'jage_etter', 'ulvefamilien', 'monte_frank', 'forf√∏lge', 'hunder', 'tamhund', 'canis_familiaris', 'allergivennlige_hunder', 'hot_dog', 'kj√∏ter', 'frump', 'innenlandske_hund', 'weenie', 'hundefamilien', 'p√∏lse_med_lompe', 'hunden', 'pawl', 'canids', 'bikkja', 'familiehund', 'l√∏pe', 'peisbukk', 'hundens_opprinnelse', 'blackguard', 'tamhunder', 'fakta_om_hunder', 'canidae', 'p√∏lse_i_br√∏d', 'duck_hunt', 'canidene', 'canis_lupus_familiaris', 'bisk', 'caninae', 'bikkje', 'andiron', 'hotdog', 'allergivennlig_hund', 'canider', 'frankfurter', 'hundene', 'p√∏lse', 'p√∏lser']
drink	drikke	Match	['fyll', 'drikke', 'drikk', 'crapulence', 'drikkevare', 'boozing', 'dram', 'drikkevarer', 'svelg', 'drinkable', 'drikkevann', 'svelge', 'drikker', 'drikking', 'rochester_institute_of_technology', 'drink']
dry	t√∏rr	Match	['t√∏rr', 'kroppen', 'prohibitionist', 't√∏rk', 't√∏rke', 'balanse', 'stypsis', 'minerality', 't√∏rt', 'dry', 'frukt']
dull	glinsende	Incorrect	['sl√•_av', 'dempe', 'sl√∏v', 'dum']
dust	st√∏v	Match	['englest√∏v', 'pcp', 'engel_st√∏v', 'fannings', 'fenycyklidin', 'rusk', 'fencyklidin', 'phencyclidine_hydrochloride', 'steinsprut', 'babylon_5', 'st√∏vet', 'dust', 'orange_pekoe', 'pekoe', 'str√∏', 'st√∏v', 'phencyclidine', 'fensyklidin']
ear	√∏ret	Match	['menneskelige_√∏ret', 'hj√∏rne', '√∏re_dekomponering', 'aks', '√∏remuslingen', 'pinna', 'toppunkt', 'ytter√∏r', 'ytter√∏ret', '√∏rer', '√∏ret', 'ytterpunkt', 'toppunktet', '√∏re', 'pinnae']
earth	jorden	Match	['terra_firma', 'brontitall', 'saiyan', 'majin_buu_saga', 'den_bl√•_planeten', 'verdslig_bekymring', 'landjord', 'son_gok≈´sagaen', 'üåç', 'jorde', 'golgafrincham', 'songohan', 'land', 'sonic', 'sonic_the_hedgehog', 'dragon_ball', 'tellus', 'landmasse', 'verden', 'jording', '‚ôÅ', 'jordkloden', 'earth', 'jordiske_bekymring', 'jordens_historie', 'jorden', 'fast_grunn', 'jordklode_klode', 'andr√≥meda', 'kamehameha', 'majin_buusagaen', 'lamuella', 'bakken', 'dragonball', 'jordklode', 'magrathea', 'krikkit', 'son_gohan', 'death_egg', 'bakke', 'jorda', 'elektrisk_jord', 'milliways', 'ace_combat', 'jord', 't√∏rt_land']
eat	spise	Match	['spises', 'mate_f√¥re', 'ete', 'eter', 'eat', 'f√¥ring', 'servering', 'spis', 'spise']
egg	egg	Match	['eggcelle', 'testiklene', 'hardkokt_egg', 'burfrie_egg', 'osimodellen', 'fugleegg', 'ovum', 'elliptisk', 'for_phasmatodea', 'testikler', 'osi_referansemodell', 'kylling_egg', 'eggformet', 'ellipse', 'egget', 'osi_modellen', 'buregg', 'eggform', 'testicular', 'ballock', 'sp√∏kelsesinsekter', 'egg', 'fugl_egg', 'testis', 'eggene', 'fisk_egg', 'elliptiske', 'eggceller', 'teste', 'phasmida', 'eggproduksjon', 'pokker', 'phasmatodea', 'oval', 'ball', 'for_phasmida', 'testikkel']
eye	√∏ye	Match	['eye', 'sentrum', 'knopp', 'blomsterknopp', '√∏yets_linse', '√∏yne', 'optikk', 'the_eye', 'oculus', 'sammensatte_√∏yne', '√∏ye', '√∏yner', 'orkan√∏ye', 'midt', 'planteknopp', 'r√∏d_refleks', '√∏ynene', '√∏yet', 'midten', 'knopper', 'oculi', 'eyewall']
fall	falle	Match	['nautisk_skumring', 'syndefallsmyten', 'pin', 'fallet', 'h√∏sten', 'nightfall', 'fall', 'avta', 'haust', 'natalia_lesz', 'falle', 'the_fall', 'syndefallet', 'syndefall', 'evenfall', 'falt', 'crepuscle', 'downslope', 'declivity', 'gloam', 'fall_of_man', 'skumring', 'etter√•r', 'crepuscule', 'tussm√∏rke', 'gloaming', 'h√∏st', 'astronomisk_skumring', 'overgivelse']
far	langt	Match	['fatal_accident_rate', 'far', 'army_for_frigj√∏ring_av_rwanda', 'tidligere_forsvaret', 'gulvareal_ratio', 'langt_borte', 'langt', 'alir', 'fjern', 'interahamwe']
fat	fettvev	Match	['fettvev', 'fettvevet', 'fedme', 'balanse', 'glycerolipid', 'lipide', 'filtildelingstabell', 'frukt', 't√∏rr', 'kroppen', 'lipid', 'corpulence', 'stypsis', 'tjukk', 'fett', 'fat', 'fet', 'fettstoff', 'overvekt', 'visceralt_fett', 'minerality', 'feit', 'lipoid', 'fat32', 'feitt', 'adiposis', 'kroppsfett', 'file_allocation_table', 'flerumettet_fett', 'lipider']
father	far	Match	['kirken_far', 'katolske_presteskapet', 'gr√ºnder', 'mannlig_forelder', 'begetter', 'seriell_entrepren√∏r', 'kirkefedre', 'fedre', 'gr√ºnder_tankesett', 'kirkefader', 'kirkefaderen', 'entrepren√∏rer', 'katolske_prester', 'kirkefar', 'prest', 'v√•rherre', 'biologiske_far', 'presteviet', 'father', 'father_of_the_church', 'entrepren√∏r', 'fargud', 'fatter', 'gud_fader', 'the_gift', 'katolsk_prest', 'kirkefedrene', 'far', 'pappa', 'entrepren√∏rskap', 'pater', 'herren_gud', 'cogrunnlegger', 'fader', 'en_katolsk_prest']
fear	frykt	Match	['angst', 'marillion', 'frykt', 'frykte', 'bekymring', 'redsel', 'inside_out', 'skrekk', '√¶refrykt', 'fear', 'innsiden_ut']
feather	pelsh√•r	Incorrect	['barbule', 'h√•ndsvingfj√¶r', 'fj√¶ra', 'super_mario_kart', 'eclipse_fj√¶rdrakt', 'yakovlev_yak15', 'fj√∏rdrakt', 'fj√∏r', 'skulderdekkfj√¶r', 'filoplume', 'yak17', 'flygefj√¶r', 'jakovlev_jak15', 'yak15', 'armsvingfj√¶r', 'armdekkere', 'fuglefj√¶r', 'fj√¶rdrakt', 'jakovlev_jak17', 'prim√¶rfj√¶r', '√∏redekkere', 'yakovlev_yak17', 'beheng', 'fj√¶r', 'tertialer', 'terti√¶rfj√¶r', 'tertialfj√¶r']
few	mange	Found close match: ['mengde']	['kvantitet', 'mengde', 'f√•tall', 'f√•', 'antall']
fight	kjempe	Match	['sl√•sskamp', 'v√¶pnet_kamp', 'trefninger', 'motsette_seg', 'milit√¶re_engasjement', 'engasjement', 'konflikt', 'sl√•ss', 'kamp', 'slagsm√•l', 'fight', 'kamptrening', 'kjemp', 'slag', 'konkurranseevne', 'kjempe', 'kamper']
fingernail	fingertuppene	Not found	[]
fire	ild	Match	['gl√∏d', 'sparke', 'kamin', 'flammende', 'lets_cheers_to_this', 'emerson_lake__palmer', 'utf√∏re', 'branner', 'gj√∏re', 'gi_sparken', 'b√•l', 'heartbreak_on_hold', 'framkalle', 'brann', 'flamme', 'kelis_was_here', 'conflagration', 'fire', 'emerson_lake_and_palmer', 'anarchy', 'si_opp', 'eld', 'signalprovanstalten', 'skyte', 'ilden', 'inferno', 'firejericho', 'bevirke', 'avfyre', 'ild', 'brenne', 'inderlighet', 'angrep', 'fervidness', 'camp_rock_2_the_final_jam', 'leona_lewis', 'gl√∏debrann', '√•pen_ild', 'tina_barrett', 'fyre', 'elp', 'peis', 'viestikoelaitos', 'ildebrann', 'avskjedige', 'ulmebrann']
fish	fisk	Match	['fiskene_fishes', 'fish', 'derek_william_dick', 'matfisk', 'fisken', 'go_fish', 'fiskene', 'fisk', 'myk_str√•le', 'fiskekj√∏tt', 'brystfinne', 'myk_ray', 'fiske', 'fiskearter', 'spord', 'bukfinne', 'hopp_i_havet', 'ichthyofauna', 'fiskens_anatomi', 'yngel', 'pisces', 'pterygiophore', 'fluorescens_in_situ_hybridisering', 'fiskeanatomi', 'fluorescerende_in_situ_hybridisering', 'fiskers_anatomi', 'fisker', 'marin_fisk', 'phish', 'fettfinne', 'fisks_anatomi', 'elver', 'fingerling']
five	fem	Match	['basketballag', 'fem', 'sugarcult', '5ive', 'succeeder', '5', 'femtall', 'femmer', 'hollywood_undead', 'five', 'enneagram', 'achiever', 'basketball_team', 'pentad', 'litt_phoebe', 'enneagrammet', 'cinque']
float	flyte	Match	['svever', 'flott√∏rer', 'flytpunkt', 'flyter', 'fri_flyt', 'gjennomgripende_stilark', 'css', 'flyttallsytelse', 'stilark', 'ukontrollert_dekompresjon', 'parade_flyte', 'flyttall_aritmetikk', 'plasterer_er_float', 'cascading_style_sheets', 'gassbl√¶ren', 'stilsett', 'float', 'flott√∏r', 'sv√∏mmebl√¶re', 'sv√∏mmebl√¶ren', 'public_float', 'iskrem_float', 'pontong', 'ponton', 'swimbladder', 'flyte', 'flyttallsytelse_aritmetikk', 'bobfloat', 'iskrem_brus', 'luft_bl√¶ren', 'fl√•te', 'flyttall', 'eksplosiv_dekompresjon', 'dupp', 'pongtong_flytebrygge', 'pontoon_b√•t', 'pongtong', 'bobber']
flow	vanngjennomstr√∏mning	Incorrect	['rapartister', 'mens', 'fluid_fysikk', 'v√¶skedynamikk', 'flom', 'augmenting_banen', 'mensensmerter', 'flyter', 'volumetrisk_str√∏mningshastighet', 'rapmusikk', 'rappere', 'flyt', 'rap', 'rapper', 'str√∏mningshastighet', 'nettverk', 'hydraulisk_trykk', 'hydrodynamisk', 'str√∏m', 'flytnettverk', 'jevn_flyt', 'fluidfysikk', 'rap_artist', 'fluidmekanikk', 'young_money_entertainment', 'hydraulikk', 'gravity_recovery_and_interior_laboratory', 'florent_mothe', 'flow', 'str√∏mme', 'catamenia', 'v√¶ske_dynamicist', 'menstruasjonssyklus', 'emceeing', 'menstruerende', 'menstruasjon', 'str√∏mningshastigheten', 'volumetriske_str√∏mning', 'protorap', 'v√¶skemekanikk', 'fluiddynamikk', 'menstruasjonsblod', 'hydraulisk', 'hydrauliske', 'volumetriske_str√∏mningshastighet', 'mensen', 'rapping']
flower	blomster	Match	['relient_k', 'play', 'blomstring', 'flower', 'epicuticular_voks', 'gackt', 'knopper', 'blomst', 'blomster', 'floral', 'frukt_sett', 'vekstsesongen', 'heyday', 'bambi']
fly	fly	Match	['fly_ball', 'ciara', 'butterfly', 'flue', 'ciara_harris', 'tovinger', 'flyr', 'teltfly', 'toving_tovinge', 'diptera', 'fly_ark', 'rainfly', 'sanne_fluer', 'glidel√•s', 'toving', 'fly_foran', 'telt_klaff', 'gylf', 'fly', 'fluer', 'fluen', 'dipterans', 'buksesmekk', 'tovinge']
fog	t√•ke	Match	['skjule', 'murk', 'bakken_t√•ke', 'gjemme', 'skodderegn', 't√•ke', 'skodde']
foot	foten	Match	['bl√∏tdyr', 'fundament', 'infanterist', 'vant', 'fots', 'betale', 'phylum_mollusca', 'fotsystemet', 'fotsoldat', 'mollusca', 'metriske_enhet', 'lett_infanteri', 'menneskelig_fot', 'pes', 'virvell√∏se_foten', 'storseiltrimmeren', 'lik', 'infanteri_regiment', 'understructure', 'pada', 'v√¶r_ark', 'metriske_foten', 'infanteriet', 'infanterister', 'liksv√∏pet', 'foten', 'infanteri', 'romersk_fot', 'mollusk', 'symaskin', 'foot', 'ark', 'f√∏ttene', 'ft', 'metriske_f√∏tter', 'vrist', 'clew', 'arket', 'dyr_foten', 'fot', 'symaskiner']
forest	furuskogen	Found close match: ['skogen']	['timberland', 'skog', 'temperet_skogomr√•de', 'barskog', 'skogen', 'nottingham_forest', 'skogomr√•de', 'forest', 'driver', 'nottingham_forest_fc', 'tre']
four	fem	Incorrect	['seks', 'grensen', 'forth', 'linje_4', 'succeeder', 'tetractys', 'firespot', 'fire', 'four', 'fjerde', 'quaternion', 'achiever', 'quatern', '4', 'little_joe', 'tetrad', 'channel_4', 'enneagram', 'quaternity', 'planetary', 'enneagrammet', 'quaternions']
freeze	fryse	Match	['frost', 'todd_smith', 'freeez', 'frost_kulde', 'frysing', 'henge', 'freeze', 'djupfrysing', 'jordin_sparks', 'fryse', 'frys', 'bloodline', 'dypfrysing']
fruit	frukt	Match	['t√∏rr', 'frukten', 'kroppen', 'fruit', 'balanse', 'stypsis', 'minerality', 'fr√∏_pod', 'frukt', 'fruktdyrking']
full	full	Match	['full', 'fullm√•ne', 'fullt', 'fult', 'fullofthemoon', 'fulle_m√•nefasen', 'hel', 'm√•nesyke', 'mett', 'vid']
give	gi	Match	['gir', 'presang', 'tildeling', 'vie', 'pet_your_friends', 'overlate', 'multiplisere', 'betale', 'give', 'gi', 'bidra', 'gi_etter', 'ofre', 'holde', 'cold', 'springiness', 'gje', 'overrekke', 'bryte_sammen', 'gaver', 'skjenke', 'gis_bort', 'gjev', 'gave', 'har', 'mate', 'for√¶re', 'the_giver']
good	god	Match	['godhet', 'vare', 'r√•varer', 'good_music', 'godt_og_ondt', 'varen', 'menneskelige_verdier', 'gode', '√∏konomisk_gode', 'etiske_verdier', 'verden', 'verdi', 'good', 'grundig', 'handelsvarer', 'flink', 'bra', 'godt', 'flinke', 'handelsvare', 'sunn', 'varer', 'rett', 'dyktig', 'betydning', 'handle_god', 'god']
grass	gress	Match	['graminoid', 'g√ºnter_grass', 'tjall', 'nothing_can_stop_us', 'grass', 'sens', 'poaceae_‚Äì_gressfamilien', 'marihuana', 'gress', 'hasjisj', 'grass_gis', 'eatage', 'gunter_wilhelm_grass', 'spikelets', 'supergrass', 'sporobolus_caespitosus', 'graminaceae', 'urt', 'f√¥r', 'beite', 'cannabis', 'skylarking', 'gressvekst', 'grasfamilien', 'sess', 'hasj', 'pot', 'gress_gras', 'gras', 'poaceae', 'familien_gramineae', 'marijuana', 'stoner', 'gramineae', 'mary_jane', 'gunter_grass', 'gressfamilien', 'green_goddess', 'familien_graminaceae', 'g√ºnther_grass', 'familien_poaceae']
green	gr√∏nn	Match	['kelly_gr√∏nn', 'bladgr√∏nnsaker', 'bladrike_gr√∏nnsaker', 'milj√∏vern', 'allmenningen', 'gr√∏nne_politikk', 'sette_overflaten', 'agalev', 'balanse', 'milj√∏vennlige', 'milj√∏problemer', 'parken', 'milj√∏vennlig', 'blad_gr√∏nnsak', 'jade', 'super_c', 'puttinggreenen', 'jeger_gr√∏nn', 'frukt', 't√∏rr', 'flaske_gr√∏nn', 'kroppen', 'gr√∏n', 'leafy_gr√∏nne_gr√∏nnsaker', 'william_green', 'cat_valium', 'milj√∏bevegelsen', 'viridity', 'gr√∏nn', 'milj√∏messig_vennligere', 'super_syre', 'stypsis', 'park', 'gulgr√∏nn', 'green', 'chartreuse', 'gr√∏nne_bladrike_gr√∏nnsaker', 'commons', 'milj√∏vernere', 'ert_gr√∏nn', 'putting_green', 'minerality', 'dagalev', 'vert', 'milj√∏aktivist', 'gr√∏nne_gr√∏nnsaker', 'feldgrau', 'green_river', 'gul_gr√∏nn', 'rifle_gr√∏nn', 'spesielle_k', 'gr√∏nt', 'umoden', 'm√∏rk_gr√∏nn', 'gr√∏nne', 'honning_olje', 'william_gr√∏nn', 'milj√∏aktivister', 'greener', 'gr√∏nn_ideologi', 'milj√∏bevissthet', 'groen', 'jade_gr√∏nn', 'green_hadde', 'felles', 'gr√∏nnaktig_gul', 'brunswick_gr√∏nn', 'smaragd', 'gr√∏nne_bevegelsen', 'bladgr√∏nnsak']
guts	bite	Incorrect	['tarmer', 'gastrointestinale', 'tykktarm', 'tarmslimhinnen', 'innards', 'gastrointestinal', 'tarm', 'intestinal', 'guts', 'enteric', 'braveness', 'ford√∏yelseskanalen', 'mot_tapperhet', 'gastrointestinaltraktus', 'tapperhet', 'mot', 'magetarmkanalen', 'tarmen', 'courageousness', 'intestinal_lumen', 'magetarmsystemet', '√∏vre_magetarmkanalen', 'ford√∏yelsessystem', 'ford√∏yelsesorganer', 'innvoller', 'ford√∏yelsessystemet_tube', 'moxie']
hair	hodeh√•r	Found close match: ['h√•r']	['hairsbredde', 'neseh√•r', 'h√•ret', 'hair', 'h√•rete', 'h√•rstr√•', 'menneskeh√•r', 'haircloth', 'h√•r', 'h√•rvekst', 'h√•r_p√•_hodet', 'hairsbreadth', 'h√•rtips']
hand	h√•nden	Match	['applaus', 'leiekar', 'drazi', 'h√•nda', 'overlate', 'gi', 'hand_h√•nd', 'hjelpende_h√•nd', 'hendene', 'handskrift_h√•ndskrift', 'script', 'brakiri', 'bridgespiller', 'the_hand', 'dilgar', 'h√•ndskrift', 'kortspell', 'manus', 'hand', 'system_of_a_down', 'hender', 'cordella', 'hyret_mann', 'h√•nden', 'overrekke', 'skjenke', 'h√•nd', 'kortspill_kortspell', 'kort', 'kortspill', 'handa']
he	han	Not found	[]
head	hode	Match	['artikkel', 'b√¶r', 'menneskelige_sinn', 'lese__skrivehodet', 'sinnet', 'lederskikkelse', 'sjefsskurken', 'mental_innhold', 'pseudanthium', 'tidsskrift', 'f√∏re_historien', 'cunnilingus', 'karakter', 'odde_landtunge', 'liksv√∏pet', 'sjef', 'lede', 'f√∏rste', 'ball', 'odde_landtunge_nes_tange', 'clew', 'munnsex', 'nous', 'al_snow', 'http', 'headspring', 'hydraulisk_gradient', 'vant', 'kurv', 'sp√∏rsm√•let', 'storseiltrimmeren', 'chieftaincy', 'hode', 'korg', 'nes', 'chieftainship', 'cephalica', 'sinn', 'kriminalitet_sjefen', 'avisartikkel', 'hydraulisk_hode', 'kasse', 'skoleleder', 'skum', 'oralsex', 'roe', 'leder', 'hyper_text_transfer_protocol', 'mafiabossen', 'knopp', 'knoll', 'psyke', 'dirty_mind', 'oral_sex', 'rfc_2616', 'fr√∏ken', 'odde_landtunge_nes', 'httpforesp√∏rsel', 'v√¶r_ark', 'hodet', 'overhode', 'brian_welch', 'autocunnilingus', 'h√∏vding', 'cephalon', 'odden', 'skotske_klanen_sjef', 'hypertext_transfer_protocol', 'rfc_1945', 'n√∏tt', 'top_dog', 'rektor', 'l√¶rerinne', 'head', 'stammeh√∏vding', 'odde', 'trommeskinn', 'odde_nes_tange', 'http11', 'deep_troath', 'fellatio', 'nyhetsartikkel', 'lik', 'byll', 'b√∏tte', 'direkt√∏r', 'hoved', 'skoleledelse', 'ark', 'skalle', 'skolemester', 'odde_nes_tange_forberg', 'arket', 'odde_nes']
hear	h√∏re	Match	['h√∏yrsle', 'h√∏rselssystem', 'h√∏re', 'auditiv_modalitet', 'h√∏rsel', 'l√¶re', 'lytte', 'menneskelig_h√∏rsel', 'finne_ut', 'aural', 'h√∏rselssans', 'auditiv_sans', 'oppdage', 'h√∏rer', 'h√∏yrsel', 'h√∏rselvern', 'huske', 'passe_p√•', 'se', 'f√∏lelse_av_√•_h√∏re']
heart	hjerte	Match	['hjertet', 'nittygritty', 'sentrum', 'heart', 'hjerte_og_sjel', 'hjertekammeret', 'hjertekammer', 'hjerter', 'menneskelige_hjertet', 'mettle', 'venstre_hjerte', 'essensen', 'essenser', 'hvor_mange_liter_blod_pumper_hjertet_i_minuttet', 'philia', 'hjerte', 'alexz_johnson', 'the_force_behind_the_power', 'midt', 'substans', 'hengivenhet', 'midten', 'hjertemuskel', 'mindless_self_indulgence', '‚ù§']
heavy	tunge	Match	['tunge', 't√∏rr', 'livvakter', 'kroppen', 'tungt', 'tung', 'kraftig', 'staten_vs_radric_davis', 'balanse', 'livvakt', 'stypsis', 'ledsager', 'minerality', 'team_fortress_2', 'heavycom', 'heavy', 'frukt']
here	her	Match	['hit_hitover', 'her', 'here', 'hera']
hit	billboard	Incorrect	['base_hit', 'hƒ´t', 'truffet', 'trykket', 'slo', 'rammet', 'n√•', 'treffer', 'treffe', 'sio', 'traff', 'scorer', 'kollidere', 'sl√•', 'ankommer', 'heet', 'kollisjon', 'kollisjoner', 'ramme', 'hit', 'angrep', 'sammenst√∏t', 'streik', 'treff']
hold	holde	Match	['grep', 'stoppe', 'gi', 'h√•ndtere', 'vente', 'opprettholde', 'forsinkelse', 'v√¶re_enige_om', 'katamewaza', 'tilbakeholdelse', 'hold', 'fermate', 'politiets_varetekt', 'palmar_grep', 'tidsforsinkelse', 'h√•ndtak_hendel_hank', 'vent', 'anholde', 'b√¶re', 'st√∏tter', 'clutcher', 'headlock', 'ha', 'et_m√∏nster', 'lasterom', 'bestille', 'holde', 'grappling_hold', 'varetekt', 'h√•ndtak', 'kontrollere', 'gjelder', 'lasterommet', 'h√•ndtak_hendel', 'lagringsomr√•de', 'inneholde', 'bagasjerommet', 'hauld', 'bryting_hold', 'st√∏tte', 'innsending_holder', 'fermata', 'reservere', 'lastedekk', 'har']
horn	horn	Match	['dyrehorn', 'kj√∏ret√∏y_horn', 'trompet', 'signalhorn', 'trompeten', 'hornantenne', 'fransk_horn', 'trompeter', 'bilhorn', 'dau_moc', 'trompetist', 'horn', 'jazz_trompetist', 'saddle_horn', 'motor_horn', 'valthorn', 'french_horn', 'kornett', 'trompetister', 'franske_horn', 'd·∫•u_m√≥c', 'munnharpe', 'valdhorn', 'sykkel_horn', 'bil_horn', 'waldhorn', 'gaienhofen', 'jakt_horn']
how	hvordan	Match	['sp√∏rrende_pronomen', 'how', 'korleis', 'sp√∏rrende_ord', 'hvordan', 'hands_all_over']
hunt	jakte	Match	['james_henry_leigh_hunt', 'leigh_hunt', 'veide', 'william_henry_hunt', 'veiding', 'jakta', 'jakten', 'jakting', 'jagten', 'jegere', 'vaktel_jakt', 'richard_morris_hunt', 'hunt', 'overhunting', 'hunt_club', 's√∏k_leting', 'holman_hunt', 's√∏k', 'jakte', 'william_holman_hunt', 'jakt']
husband	ektemann	Match	['gubbe', 'partner', 'ektemann', 'hubby', 'ektefelle', 'gift_person', 'bedre_halvdel', 'bevare', 'gift_mann', 'mann', 'husbond']
i	jeg	Not found	[]
ice	isen	Found close match: ['is']	['emirates_airlines', 'bilmotor', 'dextromethamphetamine', 'forbrenningsmotorer', 'intercityexpress', 'forbrenningsmotor', 'is_iskrem', 'is_h√∏sting', 'intern_forbrennningsmotor', 'forbrenningsmotoren', 'ice_la_fox', 'desoxyn', 'fly_emirates', 'meth', 'metamfetamin', 'kunstig_is', '√©mirates', 'intercontinental_exchange', 'in_case_of_emergency', 'emirates', 'ice', 'immigration_and_customs_enforcement', 'i_n√∏dstilfeller', 'en_sk√∏ytebane', 'is', 'us_immigration_and_customs_enforcement', 'c10h15n', 'crystal_meth', 'sk√∏ytebane', 'instituto_costarricense_de_electricidad', 'pervitin', 'glasur', 'intercontinentalexchange', 'intern_forbrenningsmotor', 'metamfetamin_hydroklorid', 'krystall_metamfetamin', 'methedrine', 'shabu', 'deoxyephedrine', 'frosting', 'emirates_airline', 'methamphetamines', 'islegge', 'forbrenningsmotor_kj√∏ret√∏y']
if	hvis	Not found	[]
in	i	Not found	[]
kill	drepe	Match	['kil', 'drepe', 'd√∏d', 'tidlig_d√∏d', 'drap', 'd√∏den', 'd√∏', 'bortgang', 'daude', 'd√∏de', 'krepere', 'd√∏dsfall', 'sette_til_d√∏den', 'drep', 'the_kill', 'kill']
knee	kneet	Match	['kneet', 'kneleddet', 'kne', 'articulatio_slekten', 'kne_streik', 'kneskade', 'kneledd', 'kvele', 'kn√¶r', 'genu', 'menneskelig_kne']
know	vet	Match	['kognitive_prosesser', 'noesis', 'kognisjon', 'vet', 'kunne', 'jokke', 'kunnskap', 'oppleve', 'tenkning', 'kognitiv_funksjon', 'kjenner', 'mental', 'kjenne', 'kognitiv_behandling', 'tanker', 'knulle', 'kunnskaper', 'pule', 'vite', 'kognitiv', 'kognitive_evner', 'know', 'kjenn', 'kognitive']
lake	lake	Match	['lake', 'intermitterende_innsj√∏', 'flyktig_innsj√∏', 'the_lake', 'innsj√∏_med_ferskvann', 'pigment', 'innsj√∏', 'pigmenter', 'sj√∏', 'innsj√∏er', 'naturlige_innsj√∏']
laugh	latterlig	Found close match: ['latter']	['l√•tt', 'jape', 'sp√∏kefull', 'vitsing', 'bl√∏dme', '√•_le', 'sp√∏k', 'vitser', 'grovis', 'haha', 'vittighet', 'le', 'latter', 'vits']
leaf	laurb√¶rblader	Found close match: ['blader']	['verso', 'pubescent', 'rekto_og_verso', 'midrib', 'recto_og_verso', 'lauv', 'recto', 'axils', 'tre', 'crenate', 'verso_og_rekto', 'skog', 'blader', 'paullinia_pterophylla', 'folio', 'leafage', 'axil', 'l√∏v', 'adaxial', 'blad_margin', 'leaf', 'foliar', 'bladet_axil', 'rekto', 'l√∏vverk', 'sammensatte_blader', 'bladverk', 'ark', 'nissan_leaf', 'basal_blad', 'verso_og_recto', 'abaxial', 'blad', 'blad_kappe']
left	align	Incorrect	['forlatt', 'venstre_ving', 'venstresida', 'venstreorienterte', 'den_politiske_venstresiden', 'esquerra_republicana_de_catalunya', 'venstrevingen', 'venstrevridd', 'venstrefl√∏yen', 'kollektivistisk', 'venstreorientert', 'politiske_venstresiden', 'venstre_h√•nd', 'venstre', 'left', 'venstreorienterte_politikk', 'venstresiden']
leg	kneet	Found close match: ['katet', 'benet']	['brukket_beinet', 'sidekant', 'trebein', 'tolegged_slips', 'underekstremitetene', 'forgrening', 'tobente', 'side', 'nedre_lem', 'cruer', 'katet', 'benet', 'kamp', 'ben', 'parti', 'l√•r', 'tolegged_match', 'etappe', 'menneskelig_ben', 'pegleg', 'pinne_ben', 'leggen', 'insektbein', 'spill', 'tolegged', 'beinet', 'ben_bein', 'bein']
lie	v√¶ren	Incorrect	['ligge', 'mudhoney_diskografi', 'lyge', 'absolute_first_album', 'the_lie', 'lie', 'trygve_halvdan_lie', 'feilinnstilling', 'awake', 'usannhet', 'mudhoneys_diskografi', 'ljug', 'falsity', 'trygve_lie', 'leie', 'l√∏gner', 'l√∏gn', 'trygve_halvden_lie', 'lyve']
live	live	Match	['tur', 'tilv√¶relsen', 'vare', 'overleve', 'liv', 'bo', 'built_to_spill', 'jennifer_l√≥pez', 'turn√©', 'levende_musikk', 'oppleve', 'j_lo', 'vitae', 'konsert', 'direkte', 'lev', 'barclay_james_harvest_live', 'live_at_the_marquee', 'direktesending', 'jennifer_lopez', 'leve', 'jennifer_lynn_lopez', 'konserter', 'sleppfest', 'live', 'eobionti', 'rem_live', 'simian_mobile_disco', 'biotisk', 'lever', 'bor', 'levende', 'bodd', 'slippfest', 'releasekonsert', 'jlo', 'konserten', 'livet', 'jennifer_lynn_l√≥pez', 'konsertturn√©', 'pigmy_love_circus']
liver	blodkreft	Incorrect	['leveren', 'biff_leveren', 'gallegangene', 'lever', 'hepar', 'gallegang', 'galleganger']
long	lang	Match	['longa', 'lengter', 'bloody_roar', 'lange', 'long', 'william_henry_long', 'lang', 'lengte', 'lenge']
louse	nebbdyret	Not found	[]
man	mann	Match	['relient_k', 'mansidene', 'the_man', 'menneske', 'brikke', 'betjent', 'metropolitan_area_network', 'hannkj√∏nn', 'atanat√°ri', 'verden_verd', 'menneskebarn', 'mennesket', '√∏ya_man', 'seksuell_modenhet', 'servicemann', 'mannen', 'meneskekroppen', 'mann', 'menneskedyr', 'menneskelige_arter', 'mannlig', 'soldat', 'bydatanett', 'mennesker', 'voksen_mann', 'mannfolk', 'isle_of_mann', 'verden', 'milit√¶r_mann', 'herre', 'man_se', 'homo_sapiens', 'verden_verd_klode', 'herrer', 'menneskene', 'man_ag', 'dunlending', 'menn', 'hode', 'person', 'homo_sapiens_sapiens', 'homo', 'manchester_lufthavn', 'hr', 'homininer', 'hominin', 'manchester_airport', 'egcc', 'human', 'isle_of_man', 'manfred_gnadinger', 'imn', 'menneskeslekt', 'menneskehet', 'individ', 'valet_de_chambre', 'menneskeslekten', '√∏yen_man', 'cornelis_de_man', 'menneskeheten', 'menneskelige_rase', 'man', 'kj√∏nnsmodning', 'personer', 'i_verden', 'menneskerasen', 'man_sider', 'menneskevesen', 'menneskelig', 'mannsperson', 'eksmann', 'dunlendings', 'gentlemans_gentleman']
many	mange	Match	['mangen', 'mangt', 'mange', 'many']
meat	kj√∏tt	Match	['nittygritty', 'kj√∏t', 'kj√∏ttvare', 'meat', 'we_will_rock_you_the_musical', 'shawn_stasiak', 'kj√∏tt_vitenskap', 'hjerte_og_sjel', 'essensen', 'essenser', 'kj√∏tt', 'bearbeidet_kj√∏tt', 'substans', 'we_will_rock_you']
moon	m√•nen	Match	['moon_sunmyung', 'moon', 'lunasjon', 'mars', 'satellitt', 'jordas_m√•ne', 'jupiter', 'sun_myung_moon', 'lunar_m√•ned', 'solen', 'm√•ne', 'synodisk_m√•ned', 'm√•nens', 'm√•neskinn', 'soltegn', 'ky√¥ko_fukada', 'naturlig_satelitt', 'naturlige_satellitt', 'moon_type', 'mercury', 'draconic_m√•ned', 'naturlig_satellitt', 'naturlige_satellitter', 'lunation', 'venus', 'm√•ner', 'm√•neskive', 'christopher_robin_milne', 'lunar_m√•neden', 'luna', 'm√•nen']
mother	mor	Match	['nonne', 'sisters_of_avalon', 'moderguddom', 'den_store_morsgudinnen', 'mother', 'tikhon_nikolajevitsj_khrennikov', 'mamma', 'synchronicity', 'mor', 'hva_er_mamma', 'chorus_line', 'a_chorus_line', 'm√∏dre', 'tichon_chrennikov', 'biologiske_mor', 'moder', 'moder_jord', 'magna_mater', 'earthbound_zero', 'tikhon_khrennikov', 'modergudinne', 'nonner', 'kvinnelig_forelder']
mountain	fjellene	Found close match: ['fjellet', 'fjell', 'fjellsokner']	['mye', 'fjellsokner', 'fjellrike', 'passel', 'ganske_lite', 'muckle', 'ryddig_sum', 'mickle', 'del', 'parti', 'god_deal', 'mountain_ep', 'fjellet', 'fjellsokning', 'fjell', '482', 'sahtu', 'fjellsoknar', 'fjellformasjon', 'slew', 'mountain', 'god_del']
mouth	munningen	Found close match: ['munning', 'munnen', 'elvemunning']	['spiseapparatus', 'backtalk', 'toppunktet', 'tilbake_snakke', 'munning', 'hj√∏rne', 'gap', 'snakke', 'sass', 'munnhule', 'munnhulen', 'munn', 'estuar', 'munnen', 'kjeft', 'oral_fissure', 'kjeften', 'cavum_oris', 'sassing', 'elvemunning', 'rima_oris', 'kvern', 'perioral', 'elveos', 'store_kj√∏nnsleppen', 'ytterpunkt', 'toppunkt']
name	navnet	Match	['jentenavn', 'kvinnenavn', 'velge', 'identifikator', 'personnavn', 'ry', 'nominalfrase', 'navnene', 'offentlig_person', 'sitere', 'utnevne', 'herrenavn', 'id', 'damenavn', 'kalle', 'mannsnavn', 'omtale', 'nemne', 'datamaskinnavn', 'namn', 'pikenavn', 'nominell', 'navnet', 'navn', 'guttenavn', 'substantivfrase', 'figur', 'substantiv_setninger', 'substantiv_setning', 'fornavn', 'gens', 'nevne', 'skikkelse', 'identifikatorer', 'kaller', 'egennavn', 'nominell_setning']
narrow	smal	Match	['sneversynt', 'smal', 'smale']
near	n√¶rheten	Found close match: ['nesten', 'n√¶rt']	['near', 'nesten', 'near_shoemaker', 'n√¶rt', 'n√¶r', 'n√¶rme_seg', 'tett']
neck	nakken	Match	['nakke', 'fossegrimen', 'nykkjen', 'neck', 'nykken', 'hals√•pningen', 'halsen', 'nykk', 'hals', 'fossegrim', 'nakken', 'nuchal', 'n√∏kk', 'flaskehals', 'n√∏kken']
new	new	Match	['ny', 'nylig', 'nyhet', 'nytt', 'nyf√∏dt', 'nye', 'new']
night	natten	Match	['nyx', 'nox', 'midnight_blue', 'nighttime', 'natt', 'natten', 'kveld', 'm√∏rke', 'night', 'midnatt', 'elie_wiesel', 'skumring', 'wiesel', 'eliezer_wiesel']
nose	nesen	Match	['aromater', 'olfactory_organ', 'aroma', 'aromatisk', 'menneskelige_nese', 'redolence', 'fragrancy', 'nese', 'snute', 'aromaer', 'nesehulen', 'gore', 'nesen', 'bukett', 'magnetisk_dyse', 'nesebor', 'snyteskaft', 'nesegang', 'nase', 'snabel', 'nesa', 'dyse', 'dyser']
not	ikke	Match	['logikk_krets', 'ikke', 'logisk_negasjon', 'and', '¬¨', 'logikk_gate', 'logiske_porter', 'logisk_port', 'ikkje', 'diskret_logikk', 'negasjon', 'not']
old	gamle	Match	['gamle', 'gamle_vine', 'gammel', 'gammelt', 'old', 'gammal']
one	fem	Incorrect	['et', 'vampire_weekend', 'ntuppel', 'ess', 'planetshakers', 'tupler', 'one', '√®n', '1', 'succeeder', 'daniel_rosenfeld', 'multiplikativ_identitet', 'national_express_east_anglia', 'enhet', 'tuppel', 'armin_van_buuren', 'achiever', 'ett', 'en', 'supposed_former_infatuation_junkie', 'the_one', 'vertical_man', 'sextuple', 'enneagram', 'c418', '√©n', 'enneagrammet']
other	andre	Match	['den_andre', 'annen', 'forskjellig', 'ulik', 'annerledes', 'annet', 'andre']
play	spille	Match	['play', 'd√∏dgang', 'gambol', 'tur', 'vedde', 'shimmer', 'android_market', 'gambling', 'stykket', 'avspilling', 'dramatikk', 'stageplay', 'tilbakeslag', 'satser', 'gamblere', 'leke', 'googleplay', 'periode_av_lek', 'androidmarket', 'drama', 'rett_lek', 'lekende', 'dramaer', 'google_play', 'dramatiske_lek', 'satse', 'spilletid', 'frie_t√∏yler', 'sverdkamper', 'drama_dramatikk', 'gaming', 'man√∏ver', 'spille_periode', 'bringe', 'spill', 'skuespill', 'spille', 'kj√∏re', 'teatralsk_skuespill', 'scenekunst', 'lek', 'boltre', 'kj√∏rt']
pull	dytte	Incorrect	['benet_blikk', 'trekk', 'trekke', 'drag_bl√•s', 'tiltrekke', 'batsmen', 'pull', 'drag', 'batting', 'omvendt_feie', 'dra', 'pull_skudd', 'gjennomf√∏re']
push	stoppe	Incorrect	['push', 'stakk', 'kontakt', 'skyvekraft_thrust', 'radioknappen', 'getupandgo', 'alternativknappen', 'confessions_on_a_dance_floor', 'dytt', 'precious_based_on_the_novel_push_by_sapphire', 'presse', 'black_and_white_america', 'tvinge', 'trykknapp', 'press', 'reklamere', 'knapp', 'stack', 'en', 'dytte', 'skubbe', 'stabel', 'precious', 'skyvekraft', 'skyve']
rain	regn	Match	['styrtregn', 'rains', 'in_blue', 'heavy_rain', 'regn', 'regnbyge', 'regne', 'nedb√∏r', 'pelting', 'regnv√¶r', 'regn_storm', 'rainstorm', 'rain', 'regnvann']
red	r√∏de	Match	['raud', 'after_school', 'bolshie', 'r√∏dfarget', 'red_river_of_the_south', 'red_one', 'raudt', 'r√∏dt_blekk', 'red', 'sannheten_om_r√∏dhette', 'bolshy', 'bolsjevikisk', 'r√∏de', 'hoodwinked', 'bolsjeviker', 'oslo_r√∏dt', 'bolsjevismen', 'tap', 'bolsjevisme', 'angry_birds', 'red_river', 'bolsjevikpartiet', 'bolshevik', 'antibolsjevisme', 'bolsjevik', 'r√∏d', 'bolsjevikene', 'anil_kapoor', 'r√∏dt', 'day__age', 'bolsjevistisk', 'saga_frontier']
right	venstre	Found close match: ['venstrehendt']	['h√∏gresiden', 'akkurat', 'h√∏yrefl√∏y', 'rightist', 'etiske_standarder', 'etisk_teori', 'juridisk_rett', 'etikk', 'umistelige', 'uetisk', 'h√∏yregruppe', 'h√∏yre_kantspiller', 'metaetikk', 'riktig', 'h√∏greideologi', 'rettighet', 'lovfestet_rett', 'etisk', 'h√∏ire', 'h√∏yreorienterte', 'rightfulness', 'rightism', 'h√∏yre', 'venstrehendt', 'aksjon√¶ravtale', 'konsekvensialisme', 'h√∏gresida', 'ordentlig', 'h√∏yresidens', 'unalienable_rettigheter', 'etisk_filosofi', 'naturlige_rett', 'young_americans', 'h√∏yreideologi', 'moral_philosophy', 'virkelig', 'h√∏yre_h√•nd', 'rettighetene', 'rette_opp', 'etiske', 'moralfilosofi', 'moralsk_filosof', 'destra_nazionale', 'uetiske', 'handedness', 'h√∏yreorientert', 'right_wing', 'sann', 'h√∏yrevridde', 'umistelige_rettigheter', 'naturlige_rettigheter', 'umistelig_rett', 'korrekt', 'etiske_regler', 'pliktetikk', 'h√∏yresidepolitikk', 'anvendt_etikk', 'rettigheter', 'etiske_problemstillinger', 'etiker', 'konsekvensetikk', 'passende', 'h√∏yreorienterte_politikken', 'rett', 'etisk_system', 'h√∏yresida', 'politiske_h√∏yre', 'h√∏yrehendt', 'juridiske_rettigheter', 'fysiske_og_juridiske_rettigheter', 'h√∏velig', 'rett_og_galt', 'dydsetikk', 'h√∏yre_siden', 'h√∏gre', 'sinnelagsetikk', 'h√∏yresiden', 'form√•lsetikk']
river	elven	Match	['√•', 'vassdrag', 'elv', 'bekker', 'sestao_river_club', 'vassdraget', 'bekk', 'hva_er_en_elv', 'river', 'vannl√∏p', 'bekkefar', 'elvekraftverk', 'elvefar', 'ruisseau', 'elver', 'flod', 'watermark', 'elveleie', 'elva', 'elven']
road	sykkelveien	Found close match: ['veien']	['the_road', 'veien', 'veg', 'road_spillet', 'bortekamp', 'landevei', 'vegforbindelse', 'veibygging', 'veier', 'vei', 'road', 'new']
root	henvisning	Incorrect	['tonic_akkord', 'neseh√•r', 'root_brukeren', 'forankring', 'stammen', 'menneskeh√•r', 'kilde', 'intervall', 'nte_rot', 'tre', 'superbruker', 'antecedent', 'etymon', 'musikalske_intervaller', 'skog', 'musikalsk_intervall', 'stamfar', 'h√•rstr√•', 'forfedre', 'h√•rete', 'adventivskudd_r√∏tter', 'rot', '0', 'tonic', 'stilk', 'ascendant', 'sl√•_seg_ned', 'opprinnelse', 'tonika', 'konohagakure', 'nterot', 'ordstamme', 'null', 'grunntone', 'h√•rvekst', 'h√•r_p√•_hodet', 'r√∏tter', 'tonal_senter', 'rot_til_en_ligning', 'begynnelse', 'roten', 'tonale_sentrum', 'tannrot', 'rotord', 'forfader', 'h√•r', 'rot_oppmerksom', 'h√•rtips', 'rooting', 'roottilgang', 'root', 'forfedrenes']
rope	kjetting	Incorrect	['the_rope', 'glem_meg_narkotika', 'meksikansk_valium', 'rep', 'r2', 'repet', 'tauverk', 'ropemaker', 'tau', 'rophy', 'roofy', 'rope']
rotten	rotten	Loanword	['r√•ttent', 'r√•tten']
round	runde	Match	['premie_fighter', 'minst_signifikante_siffer', 'prizefighting', 'bareknuckle', 'bokser', 'premie_kampen', 'balanse', 'fisticuffs', 'rund', 'patron', 'frukt', 't√∏rr', 'presisjon', 'kroppen', 'hylsel√∏s_ammunisjon', 'bareknuckle_boksing', 'casing', 'daglige_runde', 'stypsis', 'boksing', 'gjeldende_sifre', 'runde', 'betydelig_figur', 'enhet_av_ammunisjon', 'gjeldende_siffer', 'sifre', 'mest_signifikante_siffer', 'patronhylse', 'runde_golf', 'ett_skudd', 'round', 'aritmetiske_presisjon', 'minerality', 'randpatron', 'sirkul√¶r', 'sirkul√¶re', 'rillepatron', 'signifikante_siffer', 'runden', 'pugilism', 'rundt', 'runde_av_drinker']
rub	tygge	Incorrect	['t√∏rk', 'russiske_rubelen', 'russisk_rubel', 'gni', 'russiske_rubler', 'rub']
salt	salt	Match	['salt_produksjon', 'nacl', 'assalt', 'strategic_arms_limitation_treaty', 'sodiumklorid', 'salt', 'kalium_salt', 'vanlig_salt', 'salt_i', 'cheryl_james', 'henry_salt', 'kaliumsaltet', 'veisalt', 'salter', 'natriumklorid', 'strategic_arms_foreldelse_talks', 'havsalt', 'salte', 'sodium_chloride', 'koksalt', 'natriumsalt', 'salt_iavtalen', 'mineralsalt', 'al_salt', 'saltcellar', 'ioneforbindelser', 'salt_ii', 'saltiiavtalen', 'strategic_arms_limitation_talks', 'salt_kjeller', 'saltnpepa', 'hva_er_salt', 'ionisk_salt', 'bordsalt', 'saltavtalene']
sand	sand	Match	['amandine_aurore_lucie_dupin', 'guts', 'georges_sand', 'sand_i_rogaland', 'amandineaurorelucile_dupin', 'baroness_dudevant', 'sand', 'sand_am_main', 'sandsbu', 'sch√∂nenbergk√ºbelberg', 'moxie', 'george_sand', 'sand_i_ryfylke']
say	mene	Incorrect	['saayi', 'in_blue', 'jeanbaptiste_say', 'thomas_say', 'si', 'seie', 'say', 'jean_baptiste_say', 'anta', 'osakis', 'sier', 'j_p_say', 'fortelle', 'resitere_forrette', 'uttale']
scratch	finpusse	Found close match: ['risse']	['bulk', 'muslinger', 'simoleons', 'dinero', 'handicap', 'moolah', 'excoriation', 'skrape_av', 'gelt', 'macules', 'avlyse', 'gravere', 'sekel', 'risse', 'slitasje', 'hudlesjoner', 'dermatoses', 'startlinjen', 'golfhandicap', 'pelf', 'pustler', 'handikap', 'kurs_vurdering', 'hudforandring', 'hud_tilstand', 'hudsykdommer', 'golf_handikap', 'cacography', 'lichenification', 'indurasjon', 'kl√∏', 'merke', 'scratch_linje', 's√•r_i_huden', 'vesicle', 'bungel', 'peter_gabriel', 'skrape', 'scrawl', 'opphav', 'scratch', 'cutaneous_tilstand', 'ripe']
sea	havet	Match	['hafi√∞', 'galskap_maria', 'havomr√•der', 'marine_milj√∏', 'sea', 'verdenshavet', 'havomr√•de', 'hav', 'marint_milj√∏', 'sj√∏', 'havet', 'verdenshav', 'm√•ne_mare', 'verdenshavene', 'sj√∏s', 'm√•nehav', 'osean']
see	se	Match	['innse', 'visuell_persepsjon', 'm√∏te', 'syn', 'skopolamin', 'oppdage', 'beholding', 'se', 'ser', 'archiepiscopal_se', 'st√∏te_p√•_treffe_p√•_snuble_over', 'sj√•', 'skopalamin', 'ta_vare', 'tycho', 'forst√•', 'skj√∏nner', 'bes√∏ke', 'se_byen', 'skj√∏nne', 'finne', 'vurdere', 'betrakte', 'finne_ut', 'hyoscine', 'forestille_seg', 'sikre', 'see', 'ta_seg_av', 'h√∏re', 'unders√∏ke', 'l√¶re', 'syn_synssans', 'vise', 'episkopal_se']
seed	seed	Match	['cum', 's√¶d', 'ff8', 'seeding', 's√¶dv√¶sken', 'startfr√∏et', 'sublime', 'final_fantasy_8', 'seeded_spiller', 'sperma', 's√¶dv√¶ske', 'cupen', 'kilden', 'kommer', 'sperm', 'semifinalist', 's√•', 'ejakulere', 'enkelt_eliminering', 'ffviii', 'tilfeldig_fr√∏', 'santi', 'fr√∏', 'enkelt_eliminering_turnering', 'singleeliminering', 'kimen', 'seed', 'cup', 'kvartfinalen', 'utgangsverdi', 'enkelteliminering_turnering', 'final_fantasy_viii', 'semifinal', 'semifinalen']
sew	t√∏y	Incorrect	['sydd', 'stitchery', 'syr', 'sy']
sharp	skarp	Match	['iss', 'skarpt', 'smart', 'skinheads_against_racial_prejudice', 'bratt', 'sharp_corporation', 'kryss', 'sharp', 'br√•', 'skarp', '‚ôØ', 'skarpe']
short	korte	Match	['kortfilmer', 'to_reeler', 'shortstop', 'mangelsalg', 'korthandel', 'shortselling', 'shorting', 'shorthandel', 'short_selling', 'kortsalg', 'kort_posisjon', 'kortslutning', 'naked_short_selling', 'short_salg', 'shorte', 'kortfilm', 'l√•nesalg', 'blankosalg', 'shortsalg', 'short', 'korte_fag', 'shortsell', 'plutselig', 'kort_film', 'br√•tt', 'stuttsalg', 'animerte_kortfilmer', 'film_kort', 'korte', 'udekket_blankosalg', 'kort_faget', 'elektrisk_kortslutning', 'shortstops', 'kort', 'kort_stopp']
sing	synge	Match	['vokalisering', 'rene_vokal', 'synge', 'leisure', 'vokalister', 'sang', 'vokalist', 'vokal', 'sangere', 'fl√∏yte', 'kvinnelig_vokal', 'popsanger', 'sanger', 'syng', 'harmoni_vokal', 'sing']
sit	sitte	Match	['sittende', 'ri', 'sitte_ned', 'sette_seg', 'sit', 'sitte', 'posere', 'sitt', 'plassere', 'ride']
skin	hud	Match	['huden', 'day_for_night', 'plugins', 'fl√•', 'skrubbe', 'programtillegg', 'hud_celle', 'skinnable', 'pluginmodul', 'almost_human', 'ham', 'ray_of_light', 'ytterskall', 'programvareutvidelse', 'tegument', 'mentalsykehus', 'mental_institusjon', 'mental_hjem', 'skin', 'epidermis', 'makt_flyet', 'australian_aboriginal_slektskap', 'blender', 'skall', 'psykiatrisk_sykehus', 'sinnsyk_asyl', 'cutis', 'zest', 'kretskort', 'dermis', 'addin', 'skinn', 'hud', 'printkort', 'gui', 'hypodermis', 'r_kelly', 'plugin', 'utvidelsesystem', 'kretskortet']
sky	sky	Match	['sky_airlines', 'heterosphere', 'azure', 'luft', 'sky_digital', 'kaste', 'cerulean', 'jordas_atmosf√¶re', 'himmelbl√•tt', 'credo', 'sky', 'himmelen', 'sky_television_network', 'stacey_king', 'lazuline', 'safirbl√•', 'himmel', 'team_sky', 'jordatmosf√¶ren', 'sky_professional_cycling_team', 'jordens_atmosf√¶re', 'winx', 'sky_uk', 'bskyb', 'sky_professional_cycling', 'asurbl√•', 'sky_procycling', 'winx_club', 'thatgamecompany']
sleep	s√∏vn	Match	['sove', 'dvalemodus', 'quietus', 'b_mennesker', 'the_black_parade', 'hvilemodus', 's√∏vn', 'sopor', 'standbymodus', 'hybrid_hvilemodus', 'sovemodus', 's√∏vn_hos_dyr', 'evig_hvile', 'evig_s√∏vn', 'soving', 'sleep']
small	liten	Match	['small', 'john_kunkel_small', 'lite', 'korsrygg', 'liten', 'krysset', 'kryss', 'sm√•', 'sm√•tt']
smell	lukten	Match	['tone', 'luktesans', 'olfactory_sensasjon', 'aroma', 'f√∏lelse_av_lukt', 'luktfri', 'ubehagelig_lukt', 'lukten', 'lukte', 'lukter', 'f√∏lelse', 'olfactory_eiendom', 'lukteapparatet', 'lukt', 'luktesystem', '√•nd', 'f√∏lelsen', 'luktende', 'olfactory_oppfatning', 'olfactory_modalitet', 'duft', 'olfactory']
smoke	r√∏yk	Match	['tobakksr√∏yking', 'sigarett', 'sens', 'r√∏kning', 'yin_yang_yo_', 'sigaretter', 'gress', 'fastball', 'r√∏yk', 'rullings', 'tobakksbruk', 'roll_av_tobakk', 'sneip', 'kisten_spiker', 'magnetooptisk_kerr_effekt', 'tobakksplanten', 'sess', 'nicotiana', 'damp', 'yin_yang_yo', 'tobakk', 'cigaret', 'hasj', 'fakta_om_tobakk', 'pot', 'gress_gras', 'r√∏k', 'sigarettr√∏yking', 'ryke', 'r√∏yken', 'r√∏yke', 'r√∏yking', 'mary_jane', 'rulletobakk', 'green_goddess', 'smoke', 'r√∏kt']
smooth	glatt	Match	['t√∏rr', 'gerald_albright', 'pusse', 'kroppen', 'smooth', 'glatt', 'bl√∏tgj√∏re', 'balanse', 'stypsis', 'minerality', 'glatt_nummer', 'frukt']
snake	slange	Match	['vasslangen', 'ophidia', 'ah1', 'cobra', 'ophidian', 'ah1w_super_cobra', 'ah1_cobra', 'vannslangen', 'snake', 'solid_snake', 'slange', 'snake_river', 'snake_jailbird', 'slange_i_gresset', 'bell_ah1_cobra', 'slanger', 'giftslanger', 'serpentes', 'giftslange', 'graykode']
snow	sn√∏	Match	['charles_percy_snow', 'hva_er_et_sn√∏fnugg', 'sludd', 'sn√∏e', 'sn√∏fall', 'the_warriors', 'charles_percy_sn√∏', 'nese_godteri', 'elfenben', 'snow', 'sne', 'sn√∏r', 'sn√∏dekke', 'sjogg', 'schnov', 'nattens_krigere', 'sn√∏v√¶r', 'snav', 'c_p_snow', 'sn√∏fnugg', 'cp_snow', 'baron_sn√∏_av_leicester', 'ffmpeg', 'sn√∏', 'snov', 'sn√∏krystall', 'sn√∏_sne', 'c_p_sn√∏', 'offwhite', 'snau', 'fin_sn√∏']
some	mange	Incorrect	['eller_s√•', 'omtrent', 'noen', 'ca', 'rundt', 'some', 'mer_eller_mindre', 'enkelte']
spit	sprut	Found close match: ['spit', 'spytt']	['spytt', 'spit', 'spytte', 'spidd', 'spytter', 'rotisserie', 'sand_spytte', 'oppspytt']
split	splittet	Found close match: ['splitt', 'splittelse', 'split']	['spagat', 'dele', 'flenge', 'delt', 'birds_of_prey', 'splitalbum', 'split_album', 'split', 'delt_rekord', 'delt_album', 'hemizygous', 'heterozygoter', 'revne', 'kl√∏yve', 'heterozygote', 'seks_om_kuppet', 'skille_seg', 'homozygositet', 'homozygot', 'splitte_opp', 'zygosity', 'splitting_lemma', 'splittelse', 'the_split', 'koble_fra', 'aksjesplitt', 'aksjesplitten', 'heterozygositet', 'splitt', 'homozygote']
squeeze	fingers¬ª	Incorrect	['hugging', 'finanskrisen', 'knipe_sammen', 'tvinge', 'utpresse', 'kredittkrisen', 'squeeze', 'trekktvang', 'vri', 'likviditetskrise', 'klemm', 'presse', 'klemmer', 'klem', 'zugzwang', 'sammenpresse', 'omfamne', 'klemme']
stab	s√•ret	Not found	[]
stand	st√•	Match	['frukthager', 'bomull_plantasje', 'partnerskap', 'gummiplantasje', 'utescene', 'bli_st√•ende', 'bu', 'synspunkt', 'bandstand', 'st√•r', 'ta', 'firma', 'utst√•', 'salgsboden', 'standpunkt', 'kaffeplantasje', 'jojos_bizarre_adventure', 'b√¶re', 'woodlet', 'sukker_plantasjen', 'frukthage', 'standa', 'motst√•', 'sukkerplantasjer', 'tolerere', 'st√•', 'bod', 'the_stand', 'grove', 'susan_ashton', 'plantasjen', 'plantasjer', 'reise_opp', 'stand', 'fot', 'plantasje', 'orchardist', 'standpunktet', 't√•le']
star	stjerne	Match	['5stjernes', 'estelle', 'kjent_person', 'mavin', 'ess', 'tj√¶re', 'ilean_almaguer', '5stjerners_hotell', 'stjerne_polygon', 'veiv', 'hovedrolleinnehaver', 'headliner', 'stjerne_topologi', 'filmstjerne', 'bcgmatrisen', 'tvkjendis', 'akjendis', 'adept', 'ledende_akt√∏r', 'ledende_skuespiller', 'stjerners', 'filmstjerner', 'stjernesymbol', 'superstar', 'targz', 'tar', 'maven', '3stjerners_hotell', 'steroidogenic_akutt_regulatoriske_protein', 'kjendiser', 'klassifisering_av_hotell', 'femstjerners_hotell', 'kjendis', 'mulle', 'stjernetopologi', 'star_topologi', 'stjerne', 'star', 'media_personlighet', 'xerox_star', 'the_rise_and_fall_of_ziggy_stardust_and_the_spiders_from_mars', 'stjerna', 'ziggy_stardust', 'stjerner', 'hotshot', 'superstjerne', 'whiz', 'popstjerne', 'vekstaksje_matrise', 'hovedrollen', 'starb√•t', 'klassifikasjon_av_hotell', 'hotellklassifisering', 'tvpersonlighet', 'stjerne_nettverk', 'hotellklassifikasjon', '4stjerners_hotell', '6stjerners_hotell', 'asterisk']
stick	kjefte	Incorrect	['pinne', 'billy_klubben', 'joystick', 'staver', 'synchromesh', 'kjepp', 'reefer', 'spaserstokker', 'truncheon', 'kvist', 'manuell_girkasse', 'standard_girkasse', 'marijuana_sigarett', 'bo', 'joint', 'billystick', 'stokk', 'stikka', 'spaserstokk', 'girstang', 'billy_club', 'bli', 'styrespak', 'nightstick', 'flystikke', 'stick', 'synkronisering', 'american_standard_code_for_information_interchange', 'ascii', 'clapstick', 'spliff', 'batong', 'pinne_skift', 'kort_shifter', 'styrespaker', 'felles']
stone	steint√•rn	Found close match: ['steiner', 'stein', 'steine']	['halvedle_stein', 'juvel', 'kampestein', 'stone__motorsykkelbandens_hevn', 'i_f_stone', 'smykkesteiner', 'harlan_fisk_stone', 'smykkestener', 'bergarter', 'smykkestein', 'juveler', 'edelstenene', 'oliver_stone', 'bergartssekvens', 'steine', 'harlan_stone', 'picul', 'halvedelstein', 'steinmateriale', 'stone_‚Äì_motorsykkelbandens_hevn', 'edelstener', 'sten', 'edelsten', 'endocarp', 'harlan_f_stone', 'steiner', 'edward_durell_stone', 'smykkesten', 'bergart', 'isidor_feinstein_stone', 'edelsteiner', 'edelstein', 'lucy_stone', 'juv√©l', 'gemstone', 'iskander', 'stone', 'harlan_fiske_stone', 'stein', 'rock', 'halvedelsten']
straight	forover	Incorrect	['heteroseksuell_person', 'heteroseksualitet', 'heterofili', 'oppl√∏pssiden', 'rett', 'beint', 'real', 'hetrofili', 'heterofile', 'heterosexualism', 'hetero', 'heteroseksuell', 'rett_person', 'firkanta', 'heterofil', 'kryss', 'straight', 'straightaway', 'firkantet', 'direkte']
suck	sprute	Found close match: ['suge']	['suger', 'suck', 'sug', 'amme', 'suge']
sun	sun	Match	['sun_kwon', 'herrens_dag', 'sun', 'fiksstjerne', 'solspekteret', 'utu', 'solskinn', 'sol', 'solstr√•le', 'mars', 'jupiter', 'side_3piken', 'cun', 's√∏n', 'sun_microsystems', 's√∏ndag', 'solen', 'naturlig_belysning', 'solstr√•ling', 'utug', 'the_sun', 'faste_stjerner', 'sollys', 'page_three_girl', 'soltegn', 'sola', '‚òº', 'sun_paik', 'mercury', 'new_york_sun', 'sunhwa_kwon', 'sundag', 'sigrid', 'sun_television', 'sigrid_solbakk_raabe', 'venus', 'fiksstjerner', 'm√•nen', 'fast_stjerne', 'dominicus']
swell	cumulonimbus	Not found	[]
swim	sv√∏mme	Match	['sv√∏mming', 'bade', 'sv√∏mme', 'ray_of_light', 'konkurransesv√∏mming', 'sv√∏mmetur', 'flyte']
tail	haleroten	Found close match: ['halen', 'halenend', 'hale_montering']	['baktil', 'shadower', '√•pning_batsman', 'plantar', 'laterale', 'prat', 'mynt', 'apikale', 'seteball', 'akterparti', 'komethale', 'akterende', 'tailender', 'hale', 'basal', 'caudally', 'rumpeball', 'styv', 'miles_tails_prower', 'jage_etter', 'empennage', 'tail', 'dorsoventral', 'gluteal_regionen', 'etter_en_del', 'forf√∏lge', 'dorsolaterale', 'anatomiske_gjelder_plassering', 'sporden', 'rumpe', 'keister', 'ventrolateral', 'hekk', 'tush', 'bak', 'hale_stjert', 'bakenden', 'rompeball', 'svans', 'kontralaterale', 'haleender', 'stjert', 'r√¶v', 'kupere', 'bakdel', 'ipsilaterale', 'caudal', 'l√∏pe', 'rumpeballene', 'rompeballe', 'rumpballer', 'derriere', 'akterstavn', 'halenend', 'anatomiske_form_av_plassering', 'miles_¬´tails¬ª_prower', 'distale', 'aboral', 'tooshie', 'ende', 'halen', 'akterspeil', 'akterende_akterspeil', 'batting_rekkef√∏lge', 'boller', 'ventral', 'bakre', 'hale_montering', 'medioklavikularlinje', 'gluteusmaximus', 'rauv', 'proksimale', 'vilk√•r_for_anatomisk_sted', 'rompe', 'speil']
that	at	Match	['thaat', 'at', 'det']
there	men	Incorrect	['det', 'der', 'dit', 'there']
they	men	Incorrect	['atomnummer_54', 'kj√∏nnsspesifikke_pronomen', 'xenon', 'kj√∏nnsspesifikk_pronomen', 'they', 'they_som_entall', 'de', 'xe', 'kj√∏nnsn√∏ytral_pronomen', 'hin', 'kj√∏nnsn√∏ytralt_pronomen']
thick	tykke	Match	['tykke', 'tykt', 'tjukk', 'midt', 'tykk']
thin	tynne	Match	['tynn', 'tynt', 'tynne_ut', 'tynne']
think	jeg	Incorrect	['think', 'pivco', 'tror', 'tanke', 'tenker', 'intellection', 'huske', 'tenke', 'cerebration', 'antar', 'mentering', 'husker', 'synes', 'tenkning', 'minnes', 'finne', 'vurdere', 'tankeprosessen', 'fundere', 'mene', 'mener', 'resonnere', 'tenkt', 'tanker', 'tenking', 'tankeprosess']
this	denne	Match	['meg', 'dette', 'denne', 'detta', 'this', 'thinis']
three	fem	Incorrect	['ternion', 'prong', 'linje_3', 'succeeder', 'deuceace', 'three', '3', 'trefoldig', 'iii', 'santana_iii', 'enneagram', 'tercet', 'achiever', 'trine', 'seventeen_seconds', 'terzetto', 'tre', 'enneagrammet', 'bob_sinclar']
throw	kaste	Match	['messingbl√•seinstrumenter', 'slenger', 'messingbl√•ser', 'messing_instrument', 'eksos_hjerneslag', 'kastet', 'gi', 'hive', 'kast', 'kaste', 'kaste_sjonglering', 'messingbl√•serne', 'slaglengde', 'messingbl√•seinstrument', 'stemmeb√∏yle', 'holde', 'hornist', 'messinginstrument', 'messing', 'forvirre', 'stempelslag', 'messinginstrumenter', 'kompresjonsslaget', 'takt', 'cam_stroke', 'sleng', 'har']
tie	hjemme/borte	Incorrect	['vie', 'linkup', 'sville', 'koble', 'koble_sammen', 'tiein', 'skive_spor', 'bind', 'kobling', 'jernbane_b√•nd', 'slips', 'jernbanesville', 'crosstie', 'forbinde', 'jernbane_tie', 'bindbjelken', 'pare', 'tilknytte', 'uavgjort', 'jernbane_sovende', 'slipsknute', 'ektevie']
tongue	kroppsspr√•ket	Incorrect	['tunge', 'glossa', 'naturlig_spr√•k', 'genetikk', 'lingua', 'tungetale', 'tungen', 'spr√•k', 'naturlige_spr√•k', 'tunga', 'okse_tungen', 'tunger', 'tongue', 'lengua']
tooth	tennene	Match	['takk', 'tenner', 'tennene', 'plugg', 'tanna', 'dental_utrustning', 'tann']
tree	treet	Match	['tr√¶r', 'barn_node', 'bladnode', 'treet', 'intern_node', 'tree', 'subtre', 'charlotte_bront√´', 'tre', 'skog', 'blad_node', 'sir_herbert_beerbohm_tre', 'forelder_node', 'overordnet_node', 'tre_datastruktur', 'kruskal_er_tre_teorem', 'rotnoden', 'interi√∏r_node', 'sapling', 'tresort', 'hellig_tre', 'trevekst', 'trestruktur', 'tre_tilbedelse', 'undertre', 'herbert_beerbohm_tree', 'charlotte_bronte', 's√∏ketre']
turn	bevege	Incorrect	['ornamentering', 't√∏rne', 'spillmodus', 'tur', 'svinge', 'snu', 'rasjonell_trigonometri', 'sving', 'acciaccatura', 'god_tur', 'spillmekanikk', 'dreie', 'vokse', 'sl√•_av_hendelser', 'dreining', 'sl√•', 'ornamenter', 'bli', 'b√∏ye', 'perigon', 'volta', 'runde_vinkel', 'vridning', 'seierspoeng', 'ornament', 'vende', 'runde_sving', 'appoggiatura', 'utformingsuthevinger', 'piruett', 'vending', 'snurre', 'ornamentikk', 'rulle_tilbake', 'skru', 'n√•de_notat', 'omdreining']
two	tre	Incorrect	['succeeder', 'two', 'spenne', 'jim_cartwright', 'toer', '2', 'enneagram', 'achiever', 'to', 'ii', 'enneagrammet']
vomit	svette	Incorrect	['barf', 'oppkast', 'brekke_seg', 'oppst√∏t', 'elge', 'kastet_opp', 'vomitive', 'brekker', 'puking', 'brekkmiddel', 'vomitus', 'inndragning', 'kaste_opp', 'mate_fiskene', 'spy', 'kaster_opp', 'nauseant', 'spying', 'emesis']
walk	spasere	Found close match: ['spasertur', 'paseo']	['reise', 'grafnode', 'graf', 'walking', 'dra', 'walk_live_material', 'hest_gangart', 'urettet_graf', 'walk', 'rekkef√∏lgen', 'fare', 'kant', 'gangveier', 'walk_cervical', 'walk_biomechanical', 'gange', 'orden', 'g√•_av_livet', 'skritt', 'baser_p√•_baller', 'm√•te_√•_g√•', 'enkel_graf', 'paseo', 'g√•_ut_med_hunden', 'base_p√•_baller', 'the_walk', 'g√•', 'gangvei', 'g√•_p√•_tur_med', 'spasertur']
warm	varm	Match	['varme_opp', 'varmt', 'varm', 'warm']
wash	vaske	Match	['buried', 'vaske_tegning', 'utvasking', 'arroyo', 'the_wash', 'klesvask', 'lavation', 'vask', 'washables', 'tvette', 'skittent√∏y', 'kinesisk_vaskeri', 'luftstr√∏m', 'laundress', 'wash', 'slipstream', 'unearthed', 'scan', 'vaske', 'vaskeri', 'lost_dogs', 't√∏rke_vask']
water	vann	Match	['englest√∏v', 'vassressurser', 'fenycyklidin', 'urinere', 'vannforsyningssystem', 'dr√•pe_gjerde', 'nitrogenholdig_avfall', 'fencyklidin', 'vannressurser', 'offentlig_vannforsyning', 'vannmolekyl', 'vannledninger', 'urin', 'engel_st√∏v', 'felle_t√•rer', 'vannmasse', 'piss', 'water', 'is_h√∏sting', 'h2o', 'tisse', 'vann', 'vanne', 'piddle', 'pcp', 'c2o', 'slipp_gjerdet', 'late_vannet', 'vanndamp', 'vannforekomst', 'weewee', 'quoin', 'blood_red_shoes', 'vannforekomster', 'vatn', 'industrielle_vann', 'gr√•te', 'quoins', 'flytende_vann', 'kropp_av_vann', 'phencyclidine_hydrochloride', 'vannets_smeltepunkt', 'tiss', 'vassdamp', 'vannforsyning', 'pisse', 'h‚ÇÇo', 'is', 'vannsystemet', 'phencyclidine', 'fensyklidin', 'vannledningsnett', 'vannkilde']
we	vi	Not found	[]
wet	fuktig	Match	['englest√∏v', 'pcp', 'fuktighet', 'wet', 'fenycyklidin', 'phencyclidine_hydrochloride', 'fencyklidin', 'vesteuropeisk_tid', 'bl√∏t', 'v√•tt', 'phencyclidine', 'v√•t', 'engel_st√∏v', 'v√•te', 'fuktig', 'fensyklidin']
what	hva	Match	['hva']
when	da	Incorrect	['lars_pedersen', 'when', 'n√•r', 'diamonds_for_breakfast']
where	hvor	Match	['hvor', 'where']
white	hvite	Match	['white_arkitekter', 'den_kvite_rase', 'kaukasiske_rase', 'kaukasoid', 'hvit', 'hvite_rase', 'andrew_d_white', 'hudfargen', 'blank', 't_h_white', 'den_kvite_rasen', 'white', 'eggekvite', 'eggehvite_eggekvite', 'white_airways', 'elfenben', 'kvit', 'blackface', 'kvite', 'patrick_victor_martindale_hvit', 'edward_white', 'hvit_person', 'asiatisk', 'edward_d_white', 'eggehviten', 'hudfarge', 'den_kaukasoide_rase', 'caucasoid_rase', 'delias', 'pieris', 'kvitt', 'den_kaukasoide_rasen', 'k√•lsommerfugl', 'stanford_white', 'kaukasisk_rase', 'hvite_mennesker', 'hvite', 'hispanic', 'andrew_dickson_white', 'svart', 'kaukasiske', 'caucasoid', 'planeswalker', 'patrick_white', 'edward_douglas_hvit_jr', 'albumen', 'andre_raser', 'elwyn_brooks_hvit', 'latino', 'hvitt', 'kaukasiere', 'theodore_harold_hvit', 'white_river', 'den_hvite_rase', 'eggehviter', 'kaukasoide', 'magic_the_gathering', 'eggehvite', 'offwhite', 'white_motor_company', 'caucasoids', 'e_b_white', 'ovalbumin']
who	selv	Incorrect	['jim_neidhart', 'liste_over_generaldirekt√∏rer_i_verdens_helseorganisasjon', 'world_health_organization', 'verdens_helseorganisasjon', 'who', 'kven', 'hvem', 'som', 'the_who']
wide	bredt	Match	['brede', 'wide', 'bred', 'bredt', 'brei', 'vid']
wife	kone	Match	['viv', 'gift_kvinne', 'kona', 'hustru', 'frue', 'kone', 'koner', 'ekteviv', 'wife', 'ektehustru']
wind	vind	Match	['vindkast', 'bl√•seinstrument', 'kundeemne', 'akeboshi', 'luft', 'fjert', 'malarky', 'bjelle', 'vindassistert', 'medvind', 'svingete', 'vind', 'farting', 'vifte', 'luftstr√∏m', 'bell', 'bryte_vinden', 'elektromagnetisk_spole', 'bl√•seinstrumenter', 'luftstr√∏mmen', 'malarkey', 'emne', 'wind', 'vinne', 'flatus', 'tomme_ord', 'konfidensiell_informasjon']
wing	vingen	Match	['spoiler', 'gliders', 'hindwing', 'coandaeffekten', 'alvefolket', 'fl√∏yen', 'fender', 'innsiden_sentrum', 'hjulbr√∏nn', 'tighthead_prop', 'flanking', 'insekt_fly', 'luftving', 'flyhalf', 'fly_halv', 'utenfor_sentrum', 'flankeman√∏ver', 'venstre_flanke', 'flankerende', 'backstage', 'vingen', 'swingman', 'anneks', 'scenen', 'fl√∏y', 'vakt_fremover', 'fly', 'gone_again', 'f√∏rste_fem√•ttende', 'veng', 'ving_milit√¶r', 'dummy_halv', 'wing', 'ving', 'fugl_fly', 'fly_halvparten', 'vedlegg', 'elfquest', 'vinge']
wipe	√∏delegge	Incorrect	['t√∏rk', 't√∏rke']
with	med	Match	['med', 'with']
woman	kvinne	Match	['kvinnfolk', 'kvinnen', 'dame', 'woman', 'klaatu', 'rengj√∏ringsbetjent', 'hunkj√∏nn', 'kvinner', 'voksen_kvinne', 'hun', 'smukke_kj√∏nn', 'cleaning_lady', 'hunnindivider', 'vaskehjelp', 'kvinnelige', 'kvinnelig', 'kvinne', 'nancy_benoit', 'kvinne_dame', 'kvinnemenneske', 'fruentimmer', 'rengj√∏ring_kvinne']
worm	kleptoparasitter	Incorrect	['vriste', 'skitt_ball', 'mark', 'orm', 'makk', 'vermes', 'worm', 'ormer', 'dataorm', 'vri_seg']
year	√•ret	Match	['√•ret', 'alder', 'astronomiske_√•r', 'twelvemonth', 'equinoctial_√•r', 'ma', 'lang_tid', '√•r', 'gregorianske_√•ret', 'inntekts√•ret', 'tropisk_√•r', 'solar_√•r', 'anomalistic_√•r', 'yr', 'sol√•r', 'year', '√•rstall', 'annus', '√•rsmodell', 'lenge', 'annum']
yellow	gul	Match	['hwang_ho', 'den_gule_elv', 'guleelven', 'yellowness', 'gule_flod', 'blond', 'gul', 'blondt_h√•r', 'den_gule_flod', 'hwangho', 'gule', 'blonde', 'blondine', 'gulelven', 'eiko_shimamiya', 'yellow_river', 'huanghe', 'yellow', 'huang_he', 'huangelva', 'gult', 'zebrahead', 'hong_jinho', 'den_gule_floden', 'gulaktig', 'lys']
you	jeg	Found close match: ['deg']	['no_control', 'amy_lee', 'you', 'deg', 'pablo_honey', 'janne_da_arc', 'amy_lee_hartzler', 'monster', 'du', 'fly', 'the_real_testament']
