all	inclusiv	Incorrect	['totalmente', 'completamente', 'în_întregime', 'închiderea_universal', 'toate', 'cu_totul', 'tot', 'leucemie_limfoblastică_acută', 'absolut', 'cuantificatorul_universal', 'universal_cuantificator', 'toți', 'toti', 'integral', 'total', 'all', 'complet', 'închiderea_universală', 'cuantificator_universal', 'cuantificare_universală', 'acută_limfocitară_leucemie']
and	și	Match	['poarta_logica', 'porți_logice', 'logica_poarta', 'poartălogică', 'si', 'and', 'armed_and_dangerous', 'și', 'logica_discret', 'poartă_logică', 'şi', 'coroborat_logică']
animal	animale	Match	['trupesc', 'jivină', 'macrofauna', 'fauna', 'faună', 'animal', 'epifauna', 'wasp', 'animalia', 'animalele', 'creatură', 'necuvântător', 'epifaunal', 'regnul_animalia', 'a_plantelor', 'metazoans', 'animale', 'regnul_animal', 'animalic', 'lasciv', 'animalul', 'far_east_movement', 'carnal', 'animați_fiind', 'infauna', 'regn_animalia', 'lighioană', 'reality_check']
ashes	îngropa	Incorrect	['post_mortem', 'cenușă', 'cenusa', 'ashes']
at	la	Not found	[]
back	înapoi	Match	['flyjumătate', 'coloana_vertebrală', 'înapoi', 'coloanei_vertebrale', 'înurmă', 'legare', 'susține', 'îndărăt', 'stângaspate', 'inapoi', 'paria', 'vertebre', 'coloanăvertebrală', 'spatar', 'înspate', 'back', 'spătar', 'spetează', '백', 'vertebrale', 'sfârșit', 'fund', 'întări', 'aprobe', 'mărginispatele', 'flyhalf', 'interior_centru', 'primele_cinciopt', 'fundaș', 'spinare', 'poziție_de_joc_la_rugby_în_xv', 'șira_spinării', 'coloană_vertebrală', 'rezemătoare', 'urmă', 'spate', 'apărător', 'copertă', 'dreaptaspate', 'jumătate_centru', 'dos', 'învelitoare', 'coloana_vertebrala', 'şira_spinării', 'fundaş', 'rahis', 'da', 'scoarță', 'fiînspate', 'sprijini', 'obligatoriu_carte', 'în_spatele', 'șiraspinării', 'centruspate', 'mergeînapoi', 'daînapoi']
bad	rău	Match	['acrit', 'defect', 'falsificat', 'plinderemușcări', 'șubrezit', 'putred', 'stricat', 'plindecăință', 'răul', 'royce_da_59', 'speculativ', 'prost', 'răutatea', 'bad', 'plinderegrete', 'rău', 'rea', 'alterat', 'contrafăcut', 'slab', 'bad_world_tour', 'mare', 'riscant', 'plindepărerederău', 'șubred', 'big_audio_dynamite', 'răutate', 'bcl2asociate_promotor_moarte', 'rau']
bark	coajă	Match	['scoarţă', 'lătra', 'tăbăci', 'coajă', 'latră', 'se_răsti', 'iliuşin_il2', 'lătrare', 'peridermului', 'il2', 'argăsi', 'hămăi', 'bark', 'coaja', 'jupui', 'lătrat', 'urla', 'scoarță', 'scoarta_de_copac', 'barque', 'lătrătură', 'barc', 'iliușin_il2']
because	deoarece	Match	['because', 'pentru_că', 'din_cauză_că', 'datorită', 'deoarece']
belly	picioarele	Incorrect	['abdomenului_umane', 'vintre', 'burta', 'se_revărsa', 'burduhan', 'abdomen_uman', 'belly', 'foale', 'abdomen', 'burdihan', 'muschii_abdominali', 'abdominali', 'burtă', 'dapeafară', 'pântece']
big	big	Match	['adult', 'lăudăros', 'fălos', 'îngâmfat', 'intens', 'generos', 'încrezut', 'gravid', 'însărcinat', 'bjarke_ingels_group', 'dezvoltat', 'echilibrul', 'înfumurat', 'grav', 'stypsis', 'fanfaron', 'violent', 'fudul', 'greu', 'mărinimos', 'pepiciormare', 'matur', 'foartebine', 'puternic', 'important', 'minerality', 'proeminent', 'darnic', 'umflatînpene', 'mare', 'tare', 'astringență', 'însemnat', 'mari', 'big', 'infatuat', 'închipuit', 'fructe', 'norm_nixon']
bird	păsări	Match	['clasa_aves', 'huiduitură', 'fetișcană', 'huiduială', 'mikuni_shimokawa', 'avifaunei', 'yardbird_parker', 'puicuță', 'drăguță', 'aves', 'avafauna', 'degetul_mijlociu', 'nuu', 'adăpostire', 'charlie_parker', 'târfă', 'bird_parker', 'bird', 'fluturaș', 'pasăre', 'tipă', 'razzing', 'charles_christopher_parker', 'razz', 'bronx_majorete', 'shuttlecock', 'boo', 'pasare', 'degetul', 'pasărea', 'păpușă', 'păsări']
bite	mușcă	Found close match: ['mușca', 'mușcat', 'mușcătură']	['mușcătură', 'arde', 'mușcat', 'înțepa', 'picant', 'muscaturi', 'înțepătură', 'ciupi', 'musca', 'gură', 'mușcătură_de_insectă', 'mușca', 'mezelic', 'pișca', 'chomp', 'mizilic', 'înghițitură', 'muscatura_de_insecta', 'bispecifice_celulelor_t_engager', 'gustare', 'dumicat', 'mușcare', 'steven_hassan', 'iuțeală', 'îmbucătură', 'iuteala', 'pișcătură', 'parte_rezervată', 'ciupitură', 'intepatura', 'înțepător']
black	neagră	Match	['negru_femeie', 'culoare', 'negru_om', 'negroide', 'femeiedeculoare', 'josephblack', 'umilitor', 'cătrănit', 'rasa_neagră', 'final_fight_3', 'origine_africană', 'alte_rase', 'negru', 'culori', 'negru_persoană', 'shirleytemple', 'black', 'beznă', 'om_negru', 'total_de_întuneric', 'negroid', 'degradant', 'shirley_temple', 'se_înnegri', 'cioroi', 'negreață', 'neagră', 'negroids', 'lightlessness', 'shirley_temple_negru', 'negresă', 'negru_african', 'negrii', 'științei_culoare', 'final_fight', 'taio_cruz', 'din_asia', 'apăsător', 'doliu', 'hispanic', 'rasa_negroidă', 'planeswalker', 'negro', 'kari_kimmel', 'latino', 'sinistru', 'neagra', 'deprimant', 'smoală_ticăloșie', 'dezonorant', 'dezolant', 'rușinos', 'negrudefurie', 'inkiness', 'arap', 'negreală', 'comunitatea_de_culoare', 'sumbru', 'alb', 'culoarea', 'decontrabandă', 'joseph_black', 'femei_de_culoare', 'înveninat']
blood	sânge	Match	['moștenirea_genetică', 'destrăbălat', 'descendență', 'moștenire_biologică', 'blood', 'sanguin', 'sange', 'părinți', 'rakehell', 'vin_bordeaux', 'fluxul_de_sânge', 'bordeaux', 'ereditare', 'roue', 'sînge', 'ereditate', 'vs', 'persistence_of_time', 'sânge', 'desfrânat', 'sângele', 'collective_soul', 'ereditar', 'linia_de_sânge', 'origine', 'hematologice', 'depravat', 'the_black_parade', 'bordo', 'bordeaux_vin', 'sânge_oxigenat', 'getting_away_with_murder', 'familie']
blow	lovește	Incorrect	['bate', 'descoperi', 'divulga', 'o_luasus', 'arde', 'fipurtat', 'exploda', 'se_fuduli', 'rafală', 'și_tragerăsuflarea', 'pleca', 'cânta', 'umfla', 'se_căra', 'vijelie', 'regres', 'depuneouă', 'dezvălui', 'rasoli', 'pufni', 'se_lăuda', 'vântputernic', 'furtună', 'suflă', 'sparge', 'pacoste', 'fluiera', 'ciocnire', 'expirație', 'nas_bomboane', 'sufla', 'zăpadă', 'se_oua', 'lovitură', 'se_făli', 'rafalădevânt', 'și_daifose', 'se_duce', 'da', 'șoc', 'luamuie', 'fidus', 'și_daaere', 'irosi', 'blow', 'plesni', 'cânta_la_un_instrument', 'impact', 'se_grozăvi']
bone	osoasă	Found close match: ['osos', 'oase']	['albivoriu', 'osos_țesutului', 'îngrășaporculînajun', 'osos', 'toci', 'fildeșiu', 'os', 'fildeș', 'def_jam_recordings', 'def_jam_records', 'dezosa', 'ivoriu', 'oase', 'osul', 'alburiu', 'bone', 'island_def_jam_music_group', 'offalb']
breast	canceroase	Found close match: ['cancer_la_sân', 'cancer_la_san', 'cancermamar']	['cutia_toracică', 'glandă_mamară', 'atingevârful', 'piept', 'cancer_mamar', 'sânul', 'toracice', 'titty', 'pectus', 'dapiept', 'sâni', 'cancermamar', 'cancer_la_san', 'sân', 'cutie_toracică', 'torace', 'înfrunta', 'carne_albă', 'pieptdepasăre', 'the_breast', 'țâță', 'thorax', 'cancer_la_sâni', 'ajungeînvârf', 'bust', 'cancer_la_sân', 'cancer_de_sân']
breathe	respira	Match	['respiră', 'respira', 'elimina', 'emana', '1159', 'degaja', 'time', 'revărsa', 'kristof_konrad', 'breathe', 'emite', 'sufla', 'exala', 'dark_side_of_the_moon', 'răsufla', 'the_dark_side_of_the_moon', 'iempire', 'funeral_for_yesterday', 'a_class']
burn	arde	Match	['curs_de_apa_temporar', 'eritem_solare', 'bronzare', 'focul', 'arsurădesoare', 'arde', 'fc_dallas', 'gradul_doua_arde', 'piele_bronzată_de_soare', 'curs_de_apa', 'parau', 'arde_marca', 'arsuri_solare', 'potok', 'cauteriza', 'dafoc', 'burn', 'curs_de_apă', 'se_arde', 'pară', 'flacără', 'incendii', 'toca', 'curs', 'foc', 'văpaie', 'matcă', 'ape_curgătoare', 'în_flăcări', 'copia', 'arsuri_de_gradul_iii', 'ruisseau', 'vad', 'se_mistui', 'bronz', 'pârâu', 'cafeniu', 'apă_curgătoare', 'arsură', 'ard', 'ardeperug', 'incinera', 'arsuri_de_gradul_trei', 'albie']
child	copil	Match	['fiică', 'tiddler', 'elevi', 'minor', 'fiica', 'copila', 'copiii', 'copilă', 'minori', 'copil', 'lenfant', 'fiu', 'tânăr', 'prepubescent', 'copile', 'copii', 'fiice']
cloud	cloud	Match	['formarea_norilor', 'serviciu_nor', 'înnora', 'serviciu_cloud', 'norii', 'kiba', 'cloud_public', 'ascunde', 'nori', 'infrastructura_ca_serviciu', 'vătăma', 'cloud_computing', 'cloudbased', 'prejudicia', 'furnicar', 'nor', 'obscura', 'cloud_strife', 'cloud', 'negură', 'întuneca', 'înnoura', 'încețoșa', 'oculta', 'roire', 'strica', 'împestrița', 'roi', 'dăuna']
cold	rece	Match	['răceală_comună', 'pulmonare_obstructive_cronice_boala', 'frigid', 'raceala', 'inuman', 'rece', 'raceli', 'guturai', 'leșinat', 'inconștient', 'cu_sânge_rece', 'sângerece', 'reci', 'răceala_comună', 'temperatură_joasă', 'frig', 'răceală', 'boală_de_plămâni_obstructivă_cronică', 'rinofaringita', 'vechi', 'cold', 'craig_david', 'boli_pulmonare_obstructive_cronice', 'rinofaringită', 'bronhopneumopatie_obstructivă_cronică', 'boalăpulmonarăobstructivăcronică', 'nicole_scherzinger', 'comună_rece', 'viroză_respiratorie', 'gripă']
come	merge	Found close match: ['se_trage']	['sosi', 'trece', 'seminal_lichid', 'face', 'apropia', 'i_treceprincap', 'ajuns', 'se_produce', 'exista', 'conduce', 'exclama', 'sperma', 'ajunge', 'material_seminal', 'se_trage', 'surveni', 'vino', 'comé', 'apărea', 'intra', 'și_dadrumul', 'i_veni', 'se_ridica', 'se_găsi', 'lichidul_seminal', 'proveni', 'însuma', 'totaliza', 'ajunge_la', 'ieși', 'spermă', 'lichidseminal', 'veni', 'se_întâmpla', 'fi', 'lovit', 'duce', 'come', 'se_descurca', 'sămânță']
correct	corect	Match	['se_rectifica', 'corectează', 'se_corecta', 'scădea', 'dreptate', 'critica', 'îndrepta', 'corecta', 'coborî', 'corect', 'corectă', 'se_micșora', 'admonesta', 'regla', 'potrivi', 'se_corija', 'disciplina', 'corija', 'se_îndrepta']
count	conte	Match	['contele_de_montecristo', 'luaînconsiderare', 'ține', 'numărat', 'contează', 'titlu_de_conte_englez', 'ținecontde', 'conților', 'cântări_greu', 'conte', 'enumerare', 'socoti', 'cântări', 'socoteală', 'se_încrede', 'număr_complet', 'listă', 'conte_englez', 'se_baza', 'numărare', 'ia_în_considerare', 'aveaimportanță', 'jarl', 'countship', 'earls', 'număr', 'contele_de_monte_cristo', 'cantitate', 'limbaj_de_interogare_structurat', 'earl', 'însemna', 'numerație', 'include', 'contele', 'număra', 'se_bizui', 'sistem_de_numerație', 'sql', 'sistem_de_numeraţie', 'numără', 'însuma', 'totaliza', 'numărătoare', 'comital', 'comtesse', 'aveaînvedere', 'conta', 'avea_greutate']
cut	tăiat	Match	['arde', 'ignora', 'face', 'rănind', 'rană', 'întrerupe', 'scurtat', 'editare_de_film', 'vătămare', 'neglija', 'scoate', 'debleu', 'cenzurate', 'deconecta', 'decupaj', 'închide', 'cut_neamţ', 'cenzură', 'copia', 'reducere', 'cosit', 'baseball_leagăn', 'se_lungi', 'sări', 'scopi', 'se_reduce', 'croială', 'tăiat_de_carne', 'tăiat', 'hartan', 'tuns', 'tăiate', 'tăia', 'absență', 'jignire', 'emascula', 'tragechiulul', 'executa', 'comuna_cut_alba', 'nesocoti', 'croi', 'cut_alba', 'se_subția', 'o_lua', 'decupa', 'a_tăia', 'realiza', 'întoarcebalonul', 'răni', 'insulta', 'tratare_cu_răceală', 'lezare', 'reduce', 'sterilizat', 'rana', 'lăsa', 'bucată', 'ofensa', 'cenzori', 'separa', 'cenzura_presei', 'jugănit', 'editor_de_film', 'i_da', 'i_ieși', 'lua', 'coti', 'cut_neamț', 'îndoit', 'a_prescurta', 'cut', 'loviturădebaseball', 'prelucra', 'tăietură', 'întoarcemingea', 'scurtare', 'chiuli', 'plagă', 'săpa', 'emite', 'înlătura', 'omite', 'incizie', 'ștergere', 'halcă', 'afișa', 'elimina', 'jugăni', 'piesă', 'vira', 'prescurta', 'micșora', 'dezlega', 'se_îndoi', 'învârti', 'emasculat', 'piesa', 'monteur', 'parte', 'opri', 'se_tăia', 'înregistra', 'suspenda', 'rană_deschisă', 'scopit', 'erupe', 'canal', 'bucatădecarne', 'cenzura', 'castra', 'se_împuțina', 'melodie', 'montaj', 'ignorare', 'gradație', 'secera', 'cenzurare', 'diviziune', 'rănire', 'castrat', 'se_dilua', 'filmul_de_editare', 'redus', 'subțiat', 'scădea', 'întoarce', 'taie', 'scurta', 'recolta', 'tăiere']
day	ziua	Match	['zi_medie_solară', 'clarence_ziua', 'solară_zile', 'soare_mediu', 'clarencesheparddayjr', 'zisiderală', 'timp_solar_mediu', 'ecuaţia_timpului', 'zi', 'clarenceday', 'epocă', 'sideral_zile', 'lungimea_zilei', 'vreme', 'ecuația_timpului', 'day', 'ziua_solară_medie', 'interval_de_24_de_ore', 'în_timpul_zilei', 'zi_siderala', 'clarence_day', 'timp_civil', '24deore', 'zile', 'timp', 'douăzeci_și_patru_oră', 'zi_solară', 'douăzeci_și_patru_oră_perioada', 'ziuă', 'timp_solar', 'clarence_shepard_jr_ziua', 'ziua', 'zi_solara']
die	hochzeit	Incorrect	['se_deregla', 'decedare', 'cuțit', 'mori', 'murit', 'pastilă', 'se_prăpădi', 'moartea', 'răposa', 'zaruri_încărcate', 'zaruri', 'die_drôme', 'zar', 'ștanța', 'dacolțul', 'o_mierli', 'se_răsufla', 'se_strica', 'mor', 'sestinge', 'înghițigutuia', 'die_franţa', 'moarte', 'zaruri_poliedrice', 'seduce', 'se_pierde', 'pieire', 'pieri', 'die_franța', 'matrița', 'sfârși', 'deces', 'râvni', 'dispărea', 'seprăpădi', 'muri', 'stingere', 'sucomba', 'pastilă_semiconductoare', 'se_defecta', 'poanson', 'deceda', 'die', 'sucombare', 'sesfârși', 'dispariție', 'decese']
dig	scoate	Found close match: ['sape']	['jibe', 'trudi', 'săgeată', 'dig', 'înțepătură', 'percepe', 'săpa', 'împunge', 'împunsătură', 'osteni', 'se_prinde', 'sapă', 'îmboldi', 'sape', 'sesiza', 'excava', 'săpătură', 'săpare', 'glumă_răutăcioasă', 'înțelege', 'săpat', 'arheologic_siteul', 'excavare', 'pricepe', 'excavație', 'escava']
dirty	murdar	Match	['murdare', 'josnic', 'urât', 'spurca', 'dirrty', 'cache_l1', 'sol', 'contaminat', '_memorie_cache_cu_acces_aleatoriu', 'mânji', 'memoriecache', 'murdari', 'setasociativ', 'câinos', 'nemuncit', 'linie_cache', 'dirty', 'rău', 'necurat', 'memorie_cheş', 'murdar', 'underworld', 'memorare_în_cache', 'soluri', 'writeback', 'nesportiv', 'murdară', 'murdări', 'murdărie', 'memorie_cache', 'cache', 'infectat', 'memorie_cheș', 'mizerabil', 'pământ', 'lut', 'cache_miss', 'memoria_cache', 'neloial', 'mizerie', 'sordid', 'mârșav', 'tipuri_de_sol']
dog	câine	Match	['carne_de_câine', 'cârnat', 'wienerwurst', 'urmări', 'firedog', 'familiaris', 'opritor', 'piedică', 'cățea', 'siguranță', 'câini', 'canis_familiaris', 'câinede_fier', 'hot_dog', 'câinele', 'femeie_cicălitoare', 'suport_pentru_bușteni', 'nemernic', 'weenie', 'detent', 'canids', 'câine', 'familiei_canidae', 'canide', 'escroc', 'balcâz', 'canidae', 'duck_hunt', 'canis_lupus_familiaris', 'caine', 'dog', 'hotdog', 'netrebnic', 'internă_de_câine', 'câinii', 'ticălos', 'frankfurter', 'a_urmări', 'fugi', 'vâna']
drink	băutură	Match	['tragelamăsea', 'toasta', 'înghițire', 'rochester_institute_of_technology', 'potabil', 'crapulence', 'bea', 'institutul_de_tehnologie_rochester', 'trage', 'se_cinsti', 'lichidpotabil', 'închina', 'lil_jon', 'băutură', 'îmbăta', 'deglutiție', 'băuturi', 'sorbi', 'boozing', 'bautura', 'băut']
dry	uscată	Match	['dry_loiret', 'astringență', 'usuce', 'echilibrul', 'zvânta', 'usca', 'zbici', 'prohibiționiste', 'stypsis', 'uscate', 'minerality', 'uscat', 'uscată', 'dry', 'ironic', 'fructe', 'seca', 'prohibiționist', 'sec']
dull	negricioasă	Not found	[]
dust	praf	Match	['resturi', 'babylon_5', 'colb', 'orange_pekoe', 'ceai_chinezesc_de_calitate_superioară', 'risipi', 'înger_de_praf', 'fenciclidină', 'fenciclidină_clorhidrat', 'moloz', 'a_prafui', 'fannings', 'pulbere', 'desprăfui', 'pekoe', 'scutura', 'praf', 'dust', 'presăra', 'praful', 'împrăștia']
ear	pleoapa	Incorrect	['descompunere_urechea', 'vârful', 'urechea_umană', 'auriculă', 'urechile', 'atenție', 'nod', 'pinna', 'ara', 'ureche', 'vârf', 'urecheexternă', 'pavilionul_urechii', 'spic', 'urechea', 'pinnae']
earth	planeta	Found close match: ['planeta_pământ', 'pamânt', 'pamant']	['terra_firma', 'brontitall', 'pământul', 'glob', 'saiyan', 'pământească_îngrijorare', 'potențial_zero', 'globului', 'sol', 'planeta_albastră', 'pamântul', 'lume', 'uscat', 'golgafrincham', 'împământa', 'lumească_îngrijorare', 'dragon_ball', 'uscatul', 'lumea_terestră', 'pamintul', 'împământare', 'earth', 'terestră', 'țară', 'lamuella', 'legare__la_pământ', 'magrathea', 'krikkit', 'pămînt', 'andromeda', 'terra', 'milliways', 'pământ', 'solid_sol', 'ace_combat', 'preocuparelumească', 'pamant', 'pamânt', 'planeta_pământ']
eat	mănâncă	Match	['a_lua_o_masă', 'mâncare', 'a_lua_masa', 'se_roade', 'îngrijora', 'mănânc', 'luamasa', 'roade', 'mănânce', 'hrăni', 'eat', 'frământa', 'mananca', 'dovedi', 'mănâncă', 'mâncat', 'consuma', 'mânca', 'ataca', 'hrănire']
egg	sticluțe	Found close match: ['testicule', 'testicul']	['elipsă', 'egg_elveția', 'interconectare_sisteme_deschise', 'boașe', 'testicule', 'setuptools', 'boașă', 'celulele_ou', 'egg_elveţia', 'modelului_de_referinta_osi', 'ouă_păsări', 'ouă_pește', 'aruncacuouă', 'modelul_osi', 'coi', 'testicular', 'ballock', 'coaie', 'ouă', 'egg', 'ou_de_găină', 'clive_brooks', 'boș', 'eliptice', 'ou_de_celule', 'modelul_isoosi', 'teste', 'oul', 'ovulul', 'pentru_phasmatodea', 'phasmida', 'phasmatodea', 'ovul', 'ou', 'oval', 'producția_de_ouă', 'modelului_osi', 'prostii', 'pentru_phasmida', 'testicul', 'fasmide', 'stiva_osi', 'celulă_sexuală']
eye	ochi	Match	['eye', 'ochiul', 'gaură', 'ochii', 'mugur', 'boboc', 'centrul', 'optic', 'centru', 'the_eye', 'se_uita', 'oculus', 'ochi_uman', 'eye_suffolk', 'ochi', 'privire', 'miez', 'privi', 'oculi', 'eyewall', 'fiziologia_ochiului', 'muguri']
fall	căderea	Found close match: ['cădere', 'scădere', 'cădea']	['descreștere', 'pica', 'coborâre', 'depune', 'descrește', 'nightfall', 'declin', 'regres', 'incumba', 'toamna', 'scădere', 'fall', 'amurg', 'coborâș', 'se_repezi', 'fimoștenit', 'natalia_lesz', 'alunecareînpăcat', 'the_fall', 'împuțina', 'curbei_descendente', 'povârni', 'după', 'declivitate', 'evenfall', 'căderea_nopții', 'așeza', 'reveni', 'se_așterne', 'apărea', 'intra', 'căderea_serii', 'reduce', 'predare', 'se_așeza', 'gloam', 'înnoptare', 'scoborî', 'atribui', 'crepuscul_nautic', 'crepuscul', 'amurgul_astronomic', 'lăsa', 'micșora', 'ieși', 'toamnă', 'căzătură', 'scădea', 'da', 'revărsa', 'cădeaînpăcat', 'cădere', 'cazi', 'așterne', 'capitulare', 'decădere', 'coborî', 'cod_pin', 'înserare', 'cădea', 'venirea_nopții', 'căderea_omului', 'se_lăsa', 'se_pleca']
far	mai	Not found	[]
fat	gras	Match	['țesut_adipos', 'bogat', 'fecund', 'glycerolipid', 'grasime_viscerala', 'țesutadipos', 'lipide', 'osânză', 'supragreutate', 'fat_32', 'adipos', 'echilibrul', 'stypsis', 'grasa', 'grăsimi', 'fat', 'grasă', 'supraponderalitate', 'gras', 'minerality', 'fat32', 'asociația_de_fotbal_din_thailanda', 'îngrășa', 'lipidă', 'astringență', 'adiposis', 'file_allocation_table', 'adipos_țesut', 'grăsime', 'asociaţia_de_fotbal_din_thailanda', 'corpolență', 'lipidice', 'fructe', 'țesutului_gras', 'tabel_de_alocare_a_fișierelor']
father	tatăl	Match	['antreprenoriatul', 'fondator', 'antreprenor', 'străbun', 'antreprenor_in_serie', 'face', 'dumnezeu_tatăl', 'tată', 'begetter', 'părintealbisericii', 'concepe', 'cofondator', 'spiritului_antreprenorial', 'strămoș', 'ctitor', 'tata', 'preot_catolic', 'antreprenoriat', 'tatăldumnezeu', 'zămisli', 'creator', 'father', 'preot_romanocatolic', 'părinte_al_bisericii', 'părinte', 'bărbat_mamă', 'the_gift', 'naș', 'tatăl', 'antreprenoriala', 'întemeietor', 'confident', 'făuritor', 'biserica_tatăl', 'antreprenoriale', 'preot', 'preoții_catolici', 'antreprenori', 'taică', 'procrea']
fear	frica	Match	['frică', 'venera', 'inside_out', 'venerație', 'teamă', 'se_îngrijora', 'respecta', 'întors_pe_dos', 'teme', 'teama', 'se_teme', 'grijă', 'se_neliniști', 'evlavie', 'temerile', 'marillion', 'îngrijorare', 'stima', 'fear', 'preocupare', 'frica', 'spaimă']
feather	coada	Incorrect	['penaj', 'pene', 'se_îmbuca', 'pană', 'tepi', 'filoplume', 'i_dapenele', 'fulg', 'penele', 'penaj_eclipsa']
few	câteva	Found close match: ['câtime']	['cantitate', 'putini', 'câtime', 'măsură', 'mărime', 'cantitatea', 'puține', 'puțini']
fight	lupta	Match	['facepropagandă', 'angajament_militar', 'se_chinui', 'se_război', 'se_bate', 'duceocampanie', 'se_osteni', 'încăierări', 'competitivității', 'se_munci', 'batalie', 'se_forța', 'lupta', 'se_canoni', 'se_zbate', 'luptă_bătaie', 'câmpul_de_luptă', 'se_sili', 'încăierare', 'bătălie', 'luptă', 'bătaie', 'promova', 'se_lupta', 'se_opune', 'se_trudi', 'spiritdeluptă', 'brooke_candy', 'formare_luptă', 'luptăarmată', 'angajament', 'opune', 'se_necăji', 'ținepiept', 'se_sforța', 'armate_luptă', 'se_strădui', 'lupte', 'se_împotrivi', 'se_căzni', 'mecidebox', 'fight']
fingernail	pieptenele	Incorrect	['unghie', 'unghiile', 'unghia', 'unghiedelamână']
fire	incendiul	Found close match: ['incendiu', 'incendii']	['focul', 'arde', 'daafară', 'goni', 'se_descărca', 'împușcare', 'incendiu', 'emerson_lake__palmer', 'izgoni', 'conflagrație', 'atac', 'a_demite', 'ardență', 'heartbreak_on_hold', 'a_concedia', 'pară', 'a_destitui', 'flacără', 'alimenta', 'tragere', 'kelis_was_here', 'incendii', 'înflăcărare', 'fire', 'pasiune', 'emerson_lake_and_palmer', 'alimentacucombustibil', 'anarchy', 'văpaie', 'foc', 'punepefoc', 'alimentacucarburant', 'elibera', 'stârni', 'în_flăcări', 'deschidefocul', 'slobozi', 'pârjol', 'concedia', 'deștepta', 'descărca', 'firejericho', 'fugări', 'ardoare', 'leona_lewis', 'fervidness', 'suscita', 'tina_barrett', 'alunga', 'fervoare', 'lets_cheers_to_this', 'a_revoca']
fish	pești	Match	['popaprostu', 'fish', 'hrană_pentru_pești', 'go_fish', 'pești', 'pește_mic', 'peşti', 'peștișor', 'pisces', 'pterygiophore', 'alevin', 'pește', 'fry', 'pesti', 'fluorescenta_in_hibridizare_situ', 'pesti_pesti', 'caracudă', 'pește_ca_aliment', 'pescui', 'ihtiofaunei', 'phish', 'pește_marin', 'raze_moi', 'elver', 'anatomia_peștilor', 'peşte', 'hibridizarea_fluorescentă_in_situ']
five	cinci	Match	['sugarcult', 'succeeder', '5', 'channel_five', 'învingător', 'micul_phoebe', 'bancnotă_de_cinci', 'un_grup_de_cinci_cărți_de_joc', 'cinci_zile', 'echipa_de_baschet', 'hollywood_undead', 'cinq_survivants', 'five', 'v', 'echipădebaschet', 'realizator', 'cinci', 'câștigător']
float	plutind	Found close match: ['pluti', 'plută', 'plutitor']	['pluti', 'vezica_înotătoare', 'în_virgulă_mobilă_număr', 'free_float', 'bobber', 'îndrepta', 'fipurtat', 'foi_de_stil_în_cascadă', 'plana', 'float_publice', 'lăsasăplutească', 'flotor_publică', 'css', 'netezi', 'plutitor', 'plutesc', 'zbura', 'tencuitor_lui_float', 'vezica_înot', 'în_virgulă_mobilă', 'cascading_style_sheets', 'aritmetica_în_virgulă_mobilă', 'plută', 'virgulă_mobilă', 'float', 'vântura', 'vezica_cu_aer', 'numere_în_virgulă_mobilă', 'car_alegoric', 'vezică_înotătoare', 'float_parada', 'sufla', 'ponton', 'înota_vezicii_urinare', 'număr_în_virgulă_mobilă', 'swimbladder', 'bobfloat', 'dalaapă', 'decompresie_necontrolată', 'caralegoric', 'flotoare', 'fidus', 'decompresie_explozivă', 'beșica_înotătoare', 'bășică_de_aer', 'barca_ponton', 'înghețată_sodă', 'înghețată_float']
flow	debitul	Match	['menstruatiei', 'debitul', 'curgere', 'mers', 'dinamica_fluidelor', 'menstruație', 'hidraulică', 'revărsare', 'curent', 'ciclu', 'debitul_volumetric', 'rețea', 'debit', 'dinamicista_lichid', 'calea_de_sporire', 'rap', 'rapper', 'aveamenstruație', 'debit_volumic_de_curgere', 'rata_de_curgere', 'se_revărsa', 'presiunea_hidraulică', 'inunda', 'flux', 'curs', 'veniciclul', 'young_money_entertainment', 'gravity_recovery_and_interior_laboratory', 'fizica_fluidelor', 'florent_mothe', 'flow', 'catamenia', 'se_așeza', 'manieră', 'fluxul', 'emceeing', 'hidraulic', 'mecanicii_fluidelor', 'protorap', 'curge', 'flux_constant', 'raper', 'mecanica_fluidelor', 'hidraulice', 'muzică_rap', 'rapperul', 'rețea_flux', 'îneca', 'șiroi', 'artist_rap', 'mecanicafluidelor', 'ciclumenstrual', 'cădea', 'menstruaţie', 'hidrodinamice', 'rapperi', 'rapping', 'șuvoi']
flower	flori	Match	['relient_k', 'play', 'gackt', 'flower', 'ceară_epicuticular', 'set_de_fructe', 'tinerețe', 'floarea', 'gackt_camui', 'flori', 'floare', 'florii', 'gackt_kamui', 'înflori', 'eflorescență', 'bambi', 'înflorire', 'florale', 'ceara_epicuticular', 'floricica', 'sezonului_de_crestere', 'mugurii', 'organele_de_inmultire_ale_unei_plante']
fly	zbura	Match	['pluti', 'scăpa', 'naviga', 'muscă', 'muscăartificială', 'diptere', 'înălța', 'trece', 'ciara', 'fluture', 'plana', 'zbor', 'zbura', 'traversaînzbor', 'fluture_accident_vascular_cerebral', 'fermoar', 'muște', 'musca', 'acoperi_foaie', 'momeală', 'diptera', 'vaporiza', 'muste_reale', 'goni', 'treceînzbor', 'înscrie', 'rainfly', 'accident_vascular_cerebral_fluture', 'se_răspândi', 'pilota', 'alerga', 'marca', 'călătoricuavionul', 'the_fly', 'cortfly', 'zboară', 'se_împrăștia', 'fly', 'se_evapora', 'acoperi_fata', 'zboara', 'zbura_mingea', 'evada', 'cort_clapeta', 'fugi', 'dipterans', 'dipter', 'lua']
fog	ceață	Match	['ceaţa', 'ceața', 'buimăceală', 'ceață_motiv', 'obscura', 'încețoșa', 'ceață', 'ceaţă', 'ceată', 'oculta', 'pâclă', 'năuceală', 'ceata', 'zăpăceală', 'obscuritate', '10th_avenue_freakout', 'ascunde', 'negură', 'întuneca', 'fâstâceală']
foot	picioare	Found close match: ['picior', 'piciorul', 'picior_metric']	['mașină_de_cusut', 'fundament', 'infanterist', 'ritm', 'animală_picior', 'merge', 'mollusca', 'labă', 'moluste', 'picior', 'şcotă', 'pes', 'moluște', 'fundație', 'metric_picior', 'nevertebrate_picior', 'piciorul', 'mainsheet', 'infanteriști', 'picioare_metrice', 'mergepejos', 'moluşte', 'mașini_de_cusut', 'suport', 'metric_unitate', 'understructure', 'pada', 'școtă', 'păși', 'încrengătura_moluște', 'bază', 'suporta', 'moluscă', 'membruinferior', 'ghem', 'infanterie', 'temelie', 'mașinădecusut', 'poalele', 'scotă', 'temei', 'substructură', 'maşina_de_cusut', 'laba_piciorului', 'foot', 'picior_metric', 'phylummollusca', 'mașina_de_cusut', 'infanteria', 'ft', 'maşină_de_cusut', 'foaie', 'vremea_foaie', 'uman_picior', 'giulgiu']
forest	pădure	Match	['silvă', 'păduri_de_conifere', 'timberland', 'nottingham_forest_football_club', 'împădurite', 'mulțime', 'împădurită', 'padure', 'copac', 'nottingham_forest', 'păduri', 'forest', 'arbore', 'pădure', 'copac_rădăcini', 'wälder', 'împăduri', 'nottingham_forest_fc', 'pădurea', 'codru']
four	patru	Match	['micul_joe', 'cuaternion', 'șase', 'limita', 'four_este_al_patrulea_viitor_album_al_trupei_englezeirlandeze_de_baieti_one_direction_o_sa_fie_lansat_prin_intermediul_columbia_records_si_prin_syco_music_pe_17_noiembrie_2014', 'tetrada', 'forth', 'câștigător', 'patru_la_fața_locului', 'succeeder', 'tetractys', 'realizator', 'four', 'quaternion', 'patru', 'quatern', '4', 'învingător', 'iv', 'channel_4', 'quaternity', 'planetary', 'quaternions', 'four_isère']
freeze	înghețe	Not found	[]
fruit	fructe	Match	['rodi', 'fruit', 'astringență', 'produs', 'echilibrul', 'stypsis', 'minerality', 'product', 'fructul', 'fruct', 'producție', 'fructe', 'fructele']
full	disponibila	Incorrect	['fullofthemoon', 'maxim', 'săturat', 'fiîncreștere', 'pe_deplin', 'plina', 'larg', 'integral', 'total', 'lunăplină', 'faza_completa_a_lunii', 'bun', 'lună_plină', 'complet', 'cheio', 'maximal', 'full', 'deplin', 'plin', 'sătul', 'plină', 'întreg', 'crește']
give	dă	Match	['nărui', 'contribui', 'divulga', 'sacrifice', 'ține', 'permite', 'trece', 'conferi', 'face', 'faceloc', 'hrăni', 'pet_your_friends', 'spune', 'se_da', 'încredința', 'prezenta', 'întinde', 'dezvălui', 'se_dărui', 'se_închina', 'dați', 'dedica', 'au', 'expune', 'dar', 'furniza', 'stabili', 'produce', 'întâmpla', 'sacrifica', 'dovedi', 'administra', 'alungi', 'arăta', 'ruina', 'convinge', 'ceda', 'se_culca', 'dărui', 'elasticitate', 'se_întinde', 'înmâna', 'plăti', 'cadouri', 'vădi', 'comunica', 'cold', 'prăbuși', 'dă', 'se_devota', 'acorda', 'cadou', 'lăsa', 'da', 'se_dedica', 'aduce', 'dărâma', 'arunca', 'preda', 'așterne', 'prelungi', 'darul_lui_jonas', 'remite', 'exprima', 'se_deforma', 'determina', 'se_consacra', 'oferi', 'the_giver']
good	bună	Found close match: ['bun', 'buna', 'bunătate']	['sigur', 'buna', 'bine', 'potrivit', 'good_music', 'nimerit', 'binele', 'comerțului_bun', 'adevărat', 'intim', 'benefic', 'respectabil', 'produs', 'priceput', 'convenabil', 'expert', 'onorabil', 'good', 'mărfuri', 'valorile_etice', 'bine_și_rău', 'blândețe', 'bun_economic', 'virtuos', 'întreg', 'libellé', 'bun', 'efectiv', 'nestricat', 'salutar', 'plăcut', 'familiar', 'cunoscător', 'minuțios', 'nealterat', 'bunătatea', 'bunătate', 'bunuri', 'valabil', 'valoare']
grass	iarbă	Match	['verde_zeita', 'günter_grass', 'graminoid', 'nothing_can_stop_us', 'grass', 'sens', 'înierba', 'spune', 'graminee', 'familiagramineelor', 'pârî', 'canabis', 'grass_gis', 'eatage', 'familia_poaceae', 'spikelets', 'supergrass', 'sporobolus_caespitosus', 'furaje', 'familia_gramineae', 'skylarking', 'iarba', 'sess', 'gunterwilhelmgrass', 'reclama', 'guntergrass', 'iarbă_de_familie', 'poaceae', 'verdeață', 'familia_graminee', 'denunța', 'iarbă', 'stoner', 'marijuana', 'gramineae', 'ierburi', 'mary_jane', 'gunter_grass', 'gunter_grass_wilhelm', 'maria_ioana', 'günther_grass', 'nutrețverde']
green	verde	Match	['verdeturi', 'superacid', 'galbenverzui', 'ecologice', 'verdejad', 'credul', 'jad_verde', 'grădină', 'culoare_galbenverzuie', 'kelly_verde', 'punerea_suprafață', 'mai_ecologice', 'legume_frunze', 'verzui', 'brunswick_verde', 'de_verde', 'activismul_de_mediu', 'jade', 'râulgreen', 'verdegălbui', 'echilibrul', 'william_green', 'vânătorule_de_verde', 'viridity', 'activist_de_mediu', 'ecologism', 'stypsis', 'pisica_valium', 'culoarea_verde', 'verzuriu', 'protecțiamediului', 'green', 'crud', 'good_shirt', 'galben', 'commons', 'frunze_de_legume', 'chartreuse', 'fluviul_verde', 'verziu', 'verzi', 'anghinare', 'eco_friendly', 'putting_green', 'legume_verzi', 'se_înverzi', 'special_k', 'parc', 'naiv', 'minerality', 'ecologiștii', 'sticlă_verde', 'williamgreen', 'miere_de_ulei', 'vert', 'superc', 'feldgrau', 'verdeață', 'green_river', 'legume_cu_frunze_verzi', 'comun', 'politica_ecologică', 'legume_cu_frunze', 'galben_verde', 'astringență', 'gălbui_verde', 'goodshirt', 'verdețuri', 'smarald', 'mazăre_verde', 'necopt', 'culoare_verde_închis', 'verde', 'ecofriendly', 'fructe', 'mișcarea_verde', 'chetamină', 'conservarea_mediului']
guts	enerveze	Incorrect	['aparatul_digestiv', 'intestinului', 'intestinale', 'suflet', 'gastrointestinale', 'tractului_gastrointestinal', 'bravură', 'viscere', 'măruntaiele', 'tubdigestiv', 'mucoasei_intestinale', 'guts', 'tub_digestiv', 'alimentare_canal', 'tractului_gastrointestinal_superior', 'organele_digestive', 'tractul_gastrointestinal', 'inimă', 'măruntaie', 'lumenul_intestinal', 'digestiv_tractului', 'intestine', 'maț', 'sistemul_gastrointestinal', 'tupeu', 'intestin', 'tractul_digestiv', 'curajului', 'maţe', 'tractul_intestinal', 'digestiv_tub', 'tractul_gastrointestinal_uman', 'curajul', 'moxie', 'burtă', 'curaj', 'tubul_digestiv']
hair	părul	Match	['hairslățimea', 'părul', 'hair', 'par', 'firele_de_păr', 'blană', 'mustață', 'păros', 'parul', 'perișor', 'păr', 'hairsbreadth', 'postav_din_păr_de_animale', 'firdepăr', 'puf', 'păr_uman']
hand	mâna	Match	['mână_de_ajutor', 'custodie', 'drazi', 'mână', 'epitropie', 'încredința', 'întinde', 'pod_jucător', 'carduri', 'scris_de_mână', 'script', 'mâinile', 'protejare', 'angajat_om', 'brakiri', 'alungi', 'joc_de_cărţi', 'mânădeajutor', 'tutelă', 'cărți', 'înmâna', 'dilgar', 'manus', 'jocuri_de_cărți', 'joc_de_cărți', 'aplauze', 'system_of_a_down', 'hand', 'carte_de_joc', 'scriptul', 'cordella', 'mana', 'da', 'preda', 'așterne', 'limbă', 'prelungi', 'remite', 'joc', 'argat', 'mînă', 'manuscris', 'angajat_mână', 'palmă', 'mâna']
he	el	Not found	[]
head	fruntea	Found close match: ['fiînfrunte', 'mintea', 'mergeînfrunte']	['sexoral', 'cap', 'cuvântcentral', 'articol', 'mainsheet', 'mănunchi', 'sex_oral', 'se_face', 'pseudanthium', 'școtă', 'înaintare', 'promontoriu', 'legătură', 'psyche', 'pierderea_capului', 'cap_hidraulic', 'știredeprimapagină', 'nous', 'http', 'conținut_mental', 'învățător', 'mintea_umană', 'capdecitirescriere', 'ziarul_articol', 'articol_de_știri', 'şcotă', 'început', 'craniu', 'top_câine', 'direcționa', 'origina', 'avers', 'izvorprincipal', 'chieftaincy', 'izvor', 'lider', 'subiect', 'psihicului', 'directoarea', 'chieftainship', 'șefdetrib', 'articoldeștiri', 'directoare', 'tribale_șef', 'problemă', 'conduce_poveste', 'capul', 'bos', 'timpan', 'vremea_foaie', 'institutor', 'ghida', 'directorul_școlii', 'dirty_mind', 'conduce', 'decapita', 'fiînfrunte', 'brian_welch', 'titlu', 'mintea', 'vârf', 'citire__scriere_cap', 'ghem', 'proveni', 'scotă', 'rector', 'știrile_poveste', 'căpetenie', 'mergeînfrunte', 'față', 'impas', 'încurcătură', 'hypertext_transfer_protocol', 'giulgiu', 'capăt', 'se_îndrepta', 'head', 'cap_de_profesor', 'psihic', 'minte', 'http11', 'director', 'chestiune', 'șef', 'cârmui', 'conducător', 'membranatobei', 'directorul', 'administra', 'toba', 'șef_de_trib', 'dirija', 'avansare', 'foaie', 'dificultate', 'izvorî', 'fiîncapul']
hear	auzi	Match	['auzit', 'auz', 'descoperi', 'asculta', 'fonetică', 'simțul_auzului', 'ști', 'auditiv_sens', 'auditiv_modalitatea', 'auzul', 'afla', 'auzului_uman', 'audia', 'auzi', 'vedea', 'luaaminte', 'fi_atent']
heart	inima	Match	['afecțiune', 'inima_si_suflet', 'suflet', 'inima_stânga', 'heart', 'esențe', 'supernatural', 'esenţă', 'centrul', 'toană', 'cardiac', 'centru', 'substanță', 'putere', 'philia', 'inimă', 'inimăroșie', 'temperament', 'alexz_johnson', 'esență', 'nittynisipos', 'inima_dreapta', 'mijloc', 'cardiace', 'miez', 'inima_stanga', 'inima_omului', 'cupă', 'cuore', 'dispoziție', 'cord', 'inima', 'afecțiunea', 'nerv', 'mindless_self_indulgence']
heavy	grele	Match	['stat_in_raport_cu_radric_davis', 'grele', 'adânc', 'gravid', 'însărcinat', 'istovitor', 'argilos', 'grei', 'echilibrul', 'grav', 'stypsis', 'team_fortress_2', 'extenuant', 'lutos', 'dens', 'heavycom', 'greu', 'gărzi_de_corp', 'amenințător', 'bodyguard', 'personajnegativ', 'chinuitor', 'sonor', 'epuizant', 'minerality', 'clisos', 'heavy', 'mare', 'astringență', 'gardă_de_corp', 'greoi', 'garda_de_corp', 'profund', 'grea', 'fructe', 'supraponderal']
here	♪	Incorrect	['aici', 'aci', 'hera', 'here', 'încoace']
hit	hit	Match	['loveste', 'bate', 'tușă', 'sosi', 'lovire', 'hīt', 'lovind', 'zvârli', 'se_da', 'lovi', 'se_lăcomi', 'se_izbi', 'bază_pozitiv', 'atac', 'triumf', 'se_ciocni', 'coliziuni', 'reuși', 'trage', 'ajunge', 'înscrie', 'ataca', 'ciocnire', 'izbi', 'marca', 'atinge', 'coliziune', 'lovirea', 'străfulgera', 'nimeri', 'grevă', 'ajunge_la', 'cuprinde', 'lovitură', 'hit', 'asasina', 'succes', 'ucide', 'doză', 'accesare', 'se_lovi', 'reușită', 'omorî', 'lovit']
hold	ține	Match	['strângere_de_mână', 'îndrepta', 'rezerva', 'coadă', 'zona_de_depozitare_a', 'înhățare', 'potoli', 'întârziere', 'înșfăcare', 'țineți', 'reținere', 'marfă_zonă', 'menține', 'timpul_de_întârziere', 'sprijini', 'orienta', 'marfă_de_cală', 'așteptare', 'se_menține', 'stăpânire', 'socoti', 'ambreiaje', 'conține', 'desfide', 'apucare', 'katamewaza', 'pătrundere', 'pricepere', 'sprijine', 'îndatora', 'marfă_pe_punte', 'tempera', 'controla', 'headlock', 'cetate', 'înțelegere', 'avea', 'fideacord', 'mâner', 'întreține', 'cuprinde', 'crede', 'stăvili', 'detenție', 'da', 'depunerea_deține', 'ținepiept', 'puneînașteptare', 'țineînfrâu', 'spune', 'custodia_poliției', 'împiedica', 'merge', 'au', 'reține', 'arest', 'păstra', 'acord', 'obliga', 'rezista', 'model_care_deține', 'duce', 'proteja', 'retinerea', 'opri', 'sfida', 'considera', 'susține', 'ține', 'domoli', 'se_aplica', 'declara', 'capta', 'fortăreață', 'primi', 'celulă', 'cală', 'suporta', 'wrestling_țineți', 'ocupa', 'deține', 'hambar', 'dirija', 'fermata', 'apăra', 'stăpâni']
horn	trompete	Found close match: ['trompetă', 'trompeta', 'trompetist']	['corn_francez', 'corn_de_armonie', 'coarne', 'cornet', 'luaîncoarne', 'trompeta', 'horn_austria', 'cornul', 'antenă_corn', 'trompetă', 'trompetisti', 'trompetist', 'coarne_franceză', 'horn', 'șa_corn', 'cornfrancez', 'corn', 'corn_de_vânătoare', 'vehicul_corn', 'claxon', 'corn_de_biciclete', 'gaienhofen', 'masina_corn', 'corn_de_automobile', 'franceză_corn', 'trompetist_de_jazz', 'motor_de_corn', 'trâmbiță', 'cornul_franceză']
how	înțeleagă	Incorrect	['cum', 'how', 'pronumele_interogative', 'pronumele_interogativ', 'cât', 'pronume_interogativ', 'hands_all_over', 'cuvânt_interogativ']
hunt	vânător	Match	['hăitui', 'leigh_hunt', 'william_henry_hunt', 'dacupușca', 'vânătoare_prepelita', 'vânător', 'vânătoare', 'percheziție', 'vânat', 'vânătoaresportivă', 'vânează', 'richard_morris_hunt', 'hunt', 'richardmorrishunt', 'overhunting', 'leigh_hunt_james_henry', 'hunt_club', 'williamholmanhunt', 'juca', 'jameshenryleighhunt', 'holman_hunt', 'clubdevânătoare', 'căutare', 'devia', 'vânători', 'vânare', 'william_holman_hunt', 'holmanhunt', 'vâna']
husband	soțul	Match	['bărbat_căsătorit', 'mai_bine_jumătate', 'conserva', 'sot', 'căsătorit_persoană', 'păstra', 'bărbat', 'economisi', 'sotul', 'soțul', 'om', 'parteneră', 'partener_de_viață', 'husband', 'consort', 'partener', 'soț', 'soţ', 'gospodar']
i	postez	Not found	[]
ice	gheață	Match	['gheață', 'patinaj', 'motorcuardereinternă', 'glasa', 'în_caz_de_urgență', 'episoade_alias', 'motor_cu_ardere_internă_cu_piston', 'metamfetamina', 'dextromethamphetamine', 'metanfetamină', 'intercityexpress', 'cristal_meth', 'gheaţă', 'ice_la_fox', 'combustie_internă', 'desoxyn', 'motoare_combustie_interna', 'înghețată', 'metamfetamina_clorhidrat', 'gheată', 'meth', 'in_case_of_emergency', 'gheata', 'motoarele_cu_ardere_internă', 'patinoarul', 'emirates', 'intercity_express', 'metamfetamina_cristal', 'motor_cu_combustie_internă', 'ice', 'recoltarea_de_gheață', 'glazură', 'metamfetamină', 'înghețat', 'motorcucombustieinternă', 'metamfetamine', 'c10h15n', 'vehicul_motor_cu_ardere_internă', 'instituto_costarricense_de_electricidad', 'pervitin', 'motoare_termice', 'glazura', 'gheață_artificială', 'shabu', 'methedrine', 'deoxyephedrine', 'gheața', 'ardere_internă', 'patinoar', 'motor_cu_ardere_internă']
if	dacă	Not found	[]
in	în	Not found	[]
kill	ucide	Match	['decedare', 'refuza', 'murit', 'moartea', 'decese', 'bara', 'respinge', 'omoară', 'spulbera', 'ucidere', 'moarte', 'dapegât', 'pieire', 'anihila', 'curma', 'kill', 'omoare', 'punecapăt', 'deces', 'stârpi', 'stingere', 'beapânălafund', 'omor', 'dapestecap', 'asasina', 'uciderea', 'ucide', 'the_kill', 'suprima', 'omorî', 'punerea_la_moarte', 'sucombare', 'dispariție', 'tăia', 'eradica', 'opri']
knee	gleznă	Found close match: ['genu']	['genunche', 'uman_genunchi', 'genunchi_în_comun', 'înăbuși_în_comun', 'grevă_genunchi', 'înăbuși', 'genunchi', 'genunchiul', 'articulația_genul', 'genu']
know	știu	Match	['știu', 'fute', 'facedragoste', 'experimenta', 'noesis', 'cunoştinţă', 'ști', 'accepta', 'cunoaştere', 'cunoastere', 'știre', 'procesele_cognitive', 'avearelațiisexuale', 'se_culca', 'se_iubi', 'cogniție', 'recunoaște', 'cunoștință', 'cunoaștere', 'înțelegere', 'cunoaște', 'face_sex', 'cunoștințe', 'ficunoscut', 'admite', 'cognitive']
lake	lacul	Match	['lac_de_apă_dulce', 'cârmâz', 'lac', 'pigmenți', 'lake', 'lac_natural', 'pigment', 'lacuri', 'iaz', 'carmin', 'lac_temporar', 'lacul', 'lacustru']
laugh	prostesc	Incorrect	['glume', 'poantă', 'razi', 'bancuri', 'râs', 'râset', 'glumeț', 'râzi', 'banc', 'râde', 'glumă', 'rîde', 'rade']
leaf	frunziș	Match	['verso', 'copac', 'midrib', 'frunzărime', 'copac_rădăcini', 'recto', 'marja_de_frunze', 'frunziș', 'pufos', 'pădure', 'crenate', 'răsfoi', 'frunzări', 'aveafrunze', 'teaca_frunze', 'paullinia_pterophylla', 'folio', 'arbore', 'axil', 'frunză', 'adaxial', 'frunză_bazală', 'frunza', 'axilar', 'axil_frunze', 'nissan_leaf', 'față', 'foliare', 'frunze_compuse', 'abaxial', 'foaie', 'recto_și_verso', 'frunze', 'foileta']
left	stânga	Match	['politica_de_stânga', 'stânga_modernă', 'colectivist', 'stângist', 'stanga', 'stânga_politică', 'stânga', 'direcție_relativă', 'stînga', 'stângismul', 'venstre', 'stângă', 'mâna_stângă', 'lastânga', 'politică_de_stânga', 'esquerra_republicana_de_catalunya', 'left_wing', 'mânastângă', 'stâng', 'stângism', 'rămas']
leg	gleznă	Incorrect	['piciordelemn', 'ramnificație', 'cravată_cu_două_picioare', 'picioarele', 'lemn_picior', 'picior_rupt', 'membru_inferior', 'picior', 'piciorul', 'membrelor_inferioare', 'ramură', 'două_picioare', 'fază', 'etapă', 'pegleg', 'anatomia_membrelor_inferioare', 'membruinferior', 'cu_două_picioare', 'creangă', 'gambă', 'picior_uman', 'partea_inferioară_a_piciorului', 'crac', 'cruuri', 'picior_cuier']
lie	delimitează	Incorrect	['minciuna', 'neexactitate', 'staculcat', 'absolute_first_album', 'malpresentation', 'trygve_lie_halvden', 'awake', 'a_se_găsi', 'inexactitate', 'sta_culcat', 'consta', 'prezentație', 'sta', 'fundamenta', 'minți', 'se_baza', 'neadevăr', 'zăcea', 'staîntins', 'falsitatea', 'se_culca', 'a_sta_orizontal', 'a_fi_situat', 'lie', 'poziție', 'se_găsi', 'funda', 'rămâne', 'trygvelie', 'trygve_lie', 'trygvehalvdenlie', 'minciună', 'the_lie', 'se_afla', 'rămâneculcat', 'falsitate', 'spuneminciuni', 'fi', 'a_sta_întins', 'fiîntins']
live	live	Match	['vita', 'experimenta', 'ține', 'se_ține', 'sprinten', 'concert', 'trăiască', 'duceoviață', 'trăiesc', 'concert_live', 'muzică_live', 'activ', 'viață', 'ști', 'built_to_spill', 'jennifer_lópez', 'viata', 'viața', 'a_supraviețui', 'supraviețui', 'concertul', 'viaţă', 'dura', 'concert_de_muzică', 'live_at_the_marquee', 'cunoaște', 'turneu_de_concerte', 'jennifer_lopez', 'jennifer_lynn_lopez', 'trăi', 'live', 'în_viață', 'rem_live', 'simian_mobile_disco', 'locui', 'viețui', 'aveaoviață', 'concerte', 'a_avea_locuință', 'subzista', 'rezista', 'fi', 'direct', 'pigmy_love_circus', 'popula', 'aprins', 'viu', 'viaţa']
liver	rinichiul	Incorrect	['ficat_de_vita', 'ficatul_la_păsări', 'hepatică', 'ficatul', 'locuitor', 'trăitor', 'ficat']
long	lungă	Match	['longa', 'lungă', 'bloody_roar', 'tânji', 'mult_timp', 'districtul_long_thailanda', 'sănătos', 'long', 'william_henry_long', 'jindui', 'lung', 'bun', 'districtul_long_thailand', 'districtul_long', 'petermenlung', 'mult', 'long_somme', 'dori', 'districtul_long_phrae', 'amphoe_long_thailand']
louse	insectivor	Not found	[]
man	omul	Match	['relient_k', 'fecior', 'atanatári', 'metropolitan_area_network', 'mascul', 'lume', 'wen', 'rețea_în_zona_metropolitană', 'ființă', 'maturizarea_sexuală', 'domn_domn_a_lui', 'ființă_umană', 'omenime', 'umană', 'umanitatea', 'iubit', 'se_ocupa', 'ființăumană', 'lacheu', 'bărbați', 'omul', 'rețea_metropolitană', 'man_se', 'ființa_umană', 'homo_sapiens', 'oameni', 'man_ag', 'dunlending', 'militară_om', 'militar', 'ostaș', 'figură', 'homo_sapiens_sapiens', 'pagini_man', 'homo', 'piesă', 'militară', 'ființe_umane', 'rasă_umană', 'isle_of_man', 'omenire', 'maturi_sexual', 'lumea', 'ministerul_apărării', 'orson_welles', 'manfred_gnadinger', 'rasa_umană', 'uman', 'reţea_metropolitană', 'valet', 'valet_de_chambre', 'persoană', 'adult_de_sex_masculin', 'wan', 'cornelis_de_man', 'prieten', 'mapn', 'man_coasta_de_fildeș', 'bărbat', 'ministerul_apărării_naționale', 'pământ', 'man', 'ministerul_apărării_naţionale', 'barbat', 'femeieostaș', 'umanitate', 'om', 'man_coasta_de_fildeş', 'rasăumană', 'insula_man', 'dunlendings', 'speciei_umane']
many	multe	Match	['multe', 'mány_ungaria', 'mulți', 'many', 'comuna_mány', 'multi', 'mány', 'mány_fejér', 'comuna_mány_ungaria', 'comuna_mány_fejér']
meat	carne	Match	['inima_si_suflet', 'esență', 'carne', 'shawn_stasiak', 'carne_procesată', 'substanță', 'nittynisipos', 'esențe', 'știința_de_carne', 'miez', 'carnea', 'esenţă', 'we_will_rock_you']
moon	soarele	Match	['marte', 'lumină_de_lună', 'moon', 'synodic_luni', 'clar_de_lună', 'luni', 'tipul_de_lună', 'razădelună', 'jupiter', 'sun_myung_moon', 'ficucapulînnori', 'lunatie', 'saturn', 'satelit_natural', 'satelit', 'sateliți_naturali', 'lunăsinodică', 'lunaţie', 'pierdelegătura', 'luna', 'lumina_lunii', 'lunație', 'visa', 'lună', 'kyôko_fukada', 'lunii', 'luni_synodic', 'mercur', 'venus', 'lunar_luni', 'pluto', 'luni_draconică', 'soare', 'soarele', 'luminădelună']
mother	mama	Match	['călugăriță', 'earthbound', 'sisters_of_avalon', 'face', 'mother', 'concepe', 'mamapământ', 'maică', 'mamă', 'mireasadomnului', 'monahă', 'monahie', 'mama', 'synchronicity', 'a_chorus_line', 'zămisli', 'călugărița', 'drojdie', 'mama_pământ', 'linia_chorus', 'se_îngrijicaomamă', 'femeiemamă', 'mireasaluidumnezeu', 'gliamumă', 'călugărițe', 'sursădeinspirație', 'pământ', 'mame', 'procrea', 'ana']
mountain	muntele	Match	['sumedenie', 'mulțime', 'munți', 'rotire', 'passel', 'sumă_frumușică', 'muckle', 'buna_afacere', 'grup_montan', 'munte', 'masiv_muntos', 'muntele', 'mickle', 'munţi', 'duium', 'destul_de_un_pic', 'afacere_bună', 'sahtu', '482', 'grămadă', 'mare_afacere', 'mountain', 'potop']
mouth	gurii	Match	['confluență', 'zice', 'periorala', 'backtalk', 'spune', 'cavității_orale', 'atingecugura', 'orală_cavitatea', 'mesteca', 'înapoi_vorbi', 'impertinență', 'cavitate_bucală', 'vorbi', 'gura', 'cavitatea_bucală', 'gură', 'vorbitor', 'nod', 'гурэ', 'cavitate_orală', 'impertinent', 'insolență', 'gurii', 'orală_fisura', 'cavitatebucală', 'sass', 'estuar', 'dadinbarbă', 'vârf', 'vârful', 'gurădevărsare', 'rima_oris', 'labium', 'cavităţii_orale', 'obrăznicie']
name	numele	Match	['locuțiune_substantivală', 'înșirui', 'menționa', 'personalitate', 'aminti', 'desemna', 'nume_propriu', 'spune', 'spunenumele', 'denumire', 'personaj', 'diagnostica', 'înșira', 'numemare', 'locuţiune_substantivală', 'id', 'faimă', 'semnala', 'marcaj', 'denumi', 'hidroxid_de_bor', 'boteza', 'identificatori', 'name', 'nume', 'identifica', 'gintă', 'numepropriu', 'nominală_fraza', 'identificator', 'ginții', 'indica', 'substantive_proprii', 'publică_figura', 'nume_proprii', 'recunoaște', 'numele', 'reputație', 'pomeni', 'pune', 'expresie_substantivală', 'cunoaște', 'renume', 'construcțienominală', 'cita', 'gens', 'nominal', 'învesti', 'substantiv_propriu', 'f_teza', 'alege', 'enumera', 'numi', 'nume_computer']
narrow	îngustă	Match	['strâmt', 'înguste', 'îngust', 'îngustă', 'se_specializa', 'obtuz', 'se_îngusta', 'se_strânge', 'comprima', 'specifica', 'mic', 'se_strâmta', 'strâmtoare', 'restrâns', 'restrânge']
near	apropiere	Found close match: ['aproape', 'apropiat', 'se_apropia']	['aproape', 'apropiat', 'familiar', 'lângă', 'near_shoemaker', 'se_apropia', 'zgâriebrânză', 'intim']
neck	pieptul	Incorrect	['limbădepământ', 'grumaz', 'nixes', 'nixe', 'gât', 'gâtul', 'ceafă', 'gat', 'gât_de_deschidere', 'nuchal', 'se_mângâia', 'se_îmbrățișa']
new	new	Match	['nouă', 'noi', 'proaspăt', 'nou', 'original', 'noua', 'pufan', 'fărăprecedent', 'ultramodern', 'new']
night	noapte	Match	['nyx', 'nótt', 'night', 'miez_de_noapte', 'nox', 'мезул_нопций', 'întunecime', 'nott', 'albastru_de_miezul_nopții', 'noaptea', 'întuneric', 'eliewiesel', 'eliezer_wiesel', 'noapte', 'seară', 'somn', 'wiesel', 'înserare', 'elie_wiesel', 'mijloc_de_noapte', 'pe_timp_de_noapte', 'miezul_nopții']
nose	nasul	Match	['și_înfrânge', 'lungime_de_nas', 'și_învinge', 'duza', 'aromatice', 'mireasmă', 'nasul', 'ștuț', 'și_depăși', 'aroma', 'aromă', 'aromat', 'parfum', 'olfactiv_organe', 'și_birui', 'mirosi', 'fragrancy', 'cavitatea_nazală', 'nas', 'nasul_uman', 'gore', 'frecanasurile', 'organolfactiv', 'duze', 'buchet', 'nasul_extern', 'nas_uman', 'arome', 'adulmeca', 'bot', 'datârcoale', 'simți', 'nasu', 'miros_plăcut', 'palmă', 'răzbi']
not	dacă	Incorrect	['poarta_logica', 'porți_logice', 'negație_logică', 'logica_poarta', 'poartălogică', 'nu', 'and', 'logica_discret', 'poartă_logică', 'negație', 'negare']
old	vechi	Match	['old_baranya', 'veche', 'comuna_old', 'old', 'old_ungaria', 'vechi', 'comuna_old_baranya', 'comuna_old_ungaria', 'fost', 'odinioară', 'bătrâne', 'vechime', 'bătrân']
one	cele	Incorrect	['una', 'vampire_weekend', 'planetshakers', 'one', 'inegalabil', 'incomparabil', 'câștigător', '1', 'succeeder', 'neasemănat', 'as', 'tuplu', 'neîntrecut', 'realizator', 'neegalabil', 'necomparabil', 'unitar', 'sextuplă', 'unul', 'armin_van_buuren', 'tupluri', 'supposed_former_infatuation_junkie', 'the_one', 'vertical_man', 'inconfundabil', 'învingător', 'unu', 'unitate', 'identitatea_multiplicativ', 'ntuplu', 'уну', 'neasemuit']
other	alte	Match	['deosebit', 'special', 'alt', 'alte', 'alți', 'altele']
play	juca	Match	['rând', 'play', 'mânuirea_sabiei', 'se_juca', 'pâlpâit', 'bătaiedejoc', 'frâuliber', 'android_market', 'dramă', 'executa', 'mânui', 'stageplay', 'paria', 'face', 'reacție', 'sclipire', 'cânta', 'joaca', 'jocuri', 'dramatică_joc', 'gratuit_frâu', 'punerămășag', 'folosire', 'google_play_store', 'pâlpâire', 'zbenguială', 'pâlpâitură', 'scrieredramatică', 'jocul', 'drame', 'au', 'bisa', 'teatru', 'întâlni', 'dramaturgie', 'haz', 'manevrare', 'piese_de_teatru', 'perioada_de_joc', 'produce', 'jocdenoroc', 'hârjoneală', 'jocuri_de_noroc', 'recul', 'se_distra', 'google_play', 'joaca_perioadă', 'piesă', 'joc_de_noroc', 'intona', 'piesă_de_teatru', 'joacă', 'țâșni', 'se_amuza', 'manevră', 'trăi', 'sări', 'jocdecărți', 'juca', 'hârjoană', 'faceprinsoare', 'zbengui', 'lucraredramatică', 'pariuri', 'viețui', 'miza', 'pâlpâială', 'tactică', 'aduce', 'luaînderâdere', 'operădramatică', 'play_store', 'circulație', 'mișcare', 'joc', 'piesa_de_teatru', 'lărgime', 'se_recrea', 'interpreta']
pull	manevrează	Incorrect	['înfrâna', 'struni', 'forță', 'ține', 'domoli', 'scoate', 'sprijin', 'săvârși', 'jumuli', 'spinteca', 'sfâșia', 'scurt_picior', 'pull', 'trage', 'atrage', 'puf', 'sucire', 'ochire_picior', 'a_atrage', 'trăgând', 'tras', 'antrena', 'comite', 'mâner', 'bataie', 'efortsusținut', 'suprasolicita', 'susținere', 'matura_inversă', 'rupe', 'rama', 'batsmen', 'lua', 'extrage']
push	balanseze	Incorrect	['push', 'butonul', 'facepropagandă', 'apăsare', 'împingere', 'împingând', 'stivă', 'puttichai_kasetsin', 'duceocampanie', 'îndemna', 'energie', 'getupandgo', 'confessions_on_a_dance_floor', 'apăsa', 'îmboldi', 'promova', 'se_lupta', 'se_urni', 'impuls', 'black_and_white_america', 'înaintare', 'spiritîntreprinzător', 'împinge', 'stack', 'buton_de_comandă', 'apăsaînainte', 'vinde', 'brâncire', 'buton', 'se_strădui', 'facereclamă', 'apăsaînfață', 'se_apropia', 'precious', 'impinge']
rain	ploaie	Match	['in_blue', 'heavy_rain', 'plouă', 'john_colton', 'ploile', 'apa_de_ploaie', 'precipitații', 'pelting', 'ploaia', 'furtuna_ploaie', 'ploi', 'ploua', 'ploaie', 'rain_lu', 'rain']
red	roșie	Found close match: ['roșii', 'roșu']	['partidului_bolșevic', 'after_school', 'bolshie', 'roşu', 'bolsevic', 'red', 'cârmâziu', 'roșii', 'rubiniu', 'bolșevism', 'pierdere', 'bolșevici', 'comunist', 'carmin', 'deficit', 'bolşevici', 'roșu', 'angry_birds', 'red_river', 'umflat', 'îmbujorat', 'bolșevic', 'marxist', 'bolşevic', 'stacojiu', 'angry_birds_blast', 'rosu', 'anil_kapoor', 'bolșevismului', 'day__age', 'bolşevism', 'roșu_de_cerneală']
right	stângul	Found close match: ['stângaci']	['înbunăstare', 'lipsit_de_etică', 'stângaci', 'fix', 'dreptaci', 'îndreptățire', 'dreptate', 'mâna_dreaptă', 'îndrepta', 'bine', 'potrivit', 'reacționar', 'corectă', 'etice', 'dreptlegal', 'nimerit', 'dreapta_extremă', 'mână', 'așa', 'filosofia_morală', 'dreapta_politică', 'legitimitatea', 'drepturi_inalienabile', 'etica', 'justificare', 'se_rectifica', 'chiar', 'dreaptă', 'drepturile_fizice_și_juridice', 'politică_de_dreapta', 'rightism', 'inalienabil', 'partedreaptă', 'dreapta_doctrină_politică', 'young_americans', 'etic', 'drepturi_fizice_și_juridice', 'etică', 'direcție_relativă', 'stangaci', 'corect_și_greșit', 'filosof_moral', 'dreptul_legal', 'drepturi', 'privilegiu', 'drept_inalienabil', 'trebui', 'mână_dreaptă', 'corecta', 'exact', 'corect', 'bun', 'politica_de_dreapta', 'aripădreaptă', 'se_corija', 'drept', 'imediat', 'dreptul', 'drept_legal', 'în_mod_corespunzător', 'teoria_etică', 'neutralitate', 'se_corecta', 'da', 'just', 'standarde_etice', 'de_dreapta', 'se_redresa', 'în_mod_corect', 'direct', 'dreapta', 'drepturi_naturale', 'morală', 'legitimitate', 'sistem_etic', 'îndată', 'se_îndrepta', 'extremădreaptă']
river	râul	Match	['curs_de_apa_temporar', 'râu', 'curs_de_apa', 'parau', 'river', 'rauri', 'potok', 'curs_de_apă', 'riveran', 'curs', 'watermark', 'matcă', 'râuri', 'ape_curgătoare', 'râul', 'fluviu', 'ruisseau', 'vad', 'pârâu', 'apă_curgătoare', 'sestao_river_club', 'albie', 'riurile']
road	drum	Match	['construcția_de_drumuri', 'the_road', 'drum', 'causeways', 'new', 'șosea', 'rutieră_joc', 'road', 'drumul', 'oaspeți_joc', 'cale']
root	rădăcină	Match	['nota_root', 'centru_tonal', 'firele_de_păr', 'copac', 'se_stabili', 'rădăcină', 'se_înrădăcina', 'râma', 'tulpina', 'păr', 'copac_rădăcini', 'radical', 'radacina', 'poziția_de_rădăcină', 'intervalul_muzical', 'konoha', 'antecedent', 'strămoș', 'pădure', 'superuser', 'început', 'părul', 'coardă_tonic', 'acces_root', 'blană', 'înrădăcinare', 'se_statornici', '0', 'arbore', 'dinte_rădăcină', 'tonic', 'se_trage', 'interval', 'prinderădăcini', 'a_origina', 'utilizatorul_root', 'se_așeza', 'rădăcini_adventive', 'stem', 'sursa', 'scurma', 'obârșie', 'se_instala', 'funcția_radical', 'tipuri_de_radacini', 'superutilizator', 'planta', 'rădăcina_cuvântului', 'proveni', 'sursă', 'predecesor', 'păr_uman', 'antecedentul', 'origine', 'rădăcini', 'zero', 'rădăcina', 'răsădi', 'operații_cu_radicali', 'interval_muzical', 'ascendentul', 'păros', 'ascendent', 'rădăcina_pătrată', 'etimonul', 'intervale_muzicale', 'root', 'etimon']
rope	parâmă	Incorrect	['coarda', 'r2', 'uitamă_de_droguri', 'prindeculasoul', 'sfoară', 'ropemaker', 'rophy', 'frânghie', 'funie', 'roofy', 'mexican_valium', 'rope']
rotten	rotten	Loanword	['șubred', 'putrezit', 'putredă', 'nasol', 'putred']
round	semifinalei	Incorrect	['rând', 'reprizădeaplauze', 'o_singură_lovitură', 'ropotdeaplauze', 'finisa', 'pugilistică', 'boxului', 'luptător_premiu', 'cifră_semnificativă', 'bareknuckle', 'unitate_de_muniție', 'cele_mai_importante_cifre', 'prizefighting', 'runda', 'carcasa', 'ciclu', 'cerc', 'se_împlini', 'patron', 'se_rotunji', 'carcasa_coajă', 'box', 'echilibrul', 'lupta_premiu', 'vizită', 'stypsis', 'circulare', 'runda_de_golf', 'rundă', 'pugilist', 'cartuş', 'ataca', 'rotunji', 'precizie_aritmetică', 'zi_cu_zi_a_rundă', 'luaîngreutate', 'circular', 'activitatedezicuzi', 'round', 'minerality', 'cifra_cea_mai_semnificativă', 'rotundă', 'semnificativă_cifră', 'runda_de_băuturi', 'rond', 'asalta', 'astringență', 'se_îngrășa', 'încărcător', 'rotunde', 'cifre_semnificative', 'pugilism', 'cartuș', 'șlefui', 'labializa', 'fructe', 'rotund', 'pugilat']
rub	murdăria	Incorrect	['șterge', 'piedică', 'rublă_rusească', 'rubla_rusa', 'impas', 'scărpina', 'rublă_rusă', 'rubla_rusească', 'terminologie_wrestling', 'ștergere', 'freacă', 'rubla_rusă', 'freca', 'ruble_rusești', 'frecuș', 'mânca', 'hop']
salt	sare	Match	['nacl', 'salinitate', 'salt', 'însufleți', 'clorurădesodiu', 'săruri', 'sarea', 'salt_i', 'sare_de_sodiu', 'cheryl_james', 'henry_salt', 'sărat', 'sare', 'solniță', 'tratativele_pentru_limitarea_armelor_strategice_salt', 'sărăriță', 'sare_de_masă', 'sare_comună', 'săra', 'strategice_limitarea_înarmării_convorbiri', 'saltcellar', 'gustsărat', 'salt_ii', 'sare_ionic', 'strategic_arms_limitation_talks', 'dasavoare', 'amar', 'saltnpepa', 'sare_de_potasiu', 'sare_de_bucătărie', 'clorură_de_sodiu', 'pivniță_de_sare', 'producția_de_sare', 'presăra', 'anima']
sand	nisip	Match	['amandine_lucille_aurore_dupin_baroană_de_dudevant', 'georges_sand', 'suflet', 'nisip', 'șmirghelui', 'nisipul', 'amandine_aurore_dupin_lucie', 'schönenbergkübelberg', 'comuna_sand_ungaria', 'comuna_sand_zala', 'amandineauroreluciedupin', 'schonenbergkubelberg', 'comuna_sand', 'sand_ungaria', 'baroneasa_dudevant', 'sand_rogaland', 'george_sand', 'inimă', 'sand_zala', 'sand_basrhin', 'nisipiu', 'sand_am_main', 'amandine_lucie_aurore_dupin_de_francneil', 'georgesand', 'sand', 'sabla', 'moxie', 'burtă', 'curaj']
say	spuneai	Found close match: ['spune', 'spun', 'presupune']	['porunci', 'zice', 'se_citi', 'articula', 'spune', 'ordona', 'cuvânt', 'declara', 'jeanbaptiste_say', 'say', 'presupune', 'say_niger', 'arăta', 'rosti', 'in_blue', 'thomas_say', 'spunecuvocetare', 'comunica', 'spun', 'pronunța', 'afirma', 'osakis', 'admite']
scratch	stearga	Found close match: ['start']	['crestătură', 'scârțâit', 'răzui', 'indurație', 'leziuni_ale_pielii', 'zgâria', 'zgarieturi', 'dermatoze', 'para', 'semn', 'simoleons', 'gologan', 'scârțâitură', 'tăietură', 'leziunilor_cutanate', 'cicatrice', 'leziune_a_pielii', 'rade', 'handicap', 'mâzgălire', 'bornă', 'pustule', 'dinero', 'handicap_de_golf', 'gelt', 'afecțiune_a_pielii', 'lichenificare', 'scârțâială', 'liniedeplecare', 'uruială', 'mălai', 'linia_zero', 'îndoitură', 'chior', 'abraziune', 'înscrie', 'incizie', 'mânca', 'moluște_comestibile', 'urluială', 'inscripționa', 'macule', 'boli_de_piele', 'linia_de_start', 'sicli', 'ochiul_dracului', 'vezicula', 'cacography', 'zgârierea', 'zgârietură', 'contramanda', 'excoriații', 'hoge', 'mâzgăli', 'grava', 'marcă', 'punebanpeban', 'peter_gabriel', 'scoici', 'rating_curs', 'start', 'scratch', 'scărpina', 'tăia']
sea	mării	Incorrect	['oceane', 'oceanul_global', 'oceanul_mondial', 'mare', 'hulă', 'sea', 'maria_lunar', 'ocean', 'oc_planetar', 'oceanul_planetar', 'marea', 'oceanul', 'iapă_lunar', 'mediul_marin', 'mare_lunară', 'ocean_planetar']
see	linkurile	Incorrect	['descoperi', 'însoți', 'aveaorelație', 'vizuală_percepția', 'avea_grijă', 'trece', 'a_vedea', 'scopolaminei', 'vedere', 'hioscină', 'percepția_vizuală', 'văz', 'hioscina', 'văd', 'scopolamina', 'a_se_ocupa_de', 'verifica', 'întrevedea', 'socoti', 'tâlcui', 'primi', 'închipui', 'arhiepiscopală_a_se_vedea', 'ști', 'conduce', 'realiza', 'afla', 'se_ocupa', 'viziona', 'asigura', 'întâlni', 'auzi', 'consulta', 'tycho', 'petrece', 'cerceta', 'scaunul_episcopal', 'se_uita', 'a_întâlni', 'sesiza', 'văzul', 'găsi', 'se_asigura', 'controla', 'vizualiza', 'percepție_vizuală', 'vizita', 'imagina', 'înfățișa', 'reprezenta', 'studia', 'da_peste', 'înțelege', 'percepțievizuală', 'tălmăci', 'văzând', 'trăi', 'simțul_văzului', 'pricepe', 'se_vedea', 'privi', 'see', 'scopolamină', 'prevedea', 'vedea', 'vezi', 'aveagrijă', 'examina', 'interpreta', 'considera']
seed	text_qf	Incorrect	['semăna', 'semifinale', 'turneu_de_eliminare_singur', 'seminal_lichid', 'sămînţă', 'singur_turneu_de_eliminare', 'sămânţă', 'sublime', 'exclama', 'sperma', 'sferturi_de_finala', 'semință', 'material_seminal', 'semințe', 'izvor', 'simplă_eliminare', 'sfert_de_finala', 'însămânța', 'semifinală', 'seeded_jucător', 'dasămânță', 'sursa', 'semifinalist', 'valoare_inițială', 'planta', 'lichidul_seminal', 'sursă', 'spermă', 'lichidseminal', 'santi', 'veni', 'ultimul_trimestru', 'sămînță', 'seed', 'final_fantasy_viii', 'semifinala', 'sămânță']
sew	cusut	Match	['stitchery', 'cusute', 'coase', 'cusut', 'coasere', 'cusătură']
sharp	ascuțite	Found close match: ['ascuțit', 'iscusit', 'acut']	['clar', 'precis', 'rapid', 'abil', 'sharp', 'incisiv', 'tăios', 'prăpăstios', 'penetrant', 'fin', 'abrupt', 'skinheads_against_racial_prejudice', 'accelerat', 'sharp_corporation', 'acut', 'iscusit', 'brusc', 'strident', 'adaven', 'ascuțit', 'pătrunzător', 'isteț', 'diez']
short	scurtă	Match	['scurt_subiect', 'poziție_scurtă', 'shortstop', 'filme_de_scurt_metraj', 'scurt_de_vânzare', 'scurtcircuit', 'shortselling', 'pantaloni_scurți_animate', 'înșelalarest', 'scurtă', 'uituc', 'vânzareînabsență', 'prinsurprindere', 'scurtă_oprire', 'scurt', 'scurtcircuitarea', 'deodată', 'film_de_scurt_metraj', 'prăpăstios', 'short', 'scurte', 'pitic', 'abrupt', 'repede', 'subiecte_scurte', 'mic', 'instantaneu', 'insuficient', 'scurt_metraj', 'scurtmetraj', 'scurtcircuita', 'brusc', 'scurta_oprire', 'scurt_vânzare', 'subit', 'scurt_circuit', 'scurta', 'vânzareshort', 'scurt_circuit__electric', 'shortstops', 'vânzarea_în_lipsă', 'film_scurt', 'film_de_scurtmetraj', 'scund', 'fărăviziune']
sing	cântă	Match	['vocalisti', 'armonie_vocala', 'cântat', 'turna', 'cântând', 'cânta', 'voce_curate', 'luagurapedinainte', 'cântăreți', 'cântă', 'voce_de_sex_feminin', 'ciripi', 'trăncăni', 'leisure', 'intona', 'vocalizând', 'șuiera', 'cântăreț', 'sing', 'cânte', 'voce', 'canta', 'cântare']
sit	canapea	Not found	[]
skin	pielii	Found close match: ['pieliță', 'piele', 'pielea']	['circuite', 'day_for_night', 'almost_human', 'zgâria', 'coajă', 'decoji', 'pluginuri', 'ray_of_light', 'se_cățăra', 'placădecircuit', 'supernatural', 'burduf', 'tegument', 'circuit_imprimat', 'skin', 'cablaj_imprimat', 'placă', 'azil_de_nebuni', 'blană', 'piele', 'blender', 'pielea', 'mentale_instituție', 'cu_posibilitatea_de_personalizare', 'coji', 'printed_circuit_board', 'spitalul_de_psihiatrie', 'rudenie_aboriginal_australian', 'addin', 'se_răni', 'cutanate', 'coaja', 'jupui', 'mentale_spital', 'circuit_carte', 'pieliță', 'placa_de_circuit_imprimat', 'dermă', 'insert', 'ospiciu', 'tegumentului', 'fațetă', 'mentale_acasă', 'r_kelly', 'înveliș', 'celulelor_pielii', 'adaugain', 'plugin', 'pcb', 'planul_de_alimentare']
sky	cerul	Match	['sky_airlines', 'heterosphere', 'aer', 'văzduh', 'cerul_planetar', 'atmosfera_terestră', 'cerulean', 'cer', 'atmosfera_terrei', 'cerul', 'firmament', 'atmosfera_pamantului', 'atmosfera_terestra', 'credo', 'sky', 'stacey_king', 'azur', 'boltăcerească', 'lazuline', 'чер', 'albastru_ca_cerul', 'team_sky', 'atmosfera_pământului', 'winx', 'safir', 'winx_club', 'boltă', 'albastru', 'thatgamecompany']
sleep	somn	Match	['lovitură_de_grație', 'hipersomnie', 'odihnăveșnică', 'veșnică_odihnă', 'somndeveci', 'stare_de_repaus', 'the_black_parade', 'veșnică_somn', 'culca', 'sopor', 'modul_de_a_º_teptare', 'odihni', 'odihnă', 'adormit', 'dormi', 'somn', 'repaus_hibrid', 'hibernare', 'sleep']
small	mici	Match	['mică', 'small', 'john_kunkel_small', 'umil', 'limitat', 'scăzut', 'modest', 'minimalizat', 'lombare', 'mic', 'mici', 'mărginit', 'măsurămică', 'neînsemnat', 'redus', 'micii', 'fin']
smell	mirosul	Match	['mirosiurât', 'inodor', 'perceperea_mirosului', 'simțul_mirosului', 'mireasmă', 'olfactiv_proprietate', 'puți', 'olfactiv_senzație', 'miros_neplăcut', 'olfaction', 'hidroxid_de_bor', 'mirosul', 'olfactiv', 'mirosi', 'mirositor', 'presimți', 'duhni', 'ton', 'olfacție', 'spiritul', 'olfactiv_modalitatea', 'olfactiv_percepția', 'sistemului_olfactiv_accesoriu', 'miroase', 'miros', 'sentimentul', 'atmosferă', 'simți']
smoke	fum	Match	['verde_zeita', 'tutun', 'bombă', 'fumători', 'sens', 'fumuriu', 'fumega', 'țigarete', 'tabac', 'fuma', 'fastball', 'consumul_de_tutun', 'fumător', 'fum', 'fumegară', 'ţigară', 'chiștoc', 'sess', 'nicotiana', 'yin_yang_yo', 'cigaret', 'sicriul_unghiilor', 'șut', 'efect_magnetooptic_kerr', 'scoatefum', 'verdeață', 'fumat', 'iarbă', 'tutunul', 'rulou_de_tutun', 'magnetooptic_kerr_efect', 'plante_de_tutun', 'țigări', 'țigaretă', 'afumate', 'mary_jane', 'ţigaretă', 'fumătoare', 'muc', 'maria_ioana', 'smoke', 'țigară']
smooth	lamelele	Incorrect	['buna', 'abil', 'calm', 'netezi', 'smooth', 'domol', 'echilibrul', 'netede', 'fățuit', 'stypsis', 'legato', 'fin', 'neted', 'subtil', 'liniștit', 'minerality', 'fățuială', 'drept', 'lină', 'fățuire', 'gerald_albright', 'astringență', 'lustrui', 'netedă', 'lin', 'fructe', 'netezire']
snake	peștișorul	Incorrect	['sarpele', 'ah1_cobra', 'șerpe', 'solid_snake', 'șarpe', 'râul_snake', 'codul_gray', 'șerpi', 'snake', 'şarpe', 'şerpi', 'hydra', 'sarpe', 'snake_river', 'şerpe', 'serpentes', 'ophidian', 'cod_gray', 'ofidian', 'bell_ah1_huey_cobra', 'râulsnake', 'snake_jailbird', 'serpi', 'hidra', 'pericol_ascuns']
snow	zăpadă	Match	['albivoriu', 'cpsnow', 'cădere_de_zăpadă', 'nea', 'charlespercysnow', 'snow', 'ivoriu', 'zăpada', 'aruncaprafînochi', 'a_ninge', 'omăt', 'stratul_de_zăpadă', 'fildeșiu', 'fildeș', 'tragepesfoară', 'nas_bomboane', 'ninge', 'ninsoare', 'zăpadă', 'offalb', 'baron_de_zăpadă_de_leicester', 'zapada', 'ffmpeg', 'ducedenas', 'baronsnowofleicester', 'alburiu', 'c_p_zăpadă', 'charles_percy_zăpadă']
some	unele	Match	['mai_mult_sau_puțin', 'cam', 'unele', 'aproape', 'vreo', 'unii', 'sau_cam_asa_ceva', 'ceva', 'circa', 'aproximativ']
spit	limanul	Incorrect	['salivă', 'ponegri', 'saliva', 'punepegrătar', 'expectoratie', 'spit', 'proțap', 'rotisor', 'limbădepământ', 'ieșindalțărmului', 'scuipat', 'scuipă', 'scuipat_de_nisip', 'scuipătură', 'ocărî', 'defăima', 'scuipa', 'punepefrigare', 'limbă', 'picura', 'frigare']
split	separase	Found close match: ['separare', 'separa', 'separație']	['heterozigozitate', 'divide', 'heterozigot', 'fracționat', 'răspândi', 'spagat', 'homozigozitate', 'split_splitdalmația', 'separare', 'divizat', 'stoc_divizat', 'scinda', 'birds_of_prey', 'fracționa', 'risipi', 'heterozigoți', 'zigozitatea', 'spinteca', 'izbucni', 'split', 'frângere', '(12512)_split', 'hemizygous', 'sparge', 'sfâșietură', 'split_croatia', 'scindat', 'fracționare', 'separație', 'rupere', 'spargere', 'diferențiere', 'fragmentat', 'fandare', 'scindare', 'despica', 'dezvolta', 'homozigote', 'spintecare', 'despărți', 'șpagat', 'împărțit', 'secționa', 'sticlădejumătate', 'diviza', 'homozigotă', 'sfâșiere', 'divizare', 'homozigotism', 'separa', 'heterozigoției', 'sticlămică', 'ruptură', 'împarte', 'homozigozității', 'split_croația', 'despărțit', 'subdivizare', 'desface', 'împărți', 'parte', 'homozigońii', 'împrăștia', '12512_split']
squeeze	spare	Found close match: ['stoarce']	['apropia_degetele', 'stoarce', 'turti', 'jocdeputere', 'face', 'forța', 'sili', 'gagic', 'strânge', 'restrângere', 'criză_de_lichiditate', 'ciupi', 'îmbrățișare', 'zugzwang', 'strivi', 'se_îmbrățișa', 'pișca', 'zdrobi', 'contracta', 'răsucire', 'se_strecura', 'criza_de_lichiditate', 'constrânge', 'stoarcere', 'îmbrățișa', 'îngrămădire', 'squeeze', 'îmbrățișarea', 'obliga', 'criza_creditelor', 'extorca', 'strânsoare', 'înghesuire', 'îndesa']
stab	rănească	Incorrect	['vârî', 'râvnă', 'înjunghia', 'înjunghia_corn', 'înjunghiere', 'scream_2', 'împunge', 'cuțit_împingere', 'străpunge', 'spasm', 'zel', 'împlânta', 'junghi', 'crampă', 'îmboldi', 'a_da_o_lovitură_de_cuțit', 'înjunghie', 'tăia', 'înfige']
stand	cușcă	Incorrect	['ridica', 'în_aer_liber_etapă', 'escală', 'răbda', 'se_menținepepoziție', 'fundament', 'se_situa', 'punct', 'rezistență', 'măsuță', 'chioșcdeziare', 'plantație_de_cauciuc', 'livezi', 'vânzări_cabina', 'puneînpicioare', 'tribună', 'plantație_de_bumbac', 'livadă', 'plantație', 'stație', 'unghi', 'locaș', 'raft', 'păți', 'rămâneneclintit', 'sta', 'estradă', 'plantaţie', 'punctdevedere', 'pomet', 'livada_de_fructe', 'soclu', 'podium', 'trage', 'opoziție', 'fibundeprăsilă', 'plantație_de_cafea', 'chioșc', 'suport', 'stea', 'tolera', 'woodlet', 'staînpicioare', 'pâlc', 'postament', 'virus_mortal', 'piedestal', 'se_pune', 'punct_de_vedere', 'bază', 'îndura', 'suporta', 'se_așeza', 'oprire', 'se_găsi', 'avea', 'rămâne', 'punctul', 'împotrivire', 'the_stand', 'perspectivă', 'susan_ashton', 'stau', 'îngădui', 'plantații_de_zahăr', 'sta_în_picioare', 'parteneriat', 'suferi', 'rezista', 'stagnare', 'livada', 'stand', 'orchardist', 'lua']
star	star	Match	['geniu', 'bâzâit', 'steluță', 'topologie_stea', 'celebrități', 'stele', 'estelle', 'mavin', 'încearcă', 'gudron', 'vedetă', 'ilean_almaguer', 'stelele', 'vedetădecinema', 'chefal', 'principal', 'erou', 'puneasterisc', 'hotel_de_cinci_stele', 'personalitate_tv', 'as', 'actor_principal', 'adept', 'poligon_stele', 'stea', 'superstar', 'targz', 'vedeta', 'maven', 'wiz', 'asterisc', 'prim', 'celebritate', 'celebru_persoană', 'steluţa', 'rating_stele', 'virtuoz', 'cap_de_afis', 'personalitate_massmedia', 'popstar', 'star', 'xerox_star', 'the_rise_and_fall_of_ziggy_stardust_and_the_spiders_from_mars', 'jucaînrolprincipal', 'personajprincipal', 'star_de_cinema', 'steaua', 'steadecinema', 'expertule', 'protagonist', 'matrice_boston', 'părtaș', 'stea_de_cinema', 'tar']
stick	prindeți	Found close match: ['se_prinde']	['joystick', 'se_bloca', 'piciorong', 'converti', 'se_ține', 'marijuana_țigară', 'găuri', 'reefer', 'transmisiestandard', 'billy_clubului', 'adera', 'fixa', 'manșă', 'perfora', 'nedumeri', 'sta', 'joystickuri', 'joint', 'fimulat', 'înțepeni', 'standard_de_transmitere', 'billystick', 'se_prinde', 'băț', 'billy_club', 'transport_standard', 'bastondecauciuc', 'baston', 'fialături', 'schimbare_stick', 'stick', 'puneînîncurcătură', 'stick_de_control', 'stick_shift', 'înfunda', 'stickul', 'schimbator_scurt', 'american_standard_code_for_information_interchange', 'se_lipi', 'schimbare_băț', 'rămâne', 'nuia', 'comună', 'codul_american_standard_pentru_schimbul_de_informații', 'sincronizata', 'ascii', 'spliff', 'clapstick', 'creangă', 'înfige', 'vargă', 'stickul_de_control', 'baston_de_poliție', 'lipi', 'vârî', 'joystickul', 'împlânta', 'bastonul', 'toiag', 'lăsaperplex', 'americanstandardcodeforinformationinterchange', 'bastoane']
stone	piatră	Match	['grigranit', 'piatrăprețioasă', 'lucystone', 'pietre', 'oliver_stone', 'nestemată', 'edwarddurellstone', 'sâmbure', 'harlan_f_piatra', 'lapida', 'semipretioase_piatra', 'isidorfeinsteinstone', 'pietre_preţioase', 'picul', 'clasificarea_rocilor', 'pietre_prețioase', 'endocarp', 'piatrăcioplită', 'giuvaier', 'gemă', 'piatra', 'edward_durell_piatra', 'piatră_prețioasă', 'harlan_piatra', 'stone_staffordshire', 'rocă', 'pietre_pretioase', 'pietre_semipretioase', 'oliverstone', 'nestemate', 'lucy_stone', 'semipretioase', 'piatră_semiprețioasă', 'roci', 'piatră', 'isidor_feinstein_piatra', 'stâncă', 'stone', 'stană', 'i_f_piatra', 'harlan_fiske_stone', 'bijuterii', 'pietre_scumpe', 'rock', 'piatră_preţioasă', 'harlan_fisk_piatra', 'harlanfiskestone']
straight	rostru	Incorrect	['heterosexualitate', 'aranjat', 'heterosexualism', 'succesiv', 'heterosexuali_persoană', 'heterosexuală', 'lins', 'franc', 'cinstit', 'fest', 'normal', 'dreaptă', 'heterosexual', 'drept_persoană', 'bățos', 'hetero', 'întins', 'desfăcut', 'deschis', 'larând', 'drepte', 'neted', 'sec', 'direct_acasă', 'liniedreaptă', 'sincer', 'heterosexuali', 'corect', 'curat', 'drept', 'heterosexualitatea', 'imediat', 'persoanăheterosexuală', 'consecutiv', 'onest', 'cruce', 'neocolit', 'fățiș', 'direct', 'desfășurat']
suck	umfle	Incorrect	['sugere', 'o_luasus', 'sug', 'luamuie', 'supt', 'alăpta', 'trage', 'suge', 'atrage', 'absorbi', 'înghiți', 'aspirație']
sun	soarele	Match	['sun_kwon', 'faceplajă', 'sun', 'marte', 'fix_stele', 'utu', 'radiaţia_solară', 'lumina_soarelui', 'spectrul_solar', 'expunelasoare', 'seon', 'jupiter', 'cun', 'luminasoarelui', 'sun_microsystems', 'the_new_york_sun', 'utug', 'radiația_solară', 'ziua_domnului', 'steaua_fixă', 'radiație_solară', 'shamash', 'duminica', 'spectrului_solar', 'însori', 'mercur', 'sunhwa_kwon', 'stelele_fixe', 'lumina', 'sori', 'sun_television', 'soarele', 'venus', 'razădesoare', 'radiaţie_solară', 'duminică', 'luna', 'soare', 'the_sun', 'dominicus']
swell	umflătură	Incorrect	['dandi', 'se_umfla', 'rufe', 'umfla', 'swell', 'val', 'dandism', 'dandysmul', 'dandy', 'filfizon', 'mișto', 'magnapop', 'se_intensifica', 'valuri', 'crestless_val', 'hulă', 'tare', 'dude', 'se_îngâmfa', 'se_infatua', 'izvorî', 'se_îmfumura']
swim	înoată	Match	['pluti', 'inot', 'înot', 'natație', 'locomoție_acvatică', 'fiamețit', 'locomoție_acvatice', 'ray_of_light', 'înoată', 'înot_competitiv', 'fimachit', 'înota', 'înot_sportiv', 'înotat']
tail	coadă	Match	['shadower', 'pajură', 'urmări', 'bataie_comandă', 'pupă', 'ordinea_bataie', 'prat', 'apical', 'tailender', 'vâna', 'contralateral', 'pupa', 'coadă', 'tail', 'dorsoventral', 'sfârșit', 'ipsilateral', 'fund', 'listă', 'keister', 'bazale', 'ventrolateral', 'posteriorul', 'tush', 'coadaend', 'plantara', 'cur', 'proximal', 'chifle', 'poponeț', 'șezut', 'caudal', 'coada', 'spate_final', 'liniei_medioclaviculare', 'regiunea_fesieră', 'dos', 'schemădejoc', 'laterală', 'popou', 'termeni_pentru_localizarea_anatomică', 'aboral', 'coadaender', 'după_ce_o_fracțiune', 'fese', 'ciută_final', 'ventral', 'posterior', 'ampenaj', 'dorsolateral', 'caudală', 'a_urmări', 'ban', 'în_spatele', 'ceea_ce_privește_anatomice_ale_locul_de_amplasare', 'fugi', 'tooshie', 'coada_de_asamblare', 'fesă']
that	că	Match	['that', 'thaat', 'asta', 'că', 'aia']
there	există	Incorrect	['încolo', 'acolo']
they	dar	Incorrect	['lor', 'xenon', 'they', 'au', 'xe', 'ei', 'ele', 'numărul_atomic_54']
thick	groase	Match	['neclar', 'nedeslușit', 'îndesat', 'des', 'grosime', 'groasă', 'mijloc', 'pretenar', 'căpos', 'gros', 'dens', 'tenebros', 'compact', 'groase', 'prietenar']
thin	fibroasă	Incorrect	['slăbi', 'se_îndoi', 'îngust', 'subtire', 'mic', 'se_dilua', 'slab', 'rar', 'se_lungi', 'se_subția', 'subțire', 'subția']
think	cred	Match	['procesul_de_gândire', 'think', 'aplicare', 'cugeta', 'aminti', 'cred', 'socoti', 'gândirea', 'chibzui', 'decerebrare', 'rațiune', 'fidepărere', 'ști', 'intenționa', 'și_imagina', 'vrea', 'opina', 'meditare', 'presupune', 'cred_că', 'indica', 'imagina', 'imaginez', 'raționa', 'gândi', 'gândurile', 'aveadegând', 'meditație', 'gândire', 'crede', 'amintesc', 'cugetare', 'și_închipui', 'gândiți', 'nu', 'gandeste', 'și_aminti', 'semnifica', 'se_gândi', 'intenționează', 'considera']
this	respectivul	Incorrect	['aceasta', 'asta', 'this', 'this_ardennes', 'thinis']
three	patru	Incorrect	['prong', 'iii', 'santana_iii', 'seventeen_seconds', 'bob_sinclar', 'câștigător', '3', 'deuceace', 'succeeder', 'trigon', 'realizator', 'terzetto', 'three', 'treiar', 'trei', 'tv3', 'terțet', 'ternar', 'ternion', 'învingător', 'croaziera']
throw	aruncare	Match	['se_debarasa', 'porni', 'scăpa', 'instrumente_de_alamă', 'azvârli', 'ține', 'se_azvârli', 'se_descotorosi', 'zvârli', 'răcni', 'zbiera', 'cursei_de_compresiune', 'zvârlire', 'trimite', 'pasă', 'accident_vascular_cerebral', 'aprinde', 'dadrumul', 'exprimate', 'se_repezi', 'zăpăci', 'tragere', 'au', 'arunca_jonglerie', 'tulbura', 'aruncare', 'instrument_de_suflat_din_alamă', 'proiecta', 'cursei_de_evacuare', 'cam_accident_vascular_cerebral', 'se_dezbăra', 'instrument_de_alamă', 'năuci', 'cuvertură', 'alamă_instrument', 'alămuri', 'da', 'urla', 'arunca', 'alamă', 'se_arunca', 'se_zvârli', 'joc', 'aruncă', 'azvârlire']
tie	manșa	Incorrect	['conectării', 'cravata', 'filegat', 'facelegătura', 'fereca', 'conecta', 'înnoda', 'împerechea', 'faceegal', 'asociere', 'terminalaegalitate', 'împreuna', 'uni', 'traversă', 'afiliație', 'egalitate', 'stabiliolegatură', 'legato', 'cravată_gât', 'stabili', 'cravată_fascicul', 'cravate', 'cravată', 'lega', 'crosstie', 'legătură', 'cravată_gară', 'asocia', 'asociație', 'leaga', 'încătușa', 'cravatăin', 'afiliere', 'sfoară', 'înlănțui', 'cununa', 'gară_cravată', 'traverse_de_cale_ferată']
tongue	flexiunea	Incorrect	['vorbă', 'lingua', 'limbii', 'glossolalia', 'limba', 'glosolalia', 'lengua', 'limbă_naturală', 'vorbirea_în_limbi', 'limbaj_natural', 'vorbire', 'limbădepământ', 'glosolalie', 'ieșindalțărmului', 'carne_de_vită_limba', 'tongue', 'linge', 'limbi_naturale', 'glossa', 'limbă', 'limbaj']
tooth	mandibulă	Incorrect	['dintele', 'dinte_uman', 'dinți', 'dinte', 'dinti', 'dinte_omenesc', 'colț']
tree	copac	Match	['sir_herbert_beerbohm_copac', 'puiet', 'copac', 'teorema_lui_kruskal_copac', 'tree', 'copac_rădăcini', 'charlotte_brontë', 'nod_intern', 'sirherbertbeerbohmtree', 'pădure', 'copaci', 'copac_sacru', 'nodul_copil', 'nod_interior', 'arbore', 'arborele', 'nodul_rădăcină', 'subarbore', 'încolți', 'diagrama_arbore', 'băgalacolț', 'lemn', 'pom', 'nod_părinte', 'nod_frunză', 'copacul', 'nodul_părinte', 'herbert_beerbohm_tree', 'charlotte_bronte']
turn	iar	Found close match: ['virare', 'ara']	['rând', 'coti', 'rândul_său', 'bine_rândul_său', 'învârtitură', 'tur', 'decorație', 'întoarcere', 'se_roti', 'răsuci', 'face', 'acciaccatura', 'apogiatură', 'piruetă', 'serviciu', 'mecanica_de_joc', 'rotire', 'mecanică_de_joc', 'se_transforma', 'curbură', 'se_schimba', 'schimb', 'înfloritură', 'dacolțul', 'se_învârti', 'turn_rotund', 'o_lua', 'preface', 'turn', 'se_înăcri', 'virare', 'luxa', 'scrânti', 'se_face', 'se_acri', 'reveni', 'schimbaculoarea', 'număr', 'volta', 'suci', 'perigon', 'rândul_său_de_evenimente', 'tură', 'strunji', 'se_întoarce', 'elemente_decorative', 'vira', 'cotitură', 'devenit', 'terminologie_wrestling', 'deveni', 'ornament', 'cresc', 'faceapel', 'răsucire', 'se_preface', 'rulaj', 'runda_unghi', 'appoggiatura', 'decorațiune', 'ornamentarea', 'învârti', 'ornament_muzical', 'podoabă', 'fermenta', 'se_duce', 'da', 'întoarce', 'trigonometrie_rațională', 'se_modifica', 'întorsătură', 'răsturna', 'cotire', 'ara', 'împlini', 'se_oțeti', 'punct_de_victorie', 'cifrădeafaceri', 'modifica', 'se_îndrepta', 'strâmba']
two	două	Match	['orteză', 'succeeder', 'two', 'învingător', 'doi', 'al_iilea', 'doua', '2', 'două', 'realizator', 'câștigător']
vomit	înghite	Incorrect	['barf', 'regurgitare', 'voma', 'vomitiv', 'vărsături', 'vărsa', 'disgorgement', 'borî', 'vomare', 'vomitus', 'vomita', 'vomă', 'emetic', 'vomitare', 'nauseant', 'vărsare', 'vomită', 'emeză']
walk	plimbă	Found close match: ['plimba', 'plimbare', 'se_plimba']	['drum', 'plimbare', 'o_duce', 'plimbarepejos', 'mers', 'plimba', 'călcătură', 'graf', 'face', 'ordine', 'carieră', 'merge', 'conduce', 'se_plimba', 'modul_de_mers_pe_jos', 'pas', 'walk', 'nod_de_graf', 'bază_pe_bile', 'mergepejos', 'străbate', 'parcurge', 'pârtie', 'pasarelă', 'luaaer', 'deplasare', 'mersul_pe_jos', 'promenadă', 'margine', 'paseo', 'grafic_simplu', 'grafic', 'mers_cal', 'fi', 'glosar_de_teoria_grafurilor', 'graf_neorientat', 'drumînviață']
warm	călduroasă	Found close match: ['călduros']	['călduros', 'calde', 'cald', 'ardent', 'focos', 'excitabil', 'încălzi', 'afectuos', 'caldă', 'înflăcărat', 'înfierbânta', 'tandru', 'atent', 'pasional']
wash	spălând	Found close match: ['spăl', 'spăla', 'spălat']	['firmăcuprofitzero', 'jilăvi', 'buried', 'eliminare', 'se_spăla', 'uda', 'arroyo', 'spoială', 'acoperi', 'the_wash', 'albieseacă', 'washables', 'erodare', 'suflu', 'rufă', 'umezi', 'a_spăla', 'spăl', 'se_curăța', 'spală_desen', 'spălătorie_chinez', 'wash', 'uscat_se_spală', 'spălat', 'curent_de_aer', 'unearthed', 'eroziune', 'spală', 'spala', 'purtătoare', 'suflulelicei', 'spăla', 'acuarelă', 'rufărie', 'spălătoreasă', 'lost_dogs', 'scanare', 'spălare', 'scălda', 'spălătorie']
water	apei	Found close match: ['ape', 'vapori']	['gheață', 'ciuguli', 'pişat', 'sistem_de_apă_municipale', 'corpuri_de_apă', 'resurselor_de_apă', 'water', 'gheaţă', 'h2o', 'апэ', 'înger_de_praf', 'pipi', 'apă_industrială', 'abur', 'vapori_de_apă', 'alimentare_cu_apă', 'fenciclidină', 'resurse_de_apă', 'weewee', 'mase_de__apă', 'apă_lichidă', 'vapori', 'moleculă_de_apă', 'fenciclidină_clorhidrat', 'quoin', 'blood_red_shoes', 'distribuția_apei_potabile', 'colț', 'rezervor_de_apă', 'resursele_de_apă', 'quoins', 'ape', 'recoltarea_de_gheață', 'apa', 'deseurile_de_azot', 'h₂o', 'corp_de_apă', 'urină', 'iriga', 'adăpa', 'lăcrima', 'vaporideapă', 'apă', 'aprovizionare_cu_apă', 'se_înlăcrima', 'aprovizionarea_cu_apă', 'gheața', 'urina', 'gard_meniurile']
we	descurajăm	Not found	[]
wet	umed	Match	['jilăvi', 'uda', 'umed', 'umedă', 'turmentat', 'ud', 'udă', 'înger_de_praf', 'beatmort', 'fenciclidină', 'fenciclidină_clorhidrat', 'umezi', 'umecta', 'înmuia', 'wet', 'beatcriță', 'umezeală', 'ude', 'western_european_time', 'ora_europei_occidentale', 'umiditate']
what	altcumva	Incorrect	['ce']
when	când	Match	['cand', 'când', 'diamonds_for_breakfast']
where	unde	Match	['unde', 'încotro']
white	albe	Match	['albivoriu', 'robert_pelé', 'albă', 'steven_robert_pelé', 'patrickvictormartindalewhite', 'oamenii_albi', 'alb_cursă', 'steven_pele', 'rasa_caucaziană', 'rasa_europoidă', 't_h_white', 'ten', 'andrewdicksonwhite', 'alte_rase', 'white', 'înălbi', 'negru', 'tonul_pielii', 'albi', 'albuș_de_ou', 'frumos', 'ebwhite', 'steven_robert_pele', 'white_airways', 'rasa_albă', 'alb_persoană', 'ovalbumină', 'palid', 'blanc', 'caucazian_cursă', 'caucasoid', 'caucazian', 'albeață', 'trei_culori_alb', 'ivoriu', 'pigmentare_a_pielii', 'e_b_alb', 'elwyn_brooks_alb', 'culoarea_pielii', 'cărunt', 'culoarea_pielii_umane', 'rasa_europeană', 'albuș', 'albit', 'whiteriver', 'pal', 'pieris', 'fildeșiu', 'andrew_d_alb', 'din_asia', 'oameni_albi', 'patrickwhite', 'stanford_white', 'elwynbrookswhite', 'albe', 'fildeș', 'aldin', 'andrew_dickson_white', 'andrewdwhite', 'caucazieni', 'hispanic', 'planeswalker', 'offalb', 'patrick_victor_martindale_alb', 'albii', 'albușuri_de_ou', 'patrick_white', 'ovalbumina', 'latino', 'trois_couleurs_blanc', 'edward_douglas_white_jr', 'albitate', 'albiciune', 'rasa_eurasiatică', 'theodore_harold_alb', 'white_river', 'caucasoid_cursă', 'edward_d_alb', 'alb', 'steven_pelé', 'alburiu', 'edward_white', 'încărunțit', 'e_b_white']
who	care	Match	['jim_neidhart', 'cine', 'world_health_organization', 'who', 'organizaţia_mondială_a_sănătăţii', 'the_who', 'care', 'organizația_mondială_a_sănătății', 'oms']
wide	largă	Match	['lat', 'mare', 'extins', 'cuprinzător', 'ratat', 'largă', 'depărtat', 'căscat', 'zgâit', 'imprecis', 'întins', 'holbat', 'vast', 'sporit', 'atotcuprinzător', 'razna', 'larg']
wife	soția	Match	['nevasta', 'nevastă', 'femeie_căsătorită', 'soţie', 'sotie', 'soţia', 'neveste', 'soție', 'soția']
wind	vânt	Match	['ridica', 'wiatr', 'întoarcere', 'pont', 'wind_river_systems', 'răsuci', 'prinde', 'vant', 'vântul', 'vânt', 'aer', 'rupere_vânt', 'suflător', 'văzduh', 'akeboshi', 'wind_hellas', 'cuvinte_inactiv', 'curba', 'fixa', 'malarky', 'sălta', 'suflare', 'instrumente_de_suflat', 'vantul', 'urca', 'farting', 'pârț', 'instrumentdesuflat', 'membru_potenţial', 'suflu', 'client_potențial', 'înfășura', 'mirosi', 'șerpui', 'răsuflare', 'informații_confidențiale', 'undă', 'rafale_de_vânt', 'curent_de_aer', 'vorbărie', 'adiere', 'dinamica_atmosferei', 'vorbegoale', 'băși', 'clopot', 'instrument_de_suflat', 'bobinaj', 'lichidare', 'bobina_electromagnetica', 'adulmeca', 'malarkey', 'gaz', 'wind', 'facemeandre', 'simți', 'flatus']
wing	aripă	Match	['pluti', 'aripaavionului', 'flyjumătate', 'spoiler', 'anexă', 'afara_scenei', 'hindwing', 'eleron', 'plana', 'a_propunerii_înainte', 'zbura', 'zbor_insecte', 'annexe', 'flyhalf', 'pazaforward', 'poziții_de_joc_la_rugby_în_xiii', 'culisă', 'adiacente', 'interior_centru', 'aripă_de_treisferturi', 'primele_cinciopt', 'mijlocaș', 'poziție_de_joc_la_rugby_în_xv', 'swingman', 'aripa', 'regimentdeaviație', 'roata_precum', 'aripioară', 'manevră_de_însoțire', 'gone_again', 'în_culise', 'aripă', 'planere', 'wing', 'flanc']
wipe	distruge	Not found	[]
with	cu	Match	['cu']
woman	femeie	Match	['femeiedeserviciu', 'curățare_doamnă', 'sex_feminin', 'femelă', 'charlady', 'woman', 'muiere', 'klaatu', 'cameristă', 'partefemeiască', 'femeia', 'adult_de_sex_feminin', 'servitoare', 'femei', 'femela', 'nancy_benoit', 'echitabil_sex', 'curățare_femeie', 'femeie', 'slujnică', 'harry_styles', 'doamnă']
worm	viermele	Match	['murdărie_mingea', 'viermele', 'răsuci', 'loază', 'worm', 'viermii', 'viermi', 'pocket_tanks', 'vierme', 'contorsiona', 'nimeni', 'nimic', 'suci']
year	anului	Found close match: ['anul', 'ani']	['leat', 'anul', 'promoție', 'timpîndelungat', 'ma', 'anastronomic', 'epocă', 'an_solar', 'anplanetar', 'solară_ani', 'an_terestru', 'lungă_de_timp', 'astronomic_ani', 'anul_tropical', 'an_astronomic', 'an_tropic', 'anomalistic_ani', 'ani', 'anul_solar', 'ansolar', 'equinoctial_ani', 'anul_gregorian', 'lungă_perioadă_de_timp', 'an', 'anul_tropical_mediu', 'serie', 'annum', 'eră', 'veșnicie', 'douăsprezece_luni', 'tropicale_ani']
yellow	galben	Match	['îngălbenit', 'mișel', 'hwang_ho', 'huanho', 'blond', 'îngălbeni', 'blondă', 'gălbenatic', 'păr_blond', 'gălbeneală', 'galben', 'gălbui', 'sperios', 'fluviul_galben', 'eiko_shimamiya', 'fricos', 'huanghe', 'yellow', 'huang_he', 'gălbiu', 'zebrahead', 'hong_jinho', 'galbenă', 'fluviulgalben', 'gălbeniu', 'blonda', 'laș']
you	♪	Incorrect	['lurgee', 'the_mail_on_sunday', 'no_control', 'thou', 'i_cant', 'prove_yourself', 'amy_lee', 'ai', 'thinking_about_you', 'te', 'you', 'vegetable', 'al_tău_a_ta_ai_tăi_ale_tale', 'how_do_you', 'monster', 'janne_da_arc', 'pablo_honey', 'tu', 'fly', 'the_real_testament']
