all	όλες	Match	['όλα', 'καθολικό_ποσοδείκτη', 'εντελώς', 'καθολική_κλείσιμο', 'όλα_μαζί', 'όλοι', 'εξ_ολοκλήρου', 'οξεία_λεμφοβλαστική_λευχαιμία', 'all', 'συνολικά', 'καθολική_παύση', 'καθολική_ποσοτικοποίηση', 'όλες', 'οξεία_λεμφοκυτταρική_λευχαιμία', 'ολα']
and	και	Match	['και', 'λογικό_συνδυασμό', 'λογική_πύλη', 'λογικές_πύλες', 'armed_and_dangerous', 'διακριτά_λογική', 'λογικό_και']
animal	ζώα	Match	['ζώα', 'animal', 'μακροπανίδα', 'wasp', 'animalia', 'πανίσκη', 'επιφύτων', 'φυτού', 'βενθική_πανίδα', 'ζώο', 'epifaunal', 'επίβενθος_πανίδα', 'μακροπανίδας', 'πανίδα', 'κίνηση_είναι', 'πλάσμα', 'μεσοπανίδα', 'υπόβενθος_πανίδα', 'far_east_movement', 'αναπαραγωγή_των_ζώων', 'πανίς', 'μετάζωα', 'ζωικό_βασίλειο', 'μικροπανίδα', 'reality_check']
ashes	αποτεφρώθηκαν	Incorrect	['στάχτες', 'post_mortem', 'τέφρα', 'στάχτη', 'ashes']
at	λίγο	Not found	[]
back	ξαναβγεί	Incorrect	['κείμαι', 'κέντρο_πίσω', 'βιβλιοδεσία', 'tighthead_στήριγμα', 'στέλεχος', 'σπονδύλων', 'αριστερό_πίσω', 'back', 'πίσω_πλευρά', 'κέντροπίσω', '백', 'οπισθοχωρώ', 'μύγαμισό', 'πίσω', 'αριστερό_μπακ', 'σπονδυλική_στήλη', 'εσωτερικό_κέντρο', 'έξω_από_το_κέντρο', 'flyhalf', 'η_πλάτη_του_καθίσματος', 'πισω', 'εγκρίνει', 'κάνω_πίσω', 'αμυντικός', 'στήλης', 'πλάτη', 'δεξί_μπακ', 'μισό_κέντρο', 'σπόνδυλος', 'πρώτα_πέντεόγδοο', 'ῥάχις', 'σπονδυλικής_στήλης', 'ραχοκοκαλιά', 'πίσω_μέρος']
bad	κακή	Match	['bad_world_tour', 'χαλασμένος', 'big_audio_dynamite', 'bcl2συναφείς_προαγωγό_θανάτου', 'κακία', 'royce_da_59', 'κακή', 'κακό', 'άσχημος', 'αλλοιωμένος', 'bad', 'κακός', 'bad_25']
bark	άοσμα	Found close match: ['γάβγισμα']	['περιδέρμιο', 'φλοιό', 'bark', 'il2_sturmovik', 'υλακή', 'γαβγίζω', 'ilyushin_il2', 'μιλώ_δυνατά_και_άγρια', 'γάβγισμα', 'αλύχτημα', 'φλοιού', 'φλοιός', 'φλούδα', 'μυοδρόμωνας', 'μπάρκο']
because	επειδή	Match	['because', 'γιατί', 'εξαιτίας', 'διότι', 'επειδή']
belly	κοιλιά	Match	['κοιλιακούς', 'κοιλιά', 'belly', 'προκοίλι', 'μπέλι', 'στομάχι', 'ανθρώπινης_κοιλιακή_χώρα']
big	μεγάλε	Found close match: ['μεγάλο', 'μεγάλη', 'μεγάλα']	['bjarke_ingels_group', 'ευμεγέθης', 'δυνατός', 'μεγάλα', 'big', 'ισορροπία', 'μεγαλόψυχος', 'stypsis', 'μεγάλο', 'μεγάλος', 'ξηρό', 'μπιγκ', 'ενήλικος', 'περίοπτος', 'άσχημος', 'κακός', 'σώμα', 'norm_nixon', 'μεγάλη', 'μεταλλικότητα']
bird	πτηνό	Match	['ευθυμία_μπρονξ', 'γιούχα', 'πτηνό', 'μπέμπα', 'mikuni_shimokawa', 'το_δάχτυλο', 'yardbird_parker', 'christopher_charles_parker', 'aves', 'πτηνά', 'avafauna', 'δάχτυλο', 'μωρό', 'τσάρλι_πάρκερ', 'φουστάνι', 'charlie_parker', 'ορνιθοπανίδα', 'bird_parker', 'bird', 'κωλοδάχτυλο', 'κοροϊδεύω', 'πουλί', 'razzing', 'υπηρέτρια', 'boo', 'πουλερικό', 'φτερό', 'πουλιά', 'μπερντ']
bite	τσίμπημα	Match	['δαγκώματα', 'δαγκωματιά', 'διειδικών_τκυττάρων_εμπλέκτης', 'δάγκωμα', 'πικάντικη', 'τσίμπημα', 'δαγκώματα_και_τσιμπήματα_εντόμων', 'δάγκωσε', 'δαγκώσει', 'chomp', 'κολατσιό', 'το_δάγκωμα', 'δάκνω', 'πικάντικο', 'μονάδα_υποστήριξης', 'steven_hassan', 'δαγκάνω', 'δαγκώνω', 'τσίμπημα_εντόμου', 'οξύτητα', 'πρόχειρο_φαγητό']
black	μαύρο	Match	['απόχρωση', 'επιστήμη_χρώμα', 'χρῶμα', 'μαυρο', 'μαύρο_άνδρα', 'απόλυτο_σκοτάδι', 'μαυρίλα_αγωνιστικό_χώρο', 'μαύρο_αφρικής', 'οι_μαύρες_γυναίκες', 'μαύρη_γυναίκα', 'νεγροειδής', 'τζόζεφ_μπλακ', 'final_fight_3', 'μαύρη', 'black', 'αισχυντηλός', 'χρήστηςιβόννηπρόχειροσίρλεϊ_τεμπλ', 'σίρλεϊ_τεμπλ', 'λευκό', 'blackamoor', 'μελανώδες', 'shirley_temple', 'λατίνος', 'σκέτος', 'μαύρο_άνθρωπος', 'νέγρα', 'lightlessness', 'negroids', 'μαύρη_κοινότητα', 'shirley_temple_μαύρο', 'ισπανικός', 'νέγρος', 'final_fight', 'αισχρός', 'taio_cruz', 'κακόβουλος', 'μαύρο_πρόσωπο', 'νέγρους', 'σίρλεϊ_τέμπλ', 'planeswalker', 'μαύρα', 'χρώματα', 'negro', 'kari_kimmel', 'έρεβος', 'αφρικανικής_καταγωγής', 'μαύρος', 'ελεεινός', 'αφρικάνος', 'χρῶμα_χρώς', 'χρωματισμός', 'μαύρο', 'χρώμα', 'joseph_black', 'άλλες_φυλές']
blood	αίμα	Match	['μπορντό_κρασί', 'blood', 'κρασί_bordeaux', 'κρασί_μπορντώ', 'γενετικής_κληρονομιάς', 'rakehell', 'εξώλης', 'καταγωγή', 'αίμα', 'κληρονομικότητα', 'κληρονομική', 'vs', 'bloodline', 'μπορντό', 'persistence_of_time', 'collective_soul', 'οξυγονωμένο_αίμα', 'γραμμή_του_αίματος', 'the_black_parade', 'ανθρώπινο_αίμα', 'βιολογικής_κληρονομιάς', 'αιματολογικές', 'getting_away_with_murder', 'πρόγονοι']
blow	χτύπημα	Match	['φυσάω', 'χαραμίζω', 'παρασύρω', 'πρόσκρουση', 'κάνω_άτεχνα', 'κομπάζω', 'σπαταλώ', 'ριπή', 'παίζω', 'τα_κάνω_μούσκεμα', 'μύτη_καραμέλα', 'χτύπημα', 'πλήγμα', 'ἄημι', 'αχρηστεύω', 'συμπαρασύρω', 'καυχιέμαι', 'υπερηφανεύομαι', 'φυσηξιά', 'φύσημα', 'τα_θαλασσώνω', 'εκτελώ_αδέξια', 'φυσώ', 'ρίχνω_λεφτά', 'σοκ', 'blow', 'κοκορεύομαι', 'κορδώνομαι', 'οπισθοδρόμηση']
bone	οστών	Found close match: ['οστούν', 'οστό', 'οστά']	['κόκκαλο', 'οστά', 'κόκαλα', 'οστίτη_ιστού', 'def_jam_recordings', 'κόκαλο', 'οστό', 'οστική', 'υπόλευκο', 'bone', 'οστούν', 'ελεφαντόδοντο']
breast	στήθους	Found close match: ['στήθος']	['θώρακα', 'καρκίνο_του_μαστού', 'θώραξ', 'στέρνο', 'αναρριχώμαι', 'θώρακας', 'προτομή', 'pectus', 'θηλαία_άλως', 'βυζιά', 'άλως_μαστού', 'καρκίνος_του_μαστού', 'μπούστο', 'καρκινώματος_μαστού', 'βυζί', 'ρόγα', 'the_breast', 'μαστός', 'στήθος', 'καρκίνος_του_στήθους', 'θωρακική', 'φτάνω_στην_κορυφή', 'λευκό_κρέας']
breathe	αναπνέει	Not found	[]
burn	καίγοντας	Found close match: ['καίγομαι']	['καυτηριάζω', 'δεύτερου_βαθμού_έγκαυμα', 'fc_dallas', 'ρέματα', 'κάψει', 'κάψε', 'διακοπτόμενο_ρεύμα', 'φωτιά', 'καίγομαι', 'μαύρισμα', 'burn', 'ρέμα', 'πυρά', 'κοίτη', 'φλόγα', 'ρεύμα', 'κάψιμο', 'φκ_ντάλας', 'έγκαυμα', 'εγκαύματα_τρίτου_βαθμού', 'καίω', 'κάψει_το_σήμα', 'ροή', 'απανθρακώνω', 'αποτεφρώνω', 'εγκαύματα', 'ντάλας_μπερν', 'ruisseau', 'υδάτινη_διαδρομή', 'καύσος', 'φλεγόμενος', 'δευτέρου_βαθμού_έγκαυμα', 'ερύθημα_solare', 'υδάτινη_οδός', 'πυρκαγιές', 'καταστρέφω', 'μαύρισμα_από_ήλιο', 'καύση', 'τρίτου_βαθμού_έγκαυμα']
child	παιδί	Match	['παιδιά', 'κόρες', 'παιδί', 'παιδι', 'παις', 'τέκνο', 'θυγατέρα', 'προεφηβικά', 'κόρη', 'μαθητές', 'μωρός', 'ψαράκι', 'lenfant', 'μωρό', 'ανήλικος']
cloud	νέφος	Match	['σχηματισμό_νεφών', 'σμήνος', 'δημόσιο_νέφος', 'υπηρεσία_cloud', 'σύννεφα', 'cloud_strife', 'σμήνος_εντόμων', 'εξάπλωση', 'cloud', 'νέφος', 'νέφη', 'σύννεφο', 'υπολογιστικό_νέφος', 'σκεπάζω', 'κρύβω', 'kiba', 'cloud_computing', 'υποδομή_ως_υπηρεσία', 'cloudbased', 'καλύπτω']
cold	ψυχρό	Found close match: ['ψυχρός', 'ψυχρή']	['οξεία_ρινοφαρυγγίτιδα', 'ψύχος', 'κρύος', 'froid', 'ψυχρός', 'κρυολογήματα', 'nicole_scherzinger', 'νικόλ_σέρζινγκερ', 'cold', 'ψυχρή', 'χρόνια_αποφρακτική_πνευμονοπάθεια', 'κρύο', 'ρινοφαρυγγίτιδα', 'χαμηλή_θερμοκρασία', 'κρυολόγημα', 'craig_david', 'κρύα', 'κοινό_κρυολόγημα']
come	έρθουν	Incorrect	['cum', 'έρθει', 'φθάνω', 'φτάνω', 'διατίθεμαι', 'χύσι', 'σπερματικό_υγρό', 'αναφωνώ', 'χτυπήσει', 'έρχονται', 'εκσπερμάτωση', 'ελα', 'υγρό_εκσπερμάτωσης', 'χτύπησε', 'έλα', 'έρχομαι', 'φτάσει', 'κάνει', 'αθροίζω', 'γίνομαι', 'σπέρμα', 'come', 'χύνω']
correct	σωστή	Match	['αποκαθιστώ', 'σωστό', 'σωστά', 'διορθώσει', 'ρυθμίζω', 'επανορθώνω', 'σωστός', 'διορθώνω', 'δίκιο', 'σωστή']
count	κόμης	Match	['βαραίνω', 'απαρίθμηση', 'μετράω', 'αριθμώ', 'μετρώ', 'απαριθμώ', 'ἀπογραφή', 'συγκαταριθμώ', 'earldom', 'κατάλογος', 'countship', 'jarl', 'earls', 'ο_κόμης_μοντεχρήστος', 'κόμης', 'πλήρη_καταμέτρηση', 'σύστημα_αρίθμησης', 'sql', 'κόμη', 'καταμέτρηση', 'λίστα', 'comital', 'βασίζομαι', 'αριθμητικό_σύστημα', 'comtesse', 'μέτρημα', 'structured_query_language', 'εξετάσει', 'αρίθμηση']
cut	προεξείχαν	Incorrect	['περιφρόνηση', 'ανάλογο', 'σκαλί', 'μοντάρω', 'κόβω', 'ανοικτή_πληγή', 'ταλάντευση_του_μπέιζμπολ', 'cut', 'λογοκρισία', 'κόψω', 'λογοκριτές', 'τραυματισμός', 'τραύμα', 'ελαττώνω', 'κόψιμο', 'αγνοώ', 'αναστρέφω', 'αλλάζω_κατεύθυνση', 'απενεργοποίηση', 'λογοκριτής', 'μοντάζ', 'αποκοπή', 'μικραίνω', 'μερίδιο', 'κεντρική_unica_dos_trabalhadores', 'αδιαφορία', 'ελάττωση', 'περικοπή_του_κρέατος', 'διάνοιξη', 'σβήνω', 'αντιπαρέρχομαι', 'τομή', 'πληγές', 'λογοκρισίας_του_τύπου', 'περικοπή', 'κομμένα', 'πληγή', 'συντομεύω', 'καταντώ', 'περιφρονώ', 'κόψτε', 'κλείνω', 'γίνομαι', 'άνοιγμα', 'κομμάτι', 'αρχέγονη_περικοπή', 'κοπή']
day	μέρα	Match	['μέρα', 'ημέρες', 'τη_διάρκεια_της_ημέρας', 'ἡμέρα_ἦμαρ', 'πρωινών', 'ηλιακή_ώρα', 'ηλιακής_ημέρας', 'ημέρα', 'day', 'ἡμέρα', 'μέση_ηλιακή_ημέρα', 'αστρική_ημέρα', 'ηλιακός_χρόνος', 'είκοσι_τέσσερις_ώρες', 'ημερα', 'clarence_day', 'είκοσι_τεσσάρων_ωρών_περίοδο', 'μερα', 'ηλιακή_ημέρα', 'εποχή', 'ημερονύχτιο', 'clarence_shepard_ημέρα_νεώτερος', 'εικοσιτετράωρο', 'ημέρα_clarence', '24ωρο_διάστημα']
die	πεθάνει	Match	['πέθανε', 'πολυεδρικά_ζάρια', 'ένα', 'ψοφάω', 'χαλώ', 'χαλάω', 'θάνατοι', 'πεθαίνω', 'θάνατος', 'die', 'ζάρι', 'κύβος', 'πεθάνει', 'αποθνήσκω', 'κύβοι', 'πρόωρο_θάνατο', 'υποφέρω', 'ζάρια']
dig	σκάψει	Found close match: ['σκάψιμο']	['βυθίζω', 'καταλαβαίνω', 'σκάπτω', 'χώνω', 'στρέφω', 'ανασκάβω', 'μπάζω', 'κοπιάζω', 'σαρκάζω', 'αρχαιολογικό_χώρο', 'ανασκαφή', 'σκάβω', 'συλλαμβάνω', 'dig', 'ανασκάφτω', 'να', 'ανασκάπτω', 'σκάψιμο', 'μπήγω']
dirty	αστραφτερά	Incorrect	['cache_δεδομένων', 'βρώμικα', 'έδαφος', 'πήλινα', 'προσωρινή_αποθήκευση', 'λερωμένος', 'setassociative', 'βρώμικο', 'dirrty', 'cache_l1', 'βρώμικη', 'εδάφη', 'κρυφή_μνήμη_κμε', 'μνήμη_cache', 'σύνολοσυσχετιστική', 'cache_μνήμη', 'χώμα', 'λανθάνουσα_μνήμη', 'dirty', 'writethrough', 'βρωμιά', 'βρομίζω', 'βρώμικος', 'κρυφή_μνήμη_ιστού', 'λεκιάζω', 'κρυφή_μνήμη', 'κρυφή_μνήμη_web', 'underworld', 'writeback', 'l2_cache', 'γραμμή_cache', 'ρυπαίνω', 'cache', 'λερώνω', 'cache_memory', 'l3_cache', 'ακάθαρτος', 'κρυφή_μνήμη_δίσκου', 'βρόμικος']
dog	κυνηγόσκυλα	Incorrect	['wienerwurst', 'καστάνια', 'σκυλί', 'οικογένεια_canidae', 'firedog', 'familiaris', 'προσβάλλω', 'σαρκοφάγα', 'λουκάνικο_φρανκφούρτης', 'εμπλοκέας', 'πυροστιά', 'εγχώριες_σκύλος', 'canis_familiaris', 'σφιγκτήρας', 'weenie', 'κυνίδες', 'κακοντυμένη_γυναίκα', 'σκυλίσιδήρου', 'άγκιστρο', 'καταδιώκω', 'canidae', 'σκύλος_γένους_canis_familiaris', 'duck_hunt', 'canis_lupus_familiaris', 'κυνηγώ', 'σκύλος', 'κρέας_σκύλου', 'χοτ_ντογκ', 'κύων']
drink	φαγητό	Incorrect	['lil_jon__the_east_side_boyz', 'crapulence', 'κατάποση', 'πόσιμο', 'οινοπνευματώδη', 'boozing', 'μεθώ', 'πίνω', 'κατάποσης', 'lil_jon', 'πόσιμος', 'ρουφηξιά', 'ποτά', 'ποτό', 'γουλιά']
dry	υγρασία	Incorrect	['στεγνώσει', 'υπέρ_της_απαγόρευσης_μεθυστικών_ποτών', 'στεγνά', 'ξηραίνω', 'στεγνός', 'ισορροπία', 'ξηρός', 'ξηρά', 'stypsis', 'ξηρή', 'στεγνώνω', 'ξηρό', 'dry', 'σώμα', 'στεγνό', 'μεταλλικότητα']
dull	γκριζωπή	Incorrect	['ανιαρός', 'βαρετή', 'βλάκας', 'αμβλύς', 'χαζός', 'κουτός', 'νωχελικός', 'αμβλύνω', 'βαρετό', 'βραδύνους', 'οκνηρός', 'ηλίθιος', 'νωθρός', 'ανόητος', 'βαρετός']
dust	σκόνη	Match	['κονιορτός', 'σκόνη', 'fannings', 'είδος_μαύρου_τέιου', 'χαλίκια', 'συντρίμμια', 'σκόνης', 'υδροχλωρική_φαινκυκλιδίνη', 'φαινκυκλιδίνη', 'babylon_5', 'dust', 'orange_pekoe', 'pekoe', 'ρίχνω', 'σκόνη_αγγέλου']
ear	λάρυγγα	Incorrect	['κεφάλιον', 'αυτί', 'αποσύνθεση_αυτί', 'προσοχή', 'πτερύγιο_αυτιού', 'στάχυ', 'αυτιά', 'κορυφή', '0πολύτοπο', 'πτερύγιο_ωτός', 'ζευγαρίζω', 'αροτριώ', 'πτερύγια', 'αφτί', 'ανθρώπινο_αυτί', 'ακουστική_προσοχή', 'πτερύγιο']
earth	πλανήτη	Match	['brontitall', 'έδαφος', 'γειώνω', 'saiyan', 'ηλεκτρική_γείωση', 'γη', 'golgafrincham', 'εγκόσμια_ανησυχία', 'γείωση', 'κτήμα', 'γῆ', 'dragon_ball', 'αγρός', 'υφήλιος', 'χώμα', 'κόσμο', 'γαλάζιος_πλανήτης', '⊕', 'στέρεο_έδαφος', 'earth', 'μάζα_της_γης', 'ντράγκονμπολ', 'πλανήτη', 'γαία', 'γης', 'andrómeda', 'χώρα', 'lamuella', 'οικουμένη', 'dragonball', 'ξηρά', 'magrathea', 'krikkit', 'γή', 'κόσμος', 'πλανήτης_γη', 'έκταση', 'ο_κόσμος', 'milliways', 'dragon_ball_z', 'ace_combat', 'υδρόγειος', 'μπλε_πλανήτης', 'γήινη_ανησυχία', 'στεριά']
eat	τρώνε	Match	['γευματίζω', 'τρώγω', 'φάγωμα', 'έδω', 'βρώση', 'καταναλίσκω', 'τρώω', 'φάτε', 'φάε', 'μειώνω', 'εσθίω', 'τρώνε', 'eat', 'σκοτίζω', 'ταΐζω', 'εξαντλώ', 'τροφοδοτώ']
egg	αυγά	Match	['για_phasmatodea', 'όρχεις', 'έλλειψη', 'έλλειψις', 'ωάριο', 'μοντέλου_αναφοράς_osi', 'ελλειπτική', 'αυγά', 'osi', 'τα_αυγά', 'αβγό', 'ωοκύτταρο', 'αυγό', 'αρχίδια', 'των_όρχεων', 'αρχίδι', 'ballock', 'ωόδης', 'egg', 'για_phasmida', 'φασματώδη', 'teste', 'όρχις', 'phasmida', 'phasmatodea', 'μοντέλο_αναφοράς_osi', 'αβγά', 'παραγωγής_αυγών', 'ωοειδής', 'όρχι', 'ωόν', 'μοντέλου_osi', 'οβάλ', 'μοντέλο_osi']
eye	μάτι	Match	['eye', 'βλαστός', 'οπή', 'σύνθετα_μάτια', 'προσοχή', 'οπτική_προσοχή', 'the_eye', 'μπουμπούκια', 'κέντρο', 'oculus', 'οπτικός', 'οπτικών', 'οφθαλμός', 'ματι', 'μέση', 'μάτια', 'βολβός_του_ματιού', 'μυ', 'μάτι', 'ευρωπαϊκή_διάσκεψη_νεολαίας', 'eyewall']
fall	πτώση	Match	['πτώση_του_ανθρώπου', 'πτώση', 'χινόπωρο', 'κατηφοριά', 'η_πτώση_του_ανθρώπου', 'κατηφορίζω', 'φθινόπωρο', 'συνθηκολόγηση', 'καρφίτσα', 'πέφτω', 'φθινοπώρου', 'κατωφέρειας', 'natalia_lesz', 'ελαττώνω', 'πέφτουν', 'the_fall', 'ναυτικό_λυκόφως', 'πολιτικό_λυκόφως', 'evenfall', 'εγκατάλειψη', 'μειώνεται', 'κατάβαση', 'crepuscle', 'λυκόφως', 'gloam', 'αστρονομικό_λυκόφως', 'πέσιμο', 'μειώνω', 'crepuscule', 'περιορίζω', 'ολίσθημα', 'μετόπωρον', 'κατηφόρα', 'σούρουπο', 'πίπτω', 'κατεβαίνω', 'νύχτωμα']
far	πέρα	Not found	[]
fat	λίπος	Match	['λίπη', 'λιπώδηςnιστός', 'lipide', 'λιπίδια', 'fatness', 'λιπώδη', 'ισορροπία', 'παχαίνωχοντραίνω', 'stypsis', 'λίπος', 'fat', 'παχυσαρκία', 'σώμα', 'fat16', 'μεταλλικότητα', 'σπλαχνικού_λίπους', 'πίνακα_εκχώρησης_αρχείων', 'υπέρβαρος', 'χοντρός', 'λιποειδή', 'λιπιδίων', 'γλυκερολιπιδίων', 'ξηρό', 'πίνακας_εκχώρησης_αρχείων', 'λίπωση', 'fat32', 'λιπαρά', 'λιπώδης_ιστός', 'file_allocation_table', 'πάχυνση', 'λιπώδη_ιστό', 'λιπίδιο']
father	πατέρας	Match	['ιεροσύνη', 'επιχειρηματικότητας', 'μπαμπάς', 'πατέρα', 'επιχειρηματίες', 'θεός', 'πατέρας', 'συνιδρυτής', 'πατέραςθεός', 'καθολική_ιεροσύνη', 'ιερέας', 'πατερα', 'father', 'καθολικών_ιερέων', 'παράγω', 'θεός_πατέρας', 'the_gift', 'καθολικός_ιερέας', 'επιχειρηματικότητα', 'πατέρας_της_εκκλησίας', 'πατέρας_εκκλησία', 'σειριακό_επιχειρηματίας', 'πάτερ', 'ιεροσύνη_καθολική', 'εκκλησιαστικοί_πατέρες', 'επιχειρηματική_νοοτροπία', 'δημιουργός', 'πατέρες_της_εκκλησίας', 'επιχειρηματίας', 'αρσενικός_γονέας']
fear	φόβο	Match	['σκιάζομαι', 'fear', 'φοβάμαι', 'τους_φόβους', 'marillion', 'τρομάζω', 'inside_out', 'τα_μυαλά_που_κουβαλάς', 'ανησυχία', 'δέος', 'σέβας', 'φοβούνται', 'φοβούμαι', 'φόβο', 'τρομάρα', 'φόβος']
feather	φτερά»	Found close match: ['φτερά', 'φτερό']	['φτέρωμα_έκλειψης', 'feathering', 'φτέρωμα', 'μικρών_δοντιών', 'φτερό', 'πτερόν', 'filoplume', 'φτερά', 'πούπουλο', 'πτέρωμα']
few	λίγες	Match	['λίγοι', 'ποσό', 'λίγες', 'ελάχιστοι', 'ποσότητα']
fight	πολεμάει	Incorrect	['μάχες', 'δέσμευση', 'αντιμάχομαι', 'αγώνας', 'ανταγωνιστικότητα', 'τσακώνομαι', 'ένοπλο_αγώνα', 'αντιπαλεύω', 'καυγάς', 'αγώνα', 'μάχομαι', 'σύγκρουση', 'μποξ', 'καβγάς', 'μάχη', 'τσακωμός', 'πάλη', 'αψιμαχίες', 'διένεξη', 'αντιτίθεμαι', 'αγώνας_πυγμαχίας', 'στρατιωτική_σύγκρουση', 'αντιταχθεί', 'καταπολέμηση_της', 'στρατιωτική_εμπλοκή', 'fight']
fingernail	δάχτυλα	Incorrect	['νύχι_χεριού', 'τα_νύχια', 'νύχια', 'ὄνυξ', 'νύχι', 'καρφί']
fire	φωτιά	Match	['θέρμη', 'πυρκαγιά', 'emerson_lake__palmer', 'πυροβολώ', 'λεόνα_λιούις', 'φωτιά', 'heartbreak_on_hold', 'ζέση', 'πυρά', 'φλόγα', 'παρακινώ', 'kelis_was_here', 'fire', 'απολύω', 'emerson_lake_and_palmer', 'anarchy', 'καίω', 'πυρ', 'βολή', 'ξυπνώ', 'προκαλώ', 'firejericho', 'λιόνα_λούις', 'φλεγόμενος', 'εκπυρσοκροτώ', 'πυροβολισμός', 'leona_lewis', 'πυροδοτώ', 'πυρκαγιές', 'tina_barrett', 'πυρκαϊά', 'φωτια', 'lets_cheers_to_this']
fish	ψάρια	Match	['ψάρι_πίνακα', 'fish', 'ψάρι', 'ψαριών', 'ψαράκια', 'είδος_χαρτοπαίγνιου', 'go_fish', 'ψαρεύω', 'γόνος', 'φθορισμό_in_situ_υβριδισμού', 'ιχθύες', 'pisces', 'pterygiophore', 'μαλακό_ακτίνες', 'ιχθυοπανίδας', 'ψάρια', 'τηγανίζουμε', 'ιχθείς', 'ψάρια_τροφίμων', 'phish', 'ιχθείς_τα_ψάρια', 'ιχθύς', 'elver', 'fingerling']
five	έξι	Incorrect	['sugarcult', '5', 'κατορθωτής', 'πέντε', 'πεντε', 'ομάδα_μπάσκετ', 'μικρή_φοίβη', 'hollywood_undead', 'η_ομάδα_μπάσκετ', 'five', 'διάδοχος', 'πεντάδα', 'cinque']
float	πλωτήρα	Match	['αριθμητική_κινητής_υποδιαστολής', 'παρασύρω', 'bobber', 'κολυμπήσετε_της_ουροδόχου_κύστης', 'ανεξέλεγκτη_αποσυμπίεσης', 'επιπλέουν', 'αριθμοί_κινητής_υποδιαστολής', 'css', 'float_σοβατζής_του', 'επιπλέον_αντικείμενο', 'παγωτό_float', 'εκρηκτική_αποσυμπίεση', 'κινητής_αριθμητική_σημείο', 'κινητή_υποδιαστολή', 'νηκτική_κύστη', 'τύπος_κινητής_υποδιαστολής', 'κύστη_αερίου', 'αριθμούς_κινητής_υποδιαστολής', 'πλωτήρα', 'ἄημι', 'float', 'σκάφος_ποντονίου', 'συμπαρασύρω', 'floatingpoint', 'φύλλα_στυλ_σε_επικάλυψη', 'ponton', 'επιπολάζω', 'δημόσια_float', 'άρμα', 'πλωτήρες', 'float_παρέλαση', 'κινούμαι_ανάλαφρα', 'φυσώ', 'αριθμός_κινητής_υποδιαστολής', 'αριθμό_κινητής_υποδιαστολής', 'κύστη_αέρος', 'παγωτό_σόδα', 'επιπλέω', 'bobfloat']
flow	ροή	Match	['εμμηνόρροια', 'ρέω', 'δυναμική_των_ρευστών', 'δίκτυο', 'παροχή', 'μηχανική_των_ρευστών', 'δίκτυο_ροής', 'έμμηνος_κάθαρσις', 'εμμηνορροώ', 'ρέουσα_κίνηση', 'ρύση', 'ρευστομηχανική', 'rap', 'υδροδυναμική', 'έμμηνος_ροή', 'έμμηνος_ρύση', 'έμμηνα', 'επιμήνια', 'ράπερ', 'dynamicist_υγρό', 'ρεύμα', 'ραπ', 'υδραυλική', 'young_money_entertainment', 'gravity_recovery_and_interior_laboratory', 'ροή', 'florent_mothe', 'flow', 'catamenia', 'άνεμος', 'emceeing', 'πρωτοrap', 'εμμηνορρυσία', 'ογκομετρική_ροή', 'υδραυλικά', 'σταθερή_ροή', 'υδραυλική_πίεση', 'μηχανική_ρευστών', 'ροής', 'ρέει', 'είμαι_ένα_με', 'υδρομηχανική', 'δυναμική_ρευστών', 'ραπ_μουσική', 'ρυθμός_ροής', 'έμμηνη_ρύση']
flower	άνθη	Match	['play', 'relient_k', 'άνθηση', 'gackt', 'λουλούδι', 'flower', 'λουλούδια', 'ἄνθος', 'μπουμπούκια', 'καρπόδεση', 'floral', 'ανθώ', 'εξάνθηση', 'επιδερμικού_κηρού', 'λουλουδίζω', 'μπάμπι', 'άνθη', 'λουλουδιάζω', 'ανθοφορίας', 'bambi', 'άνθος', 'ακμή', 'ανθίζω', 'ανθός', 'καλλιεργητικής_περιόδου']
fly	πτήσει	Found close match: ['πετάξει']	['μεταφέρω_αεροπορικώς', 'εγκεφαλικό_επεισόδιο_πεταλούδα', 'πετάξει_μπάλα', 'ciara', 'πιλοτάρω', 'δίπτερα', 'πεταλούδα_εγκεφαλικό_επεισόδιο', 'πετάξει_φύλλο', 'πέταξε', 'μύγες', 'πλοηγώ', 'πέτα', 'πεταλούδα', 'πετάξει_μπροστά', 'πτερύγιο_σκηνή', 'πετάξει', 'rainfly', 'περνάω_γρήγορα', 'σκηνήfly', 'αληθινές_μύγες', 'πατ', 'πετώ', 'fly', 'φτερουγίζω', 'μύγα', 'πετάω', 'dipterans']
fog	ομίχλης	Found close match: ['ομίχλη', 'ὀμίχλη', 'παγομίχλη']	['θαλάσσιος_καπνός', 'καπνός_αρκτικής', 'σάστισμα', 'φογκ', 'σκεπάζω', 'κρύβω', 'ομίχλη_του_εδάφους', 'σκότος', 'παγομίχλη', 'ομίχλη', 'ὀμίχλη', 'καλύπτω']
foot	πόδια	Found close match: ['πόδι']	['σύνταγμα_πεζικού', 'μαλάκιο', 'πληρώνω', 'ράουλο', 'ασπόνδυλο_πόδι', 'pes', 'θεμέλιο', 'έμμετρο_πόδι', 'πόδι_ζώου', 'πρόποδες', 'μετρική_μονάδα', 'βάση', 'δελτίο_καιρού', 'γένους_μαλακίου', 'understructure', 'φύλλο', 'σάβανο', 'pada', 'παντα', 'ραπτομηχανές', 'τα_πόδια_των_ζώων', 'ραπτομηχανή', 'μαλάκια', 'φύλο_mollusca', 'πεζικού', 'ανθρώπινο_πόδι', 'μετρικός_πους', 'κουβάρι', 'ποδιού', 'ft', 'πόδι', 'ασπόνδυλα_πόδι', 'τέλος', 'πατούσα', 'πεζικό']
forest	δάσος	Match	['ξύλο', 'timberland', 'δάση', 'κωνοφόρα_δάση', 'δασική_έκταση_εύκρατης_περιοχής', 'ὕλη', 'νότιγχαμ_φόρεστ', 'δασώδη', 'δάση_κωνοφόρων', 'δασάκι', 'δάσος', 'δεντροφυτεύω', 'δέντρο', 'δρυμός', 'forest', 'αναδασώνω', 'δασικός_πλούτος']
four	έξι	Match	['τετράνιο', 'μικρή_joe', 'τετραδικότητας', 'τετρακτύς', 'forth', 'tetractys', 'υπερμιγαδικός', 'four', 'έξι', 'quaternion', 'διάδοχος', 'τετραδόνιο', 'τέσσερις', 'όριο', '4', 'τέσσεριςspot', 'κατορθωτής', 'τέσσερα', 'τεσσερα', 'τετραπλούς', 'channel_4', 'planetary', 'quaternions', 'τετράς']
freeze	αδιαβροχοποίηση	Incorrect	['todd_smith', 'freeez', 'πήξη', 'ακίνητος', 'πάγωμα', 'ψυχραίνομαι', 'παγώνω', 'bloodline', 'παγωνιά', 'κρεμάσει', 'σημείο_πήξης', 'freeze', 'jordin_sparks', 'πάγος', 'στερεοποίηση', 'παγετός']
fruit	φρούτα	Match	['φρούτα', 'καρπός', 'fruit', 'ισορροπία', 'καρπίζω', 'stypsis', 'καρποφορία', 'ξηρό', 'καρποί', 'σώμα', 'φρούτο', 'μεταλλικότητα']
full	πλήρη	Match	['πλήρηofthemoon', 'γεμάτη', 'γεμίζει', 'full', 'πλήρης', 'πανσέληνος', 'πλήρως', 'πλήρες', 'συνολικός', 'πλήρη_φάση_της_σελήνης', 'γεμάτος', 'πλήρη']
give	δώσει	Match	['αποδίδω', 'θυσιάσει', 'φέρνω', 'κάνω', 'μεταδίδω', 'pet_your_friends', 'απονέμω', 'γίνομαι_δωρητής', 'προσφέρω', 'παίρνω', 'δώσει', 'θυσιάζω', 'παραχωρώ', 'ὀρέγω', 'παρέχω', 'δηλώνω', 'εκχωρώ', 'ελαστικότητα', 'συμβάλλουν', 'παραδίνομαι', 'δώρα', 'παράγω', 'αφιερώνω', 'δώρο', 'παραδίδω', 'συμβάλλω', 'μαρτυρώ', 'χορηγώ', 'δώστε', 'cold', 'προξενώ', 'δωρεά', 'δωρίζω', 'καταρρέω', 'συνεισφέρω', 'έχουν', 'κάνω_χώρο', 'σιτίζω', 'δίνω', 'δώσε', 'the_giver', 'τροφοδοτώ', 'αφιερώσει']
good	καλή	Match	['αγαθά', 'εμπορεύματα', 'προϊόν', 'καλα', 'υγιής', 'good_music', 'αγαθών', 'καλό_και_κακό', 'πολύ_καλός', 'εμπόριο_καλή', 'κακό_και_καλό', 'αρετή', 'ανθρώπινες_αξίες', 'τις_ηθικές_αξίες', 'καλά', 'good', 'καλο', 'καλό', 'εντιμότατος', 'ιδεώδες', 'οικονομικό_αγαθό', 'εμπόρευμα', 'πρώτος', 'προϊόντα', 'αξία', 'καλή', 'καλοσύνη', 'αγαθό', 'καλός', 'γερός', 'προσωπική_αξία', 'αξιότιμος']
grass	αγκαθωτούς	Incorrect	['βοσκή', 'κάνναβη', 'graminoid', 'αγρωστίδες', 'nothing_can_stop_us', 'οικογένεια_graminaceae', 'βγάζω_για_βοσκή', 'sens', 'οικογένειας_gramineae', 'ποοειδή', 'πόα', 'grass_gis', 'eatage', 'χόρτα', 'γρασίδι', 'graminaceae', 'supergrass', 'sporobolus_caespitosus', 'μαριχουάνα', 'πράσινο_θεά', 'skylarking', 'οικογένεια_χόρτο', 'μαριχουάνας', 'ζωοτροφή', 'βότανο', 'χορτάρι', 'ανθέων', 'κάνναβης', 'γκίντερ_βίλελμ_γκρας', 'αγρωστώδη', 'poaceae', 'stoner', 'οικογένεια_poaceae', 'οικογένειας_graminaceae', 'gramineae', 'οικογένεια_gramineae', 'αμκε', 'mary_jane', 'gunter_grass', 'γκύντερ_γκρας', 'γκάντζα', 'χορτονομή', 'gunter_grass_wilhelm', 'γκίντερ_γκρας', 'χόρτο']
green	πράσινος	Match	['φυλλώδες_λαχανικό', 'νεφρίτη_πράσινο', 'πράσινο', 'πράσινη_πολιτική', 'μπιζέλι_πράσινο', 'brunswick_πράσινο', 'ειδική_k', 'πρασινο', 'jade', 'πρασινίζω', 'πράσινο_μπουκάλι', 'kοινά', 'κινήματος_περιβαλλοντολόγος', 'πράσινο_κίνημα', 'πρασινάδα', 'οικολογία', 'william_green', 'χόρτα', 'ισορροπία', 'σκούρο_πράσινο', 'πολιτική_οικολογία', 'κυνηγός_πράσινο', 'stypsis', 'κιτρινοπράσινο', 'πάρκο', 'φυλλώδη_λαχανικά', 'chartreuse', 'green', 'σμαραγδένιο', 'φιλικά_προς_το_περιβάλλον', 'σώμα', 'πηγαίνοντας_πράσινο', 'μεταλλικότητα', 'φιλικότερο_προς_το_περιβάλλον', 'τη_διαφύλαξη_του_περιβάλλοντος', 'εύπιστος', 'πράσινα_λαχανικά', 'κίτρινο_πράσινο', 'λάδι_μέλι', 'γάτα_valium', 'περιβαλλοντικά_προβλήματα', 'πράσινοι', 'putting_green', 'πράσινα', 'άγουρος', 'κοινά', 'ξηρό', 'ακτιβιστής_για_το_περιβάλλον', 'γρασίδι_γηπέδου_γκολφ', 'vert', 'feldgrau', 'βάζοντας_επιφάνεια', 'πράσινο_λαχανικό', 'green_river', 'πράσινος', 'πρασινωπός', 'πρασινοκίτρινο', 'πράσινα_φυλλώδη_λαχανικά', 'πράσινη', 'κοινός', 'kelly_πράσινο', 'τουφέκι_πράσινο', 'φιλικό_προς_το_περιβάλλον', 'αγκινάρα', 'αφελής', 'σούπερ_c', 'σούπερ_οξύ']
guts	νύχια	Incorrect	['ανθρώπινο_γαστρεντερικό_σωλήνα', 'γαστροεντερική', 'σπλάγχνα', 'εντερικό_βλεννογόνο', 'κουράγιο', 'θάρσος', 'guts', 'εντέρου', 'ανδρεία', 'σθένος', 'θάρρος', 'σπλάχνα', 'πεπτικά_όργανα', 'έντερα', 'γαστρεντερικό_σωλήνα', 'γενναιότητα', 'πεπτική_οδός', 'εντερικό_αυλό', 'κότσια', 'εντερική', 'έντερο', 'εντόσθια_ζώου', 'γαστρεντερικό_σύστημα', 'εντόσθια', 'πεπτικής_οδού', 'πεπτικός_σωλήνας', 'πεπτικό_σύστημα', 'άντερα', 'πεπτικό_σωλήνα', 'moxie', 'γαστρεντερικής_οδού']
hair	μαλλιά	Match	['τριχωτό', 'hair', 'hairsπλάτος', 'μαλλιά', 'η_περούκα', 'μαλλιά_της_κεφαλής', 'τρίχωμα', 'haircloth', 'ανθρώπινα_μαλλιά', 'hairsbreadth', 'κόμη', 'μαλλί', 'τρίχα', 'τρίχες']
hand	χέρι	Match	['γράψιμο', 'χαρτιά', 'drazi', 'χαρτωσιά', 'προσέλαβε_τον_άνθρωπο', 'χεριά', 'μισθωμένο_χέρι', 'εισαγωγή_χειρόγραφου_κειμένου', 'δείκτης', 'γραφικός_χαρακτήρας', 'δεξιότητα', 'ὀρέγω', 'μοίρασμα', 'brakiri', 'μοιρασιά', 'σενάριο', 'dilgar', 'χέρι', 'manus', 'χείρα_βοηθείας', 'μερισμός', 'hand', 'system_of_a_down', 'παιχνίδια_καρτών', 'κάρτες', 'cordella', 'γραφή', 'διανομή', 'χαρτοπαίγνιο', 'δίνω', 'παιχνίδι_με_κάρτες', 'γέφυρα_player', 'χέρια', 'δείκτης_ρολογιού']
he	απ´όπου	Not found	[]
head	κεφάλι	Match	['κατευθύνομαι', 'νους', 'υδραυλική_κλίση', 'στρίμωγμα', 'αρχηγία', 'πρωτόκολλο_μεταφοράς_υπερκειμένου', 'σάβανο', 'pseudanthium', 'διάνοια', 'ἡγέομαι', 'επικεφαλίδα', 'υδραυλική_κεφαλή', 'στοματικός_έρωτας', 'κυρία', 'nous', 'πρώτη_γραμμή', 'διευθυντής', 'http', 'μια_είδηση', 'ζήτημα', 'απώλεια_της_κεφαλής', 'είμαι_επικεφαλής', 'κεφαλική', 'λυκειάρχης', 'κεφαλή_εγγραφής', 'hydraulic_head', 'το_κεφάλι', 'επικεφαλής_φατριών', 'δελτίο_καιρού', 'φύλλο', 'ακρωτήριο', 'κύριος', 'στοματικό_σεξ', 'κατευθύνω', 'διευθύντρια', 'αρχιμαφιόζος', 'αρχηγός_φυλής', 'ἄκρον', 'άρθρο_ειδήσεις', 'drumhead', 'αρχηγός_της_φυλής', 'καθηγήτρια', 'αρχηγός', 'κάλυμμα_τυμπάνου', 'ψυχή', 'dirty_mind', 'οπλαρχηγός', 'κεφάλι', 'άρθρο_της_εφημερίδας', 'αίτημα_http', 'οδηγήσει_ιστορία', 'διευθυντή', 'ηγέτης', 'brian_welch', 'μυαλό', 'κεφαλίδα', 'μέθοδος_http', 'δυσκολία', 'άρθρο', 'κουβάρι', 'κορυφαίο_σκυλί', 'στενό', 'ερώτημα', 'αίτηση_http', 'αφεντικό_του_εγκλήματος', 'hypertext_transfer_protocol', 'κεφαλάρι', 'head', 'κεφαλικός', 'ράουλο', 'άρθρο_ειδήσεων', 'κεφαλή_εργαλείου', 'http11', 'προσκήνιο', 'κεφαλής', 'κεφαλή', 'είδηση', 'καθηγητής', 'γυμνασιάρχης', 'διευθυντής_σχολείου', 'ανθρώπινο_μυαλό', 'διευθυντή_του_σχολείου', 'ανάγνωσης__εγγραφής_κεφάλι', 'επικεφαλής', 'αφεντικό', 'δάσκαλος', 'οδηγήσει', 'φύλαρχος', 'κεφαλή_ανάγνωσης']
hear	ακούνε	Found close match: ['ακούω', 'ακούσω', 'ακοή']	['ακούω', 'δούμε', 'ακουστικού_τρόπου_λειτουργίας', 'ακουστική', 'μάθουν', 'δέν_μέ_πειράζει', 'ενημερώνομαι', 'ακούσω', 'μαθαίνω', 'αίσθηση_ακοής', 'ακοή', 'πληροφορούμαι', 'ανθρώπινης_ακοής', 'ανακαλύπτω', 'ανακαλύψετε', 'αίσθηση_της_ακοής', 'ακοής']
heart	καρδιά	Match	['στοργή', 'τρυφερότητα', 'αφοσίωση', 'ιδιοσυγκρασία', 'heart', 'αποστάγματα', 'μεδούλι', 'ανθρώπινη_καρδιά', 'αριστερή_καρδιά', 'φιλία', 'την_καρδιά_και_την_ψυχή', 'προσωπικός_χαρακτήρας', 'καρδία', 'κέντρο', 'καρδιά_του_πλούτωνα', 'philia', 'θάρρος', 'δεξιά_καρδιά', 'alexz_johnson', 'περιοχή_τόμπω', 'καρδια', 'ουσία', 'πυρήνας', 'μέση', 'καρδιά', 'διυλίσαμε', 'συμπάθεια', 'mindless_self_indulgence', 'κεντρική_ιδέα', 'έλξη', 'αγάπη']
heavy	βαρύ	Match	['βαρύς', 'σωματοφύλακας', 'βαριά', 'heavy', 'φύλακας_του_σώματος', 'το_κράτος_εναντίον_radric_davis', 'επίμοχθος', 'ισορροπία', 'βαρύ', 'σωματοφύλαξ', 'stypsis', 'team_fortress_2', 'κοπιώδης', 'ξηρό', 'σωματοφύλακες', 'heavycom', 'κοπιαστικός', 'σώμα', 'μεταλλικότητα']
here	εδώ	Match	['εδω', 'ήρα', 'hêra', 'εδώ', 'here']
hit	αστόχησε	Incorrect	['φθάνω', 'σκοράρει', 'πρόσκρουση', 'φτάνω', 'hīt', 'προκαλώ_κίνηση_με_κτύπημα', 'μου_έρχεται', 'εκτελώ', 'ευστοχώ', 'πυροβολώ', 'χτυπώ', 'κτυπώχτυπώ', 'χτύπημα', 'κατορθώνω', 'χτυπώ_ή_κτυπώ', 'χτύπημα_βάσης', 'χτυπήσει', 'συγκρούσεις', 'σύγκρουση', 'πάταγος', 'κρούση', 'πλήγμα', 'σκοράρω', 'απεργία', 'ρίχνω', 'αποτελειώνω', 'χτύπησε', 'το_χτύπημα', 'hit', 'επίσκεψη', 'φτάσει', 'κρούσεις', 'κτυπώ', 'φονεύω', 'ελαστική_κρούση', 'σκοτώνω', 'χτύπα']
hold	κατέλθουν	Incorrect	['βαστώ', 'κατέχω', 'ελέγχω', 'detainment', 'κατάστρωμα_φορτίου', 'έχω', 'κρατήσει', 'αναβολή', 'αμπάρι', 'λαβή', 'κρατώ', 'πάλη_κρατήστε', 'υπερισχύω', 'αγωνίζεται_αναμονή', 'κρατήστε', 'δώσει', 'διατηρώ', 'εκλαμβάνω', 'κράτηση', 'κώπη', 'κύτος_φορτίου', 'είμαι_ευγνώμων', 'katamewaza', 'αντέχω_το_ποτό', 'έλεγχο', 'διέπομαι', 'κορώνα', 'υποβολή_κατέχει', 'περιλαμβάνω', 'κατακρατώ', 'συμφωνώ', 'ανακοινώνω', 'περιέχω', 'headlock', 'κράτα', 'διατείνομαι', 'δικαστική_επιμέλεια', 'ἡγέομαι', 'συμπλέκτες', 'πιστεύω', 'αποθηκευτικό_χώρο', 'διακατέχομαι', 'χωράω', 'χώρο_φορτίου', 'στήριξη', 'κατανόηση_παλαμιαία', 'κρατάω', 'αναμονή', 'χρονική_υστέρηση', 'νομίζω', 'κράτησης', 'σφίξιμο', 'σχέδιο_εκμετάλλευσης', 'χερούλι', 'έχουν', 'περιέχει', 'περιορίζω', 'χειρολαβή', 'κλείνω', 'δίνω', 'fermata', 'υποχρεώνω', 'εξουσιάζω', 'ισχύω', 'δεσμεύω']
horn	πιάνο	Incorrect	['κέρατο', 'καραμούζα', 'σέλα_κέρατο', 'κορνέτα', 'κλάξον', 'κέρατο_ποδήλατο', 'κινητήρα_κέρατο', 'κέρας', 'γαλλικό_κόρνο', 'χορν', 'κέρατο_όχημα', 'τρομπέτα', 'horn', 'σαλπιγκτές', 'γκαϊενχόφεν', 'σάλπιγγα', 'γαλλικά_κέρατα', 'κόρνο', 'κόρνα_αυτοκινήτου', 'gaienhofen', 'τρομπετίστας_της_τζαζ', 'γαλλικά_κόρνα', 'κόρνα', 'σάλπιγγας']
how	πώς	Match	['πως', 'αντωνυμία_ερωτηματικές', 'λέξη_ερωτηματικές', 'πόσο', 'ερωτηματική_αντωνυμία', 'πώς', 'hands_all_over', 'ερωτηματικές_αντωνυμίες']
hunt	ελαφοκυνηγός	Incorrect	['james_henry_leigh_hunt', 'θήρα', 'leigh_hunt', 'χαντ', 'william_henry_hunt', 'υπερβολικό_κυνήγι', 'αναζήτηση', 'κυνήγι_club', 'θηρεύω', 'κυνηγάω', 'ψάξιμο', 'θήρευση', 'κυνήγι_ορτυκιού', 'richard_morris_hunt', 'hunt', 'το_κυνήγι', 'κυνηγώ', 'holman_hunt', 'κυνήγι', 'william_holman_hunt', 'ουίλιαμ_χόλμαν_χαντ']
husband	σύζυγο	Match	['εξοικονομώ', 'διαχειρίζομαι', 'άντρας', 'εταίρο', 'παντρεμένος_πρόσωπο', 'καλύτερο_μισό', 'σύντροφος', 'παντρεμένο_άντρα', 'σύζυγο', 'άνδρας', 'σύζυγος']
i	κατάλαβες	Not found	[]
ice	χόκεϊ	Incorrect	['emirates_airlines', 'dextromethamphetamine', 'μηχανή_εσωτερικής_καύσης', 'κρύσταλλος', 'nμεθυλαμφεταμίνη', 'πάγο', 'μεθυλαμφεταμίνη', 'desoxyn', 'ice_la_fox', 'μηχανές_εσωτερικής_καύσης', 'κινητήρες_εσωτερικής_καύσης', 'γλάσο', 'παγωμένος_χυμός_φρούτων', 'μεταμφεταμίνες', 'meth', 'κρυσταλλικής_μεθαμφεταμίνης', 'in_case_of_emergency', 'intercity_express', 'emirates', 'παγοδρόμιο', 'συγκομιδή_πάγου', 'ice', 'δεξτρομεθαμφεταμίνη', 'μηχανή_του_αυτοκινήτου', 'δεσοξυεφεδρίνη', 'κινητήρας_εσωτερικής_καύσης', 'ζαχαροαλοιφή', 'μεταμφεταμίνη', 'εσωτερική_καύση', 'μεθαμφεταμίνη', 'σε_περίπτωση_έκτακτης_ανάγκης', 'c10h15n', 'crystal_meth', 'instituto_costarricense_de_electricidad', 'pervitin', 'κινητήρα_εσωτερικής_καύσης', 'τεχνητό_πάγο', 'methedrine', 'shabu', 'deoxyephedrine', 'πάγος', 'όχημα_με_κινητήρα_εσωτερικής_καύσης', 'υδροχλωρική_μεθαμφεταμίνη']
if	αν	Not found	[]
in	στην	Not found	[]
kill	σκοτώσει	Match	['πέθανε', 'κατεβάζω_μονορούφι', 'φόνος', 'δολοφονία', 'πεθαίνω_από__πόνο', 'σβήνω', 'σκοτώσει', 'σκοτώστε', 'θάνατοι', 'θανάτωση', 'θάνατος', 'βάζοντας_σε_θάνατο', 'θανατώνω', 'φονεύω', 'αποθνήσκω', 'σκοτώνω', 'σκότωσε', 'πρόωρο_θάνατο', 'the_kill', 'kill']
knee	γόνατο	Match	['articulatio_γένους', 'βλαισό', 'ανθρώπινο_γόνατο', 'γόνυ', 'γόνατο_απεργία', 'άρθρωση_του_γόνατος', 'γόνατα', 'γόνατο', 'καταπνίξει', 'τραυματισμό_στο_γόνατο']
know	καταλαβαίνετε	Not found	[]
lake	λίμνη	Match	['χρωστική', 'λίμνη', 'lake', 'βαφή', 'χρωστικές', 'λίμνη_γλυκού_νερού', 'διαλείπουσα_λίμνη', 'λίμνες', 'εφήμερη_λίμνη', 'χρώμα', 'χρωστικές_ουσίες', 'μπογιά', 'φυσική_λίμνη']
laugh	χαμογελάσει	Incorrect	['γέλα', 'ανέκδοτο', 'αστεία', 'αστείο', 'ανέκδοτα', 'γελάς', 'γέλιο', 'χωρατό', 'γέλως', 'εκφράζω_χαρά', 'παιγνιώδης', 'γελάω']
leaf	φύλλωμά	Found close match: ['φύλλωμα', 'φύλλο', 'φύλλα']	['verso', 'δάσος', 'midrib', 'φυλλωσιά', 'recto', 'paullinia_pterophylla', 'μασχάλες', 'δέντρο', 'φυλλώματος', 'folio', 'axil', 'βασική_φύλλο', 'αποαξονική', 'φύλλο', 'οδοντωτός', 'αριστερή_σελίδα', 'εφηβικά', 'δεξιά_σελίδα', 'adaxial', 'φύλλο_axil', 'φύλλωμα', 'σύνθετα_φύλλα', 'nissan_leaf', 'φύλλα', 'εμπρόσθια_όψη', 'οπίσθια_σελίδα']
left	αριστερό	Match	['αριστερή_πολιτική', 'το_αριστερό_χέρι', 'αριστερό_χέρι', 'φιλελεύθερο_κόμμα', 'αριστερό', 'αριστερή_αντιπολίτευση', 'αριστερισμού', 'αριστεράεξτρέμ', 'αριστερή', 'πολιτική_αριστερά', 'αριστερές', 'αριστερή_πτέρυγα', 'αριστερή_πτέρυγα_πολιτική', 'ρεπουμπλικανική_αριστερά_της_καταλονίας', 'venstre', 'αριστερή_μεριά', 'ἀριστερός', 'αριστερά', 'κολεκτιβιστική', 'ἀριστερός_εὐώνυμος', 'esquerra_republicana_de_catalunya', 'αριστερός', 'αριστερα', 'συλλογικές']
leg	πόδι	Match	['παρακλάδι', 'ξύλινο_πόδι', 'δύο_πόδια_αγώνα', 'γάμπα', 'πόδια', 'στάδιο', 'μπατζάκι_παντελονιού', 'διακλάδωση', 'πόδι_ζώου', 'σκέλος', 'κλάδος', 'pegleg', 'ανθρώπινο_πόδι', 'σπασμένο_πόδι', 'δύο_πόδια', 'φάση', 'κάτω_άκρα', 'πόδι_πρόσδεση', 'δύο_πόδια_γραβάτα', 'πόδι', 'κάτω_άκρου', 'crus']
lie	εφάπτονται	Incorrect	['κείμαι', 'ψεῦδος', 'absolute_first_album', 'malpresentation', 'αναλήθεια', 'trygve_lie_halvden', 'awake', 'πέφτω', 'ψέμμα', 'διάταξη', 'βρίσκονται', 'ξαπλώνω', 'το_ψεύδος', 'lie', 'τακτοποίηση', 'ψεύδομαι', 'ψεύδος', 'trygve_lie', 'παραμένω', 'νοικοκύρεμα', 'μένω', 'διευθέτηση', 'ψευδολογώ', 'the_lie', 'βρίσκομαι', 'κείτομαι', 'ψέμα']
live	ζωντανά	Match	['διάγω_τον_βίο', 'acdc_live', 'βιώνω', 'ζήσε', 'καταλαμβάνω', 'κονσέρτο', 'τζένιφερ_λόπεζ', 'ζωντανή_μουσική', 'διαρκέσει', 'περιοδεία', 'built_to_spill', 'ζουν', 'ζωή', 'αντέχω', 'κοντσέρτο', 'ζωντανή', 'περιοδεία_συναυλία', 'συναυλία', 'ufo_live', 'συντηρούμαι', 'live_at_the_marquee', 'ζω', 'επιβιώσουν', 'επιβιώνω', 'jennifer_lopez', 'live', 'ζήσω', 'μένω', 'rem_live', 'simian_mobile_disco', 'ζωντανά', 'ζωντανός', 'jlo', 'συναυλίες', 'επιζώ', 'περνώ', 'pigmy_love_circus']
liver	ήπαρ	Match	['ηπατική', 'ήπατος', 'ήπαρ', 'του_ήπατος', 'συκώτι', 'ηπατοτοξικότητα', 'το_συκώτι_ως_τρόφιμο', 'βοδινό_συκώτι']
long	μακρύ	Match	['longa', 'μακρύς', 'επιθυμώ_σφόδρα', 'επιθυμώ', 'πολύς', 'bloody_roar', 'ποθώ', 'λαχταρώ', 'μακρύ', 'πολύ', 'long', 'william_henry_long', 'λονγκ', 'μεγάλος', 'μακριά']
louse	πλατύποδας	Incorrect	['πιπίλισμα_ψείρα', 'ψείρα', 'ψείρες', 'αρθρόποδο', 'μπάλα_βρωμιά', 'phthiraptera', 'ψείρα_των_φυτών', 'φθειρ', 'arthropoda', 'αρθρόποδα', 'ψείρα_πουλί']
man	άνθρωπος	Match	['relient_k', 'ἄρρην', 'κυρίων_κυρίων', 'atanatári', 'άρρενας', 'νήσος_του_μαν', 'κόσμος_γῆ', 'ανθρώπινα_όντα', 'άντρας', 'σεξουαλικά_ώριμα', 'ανθρώπινο_ον', 'φίλε', 'αρσενικός', 'ανθρώπινη_φυλή', 'άνδρας', 'νήσος_μαν', 'ανθρώπινος', 'τοξότης', 'φιλε', 'ανθρώπινου_είδους', 'άνδρες', 'χόμο_σάπιενς', 'ανθρώπινο_είδος', 'ανθρώπινο_πλάσμα', 'κόσμο', 'πρίγκιπας', 'homo_sapiens', 'ταινία_καταστροφήσ', 'άνθρωπο', 'ανήρ', 'dunlending', 'σελίδα_man', 'μαν', 'homo_sapiens_sapiens', 'ανθρωπότητα', 'homo', 'νήσος_του_ανθρώπου', 'υπηρέτης', 'isle_of_man', 'πιόνι', 'ενήλικο_αρσενικό', 'manfred_gnadinger', 'άνθρωπος', 'κόσμος', 'valet_de_chambre', 'σεξουαλική_ωριμότητα', 'μέλος_των_ενόπλων_δυνάμεων', 'μητροπολιτικό_δίκτυο', 'cornelis_de_man', 'στρατιωτικός', 'ανθρώπους', 'man', 'στον_κόσμο', 'ανθρώπινο_γένος', 'μητροπολιτικά_δίκτυα', 'σελίδες_man', 'κομμάτι', 'dunlendings']
many	πολλές	Match	['πολλοι', 'πολλές', 'many', 'πολλοί', 'πολλα', 'πολλά']
meat	κρέας	Match	['πυρήνας', 'την_καρδιά_και_την_ψυχή', 'κρέατα', 'αποστάγματα', 'shawn_stasiak', 'καρδιά', 'ουσία', 'πυρήνας_κουκουτσιού', 'μεδούλι', 'διυλίσαμε', 'κρέας', 'επεξεργασμένο_κρέας', 'κεντρική_ιδέα', 'we_will_rock_you']
moon	σελήνη	Match	['φυσικούς_δορυφόρους', 'φυσικός_δορυφόρος', 'moon', 'μουν', 'συνοδικό_μήνα', 'δορυφόρος', 'sun_myung_moon', 'ήλιος', 'φεγγάρι_myung_ήλιων', 'συνοδικός_μήνας', 'φεγγάρια', 'σεληνιακού_μήνα', 'φεγγαριού', 'αφροδίτη', 'φυσικοί_δορυφόροι', 'φυσικό_δορυφόρο', 'kyôko_fukada', 'δίας', 'φεγγάρι', 'φεγγαρόφωτο', 'ἀγαθή_τύχη', 'lunation', 'ήλιο', 'σεληνιακός_μήνας', 'σεληνόφως', 'σελήνης', 'σεληνόφωτο', 'σελήνη']
mother	μητέρα	Match	['αδελφή', 'μητέραθεά', 'μεγάλη_μητέρα', 'sisters_of_avalon', 'καλόγρια', 'how_big_how_blue_how_beautiful', 'mother', 'μοναχή', 'μητέρα_γη', 'synchronicity', 'μοναχές', 'θηλυκός_γονέας', 'chorus_line', 'a_chorus_line', 'μητέρα', 'θεά_μητέρα', 'τιχόν_χρενίκοφ', 'καλογριά', 'μάνα', 'παράγω', 'προστατεύω_μητρικά', 'η_μητέρα_γη', 'μητέρες', 'μαμά', 'λάιν']
mountain	βουνό	Match	['muckle', 'sahtu', 'ορεινή', 'μάουντεν', 'βουνά', 'καλή_συμφωνία', 'πολύ_λίγο', 'φουρνιά', 'mickle', '482', 'mountain', 'πολλά', 'περιστρέφομαι', 'όρος', 'passel', 'βουνό', 'μεγάλη', 'καθαρό_ποσό']
mouth	στόμιό	Found close match: ['στόμιο', 'στόμα']	['ἐκβολή', 'backtalk', 'ἐκβολή_ἀπέρευξις_προμολή', 'περιστοματική', 'στόμα_στύμα', 'στοματική_κοιλότητα', 'στόμιο_ποταμού', 'ἐκβολή_ἀπέρευξις', 'στόμιο', 'μιλώ', 'στόμα_στύμα_μάσταξ', 'sass', 'σχισμή_του_στόματος', 'ανθρώπινο_στόμα', 'μιλήσει', 'πίσω_μιλήσουμε', 'στόμα', 'κολπίσκος', 'sassing', 'κορυφή', 'rima_oris', 'labium', '0πολύτοπο', 'εκβολή', 'εκβολές']
name	όνομα	Match	['γένους', 'όνομα_υπολογιστή', 'όνομα', 'κωδικός_αναφοράς', 'ονομασία', 'αναφέρουν', 'ονομαστική_φράση', 'περιγράφω', 'id', 'ορίζω', 'ονοματική_φράση', 'γένος', 'δημόσια_εικόνα', 'κατάλληλο_όνομα', 'αναφέρω', 'καθορίζω', 'ονομάζω', 'κατάλληλο_ουσιαστικό', 'αναγνωριστικό', 'μνημονεύω', 'ονοματικές_φράσεις', 'ονοματίζω', 'αναγνωριστικά', 'κύρια_ονόματα', 'ονομα', 'κατονομάζω', 'όνομασία', 'ονομαστικός', 'gens', 'ὄνομα', 'κύριο_όνομα', 'ονόματα', 'βάζω', 'αναφέρομαι']
narrow	στενό	Match	['στενό', 'στενός', 'στενή', 'εξειδικεύομαι', 'ξεκαθαρίζω', 'ειδικεύομαι']
near	κοντά	Match	['κοντά', 'ζυγώνω', 'προσεγγίζω', 'near_shoemaker', 'κοντα', 'πλησίον', 'κοντινός', 'πλησιάζω', 'σιμώνω', 'σχεδόν']
neck	λαιμό	Match	['γιακάς', 'λαιμό', 'λαιμός', 'αυχενική', 'στένωμα', 'αυχένας', 'τράχηλος', 'άνοιγμα_λαιμού', 'σβέρκο', 'χαϊδολογιέμαι', 'ερωτοτροπώ']
new	νέα	Match	['νέα', 'πρωτότυπος', 'πρόσφατος', 'nέο', 'νέος', 'πρωτοποριακός', 'νέος_καινούργιος', 'νέο', 'new', 'καινούριος', 'νεα']
night	νύχτα	Match	['nyx', 'μεσάνυχτα', 'τη_διάρκεια_της_νύχτας', 'νύχτα', 'night', 'μπλε_μεσάνυχτα', 'nox', 'νυχτα', 'έλι_γουίζελ', 'νυξ', 'σκοταδισμός', 'νύκτα', 'νύξ', 'έλι_βίζελ', 'wiesel', 'έλι_γουιζέλ', 'μεσονύκτιο', 'νοττ', 'βράδυ', 'ελιέζερ_βίζελ', 'βραδιά', 'elie_wiesel', 'ελιέζερ_wiesel']
nose	μυτερό	Incorrect	['ακροφύσια', 'όργανο_της_όσφρησης', 'μαγνητικό_ακροφύσιο', 'ανιχνεύω', 'μύτη', 'μπουκέτο', 'παραλίγο', 'οσμίζομαι', 'προχωρώ_αργά', 'ανθρώπινη_μύτη', 'ευωδία', 'αδράχτι', 'αρωματικά', 'άρωμα', 'αρώματα', 'παρά_τρίχα', 'ευωδιά', 'ακροφύσιο']
not	δεν	Match	['όχι', 'λογική_άρνηση', 'λογική_πύλη', 'λογικές_πύλες', 'δεν', 'οχι', 'διακριτά_λογική', 'άρνηση', 'λογικό_και']
old	παλιό	Match	['πρώην', 'παλαιά', 'παλιά_αμπέλου', 'παλιός', 'παλιό', 'αρχαίος', 'παλαιό', 'παλιά', 'ηλικιωμένος', 'παλαιός', 'γέρος']
one	δύο	Incorrect	['vampire_weekend', 'planetshakers', 'one', 'the_beatles_1', 'πλειάδα', '1', 'ενότητα', 'ένα', 'μια', 'ένας', 'το_ένα', 'πλειάδες', 'εξαπλάσιος', 'μονάδα', 'ενα', 'κπλειάδα', 'άσσο', 'διάδοχος', 'άρμιν_βαν_μπιούρεν', 'armin_van_buuren', 'νένε', 'supposed_former_infatuation_junkie', 'μία', 'the_one', 'vertical_man', 'πολλαπλασιαστική_ταυτότητα', 'κατορθωτής']
other	άλλα	Match	['λοιπά', 'άλλα', 'αλλα', 'άλλες', 'αλλιώτικος']
play	παίξει	Match	['play', 'παίκτες', 'σεζόν', 'android_market', 'δραματική_ποίηση', 'stageplay', 'ελιγμός', 'παίξε', 'παίζω', 'παίξει', 'εν_λευκώ', 'ευθεία_παιχνίδι', 'ζωηρή_διασκεδαση', 'τρόπος_παιχνιδιού', 'αντιμετωπίζω', 'google_play_store', 'ποντάρω', 'ίσια_το_παιχνίδι', 'προσποιούμαι', 'δράμα', 'κυβεία', 'δραματικό_θέατρο', 'δράματα', 'τυχερών_παιχνιδιών', 'θεατρική_παράσταση', 'στοιχηματισμού', 'παίξουμε', 'παίζομαι', 'θεατρικό_παιχνίδι', 'ξιφασκία', 'τυχερά_παιχνίδια', 'θεατρικό_έργο', 'πάω_στοίχημα', 'google_play', 'ευθυμία', 'βάζω_στοίχημα', 'απόπειρα', 'προσπάθεια', 'περίοδο_του_παιχνιδιού', 'χρησιμοποίηση', 'χαρτοπαιξία', 'παιχνίδια', 'λειτουργώ_σαν', 'ελεύθερο_το_πεδίο', 'σειρά', 'τυχερό_παιχνίδι', 'αναπαραγωγή', 'δραματικές_τέχνες', 'εξέλιξη', 'τζόγος', 'παιχνίδι', 'λαμπύρισμα', 'παίζει_περίοδο', 'ξέφρενο_παιχνίδι', 'τρέξει', 'play_store', 'υποδύομαι', 'στοιχηματίζω', 'χειρισμός_όπλου', 'χωρίς_περιορισμό', 'φέρει', 'χοροπηδώ', 'θεατρικά_έργα']
pull	σπρώξει	Incorrect	['παρατραβάω', 'έλκω', 'τράβηγμα', 'αποσπώ', 'κάνω', 'προσελκύω', 'διαπράττω', 'ματιά_πόδι', 'τραβώντας', 'σφαιριστές', 'βγάζω', 'ρυμουλκώ', 'τζούρα', 'pull', 'ρουφηξιά', 'αντίστροφη_σάρωση', 'παρατεντώνω', 'κτυπήσει', 'πλάνο_τράβηγμα', 'τράβα', 'ελκύω', 'τραβώ', 'επιρροή', 'τραβήξει', 'έλξη']
push	σπρώξιμο	Match	['push', 'getupandgo', 'κουμπί', 'confessions_on_a_dance_floor', 'black_and_white_america', 'πιεζόμενο_κουμπί', 'κομβίον', 'μονάκριβη', 'σπρώχνω', 'πλήκτρο', 'ωθήσει', 'πιέζοντας', 'μετακινώ_βίαια', 'precious', 'σπρώξιμο', 'μπουτόν', 'στοίβα', 'ώθηση']
rain	βροχή	Match	['βροχή', 'καταιγίδα', 'in_blue', 'βρόχινο_νερό', 'heavy_rain', 'ρέιν', 'βροχές', 'υδατόπτωση', 'καταιγίδα_βροχή', 'όμβρος', 'ὑετός_ὕδωρ', 'λιθοβολισμός', 'βροχόπτωση', 'όμβρια_ύδατα', 'ὑετός', 'rain', 'νερό_βροχής', 'βρέχει']
red	κόκκινο	Match	['κόκκινα', 'after_school', 'bolshie', 'κόκκινο', 'κόκκινος', 'ζημιά', 'βυσσινής', 'red', 'bolshy', 'πορφυρό', 'κόκκινη', 'κοκκινο', 'απώλεια', 'μαρξιστής', 'μπολσεβίκοι', 'αλυκό', 'angry_birds', 'πλήγμα', 'μπολσεβίκος', 'red_river', 'βαθυκόκκινος', 'μπολσεβίκους', 'ερυθρό', 'κόκκινο_μελάνι', 'ζημία', 'anil_kapoor', 'λενινιστής', 'διεθνιστική_εργατική_αριστερά', 'day__age', 'μπολσεβίκικο_κόμμα']
right	αριστερή	Found close match: ['αριστερόχειρας']	['αποκαθιστώ', 'ηθικό_σύστημα', 'ηθική_φιλοσοφία', 'σωστού_και_του_λάθους', 'δικαίωμα', 'δεξί_τέρμα', 'δεξιά_πτέρυγα', 'φιλόσοφος_ηθική', 'φυσικό_δικαίωμα', 'ηθικής_φιλοσοφίας', 'δεξί_χέρι', 'αναφαίρετα_δικαιώματα', 'διορθώνω', 'σωστα', 'σωστό', 'δεξιός', 'rightism', 'σωστά', 'διορθώσει', 'ηθικός_φιλόσοφος', 'καταλλήλως', 'δεξιόχειρας', 'ηθική_θεωρία', 'δεόντως', 'αναφαίρετο', 'δεοντολογία', 'young_americans', 'δεξί_εξτρέμ', 'συντηρητικός', 'δεξιόφρων', 'χεριού', 'δεξιά', 'φυσικών_και_νομικών_δικαιωμάτων', 'αριστερόχειρας', 'νόμιμο_δικαίωμα', 'το_δεξί_χέρι', 'σωστός', 'φυσικά_δικαιώματα', 'νομικό_δικαίωμα', 'συντηρητικό_κόμμα', 'σωστή', 'δίκαιο', 'ήθη', 'δικαιώματα', 'ηθικά_ζητήματα', 'απαράγραπτα_δικαιώματα', 'δεξιόχειρες', 'ηθική', 'αναφαίρετο_δικαίωμα', 'επανορθώνω', 'ηθικών_ζητημάτων', 'ηθικά_πρότυπα', 'δίκιο', 'δικαιωματικός']
river	ποταμού	Match	['ροή', 'ρέμα', 'ρέματα', 'ποταμού', 'υδάτινη_οδός', 'sestao_river_club', 'ποταμός', 'ποτάμι', 'υδάτινη_διαδρομή', 'ρεύμα', 'κοίτη', 'διακοπτόμενο_ρεύμα', 'το_ποτάμι', 'παραποτάμια', 'ruisseau', 'river', 'watermark', 'ποτάμια', 'ρίβερ']
road	δρόμος	Match	['the_road', 'πορεία', 'δρόμο', 'new', 'εκτός_έδρας_παιχνίδι', 'διαδρόμων', 'κατασκευή_δρόμων', 'παιχνίδι_δρόμο', 'road', 'οδός', 'δρόμος']
root	ρίζα	Match	['τονικό_κέντρο', 'προέλευσης', 'δάσος', 'διάστημα', 'τονωτικό', 'τυχαία_ρίζες', 'μαλλιά_της_κεφαλής', 'χρήστης_root', 'μηδέν', 'στέλεχος', 'μουσικά_διαστήματα', 'κάθομαι', 'νιοστή_ρίζα', 'etymon', 'μαλλιά', 'τρίχωμα', 'δέντρο', 'ριζοβολώ', 'βάση', 'λέξη_ρίζα', 'χορδή_τονωτικό', '0', 'θέση_ρίζας', 'πρόγονος', 'πρόσβαση_root', 'konohagakure', 'ρίζας', 'τρίχες', 'θέμα', 'ρίζας_του_δοντιού', 'πηγή', 'μουσικό_διάστημα', 'ανθρώπινα_μαλλιά', 'σημείωμα_ρίζα', 'ριζοβολία', 'κόμη', 'στελέχους', 'ῥίζα', 'τριχωτό', 'ρίζωμα', 'στέλεχος_λέξη', 'αφετηρία', 'ρίζα', 'δύναμις', 'υπερχρήστη', 'root', 'προγενέστερες', 'τρίχα']
rope	σχοινί	Match	['σπάγκος', 'ο_βρόχος', 'forget_me_ναρκωτικών', 'valium_μεξικού', 'σκοινί', 'σχοινιά', 'ropemaker', 'rophy', 'ναυτικό_σχοινί', 'roofy', 'κ2', 'σχοινί', 'rope']
rotten	κριτικών	Incorrect	['σάπια', 'σάπιο']
round	γύρο	Match	['γύρο_ποτά', 'κασέτα', 'στρογγυλό', 'αγώνα_βραβείο', 'φυσίγγιο', 'prizefighting', 'bareknuckle', 'κυκλικός', 'σπιντ_μπαγκ', 'fisticuffs', 'προσβάλλω', 'μεταλλικό_δοχείο', 'γύρος', 'πυγμαχία', 'γάντια_του_μποξ', 'στρογγυλή', 'ισορροπία', 'stypsis', 'καθημερινά_γύρο', 'έναν_πυροβολισμό', 'σάκος_του_μποξ', 'μποξ', 'σημαντικό_ψηφίο', 'φυσίγγι', 'σώμα', 'περίβλημα', 'μεταλλικότητα', 'εξευγενίζω', 'λιγότερο_σημαντικό_ψηφίο', 'μονάδα_πυρομαχικών', 'στρογγυλά', 'γύρο_του_γκολφ', 'μαχητής_βραβείο', 'γύρο', 'ξηρό', 'εκλεπτύνω', 'σημαντικά_ψηφία', 'ακρίβεια', 'πιο_σημαντικό_ψηφίο', 'ακρίβειας_αριθμητική', 'κάλυκα', 'κέλυφος_περίβλημα', 'στρογγυλός']
rub	φουσκώσει	Incorrect	['ρούβλι_ρωσίας', 'τρίβω', 'τρίψιμο', 'σκουπίζω', 'ρωσικό_ρούβλι', 'λειώνω', 'ξύνω']
salt	αλάτι	Match	['ιοντικό_άλας', 'κοινό_αλάτι', 'άλας_καλίου', 'salt', 'παραγωγή_αλατιού', 'άλας', 'συνομιλίες_περιορισμού_στρατηγικών_όπλων', 'αλατώδης', 'αλατούχος', 'cheryl_james', 'henry_salt', 'άλατα', 'στρατηγικές_συνομιλίες_περιορισμό_των_εξοπλισμών', 'αλάτι', 'saltcellar', 'επιτραπέζιο_αλάτι', 'χλωριούχο_νάτριο', 'ένυδρο_άλας', 'saltnpepa', 'άλας_νατρίου', 'άλατος', 'αλατιέρα', 'σολτ']
sand	βράχια	Incorrect	['έντερα', 'amandine_aurore_lucie_dupin', 'άμμος', 'άμμου', 'σαντ', 'άντερα', 'sand', 'άμμο', 'κότσια', 'sand_am_main', 'βαρόνη_ντουντεβάντ', 'moxie', 'schönenbergkübelberg', 'george_sand', 'γεωργία_σάνδη']
say	καταλαβαίνεις	Incorrect	['πούμε', 'in_blue', 'πω', 'thomas_say', 'jeanbaptiste_say', 'πείτε', 'επιβάλλομαι', 'say', 'ζανμπατίστ_σε', 'osakis', 'λέω', 'πες', 'λένε', 'γράφω', 'λέγω', 'προφέρω', 'ας_υποθέσουμε_ότι']
scratch	ξεκινήσαμε	Not found	[]
sea	θάλασσα	Match	['ωκεανούς', 'θάλασσα', 'θαλάσσιο_περιβάλλον', 'σεά', 'σεληνιακή_θάλασσα', 'πέλαγος', 'ωκεανός', 'σεληνιακή_φοράδα', 'sea', 'ωκεανό', 'πόντος', 'σεληνιακό_maria', 'θαλασσα']
see	δείτε	Match	['εξασφαλίσει', 'καταλαβαίνω', 'μεριμνώ', 'βιώνω', 'τυχαίνω', 'ενημερώνομαι', 'συναντώ', 'μαθαίνω', 'συνειδητοποιήσουμε', 'σκοπολαμίνη', 'βλέπεις', 'βλέπε', 'βρίσκω', 'φροντίζω', 'βλέπω', 'βλέπετε_την_πόλη', 'δούμε', 'εννοώ', 'μάθουν', 'βλέποντας', 'επισκέπτομαι', 'συνάγω', 'μαντεύω', 'θαρρώ', 'tycho', 'συλλαμβάνω', 'ανακαλύψετε', 'υπόκειμαι', 'θεωρούν', 'ακούω', 'έδρα_επισκοπής', 'διαπιστώνω', 'θεωρώ', 'παρακολουθώ', 'διατηρώ_δεσμό', 'δειτε', 'εξετάζω', 'σιγουρεύω', 'εξασφαλίζω', 'ανακαλύπτω', 'ερμηνεύω', 'hyoscine', 'εικάζω', 'αντιλαμβάνομαι', 'see', 'όραση', 'φρονώ', 'κρίνω', 'κατανοώ', 'συμπεραίνω', 'πιάνω', 'πληροφορούμαι', 'αρχιεπισκοπικό_δείτε', 'ανταποκριθεί', 'εξακριβώνω', 'οπτική_αντίληψη', 'επιλαμβάνομαι', 'διαβλέπω', 'δείτε', 'τσακώνω', 'προβλέπω', 'επισκεφθείτε']
seed	βλαστούς	Incorrect	['ημιτελικός', 'cum', 'σπόρων', 'μονού_αποκλεισμού', 'προημιτελικούς', 'χύσι', 'σπερματικό_υγρό', 'κόκκος', 'sublime', 'αναφωνώ', 'σπόρο', 'προημιτελικό', 'προημιτελικά', 'εκσπερμάτωση', 'σπέρνω', 'σπόριο', 'πηγή', 'ημιτελικό', 'τουρνουά_μονού_αποκλεισμού', 'semifinalist', 'υγρό_εκσπερμάτωσης', 'έλα', 'ημιτελικοί', 'santi', 'σπόρος', 'ενιαία_την_εξάλειψη', 'seed', 'σπόροι', 'σπέρμα', 'σπόρους', 'seeded_player', 'τουρνουά_μονού_αποβολής', 'τουρνουά_νοκάουτ', 'final_fantasy_viii']
sew	χαρτωσιά	Not found	[]
sharp	αιχμηρές	Found close match: ['αιχμηρό']	['έξυπνος_οξυδερκής', 'απόκρημνος', 'skinheads_against_racial_prejudice', 'οξύνους', 'οξύς', 'σαρπ', 'δίεση', 'κοφτερό', 'απότομος', 'sharp_corporation', 'sharp', 'απότομη', 'αιχμηρό', 'πανούργος']
short	σύντομη	Match	['κοντή', 'σύντομη_στάση', 'shortstop', 'ανοικτή_πώληση', 'σύντομο', 'ακάλυπτη_πώληση', 'shortselling', 'ανοικτές_πωλήσεις', 'σύντομο_θέμα', 'short_selling', 'σύντομος', 'βραχυκυκλώματος', 'δύο_reeler', 'ανοιχτή_πώληση', 'ξαφνικά', 'short', 'μικρού_μήκους_ταινία', 'κοντός', 'απότομα', 'σύντομη_πώληση', 'ταινία_μικρού_μήκους', 'κινουμένων_σχεδίων_μικρού_μήκους', 'βραχυπρόθεσμη_πώληση', 'σύντομη', 'shortstops', 'ταινίες_μικρού_μήκους', 'αρνητική_θέση', 'βραχυκύκλωμα']
sing	τραγουδούν	Match	['τραγουδούν', 'leisure', 'καθαρά_φωνητικά', 'τραγουδιστές', 'τραγούδα', 'σφυρίζω', 'φωνητικά', 'τραγουδιστής', 'προφέροντας', 'τραγουδήστε', 'τραγουδήσει', 'τραγούδι', 'τραγουδώ', 'αρμονία_φωνητικά', 'άδω', 'γυναικεία_φωνητικά', 'ψέλνω', 'sing', 'τραγουδάω', 'άσμα']
sit	κάθονται	Match	['ιππεύω', 'καβαλάω', 'ἐλαύνω', 'καβαλικεύω', 'καθίζω', 'κάτσε', 'κάθονται', 'κάθομαι', 'καθίσει']
skin	δέρμα	Match	['κύκλωμα_κάρτα', 'plugins', 'πλακέτα_τυπωμένου_κυκλώματος', 'day_for_night', 'δερμα', 'skinnable', 'almost_human', 'ψυχιατρικό_νοσοκομείο', 'αεροπλάνο_δύναμη', 'ray_of_light', 'χρώς_χρῶμα_ῥινός_δέρμα_ἀσκός', 'εμφάνιση', 'πρόσθετο', 'φλούδα', 'ψυχιατρείο', 'ψυχιατρικό_ίδρυμα', 'φλοιός', 'επιδερμίδα', 'skin', 'γδέρνω', 'blender', 'κυττάρων_του_δέρματος', 'κυκλωμάτων', 'ψυχιατρική_κλινική', 'κυκλώματος', 'ψυχική_σπίτι', 'δερματική', 'το_δέρμα', 'ψυχιατρικό_άσυλο', 'ξεφλουδίζω', 'τυπωμένου_κυκλώματος', 'χρώς_χρῶμα', 'cutis', 'δέρμα', 'πετσί', 'χρώς', 'άσυλο', 'προσθήκη', 'χρώς_χρῶμα_ῥινός', 'εφυμενίδος', 'χρώς_χρῶμα_ῥινός_δέρμα', 'plugin', 'αυστραλίας_ιθαγενών_συγγένεια']
sky	ουρανό	Match	['sky_airlines', 'αέρα', 'γήινη_ατμόσφαιρα', 'ατμόσφαιρα_της_γης', 'αέρας', 'γαλάζιο', 'ουρανού', 'ζαφειρένιο', 'ουρανόςμπλε', 'γαλανός', 'γαλανό', 'βαθυκύανο', 'cerulean', 'σκάι', 'credo', 'sky', 'stacey_king', 'lazuline', 'ατμοσφαιρικός_αέρας', 'ετερόσφαιρα', 'team_sky', 'ρίχνω', 'ουρανό', 'ουρανός', 'κυανός', 'winx_club', 'ατμόσφαιρα', 'thatgamecompany']
sleep	αϋπνία	Incorrect	['κοιμήσου', 'μισοκοιμάμαι', 'ανάπαυση', 'αιώνιο_ύπνο', 'υβριδική_αναστολή_λειτουργίας', 'the_black_parade', 'κατάσταση_αναμονής', 'αιώνια_ανάπαυση', 'sopor', 'αδρανοποίησης', 'κοιμηθεί', 'νάρκη', 'αδρανοποίηση', 'αναστολή_λειτουργίας', 'ύπνος', 'ὕπνος', 'κοιμάται', 'ύπνο', 'sleep']
small	μικρό	Match	['small', 'john_kunkel_small', 'μικρός', 'μικρό', 'μικρή', 'μικροσκοπικός', 'οσφυϊκή', 'μικρές', 'αδύναμος', 'μικρά']
smell	οσμή	Match	['δυσάρεστη_οσμή', 'άρωμα', 'οσφρητική_ιδιοκτησίας', 'αίσθηση_της_όσφρησης', 'οσφραίνομαι', 'οσφρητική_τροπικότητα', 'αίσθηση', 'οσμίζομαι', 'όσφρηση', 'οσφραντικός', 'αισθάνομαι', 'μυρωδιά', 'όσφρησις', 'οσμές', 'βρομώ', 'συναισθάνομαι', 'οσμή', 'οσφρητική_αντίληψη', 'μύρισμα', 'μυρίζει', 'οσφρητική_αίσθηση', 'μυρίζω', 'βρομάω', 'τόνο', 'άοσμο', 'πνεύμα']
smoke	καπνό	Match	['καπνίζω', 'καπνό', 'sens', 'καρφί_φέρετρο', 'νικοτιανή', 'fastball', 'χρήσης_καπνού', 'αναθυμιάσεις', 'μαριχουάνα', 'πράσινο_θεά', 'φύλλα_καπνού', 'καπνός', 'ρολό_του_καπνού', 'nicotiana', 'yin_yang_yo', 'κάπνισμα', 'φυτό_του_καπνού', 'καπνισμός', 'τσιγάρα', 'σιγαρέτο', 'αμκε', 'mary_jane', 'kannò', 'αποτσίγαρο', 'μαγνητοοπτικού_φαινομένου_kerr', 'smoke', 'χόρτο', 'τσιγάρο']
smooth	οξύληκτα	Incorrect	['gerald_albright', 'λεία', 'smooth', 'εξομαλύνω', 'γυαλίζω', 'ομαλή', 'ισορροπία', 'ισιώνω', 'stypsis', 'ξηρό', 'λειαίνω', 'εξομαλύνουν', 'σώμα', 'λείο', 'μεταλλικότητα']
snake	τερατόμορφο	Incorrect	['φίδι_στο_γρασίδι', 'φιδιού', 'κώδικα_gray', 'φίδι', 'ύδρα', 'snake', 'φίδια', 'solid_snake', 'προχωρώ_οφιδοειδώς', 'φιδάκι', 'οφίδια', 'snake_jailbird', 'snake_river', 'φιδοσέρνομαι', 'serpentes', 'ophidian']
snow	χιόνι	Match	['χιονόπτωση', 'μύτη_καραμέλα', 'χιονόπτωσης', 'χιών', 'charles_percy_snow', 'χιονίζω', 'snow', 'baron_χιόνι_του_λέστερ', 'γ_π_χιόνι', 'χιόνι', 'υπόλευκο', 'σνόου', 'ελεφαντόδοντο', 'ffmpeg']
some	κάποιες	Found close match: ['κάποιος', 'κάποια', 'κάποιοι']	['ή_έτσι', 'κάποια', 'κοντά', 'περισσότερο_ή_λιγότερο', 'κάποιοι', 'περίπου', 'μερικές', 'μερικοί', 'κάποιος', 'μερικά']
spit	ποταμάκι	Not found	[]
split	διαχωρίστηκαν	Incorrect	['σπαλάτο', 'σπλιτ', 'σπλίτ', 'ομοζυγώτη', 'σκάω', 'ετεροζυγώτη', 'διασπασμένο_λεύκωμα', 'ετεροζυγώτες', 'birds_of_prey', 'ομόζυγα', 'ομοζυγώτες', 'διάσπαση', 'ρεκόρ_διάσπαση', 'εκρήγνυμαι', 'διαχωρισμός', 'split', 'διαίρεση', 'ημίζυγα', 'τεμαχίζω', 'σκάσει', 'σχίζω', 'μοιρασιά', 'διχασμός', 'σχίσμα', 'ομοζυγωτία', 'χωρίζω', 'ετεροζυγωτίας', 'ετερόζυγα', 'χωρίσουν', 'ετεροζυγωτία', 'διαιρώ', 'κινούμαι', 'σκίσιμο', 'σπάσιμο', 'ζυγωτίας', 'χωρίζομαι', 'ἀσπάλαθος', 'κατάργηση', 'σπάω', 'split_μετοχών']
squeeze	τρύπημα	Incorrect	['στύψιμο', 'συμπιέζω', 'κρίση_ρευστότητας', 'σφιχταγκαλιάζω', 'στραγγίζω', 'τσιμπώ', 'zugzwang', 'αγκάλιασμα', 'συνθλίβω', 'συντρίβω', 'πιέστε', 'αγκαλιάζω', 'αγκαλιά', 'σφίγγω', 'λιώνω', 'αναγκάσει', 'εξαναγκάζω', 'το_αγκάλιασμα', 'squeeze', 'σφίξε', 'υποχρεώνω', 'πιστωτική_κρίση']
stab	τραυματίσει	Incorrect	['τρυπώ', 'βυθίζω', 'χώνω', 'scream_2', 'απόπειρα', 'μαχαιριά', 'μπάζω', 'μαχαιριά_κέρατο', 'σκίρτημα', 'ώθηση_μαχαίρι', 'μαχαιρώσει', 'μαχαιρώνω', 'ευκαιρία', 'μπήγω']
stand	καθίσει	Incorrect	['η_παράξενη_περιπέτεια_του_τζότζο', 'εξέδρα', 'διατελώ', 'θεώρηση', 'εκθετήριο_αντικειμένων', 'σταθεί', 'φυτεία', 'ράφι', 'οπτική_γωνία', 'φυτεία_ζάχαρης', 'φυτεία_βαμβακιού', 'πάγκος', 'θεμέλιο', 'στασιμότητα', 'οπωρώνα', 'υπομένω', 'θέση', 'φυτεία_καφέ', 'βάση', 'άποψη', 'υπαίθρια_σκηνή', 'φυτεία_καουτσούκ', 'αντέχω', 'woodlet', 'επιχειρήσεις', 'σταμάτημα', 'στέκομαι', 'δενδρόκηπος', 'κιόσκι', 'ακινησία', 'susan_ashton', 'φυτείες_ζάχαρης', 'στήνω', 'υπάρχω', 'συνεργασία', 'βρίσκομαι', 'πωλήσεις_περίπτερο', 'άλσος', 'ανέχομαι', 'φυτείες', 'orchardist', 'οπωρώνας', 'stand', 'ισχύω', 'οπωρώνες']
star	αστέρα»	Found close match: ['αστέρια', 'αστέρας', 'αστέρι']	['estelle', 'πίσσα', 'πρωταγωνιστής', 'mavin', 'πρωταγωνίστρια', 'ilean_almaguer', 'μάγος', 'απλανής', 'αστέρων', 'headliner', 'αστέρας', 'με_πρωταγωνιστή', 'αστερίσκο', 'άσος', 'σταρ', 'αστέρες_του_κινηματογράφου', 'δίκτυο_αστέρι', 'αστέρι', 'διασημότητα', 'ποπ_σταρ', 'targz', 'maven', 'μέσα_ενημέρωσης_προσωπικότητα', 'αστερίσκος', 'wiz', 'αστέρες', 'γράφημα_αστέρι', 'πολύγωνο_αστέρι', 'διασημότητες', 'ξενοδοχείο_πέντε_αστέρων', 'star', 'κέφαλος', 'σταρ_του_σινεμά', 'τοπολογία_αστέρα', 'xerox_star', 'στεροειδογόνου_οξείας_ρυθμιστικής_πρωτεΐνης', 'the_rise_and_fall_of_ziggy_stardust_and_the_spiders_from_mars', 'άστρο', 'hotshot', 'ταινία_αστέρων', 'σφυρίζω', 'έμπειρος', 'διάσημο_πρόσωπο', 'σούπερ_σταρ', 'αστέρια', 'tar']
stick	ακουμπήσουν	Incorrect	['ξύλο', 'joystick', 'κέρατο', 'χειροκίνητο', 'σύντομη_λεβιέ_ταχυτήτων', 'συγχρονιζέ', 'κολλώ', 'american_standard_κώδικας_για_ανταλλαγή_πληροφοριών', 'κοινό', 'τσιγάρο_μαριχουάνας', 'εναποθέτω', 'σαστίζω', 'εναποθηκεύω', 'κλόμπ', 'τσιγαριλίκι', 'προσφύομαι', 'μπαστούνια', 'καταπλήσσω', 'γκλοπ', 'χειριστήρια', 'χειριστήριο', 'billystick', 'πρότυπο_μετάδοσης', 'ραβδί', 'εκπλήσσω', 'billy_club', 'μπαστούνι', 'nightstick', 'μετατόπιση_ραβδί', 'συγκεντρώνω', 'ραβδί_ελέγχου', 'γάρο', 'κοτσάνι', 'αμερικανικός_πρότυπος_κώδικας_για_ανταλλαγή_πληροφοριών', 'γκλομπ', 'βιβλιοδετώ', 'κλαρί', 'προσκολλώμαι', 'μπάφος', 'ascii', 'clapstick', 'spliff', 'αμερικάνικος_πρότυπος_κώδικας_ανταλλαγής_πληροφορίας_ascii', 'πατατούκα', 'κλαδί', 'ascii_κώδικας', 'βέργα', 'συγχρονισμένο']
stone	πέτρα	Match	['λούσι_στόουν', 'edward_stone_durell', 'λιθοβολώ', 'harlan_fisk_stone', 'ημιπολύτιμους_λίθους', 'πολύτιμος_λίθος', 'isidor_stone_feinstein', 'στόουν', 'oliver_stone', 'fiske_harlan_stone', 'harlan_stone', 'πέτρινο', 'picul', 'πολύτιμων_λίθων', 'βράχο', 'πολύτιμοι_λίθοι', 'πέτρα', 'πέτρωμα', 'harlan_f_stone', 'ι_φ_στόουν', 'ενδοκάρπιο', 'ροκ', 'lucy_stone', 'πετρώματα', 'λίθος', 'πέτρες', 'κουκούτσι', 'stone', 'πολύτιμους_λίθους', 'harlan_fiske_stone', 'βράχος', 'κοσμήματα']
straight	ευθεία	Match	['ευθεία', 'ετερόφυλος', 'στην_ευθεία', 'ετερο', 'σταυρό', 'κατευθείαν', 'ίσια', 'τελική_ευθεία', 'στρέιτ', 'ετεροφυλόφιλος', 'straight', 'ετεροφυλοφιλία', 'ετεροσεξουαλισμός', 'άμεσα', 'ετεροφυλόφιλο_άτομο', 'αμέσως', 'ευθύς', 'ευθεία_πρόσωπο', 'κέντα', 'ετεροφυλόφιλοι']
suck	ρουφάει	Found close match: ['ρουφάω', 'ρουφώ']	['εκμυζώ', 'θηλάζω', 'βυζαίνω', 'ρουφώ', 'ρουφάω', 'ρούφηγμα', 'χάλια', 'πιπίλισμα', 'αναρρόφησης']
sun	ήλιος	Match	['θερμοκρασία_ηλίου', 'sun', 'απλανείς_αστέρες', 'ἥλιος', 'utu', 'κυρ', 'κυριακή', 'ηλιακού_φάσματος', 'λιακάδα', 'ημέρα_του_κυρίου', 'σταθερό_αστέρι', 'cun', 'φως_ήλιου', 'ήλιος', 'φως', 'σαμάς', 'sun_microsystems', 'φυσικό_φωτισμό', 'ηλιόφως', 'utug', 'σουν', 'ηλιακή_ακτινοβολία', 'αφροδίτη', 'ούτου', 'ηλιακό_φως', 'απλανής_αστήρ', 'σταθερό_άστρο', 'δίας', 'κάνω_ηλιοθεραπεία', 'sun_television', 'ήλιο', 'the_sun', 'dominicus', 'σελήνη']
swell	ανυψωθεί	Not found	[]
swim	κολυμπήσουν	Found close match: ['κολυμπώ', 'κολυμπάω']	['κολύμβηση', 'κολύμπι', 'κολυμπώ', 'ανταγωνιστική_κολύμβηση', 'ray_of_light', 'μπάνιο', 'κολυμπάω', 'επιπλέω', 'επιπολάζω']
tail	πτερύγιο	Incorrect	['κοιλιοπλευρική', 'shadower', 'πρύμνη', 'ετερόπλευρο', 'πελματιαία', 'tailender', 'γλουτούς', 'empennage', 'tail', 'λίστα_χτυπήματος', 'ανατομικές_αφορά_την_τοποθεσία', 'ουρά', 'περιοχή_των_γλουτών', 'πίσω', 'ψωμάκια', 'αναπληρωτές', 'keister', 'πίσω_άκρο', 'γλουτοί', 'για_να_κτυπήσει', 'οὐρά', 'σπονδυλοκοιλιακό', 'οπίσθια', 'χαυλιόδοντας', 'βασική', 'ουρά_συναρμολόγησης', 'ουράτέλος', 'ουράς', 'μεσαία_τάξη', 'καταδιώκω', 'ουραία', 'σφαιριστής_ανοίγματος', 'άπω', 'derriere', 'ουραίο', 'κυνηγώ', 'aboral', 'tooshie', 'κωλομέρια', 'όροι_για_την_ανατομική_θέση', 'της_γραμμή', 'πισινός', 'πρυμναίο_τμήμα', 'ουράender', 'dorsolateral', 'εγγύς', 'οπισθίως', 'κώλος']
that	ότι	Match	['that', 'thaat', 'αυτό', 'τόσο', 'ότι']
there	υπάρχει	Incorrect	['προς_τα_εκεί', 'εκεί', 'εκείσε', 'εκει']
they	δεν	Incorrect	['φύλο_αντωνυμία', 'they', 'ξένον', 'ατομικός_αριθμός_54', 'αυτοί', 'xe', 'ξένο']
thick	πριονωτά	Incorrect	['παχιά', 'παχύ', 'μέσο']
thin	ημιδιαφανές	Incorrect	['αδύνατος', 'λεπτός', 'λεπταίνω', 'λεπτή', 'λεπτό', 'αδυνατίζω', 'ισχνός', 'ψιλός', 'ραδινός']
think	νομίζω	Match	['think', 'σκοπεύω', 'φανταστείτε', 'σκέψη__σκέψεις', 'φαντάζομαι', 'intellection', 'αναπολώ', 'υποθέτω_ότι', 'σκέφτομαι', 'σκέψου', 'εννοώ', 'σκέψεις', 'πρόθεση', 'σκέψη', 'υποθέτω', 'σκέφτομαι_έντονα', 'σκεπτόμενος', 'πιστεύω', 'έντονη_σκέψη', 'εικάζω', 'εφαρμογή', 'νομίζω', 'θέλω', 'διανόηση', 'σκεφτείτε', 'θυμάμαι', 'διαδικασία_της_σκέψης', 'σκέψης']
this	αυτό	Match	['αυτό', 'εμένα', 'με', 'this', 'αυτο', 'thinis']
three	πέντε	Incorrect	['prong', 'ternion', 'three', 'τρίο', 'τρίστιχο', 'κατορθωτής', 'δυάριάσσο', 'τρία', '3', 'τρια', 'iii', 'santana_iii', 'τρεις', 'τριαδικός', 'διάδοχος', 'τρίγωνο', 'terzetto', 'bob_sinclar', 'seventeen_seconds']
throw	τρεξίματα	Incorrect	['αποβάλλω', 'cam_εγκεφαλικό_επεισόδιο', 'χάλκινα_πνευστά', 'δώσει', 'εκτοξεύω', 'πέτα', 'χάλκινο_όργανο', 'εκσφεδονίζω', 'ρίπτω', 'ρίχνει', 'όργανο_ορείχαλκου', 'ρίξει', 'εκτίναξη_juggling', 'προκαλώ_σύχγυση', 'ρίχνω', 'μπερδεύω', 'πετώ', 'ανάβω', 'χάλκινα_πνευστά_της_συμφωνικής_ορχήστρας', 'έχουν', 'προκαλώ_σύγχυση', 'εγκεφαλικό_επεισόδιο', 'δίνω']
tie	ισοπαλία	Match	['δέω', 'γραβάτες', 'στρωτήρων_σιδηροδρόμων', 'συνδέoμαι', 'γραβάτα_δέσμη', 'σύνδεσμος', 'σύνδεση', 'linkup', 'ισοφαρίζω', 'παντρεύω', 'δημιουργώ_ζεύξη', 'γραβάτα', 'tiein', 'λαιμοδέτης', 'ισοπαλία', 'συμμετοχή', 'στεφανώνω', 'crosstie', 'ενώνω', 'γραβάτα_σιδηροδρόμου', 'δένω', 'δεσμούς_σιδηροδρόμου', 'συνδέω']
tongue	μυτερό	Incorrect	['γλωσσολαλία', 'lingua', 'γλώσσες', 'φυσικές_γλώσσες', 'φυσική_γλώσσα', 'λωρίδα_ξηράς', 'γλώσσα', 'tongue', 'γλώσσας', 'γλώσσα_του_βοείου_κρέατος', 'lengua', 'γλωσσολαλιά']
tooth	δόντια	Match	['δόντια', 'ανθρώπινο_δόντι', 'δόντι']
tree	δέντρο	Match	['κόμβος_φύλλου', 'ξύλο', 'δένδρο', 'δάσος', 'υποδέντρο', 'δέντρo', 'δέντρο', 'ο_sir_herbert_beerbohm_tree', 'δενδρύλλιο', 'σαρλότ_μπροντέ', 'ιερό_δέντρο', 'υποδένδρο', 'δέντρα', 'δεντρί', 'εσωτερικό_κόμβο', 'herbert_beerbohm_tree', 'διάγραμμα_δέντρο', 'γονικός_κόμβος', 'charlotte_bronte', 'δεντρο']
turn	στροφή	Match	['στοιχεία_έμφασης', 'σημείωση_χάριτος', 'επαναφορά', 'πιρουέττα', 'στρογγυλή_στροφή', 'acciaccatura', 'οργώνω', 'διακόσμηση', 'συστροφή', 'βόλτα', 'ξινίζω', 'γύρος', 'τη_σειρά_των_γεγονότων', 'στρίψιμο', 'τρέπομαι', 'γυρίζω', 'μετατρέπομαι', 'ρητή_τριγωνομετρία', 'μετατρέψει', 'στρέφω', 'γύρισμα', 'αναστρέφω', 'μεταμορφώνω', 'αναποδογυρίζω', 'καλή_σειρά', 'στροφή', 'περιστρέφω', 'αλλάζω_κατεύθυνση', 'μηχανική_παιχνίδι', 'perigon', 'γίνει', 'μουσική_διακόσμηση', 'αλλάζω_κατάσταση', 'πιρουέτα', 'θεατρικό_νούμερο', 'σειρά', 'κατευθύνω', 'στρογγυλό_στροφή', 'appoggiatura', 'πράξη', 'τρόπο_παιχνιδιού', 'σημείο_νίκη', 'στρογγυλή_γωνία', 'γίνομαι', 'μηχανικό_παιχνίδι', 'στολίδι', 'ορθολογική_τριγωνομετρία']
two	δύο	Match	['two', 'κατορθωτής', 'διάδοχος', '2', 'στήριγμα', 'ii', 'δύο', 'δυο']
vomit	αιμόπτυση	Incorrect	['εμετικό', 'barf', 'εμετικός', 'έμεσμα', 'εξεμώ', 'έμετος', 'disgorgement', 'κανω_εμετό', 'έμεση', 'παλινδρόμηση', 'puking', 'κάνει_εμετό', 'ξερνάω', 'εμετό', 'nauseant', 'κάνω_εμετό', 'εμετός', 'ξερνώ']
walk	περπατάνε	Found close match: ['περπατάωώ', 'περπατώ', 'περίπατος']	['περπατάωώ', 'συνοδοιπορώ', 'πέρασμα', 'γράφημα', 'βόλτα', 'βάση_για_μπάλες', 'δρόμος_περιπάτου', 'διέρχομαι', 'κόμβος_γραφήματος', 'βάσεις_στις_σφαίρες', 'walk', 'βάδιση', 'τα_πόδια_της_ζωής', 'ακολουθώ', 'τρόπο_από_το_περπάτημα', 'βαδίζω', 'paseo', 'διάβαση_πεζών', 'απλό_γράφημα', 'περπατώ', 'γράφος', 'συνοδεύω', 'περίπατος', 'περπάτημα', 'παίρνω_αέρα', 'μηκατευθυνόμενο_γράφημα']
warm	ζεστό	Match	['στοργικός', 'κάνω', 'ζεστά', 'ζεσταίνομαι', 'φιλόστοργος', 'ζεστή', 'θερμός', 'ζεστός', 'ζεστό']
wash	στεγνώσει	Found close match: ['στεγνώσει_ξεπλύνετε']	['buried', 'πλύση', 'arroyo', 'καθαρίζω', 'the_wash', 'στεγνώσει_ξεπλύνετε', 'lavation', 'washables', 'πλένομαι', 'σάρωση', 'υγραίνω', 'έκπλυσης', 'λουτρό', 'slipstream', 'unearthed', 'ξερολάγγαδο', 'πλύνετε_σχέδιο', 'πλύστρα', 'lost_dogs', 'ανατροχασμός', 'πλύσιμο', 'μπουγάδα', 'ρεύμα_αέρα', 'πλένω', 'επιχρίω']
water	νερό	Match	['φράχτη_πτώση', 'δημοτικό_σύστημα_ύδρευσης', 'θαλάσσια_ύδατα', 'κρύσταλλος', 'σώμα_του_νερού', 'σύστημα_υδροδότησης', 'water', 'πάγο', 'h2o', 'η2ο', 'υδρατμοί', 'πρόσληψη_νερού', 'ύδρευση', 'μόριο_νερού', 'υδροδότηση', 'αγκωνάρι', 'ούρα', 'weewee', 'υδρατμών', 'δίκτυο_ύδρευσης', 'πηγή_νερού', 'υδατικά_συστήματα', 'ατμός', 'σύστημα_ύδρευσης', 'blood_red_shoes', 'υδρατμός', 'συγκομιδή_πάγου', 'quoins', 'θάλασσα', 'υδάτινο_σώμα', 'φαινκυκλιδίνη', 'ούρο', 'ιδιότητες_του_νερού', 'υδάτινα_σώματα', 'h₂o', 'υγρό_νερό', 'νερό', 'διανομή_νερού', 'νερο', 'υδροχλωρική_φαινκυκλιδίνη', 'κατουρώ', 'γωνία', 'βιομηχανικών_λυμάτων', 'οξείδιο_του_υδρογόνου', 'παροχή_νερού', 'πάγος', 'ύδωρ', 'σκόνη_αγγέλου', 'αζωτούχων_αποβλήτων']
we	αγαπιόμαστε	Not found	[]
wet	υγρασία	Match	['υγρασία', 'wet', 'υγρός', 'υδροχλωρική_φαινκυκλιδίνη', 'φαινκυκλιδίνη', 'υγρή', 'υγραίνω', 'νοτισμένος', 'νοτερός', 'βρεγμένος', 'υγρό', 'σκόνη_αγγέλου']
what	τι	Match	['τι']
when	όταν	Match	['πότε', 'οταν', 'όταν', 'diamonds_for_breakfast']
where	όπου	Match	['όπου', 'πού']
white	λευκό	Match	['λευκά', 'ινδοευρωπαίος', 'andrew_d_white', 'ασπράδια_αυγών', 'ε_β_λευκό', 'καυκάσιος', 'καυκάσιοι', 'λεύκωμα', 'ελεφαντόδοντο', 'πάτρικ_γουάιτ', 'white_airways', 'άσπρο_πρόσωπο', 'λευκό', 'τρία_χρώματα_η_λευκή_ταινία', 'blackface', 'τ_η_white', 'λατίνος', 'άσπρο', 'χρώμα_του_δέρματος', 'edward_d_white', 'άσπρος', 'ισπανικός', 'λευκός', 'pieris', 'edward_douglas_white_νεώτερος', 'patrick_white_victor_martindale', 'stanford_white', 'ασπράδι_αυγού', 'λευκή', 'ωολευκωματίνη', 'andrew_dickson_white', 'υπόλευκο', 'ασπρίζω', 'planeswalker', 'θεόδωρος_harold_λευκό', 'patrick_white', 'τον_τόνο_του_δέρματος', 'καυκασοειδείς', 'το_χρώμα_του_δέρματος', 'καυκασοειδείς_αγώνα', 'μαύρος', 'καυκάσια_φυλή', 'ασπράδι', 'white_river', 'λευκή_φυλή', 'λευκοί', 'elwyn_brooks_white', 'edward_white', 'λευκό_άνθρωποι', 'caucasoids', 'άλλες_φυλές']
who	αξιοσέβαστος	Incorrect	['που', 'jim_neidhart', 'παγκόσμιος_οργανισμός_υγείας', 'ποιος', 'ο_παγκόσμιος_οργανισμός_υγείας', 'world_health_organization', 'who', 'zayn', 'the_who', 'παγκόσμια_οργάνωση_υγείας', 'oms', 'zayn_malik']
wide	ευρύ	Match	['εκτεταμένος', 'πλατιά', 'ευρύ', 'ευρύς', 'ευρεία', 'πλατύ']
wife	σύζυγο	Match	['συμβία', 'σύζυγο', 'γυναίκα', 'παντρεμένη_γυναίκα', 'σύζυγος']
wind	ανέμους	Match	['αέρα', 'πνευστά_όργανα', 'πνευστό_όργανο', 'πορδή', 'κλανιά', 'αέρας', 'εμπιστευτικές_πληροφορίες', 'κοφτή_ανάσα', 'αδράνειας_λέξεις', 'akeboshi', 'ανεμοδείκτης', 'στρίψιμο', 'malarky', 'πνευστό', 'wind_hellas', 'υποψήφιος', 'αιολική', 'πνευστά_μουσικά_όργανα', 'πνευστά', 'κούρδισμα', 'farting', 'οσμίζομαι', 'ανέμους', 'ελίσσομαι', 'υποψήφιος_πελάτης', 'πομπώδης', 'κούρντισμα', 'περιέλιξη', 'tim_hellas', 'άνεμος', 'κουδούνι', 'σηκώνω', 'ριπή_ανέμου', 'ρεύμα_αέρος', 'malarkey', 'άνεμο', 'wind', 'ρεύμα_αέρα', 'κυρτώνω', 'εκκαθάρισης', 'ηλεκτρομαγνητικό_πηνίο', 'telestet', 'υποψήφιος_πελάτης_πώλησης', 'καμπυλώνω']
wing	πτέρυγα	Match	['hindwing', 'tighthead_στήριγμα', 'μύγαμισό', 'προσάρτημα', 'συνοδευτικά', 'προφυλακτήρας', 'ανεμόπτερα', 'εσωτερικό_κέντρο', 'συνοδευτικά_ελιγμών', 'έξω_από_το_κέντρο', 'τροχού_καλά', 'flyhalf', 'εντόμων_πτήσης', 'πετάξει', 'πτέρυξ', 'αριστερή_συνοδευτικά', 'guardforward', 'παράρτημα', 'swingman', 'στήριγμα_προς_τα_εμπρός', 'παρασκηνιακός', 'πετώ', 'φτερουγίζω', 'gone_again', 'παρασκήνια', 'πρώτα_πέντεόγδοο', 'wing', 'φτερούγα', 'φτερό', 'αεροτομή', 'παρασκήνιο', 'πτέρυγα']
wipe	καθαρίσει	Not found	[]
with	με	Match	['με']
woman	γυναίκα	Match	['γυναίκες', 'woman', 'charlady', 'θηλυκά', 'παραδουλεύτρα', 'θηλυκός', 'ωραίο_φύλο', 'νάνσι_μπενουά', 'θηλυκό', 'καθαρισμού_γυναίκα', 'nancy_benoit', 'klaatu', 'καθαρίστρια', 'γυναίκα', 'γυναικα', 'γυνή', 'ενήλικο_θηλυκό']
worm	σαλιγκάρι	Incorrect	['σκουλήκι', 'μπάλα_βρωμιά', 'σπαρταράω', 'σκουλήκι_υπολογιστή', 'γαιοσκώληκες', 'ιός_τύπου_worm', 'worm', 'μία_εγγραφή_πολλές_αναγνώσεις']
year	έτος	Match	['χρόνια', 'μεγάλο_χρονικό_διάστημα', 'τροπικού_έτους', 'ισονύκτιος_χρόνια', 'ma', 'αστρονομικά_χρόνια', 'ηλιακό_ημερολόγιο', 'ετος', 'δωδεκάμηνο', 'gigaannum', 'megaannum', 'έτος', 'δωδεκάμηνος', 'yr', 'χρονιά', 'ετησίως', 'έτο', 'χρόνος', 'ηλιακό_έτος', 'τροπικό_έτος', 'ηλικία', 'εποχή', 'ἔτος', 'anomalistic_χρόνια', 'τάξη']
yellow	κίτρινο	Match	['κίτρινο', 'hwang_ho', 'φοβιτσιάρης', 'φοβητσιάρης', 'κίτρινο_ποτάμι', 'δειλός', 'ξανθιά', 'κίτρινα', 'ξανθά_μαλλιά', 'κίτρινος_ποταμός', 'ξανθά', 'ώχρα', 'eiko_shimamiya', 'κίτρινη', 'yellow', 'huang_he', 'κίτρινος', 'zebrahead', 'hong_jinho', 'κιτρινίλα', 'χουάνγκ_χε']
you	μπορούσατε	Incorrect	['no_control', 'εσυ', 'σεις', 'amy_lee', 'έιμι_λι', 'you', 'pablo_honey', 'janne_da_arc', 'monster', 'εσύ', 'εσείς', 'fly', 'the_real_testament']
