all	alle	Match	['totaal', 'alle', 'compleet', 'universele_kwantor', 'hints_allegations_and_things_left_unsaid', 'al', 'helemaal', 'albenga_airport', 'volledig', 'alles', 'geheel', 'universele_kwantificatie', 'allen', 'universele_sluiting', 'all', 'acute_lymfoblastische_leukemie', 'acute_lymfoïde_leukemie', 'universaliteit', 'zonder_uitzondering', 'acute_lymfatische_leukemie', 'bcr', 'alkwantor', 'allemaal']
and	en	Match	['logische_combinatie', 'conjunctie', 'sehun', 'logische_schakeling', 'and', 'discrete_logica', 'armed_and_dangerous', 'logische_conjunctie', 'schakelalgebra', 'conjunct', 'en', 'logische_poorten', 'logische_poort']
animal	dieren	Match	['dier', 'creaturetype', 'macrofauna', 'fauna', 'joseph_laurinaitis', 'animal_science', 'gedierte', 'dierlijk_systeem', 'animeren_zijn', 'dierlijke_voortplanting', 'animal', 'epifauna', 'wasp', 'dieren', 'animalia', 'epifaunal', 'dierenwereld', 'beest', 'schepsel', 'creatuur', 'road_warrior_animal', 'plant', 'far_east_movement', 'meercelligen', 'infauna', 'dierenrijk', 'dierenleven', 'reality_check', 'wezen']
ashes	grafkist	Incorrect	['the_perfect_element_part_i', 'as', 'post_mortem', 'the_ashes', 'ashes']
at	bij	Not found	[]
back	terug	Match	['achteruitrijden', 'ommezijde', 'achterste', 'couverture', 'back', 'tighthead_prop', 'zetten', 'centrumback', '백', 'achterspeler', 'rachis', 'fly_half', 'achter', 'dubbele_svorm', 'binnenkant_het_centrum', 'wervels', 'ruggensteunen', 'eerste_vijfachtste', 'achterhoedespeler', 'aan_iemands_kant_staan', 'boekbinden', 'buiten_het_centrum', 'ruggengraat', 'achterzijde', 'baek', 'flyhalf', 'achteruitsteken', 'ruggegraat', 'gaan', 'ruggesteunen', 'aarspil', 'boekomslag', 'verdediger', 'achterst', 'achteruitgaan', 'adopteren', 'cover', 'wervelzuil', 'rugsteunen', 'rechtsback', 'rug', 'wervelkolom', 'schacht', 'band', 'rijden', 'aanbevelen', 'achterliggen', 'steunen', 'rugleuning', 'ruggestreng', 'omslag_kaft', 'terug', 'bijstaan', 'onderschrijven', 'omslag', 'inzetten', 'linksback', 'back_bolzano', 'goedkeuren', 'kaft', 'achterkant', 'ruggenstreng', 'sterken', 'ondersteunen', 'boekband', 'achteruit', 'stijven', 'stofomslag', 'achteruitwijken']
bad	vervelende	Incorrect	['immorele', 'kwaad', 'immoreel', 'slechtheid', 'rans', 'barksdale_air_force_base', 'verrot', 'royce_da_59', 'rot', 'bad_karnataka', 'bad', 'ranzig', 'bcl2geassocieerde_death_promoter', 'slechte', 'evilness', 'bad_world_tour', 'bad_25', 'rotte', 'big_audio_dynamite', 'bedorven', 'rottig', 'slecht']
bark	boomschors	Match	['zeilbootje', 'ilyushin_il2_shturmovik', 'gekef', 'blaffen', 'iljoesjin_il2', 'bark', 'ilyushin_il2', 'schil', 'geblaf', 'boomschors', 'zeilboot', 'barkschip', 'bast', 'periderm', 'tong', 'blaf', 'schors']
because	omdat	Match	['omdat', 'because', 'daar', 'aangezien', 'want', 'dewijl', 'vermits']
belly	buik	Match	['menselijke_buik', 'spekbuik', 'buik', 'onderbuik', 'rijstbuik', 'pens', 'maag', 'abdominaal', 'hangbuik', 'buikje', 'belly', 'balg', 'buikspieren', 'abdomen', 'embonpoint', 'bierbuik']
big	big	Match	['groot', 'norm_nixon', 'bjarke_ingels_group', 'running_on_karma', 'fruit', 'groots', 'big', 'evenwicht', 'bouquet', 'volwassen', 'stypsis', 'lichaam', 'droge', 'groot_van_stuk', 'brassmunk', 'mineraliteit', 'boeket', 'flink', 'grote']
bird	vogel	Match	['meid', 'uitjouwen', 'boreling', 'vogeltje', 'spetter', 'jong', 'poes', 'schatje', 'haan', 'wiegenkind', 'geborene', 'fien', 'snuiven', 'poppetje', 'mikuni_shimokawa', 'nieuwgeborene', 'yardbird_parker', 'edward_bird', 'awoert', 'aves', '9_que_shimokawa_mikuni_self_cover_album', 'vogelsoort', 'avafauna', 'liefje', 'kleintje', 'pasgeborene', 'teugel', 'stoot', 'pop', 'badmintonshuttle', 'kanjer', 'the_finger', 'vederbal', 'charlie_parker', 'vinger', 'avifauna', 'bird_parker', 'chrome_reflection', 'bird', 'pluimbal', 'shuttle', 'babe', 'griet', 'vogels', 'bronx_cheer', 'brok', 'zuigeling', 'stoeipoes', 'razzing', 'charles_christopher_parker', 'vogel', 'birds', 'stuk', 'razz', 'gevogelte', 'boe']
bite	bijten	Match	['versnapering', 'hap', 'happen', 'insectenbeten', 'hapje', 'scherpe', 'insectenbeet', 'scherpte', 'snack', 'bijtwonde', 'steek', 'knabbeltje', 'stank', 'bijt', 'bijtwond', 'chomp', 'bispecifieke_tcel_engager', 'bijten', 'cep70', 'beten', 'tussendoortje', 'beet', 'bite', 'steven_hassan', 'afbijten', 'brok', 'angel', 'pikante', 'pittige']
black	zwarte	Match	['negroide', 'catastrofaal', 'beschamend', 'kleur', 'totale_duisternis', 'verfoeilijk', 'coloriet', 'negroid', 'afrikaanse_afkomst', 'zwarten', 'norfolkkalkoen_zwart', 'shirley_tempel', 'negriden', 'lightlessness', 'schaamteloos', 'zwarte_gemeenschap', 'aziatisch', 'final_fight', 'taio_cruz', 'zwarte_afrikaanse', 'colin_vearncombe', 'wit_en_zwart_in_het_schaken', 'schandelijk', 'inkiness', 'gitzwart', 'nigga', 'negers', 'sensation', 'sensation_white', 'wit', 'schamelijk', 'blacksummersnight', 'gelaatskleur', 'negroide_ras', 'roetmop', 'rampspoedig', 'negroïde', 'zwart', 'aardedonker', 'planeswalker', 'negro', 'negerinnen', 'mtg', 'negerin', 'magic_the_gathering', 'pikdonker', 'final_fight_cd', 'zwarte_persoon', 'final_fight_3', 'shirley_temple_black', 'kleur_wetenschap', 'rampzalig', 'andere_rassen', 'mount_black', 'shirley_temple', 'zwarte', 'colourmeinkindness', 'nikker', 'mengkleur', 'zwarte_vrouw', 'kleurtje', 'zwarte_vrouwen', 'kari_kimmel', 'moor', 'carl_sweezy', 'zwarte_mensen', 'negride_rassen', 'kleuren', 'ongehoord', 'joseph_black', 'kemet', 'negride', 'negroïden', 'negride_ras', 'negroïde_rassen', 'negrid', 'urza', 'neger', 'black', 'desastreus', 'negroïde_ras', 'zwarte_rassen', 'zwartmaken', 'zwarte_ras', 'teint', 'toonhoogte_zwartheid', 'latino', 'zwarte_man', 'sensation_dusseldorf', 'infaam', 'spaans', 'ergerlijk']
blood	bloed	Match	['verwant', 'afkomst', 'blood_franz_ferdinand', 'menselijk_bloed', 'losbol', 'erfelijke', 'blood', 'bloedverwant', 'bordeaux_wijn', 'hello_master', 'bloedlijn', 'rakehell', 'familielid', 'biologische_erfenis', 'bloedverwante', 'afstamming', 'bordeaux', 'lijn', 'zweet', 'vs', 'hematologische', 'genetische_erfenis', 'bloedvergieten', 'persistence_of_time', 'voorouders', 'zuurstofrijk_bloed', 'bloed', 'collective_soul', 'overerving', 'erfelijk', 'erfelijkheid', 'the_black_parade', 'cj', 'getting_away_with_murder', 'erfelijke_eigenschap', 'bloedsamenstelling']
blow	klap	Match	['verkankelemienen', 'muilpeer', 'fellatio_doen', 'hannesen', 'stuntelen', 'opsnijden', 'hijs', 'peut', 'verkankeren', 'oplazer', 'domper', 'te_water_laten', 'verspillen', 'infesteren', 'kleun', 'verkwisten', 'baffer', 'schok', 'bluffen', 'poeier', 'opscheppen', 'verknallen', 'vergallen', 'basterdsuiker', 'rukwind', 'strop', 'doodklap', 'klap', 'vermorsen', 'afzuigen', 'klunzen', 'ophakken', 'haspelen', 'blaas', 'verbroddelen', 'haal', 'blazen', 'grootspreken', 'season_11_of_csi_crime_scene_investigation', 'wit', 'coke', 'verknoeien', 'opduvel', 'hengst', 'knauw', 'bederven', 'verkwanselen', 'verkloten', 'neus_candy', 'snoeven', 'drijven', 'optater', 'lel', 'zeilen', 'verknollen', 'springen', 'vlaag', 'opstopper', 'pijpen', 'verbruien', 'oplawaai', 'verpesten', 'krukken', 'mispeuteren', 'opflikker', 'knak', 'verzieken', 'windstoot', 'verhaspelen', 'spuiten', 'blow', 'dreun', 'windvlaag', 'deuk', 'fleer', 'cocaïne', 'verbrodden', 'ram', 'afdrijven', 'opdoffer', 'patsen', 'waaien', 'sneeuw', 'peer', 'doordraaien', 'opsodemieter', 'zweven', 'naar_de_knoppen_helpen', 'pochen', 'slag', 'verprutsen', 'verstieren', 'opdonder', 'beuk', 'tegenslag', 'versjteren', 'loeier']
bone	schedelbeenderen	Found close match: ['beenderen']	['beenderen', 'slipnslide_records', 'fae_myenne_ng', 'def_jam_recordings', 'been', 'uitbenen', 'pompen', 'gebroken_wit', 'botje', 'ossale', 'beenweefsel', 'botweefsel', 'vuilwit', 'bone', 'knook', 'bones', 'vossen', 'def_jam_records', 'slipnslide', 'graat', 'arnold_boonen', 'hengsten', 'bot', 'botten', 'pezen', 'knok', 'ivoor', 'def_jam', 'blokken', 'gebeente']
breast	borstkanker	Match	['borststuk', 'torso', 'carcinoma_mammae', 'borstkanker', 'mamma', 'titty', 'mammacarinoom', 'pectus', 'boezem', 'buste', 'thoracale', 'tieten', 'mamacarcinoom', 'tet', 'ribbenkast', 'mem', 'borst', 'borstkas', 'the_breast', 'wit_vlees', 'mammacarcinoom', 'memmen', 'borstbeeld', 'thorax', 'busteportret', 'pram', 'vrouwenborst', 'mammae', 'tiet', 'borstholte', 'borsten']
breathe	ademen	Match	['asemen', 'kristof_konrad', 'ademhalen', 'monster_in_the_closet', 'great_escape', 'a_class', 'rust', 'hints_allegations_and_things_left_unsaid', 'worship_god', 'breathe', 'dark_side_of_the_moon', 'colourmeinkindness', 'iempire', 'funeral_for_yesterday', '1159', 'inademen', 'ademen', 'adem', 'the_dark_side_of_the_moon', 'music_from_the_body', 'opus', 'time', 'breathe_in_the_air', 'penni_russon', 'respireren']
burn	verbranden	Match	['kwetsen', 'opbranden', 'fc_dallas', 'laai', 'brandwonde', 'derdegraads_brandwonden', 'verbranding', 'waterlopen', 'dichtbranden', 'stroom', 'beledigen', 'stroompje', 'tweede_graad_branden', 'dichtvriezen', 'zonnebrand', 'gebruinde_kleur', 'derde_graad_branden', 'waterstroom', 'branderigheid', 'fikken', 'burn', 'intermitterende_stroom', 'toevriezen', 'in_brand_staan', 'vuur', 'tan', 'waterloop', 'beken', 'brandwond', 'brandwonden', 'watergang', 'fik', 'brand', 'vlammend', 'vlam', 'beek', 'derdegraads_verbranding', 'hamilton', 'burn_mark', 'afbranden', 'verbranden', 'beekje', 'ruisseau', 'super', 'dallas_burn', 'verteren', 'brandblaar', 'the_crow', 'branden', 'erytheem_solare', 'toebranden', 'queimada', 'hysteria', 'uitbranden']
child	kind	Match	['patat', 'visje', 'schoolkinderen', 'minder', 'kind', 'dochters', 'lenfant', 'elias_childe', 'minderjarigen', 'child', 'jeugdige', 'prepuberale', 'minderjarig', 'dochter', 'friet', 'jongeling', 'jongere', 'minderjarigheid', 'dochterlief', 'wet_hervorming_kindregelingen', 'kindje', 'baby', 'schoolkind', 'kinderen', 'loot', 'spruit', 'koter', 'minderjarige', 'kleuter', 'ding']
cloud	cloud	Match	['bewolkt', 'wolkvorming', 'openbare_cloud', 'cloudgebaseerde', 'zwermen', 'wolken', 'clouddiensten', 'plaag', 'infrastructuur_als_een_dienst', 'zwerm', 'kiba', 'nevelen', 'bewolken', 'wolk', 'cloud_project', 'verduiken', 'verstoppen', 'cloud_computing', 'hybride_cloud', 'cloudinfrastructuur', 'wolkentype', 'cloud_strife', 'cloud', 'verhullen', 'misten', 'cloud_california', 'wolkenvorming', 'cloud_hosting', 'infrastructure_as_a_service', 'verbergen', 'cloudproject', 'zijn', 'aambeeld', 'bewolking', 'cloud_service', 'massa', 'menigte']
cold	koude	Match	['kil', 'koud', 'valling', 'john_gary', 'fris', 'koel', 'koude', 'koudbloedig', 'copd', 'neusverkoudheid', 'kou', 'rinofaryngitis', 'verkoudheid', 'ondertemperatuur', 'cold', 'craig_david', 'chronische_obstructieve_longziekte', 'photograph_smile', 'nicole_scherzinger', 'acute_virale_nasofaryngitis', 'nasofaryngitis', 'rinitis', 'computer_output_to_laser_disc', 'afstandelijk', 'lage_temperatuur', 'verkouden']
come	komen	Match	['cum', 'uitroepen', 'invallen', 'belopen', 'kwakje', 'toekomen', 'ejaculaat', 'zaadvloeistof', 'stijfsel', 'gekomen', 'sperma', 'teelvocht', 'optellen', 'comè', 'geil', 'aan_zijn_gerief_komen', 'zaad', 'maken', 'komen', 'worden', 'klaarkomen', 'komen_op', 'arriveren', 'aanbieden', 'opkomen', 'afstammen', 'verschijnen', 'bereiken', 'een_orgasme_hebben', 'ejaculeren', 'bijeentellen', 'spruiten', 'kom', 'zijn', 'aankomen', 'redden', 'come']
correct	correcte	Match	['kastijden', 'aanpassen', 'verbeteren', 'vergoeden', 'instellen', 'goedmaken', 'compenseren', 'afstellen', 'corrigeren', 'gelijkzetten', 'gelijk', 'correcte', 'juist', 'correct', 'stellen', 'disciplineren', 'herzien', 'tuchtigen']
count	graaf	Match	['totaal', 'tellen', 'getallenstelsel', 'talstelsel', 'spelen', 'opsommen', 'getalsysteem', 'uitmaken', 'verrotten', 'de_graaf_van_montecristo', 'the_count', 'meespreken', 'nummering', 'schelen', 'uit', 'uittellen', 'graafschap', 'the_count_of_montecristo', 'getallensysteem', 'verrekken', 'graaf_van_monte_christo', 'jarl', 'graaf', 'getallenstelsels', 'getalstelsel', 'rekenen_op', 'opsomming', 'earl', 'programmeertaal_sql', 'telwerk', 'enumereren', 'vertrouwen_op', 'le_comte_de_montecristo', 'som', 'lijst', 'sql', 'talstelsels', 'tel', 'gelden', 'volledige_telling', 'meetellen', 'de_graaf_van_monte_cristo', 'comital', 'graven', 'rekenen', 'comtesse', 'telling', 'structured_query_language', 'de_graaf_van_monte_christo', 'overwegen']
cut	weggesneden	Found close match: ['gesneden', 'wenden', 'snede']	['inkrimping', 'mediacensuur', 'evolueren', 'centraal_única_dos_trabalhadores', 'spiegelen', 'versimpelen', 'samentrekken', 'minderen', 'fore', 'honkbal_schommel', 'oercut', 'open_wond', 'central_única_dos_trabalhadores', 'besnoeiing', 'consumptiebeperking', 'censuur', 'korting', 'overslaan', 'bestedingsbeperking', 'keren', 'zandwinning', 'kappen', 'kwetsuur', 'track', 'snijwond', 'ontmannen', 'golfterm', 'cut_paloh', 'afkappen', 'verminderen', 'incisie', 'golfterminologie', 'lubben', 'snede', 'vermindering', 'bekorten', 'coupe', 'snee', 'wond', 'stoppen', 'jaap', 'zwaaien', 'zwerven', 'filmmontage', 'verkorten', 'zwenken', 'gesneden', 'perscensuur', 'koude_schouder', 'wenden', 'knippen', 'terugbrengen', 'castreren', 'snijden_van_vlees', 'cut', 'uitdoen', 'montage', 'snijden', 'uitzwenken', 'filmeditor', 'verwonding', 'reduceren', 'montagesequentie', 'schudden', 'verwonden', 'gecensureerd', 'pasvorm', 'besnoeien', 'regelen', 'uitschrijven', 'wonden', 'snit', 'bezuiniging', 'zandafgraving', 'filmediting', 'opencut', 'uitzetten', 'inkorten', 'afzwenken', 'censor', 'draaien', 'persbreidel', 'afgraving', 'stuk', 'media_censuur', 'snijwonden', 'verkleinen']
day	dag	Match	['dagen', 'betekenen_zonnedag', 'ware_tijd', 'clarence_shepard_day_jr', 'mary_anna_day', 'dag', '24uurs_interval', 'gemiddelde_zonnedag', 'daglengte', 'dagje', 'zonnedag', 'day', 'zonnetijd', 'daguren', 'mary_day', 'overdag', 'clarence_day', 'dagduur', 'schijnbare_zonnetijd', 'etmaal', 'vierentwintig_uur_periode', 'clarence_dag', 'dayton_international_airport', 'vierentwintig_uur', 'siderische_dag']
die	menschlichen	Found close match: ['verscheiden']	['vroegtijdige_dood', 'teerling', 'afspringen', 'kapotgaan', 'de_laatste_adem_uitblazen', 'de_doodssnik_geven', 'inslapen', 'stierf', 'afslaan', 'microchip', 'arrachart_airport', 'ontslapen', 'hartdood', 'dea_augusta_vocontiorum', 'creperen', 'omkomen', 'expireren', 'matrijs', 'verrekken', 'de_poeper_dichtknijpen', 'overlijden', 'het_leven_laten', 'overleden', 'heengaan', 'de_pijp_aan_maarten_geven', 'stukmaken', 'peigeren', 'dood', 'verscheiden', 'ad_patres_gaan', 'de_wereld_verlaten', 'dobbelsteen', 'rafelsteen', 'vergaan', 'het_laten_afweten', 'dobbelstenen', 'de_geest_geven', 'het_hoekje_om_gaan', 'doodgaan', 'polyhedral_dobbelstenen', 'sterf', 'dood_gaan', 'de_grote_reis_aanvaarden', 'de_eeuwigheid_in_gaan', 'kapotmaken', 'versmachten', 'sterven', 'overledene', 'die', 'dobbelen', 'sterfte', 'insluimeren']
dig	opgraven	Found close match: ['graven', 'opgraving', 'opdelven']	['ploeteren', 'site', 'dig', 'inzien', 'speldenprik', 'begrijpen', 'snappen', 'opdelven', 'steek', 'andré_dignimont', 'sloven', 'porren', 'plaagstoot', 'gijpen', 'andre_dignimont', 'ploegen', 'graaf', 'schimpen', 'dêqên_shangrila_airport', 'opgraving', 'inspannen', 'archeologische_site', 'beulen', 'uithollen', 'sappelen', 'verstaan', 'collective_soul', 'stekeligheid', 'graven', 'hatelijkheid', 'speldeprik', 'delven']
dirty	vuile	Match	['data_cache', 'vuil', 'level1cache', 'oneerlijk', 'aarden', 'dirrty', 'l1_cache', 'cache_lijn', 'opslaan_in_cache', 'l2cache', 'vieze', 'cpu_cache', 'cachegeheugen', 'grond', 'vies', 'dirty', 'writethrough', 'besmeurd', 'schotse_herdershond', 'aarde', 'setassociatieve', 'geheugencache', 'cachetreffer', 'l3cache', 'underworld', 'onrein', 'verontreinigen', 'cache', 'bevuilen', 'vuile', 'grof', 'bodem', 'smerig', 'cache_miss', 'bezoedelen', 'vervuilde']
dog	hond	Match	['daniel_allewaert', 'troela', 'tut', 'haardijzer', 'jagen', 'reu', 'binnenlandse_hond', 'familiaris', 'psychos_path', 'hondachtigen', 'najagen', 'ouwe_sok', 'jacht', 'hondijzer', 'klink', 'hotdogs', 'duckhunt', 'achternajagen', 'canis_familiaris', 'vervolgen', 'hot_dog', 'trut', 'hondenvlees', 'tuttebel', 'achternazitten', 'weenie', 'hondachtige', 'troel', 'huishond', 'boerentrien', 'hond', 'pal', 'truttebol', 'achterna_zitten', 'honden', 'ploert', 'trien', 'gedomesticeerde_hond', 'canidae', 'vuurbok', 'duck_hunt', 'kuttenkop', 'canis_lupus_familiaris', 'andiron', 'worstje', 'dog', 'hotdog', 'achtervolgen', 'joekel', 'totebel', 'hondje', 'daniël_allewaert', 'kuttekop', 'familie_canidae']
drink	drinken	Match	['roes', 'dranken', 'toosten', 'jonathan_smith', 'zuipen', 'drankje', 'rochester_institute_of_technology', 'proosten', 'de_keel_smeren', 'drink', 'ingestie', 'slok', 'slikken', 'klinken', 'doorslikken', 'lil_john', 'lil_jon', 'drinken', 'geborrel', 'drinkbaar', 'drank', 'aanstoten', 'toast', 'slik', 'deglutition', 'toasten']
dry	droge	Match	['afdrogen', 'drogen', 'dehydreren', 'fruit', 'madziwa_mine', 'dry', 'boeket', 'evenwicht', 'bouquet', 'stypsis', 'opdrogen', 'droog', 'droge', 'lichaam', 'mineraliteit', 'droogmaken', 'droogleggen', 'voorstander_van_drankverbod', 'sec']
dull	dof	Found close match: ['dom']	['onverstandige', 'onverstandig', 'dempen', 'onnozel', 'breinloos', 'stomp', 'debiel', 'onintelligent', 'saai', 'stom', 'stupide', 'stompzinnig', 'imbeciel', 'onwijs', 'achterlijk', 'domme', 'idioot', 'stomme', 'dom', 'bot']
dust	stofdeeltjes	Match	['verstrooien', 'stof', 'pil', 'verspreiden', 'babylon_5', 'orange_pekoe', 'wrakstukken', 'peccothee', 'fencyclidine', 'bik', 'puin', 'restanten', 'fannings', 'stoffen', 'wrakhout', 'pekoe', 'afdoen', 'stofdeeltjes', 'fencyclidine_hydrochloride', 'steenbik', 'gruis', 'angel_dust', 'debris', 'afstoffen', 'afgeven', 'dust', 'afvegen']
ear	trommelvlies	Incorrect	['oor_ontleding', 'ear', '0simplex', 'cochlea', 'binnenoor', 'vertex', 'pinna', 'middenoor', 'auditief', 'gehoorschelp', 'gehoor', 'buitenoor', 'ploegen', 'slakkenhuis', 'knooppunt', 'demba_nabé', 'oorschelp', 'schelp', 'gehoororgaan', 'oor', '0polytoop', 'menselijk_oor', 'hoek', 'hoekpunt', 'oorschelpen', 'korenaar', 'oren', 'aar']
earth	aarde	Match	['terra_firma', 'brontitall', 'planeet_aarde', 'teelaarde', 'droog_land', 'aardkloot', 'droge_land', 'neuter', 'saiyan', 'aardrijk', 'aarden', 'de_aarde', 'golgafrincham', 'tierra', 'aardrotatie', 'veiligheidsaarde', 'land', 'wereldwijd', 'sonic_the_hedgehog', 'dragon_ball', 'grond', 'omgeving', 'aarding', 'wereldse_zorg', 'earth', 'wereld', 'vasteland', 'aardleiding', 'lamuella', 'aarde', 'dragonball', 'aardbol', 'aardse_zorg', 'magrathea', 'krikkit', 'landmassa', 'andromeda', 'vaste_grond', 'terra', 'milliways', 'bodem', 'de_blauwe_planeet', 'ondermaanse', 'aarddraad', 'mondiaal', 'aardverbinding', 'ace_combat', 'wereldbol']
eat	eten	Match	['maaltijden', 'mcl1', 'nuttigen', 'bikken', 'consumeren', 'vreten', 'eetbaarheid', 'leegmaken', 'eet', 'opvreten', 'yo_gabba_gabba', 'appetijt', 'voeding', 'young_ma', 'inbijten', 'aanvreten', 'verbruiken', 'uitvreten', 'bijten', 'eat', 'verbranden', 'invreten', 'voeden', 'corroderen', 'voeren', 'tafelen', 'maaltijd', 'uitbijten', 'opruimen', 'eten', 'eetlust', 'nassen', 'uitputten', 'leeghalen']
egg	ei	Match	['osireferentiemodel', 'eileg', 'vis_ei', 'the_egg', 'broedei', 'setuptools', 'vogel_ei', 'tuinmansellips', 'geslachtsklier', 'osimodel', 'testiculaire', 'ovum', 'yumurta', 'noot', 'vogelei', 'testes', 'schaal', 'om_phasmatodea', 'om_phasmida', 'ovaal', 'open_systems_interconnection', 'eicel', 'teelbal', 'zaadbal', 'productie_van_eieren', 'teelballen', 'eitje', 'ballock', 'eicellen', 'struif', 'bal', 'tuinmansmethode', 'egg', 'wandelende_bladeren', 'testikels', 'testis', 'testikel', 'wandelende_takken', 'eieren', 'augustus_egg', 'zaadballen', 'teste', 'phasmida', 'elliptische', 'wandelend_blad', 'eischaal', 'phasmatodea', 'ellips', 'wandelende_tak', 'ei', 'kloot', 'klootzak', 'kippenei', 'isoosi', 'onzin']
eye	oog	Match	['optische', 'samengestelde_ogen', 'eye', 'midden', 'hart', 'straallichaam', 'knop', 'optic', 'centrum', 'the_eye', 'bladknop', 'gezichtsorgaan', 'oculus', 'okselknop', 'oog', 'bloemknop', 'eye_film_instituut_nederland', 'ogen', 'kijkers', 'oogbol', 'nederlands_filmmuseum', 'kern', 'higher_learning', 'kijker', 'oogappel', 'aanzien', 'aanblikken', 'aankijken', 'naaldoog', 'knoppen', 'oculi', 'scheut', 'eyewall']
fall	vallen	Match	['avondval', 'capitulatie', 'teruglopen', 'pin', 'donderen', 'afkomst', 'terugval', 'achteruitlopen', 'tweelicht', 'neergang', 'slabakken', 'afnemen', 'duvelen', 'afdalen', 'the_first_lady', 'teloorgang', 'val', 'minderen', 'smak', 'omvallen', 'fall', 'verminderen', 'kukelen', 'herfst', 'natalia_lesz', 'verval', 'najaar', 'zondeval', 'the_fall', 'overgave', 'sneven', 'vallen', 'evenfall', 'dalen', 'wanneer_de_nacht_valt', 'val_van_de_mens', 'avondschemering', 'achteruitgang', 'ongelukkig_vallen', 'vervallen', 'crepuscle', 'believe', 'downslope', 'schemering', 'afname', 'nautische_schemering', 'gloam', 'neervallen', 'afdaling', 'valpartij', 'lazeren', 'schemerlicht', 'valavond', 'appoggiatura', 'verhogen', 'nachtval', 'helling', 'daling', 'schemer', 'crepuscule', 'deemstering', 'vallen_van_de_avond', 'ondergang', 'astronomische_schemering', 'zakken', 'meteorologische_herfst', 'mieteren', 'sneuvelen', 'paradijsverhaal']
far	heel	Found close match: ['veel']	['revolutionary_armed_forces', 'the_sun_is_often_out', 'far', 'ver', 'niet_naast_de_deur', 'verwijderd', 'veel', 'hector_international_airport', 'leger_voor_de_bevrijding_van_rwanda', 'voormalig_strijdkrachten', 'alir', 'hector_intl', 'vloeroppervlak_verhouding', 'interahamwe']
fat	vetten	Match	['fat12', 'fat1', 'whats_that_noise', 'rans', 'tsjadische_luchtmacht', 'fat_an_appreciation_of_a_misunderstood_ingredient_with_recipes', 'vfat', 'vetmesten', 'oliën_en_vetten', 'lipide', 'te_zwaar', 'vet', 'boeket', 'zwaarlijvigheid', 'internationale_luchthaven_van_fresno_yosemite', 'fruit', 'bestandstoewijzingstabel', 'vetlaag', 'stypsis', 'droge', 'lipoïde', 'smeer', 'fat', 'mineraliteit', 'lipoïd', 'cd36', 'dik', 'lipiden', 'overgewicht', 'law__order_special_victims_unit', 'vetten', 'bouquet', 'football_association_of_thailand', 'vettig', 'lichaamsvet', 'glycerolipide', 'evenwicht', 'fat32', 'obesitas', 'dikke', 'visceraal_vet', 'file_allocation_table', 'vetheid', 'lichaam', 'olien_en_vetten', 'fresno_yosemite_international_airport', 'vetweefsel']
father	vader	Match	['allerhoogste', 'pipa', 'kerkvader', 'papa', 'mijnheer_pastoor', 'mannelijke_ouder', 'vaderen', 'entrepeneur', 'verwekken', 'oprichter', 'vaderschap', 'vadertje', 'allah', 'ondernemende', 'priester', 'grondlegger', 'vader_van_de_kerk', 'paps', 'oudeheer', 'papa_qualifier', 'veroorzaken', 'vake', 'god_de_vader', 'kerkvaders', 'grondvester', 'serial_entrepreneur', 'ondernemer', 'almachtige', 'hemelse_vader', 'heer', 'roomskatholieke_priester', 'father', 'stichter', 'ondernemers', 'vader', 'don', 'the_gift', 'voortbrengen', 'eerwaarde', 'onzelieveheer', 'confident', 'katholieke_priester', 'ouwe_heer', 'biologische_vader', 'vadergod', 'ondernemerschap', 'ouwe', 'pa', 'opperste_rechter', 'katholieke_priesters', 'ouweheer', 'god', 'verwekker', 'pater', 'medeoprichter', 'pap', 'katholieke_priesterschap', 'pappie']
fear	angst	Match	['bezorgdheid', 'bangheid', 'la_paura', 'inside_out', 'eerbied', 'schrik', 'angst', 'duchten', 'furcht', 'opzien', 'schrik_hebben_van', 'verering', 'aanhikken', 'ontzag', 'vereren', 'klinik', 'ongerustheid', 'verontrusting', 'zorg', 'clinton_fear_loomis', 'angstgevoel', 'beklemming', 'marillion', 'the_klinik', 'murder_obsession', 'angst_vrees', 'vrezen', 'angsten', 'benauwdheid', 'bang_zijn', 'opkijken', 'schrik_hebben', 'vrees', 'respect', 'fear']
feather	veren	Match	['barbule', 'verenkleed', 'super_mario_kart', 'veertje', 'gevederte', 'yakovlev_yak15', 'filoplume', 'veder', 'vogelveer', 'suikoden_ii', 'jakovlev_jak15', 'feather', 'eclipskleed', 'pluim', 'smk', 'schacht', 'jakovlev_jak17', 'yakovlev_yak17', 'pluimage', 'al_gezien_al_gedaan', 'veren', 'hysteria', 'veer', 'verenkleden']
few	enkele	Incorrect	['kwantiteit', 'weinigen', 'weinig', 'paar', 'hoeveelheid']
fight	vechten	Match	['knokpartij', 'militaire_betrokkenheid', 'duel', 'kloppartij', 'concurrentievermogen', 'vechten', 'strijden', 'veldslag', 'gevechten', 'tegenhouden', 'bestrijden', 'betrokkenheid', 'vecht', 'worstelen', 'matten', 'bevechten', 'tweekamp', 'schermutselingen', 'tegengaan', 'moeite_hebben_met', 'brooke_candy', 'zeeslag', 'gevecht', 'gevechtstraining', 'treffen', 'worsteling', 'slag', 'handgemeen', 'knokken', 'strijd', 'kampen', 'frames', 'conflict', 'veldslagen', 'gewapende_strijd', 'vechtpartij', 'tweegevecht', 'verzetten_tegen', 'kamp', 'fight']
fingernail	vingernagels	Not found	[]
fire	vuur	Match	['laai', 'il_fuoco', 'bestoking', 'chris_corchiani', 'innigheid', 'barns_courtney', 'emerson_lake__palmer', 'vuurzee', 'smoke_n_mirrors', 'opwekken', 'white_noise', 'fikken', 'attaque', 'ontslaan', 'in_brand_staan', 'heartbreak_on_hold', 'wippen', 'vuur', 'beschieting', 'schieten', 'evoceren', 'kelis_was_here', 'aanval', 'onbrandbaar', 'fire', 'vuren', 'emerson_lake_and_palmer', 'kindle_fire', 'anarchy', 'vlammenzee', 'evoqueren', 'fik', 'brand', 'bakken', 'oproepen', 'vlammend', 'haardvuur', 'vlam', 'openstep', 'fire_the_acoustic_album', 'afbrekende_kritiek', 'inferno', 'verbranden', 'bovenhalen', 'firejericho', 'ontlokken', 'the_heathens_fire', 'fervidness', 'leona_lewis', 'camp_rock_2_the_final_jam', 'afgaan', 'branden', 'amazon_kindle_fire', 'tina_barrett', 'elp', 'wekken', 'lets_cheers_to_this', 'ontbranding', 'offensief']
fish	vis	Match	['fluorescentie_in_situ_hybridisatie', 'fish', 'fluorescence_in_situ_hybridization', 'sh3pxd2a', 'kwartet', 'zoutwatervis', 'voedsel_vis', 'zachte_straal', 'go_fish', 'jorge_rodríguez', 'zoetwatervis', 'files_transferred_over_shell_protocol', 'tafel_vis', 'visdag', 'glasaal', 'bak', 'vissen_de_vissen', 'lijst_met_pokertermen', 'rugvin', 'ichthyofauna', 'pisces', 'pterygiophore', 'vrijdag_visdag', 'fluorescente_in_situ_hybridisatie', 'trekveer', 'hengelen', 'visgerecht', 'vissoort', 'fluorescentieinsituhybridisatie', 'jasper_fish', 'vissen', 'snoeken', 'derek_dick', 'let_go', 'lijst_van_pokertermen', 'vis', 'phish', 'eten_vis', 'fingerling', 'visgraat']
five	vijf	Match	['opvolger', 'channel_5', '5ive', 'little_phoebe', 'vijf', '5', 'basketbalteam', 'welgang', 'sugarcult', 'uitvoerder', 'sugar', 'hollywood_undead', 'quintool', 'five', '５', 'v', 'enneagram', 'vijftal', 'channel_five', 'cinque']
float	luchtbelletjes	Found close match: ['luchtbel']	['openbare_float', 'blazen', 'floating_point_rekenen', 'free_float', 'carnavalswagen', 'floatingpoint_getal', 'praalwagens', 'zweef', 'ongecontroleerde_decompressie', 'ijs_soda', 'parade_float', 'cascading_style_sheet', 'afdrijven', 'dobber', 'stromen', 'css', 'stukadoors_zweven', 'drijvendekommagetal', 'zwevendekommagetal', 'waaien', 'zwemmen_blaas', 'drijvende_komma', 'zwemblaas', 'ponton_boot', 'te_water_laten', 'cascading_style_sheets', 'vloeien', 'float', 'gas_blaas', 'real', 'floatingpoint_berekeningen', 'css_3', 'drijvend', 'floatingpoint', 'visblaas', 'zweven', 'ponton', 'zwevend', 'drijven', 'wisselgeld', 'luchtbel', 'vlotter', 'stylesheets', 'praalwagen', 'floating_point', 'explosieve_decompressie', 'lopen', 'pronkwagen', 'zeilen', 'sim', 'css3', 'ijs_float', 'floating_point_getallen', 'vlotten', 'drijver', 'bobfloat']
flow	uitstromen	Found close match: ['stromen', 'stromende', 'stroming']	['hydromechanica', 'young_money', 'waterloopkunde', 'stroomsnelheid', 'hydrodynamische', 'stromingsweerstand', 'hydrodynamica', 'hydraulische', 'vloeistofstroom', 'stroom', 'fluïdomechanica', 'maandstonde', 'waterbouwkunde', 'menstruatie', 'volumedebiet', 'stromen', 'rap', 'rapper', 'hydraulisch', 'menstrueren', 'opbrengst', 'hydrotechniek', 'afvoer', 'fluidomechanica', 'volumestroom', 'vloeistof_fysica', 'rapstijlen', 'vloeien', 'menstruatievloei', 'young_money_entertainment', 'international_ultramarine_corps', 'stromende', 'een_zijn_met', 'florent_mothe', 'netwerk', 'hydraulische_druk', 'flow_for_love_of_water', 'gravity_recovery_and_interior_laboratory', 'vloeistof_dynamicist', 'flow', 'vloeistofdynamica', 'maandelijkse_bloeding', 'doorstroming', 'maandbloeding', 'stroom_netwerk', 'regels', 'catamenia', 'rappers', 'emceeing', 'rapmuziek', 'rappen', 'protorap', 'hydraulica', 'vloeistofmechanica', 'hydrauliek', 'ongesteld', 'ongesteldheid', 'maandstonden', 'stromingsleer', 'pad', 'debiet', 'stroming', 'rap_geschiedenis']
flower	bloemen	Match	['relient_k', 'play', 'bloempje', 'bloeiperiode', 'gackt', 'flower', 'bloembuis', 'eindstandig', 'bloeitijd', 'gackt_camui', 'vruchtzetting', 'openbloeien', 'bloeien', 'bloemen', 'bloemetje', 'uitgroeien', 'bloei', 'bloesemtijd', 'kroon', 'stampertje', 'groeiseizoen', 'bambi', 'bloem', 'hoogtijdagen', 'blom', 'knoppen', 'bloesem', 'okselstandig', 'schijnbaar_eindstandig', 'supreme_show']
fly	vliegen	Match	['vliegen_voor', 'ontsnappen', 'abrázame', 'vlieden', 'ciara', 'buitentent', 'spankeren', 'wanessa', 'flyball', 'vexillologisch_symbool', 'gulp', 'tweevleugelige', 'tentfly', 'omvliegen', 'vlinderslag', 'my_sweet_someday', 'diptera', 'ontvluchten', 'tweevleugeligen', 'vlugschrift', 'the_fly', 'tent_flap', 'voorbijvliegen', 'weglopen', 'echte_vliegen', 'vluchten', 'fly', 'vlieg', 'wieken', 'knijpen', 'vlinder', 'fiav', 'wegvluchten', 'besturen', 'dipterans', 'vliegen']
fog	bewolking	Found close match: ['bewolken', 'troebeling']	['mistflarden', 'industriele_mist', 'the_fog', 'mistbanken', 'nevelen', 'zfpm1', '10th_avenue_freakout', 'tuman', 'stralingsmist', 'waas', 'bewolken', 'bevroren_mist', 'mistbank', 'verduiken', 'nevel', 'verstoppen', 'advectieve_mist', 'troebeling', 'verhullen', 'misten', 'grond_mist', 'industriële_mist', 'mist', 'grondmist', 'verbergen', 'duisternis', 'ijsmist']
foot	voet	Match	['voetsoldaat', 'metrische_eenheid', 'fundament', 'weekdier', 'menselijke_voet', 'infanterist', 'want', 'basis', 'weekdieren', 'grootschoot', 'engelse_voet', 'infanteristen', 'lijkwade', 'voldoen', 'fundering', 'phylum_mollusca', 'mollusca', 'voeten', 'voetvolk', 'pes', 'ongewervelde_voet', 'naaimachines', 'loef', 'schoot', 'poot', 'dier_voet', 'luchthaven_tchibanga', 'betalen', 'grondvesting', 'pada', 'feet', 'schelpdier', 'grondvest', 'voet', 'pootje', 'mollusken', 'schoothoek', 'bedding', 'onderconstructie', 'foot_clan', 'infanterie', 'schelpdieren', 'versvoet', 'funderen', 'amsterdamse_voet', 'mollusk', 'versvoeten', 'foot', 'ft', 'grondslag', 'weer_vel', 'lijk', 'metrische_voet', 'molusk', 'naaimachine']
forest	bos	Match	['bosje', 'wälder', 'timberland', 'bebost', 'naaldbos', 'naaldbossen', 'nottingham_forest', 'bossen', 'beboste', 'bosgebied', 'touw', 'boom', 'gewortelde_boom', 'foreest', 'woud', 'bosgrond', 'forest_torino', 'bebossen', 'nottingham_forest_fc', 'driver', 'koord', 'bos', 'brussel', 'bebosd_gebied', 'boomstructuur', 'vorst', 'forest', 'woudgebied_in_de_gematigde_klimaatzone']
four	vier	Match	['welgang', 'grens', 'bleeker_ridge', '４', 'forth', 'channel_four', 'opvolger', 'four_loko', 'quaternionen', 'vijf', 'lijn_4d', 'tetractys', 'four', 'zes', 'tetrade', 'vier', 'quaternion', 'seaweed', 'quatern', 'het_verhaal_van_four', '4', 'quaterniteit', 'uitvoerder', 'little_joe', 'iv', 'enneagram', 'channel_4', 'viertal', 'planetary', 'lijn_4', 'quaternions', 'vierspot']
freeze	bevriezen	Match	['vastlopen', 'rijp', 'afstandelijkheid', 'blauwbekken', 'queen_elvis', 'todd_smith', 'vernikkelen', 'stop', 'freeze', 'jordin_sparks', 'stilzetten', 'verkleumen', 'bloodline', 'onpersoonlijkheid', 'bevriezing', 'hangen', 'vriezen', 'ijskoud', 'freeez', 'kleumen', 'bevriezen', 'stollen', 'vorst', 'verstijven', 'vorstperiode', 'invriezen', 'koukleumen', 'stolling']
fruit	vruchten	Match	['vlezige_vrucht', 'zaad_pod', 'fruit', 'zaadbol', 'fruitboom', 'evenwicht', 'bouquet', 'vruchten', 'abbe_may', 'stypsis', 'vrucht', 'lichaam', 'ooft', 'droge', 'mineraliteit', 'boeket', 'mesocarp']
full	volledige	Match	['full', 'volledig', 'zat', 'volledige_fase_van_de_maan', 'volle', 'wijd', 'vollemaan', 'volledige', 'fullofthemoon', 'verzadigd', 'vol', 'ruim', 'volle_maan']
give	geven	Match	['overgeven', 'verdelen', 'hebben', 'pet_your_friends', 'geschenk', 'give', 'delen', 'communiceren', 'geven', 'meehelpen', 'geef', 'schenken', 'offeren', 'mededelen', 'te_geven', 'opofferen', 'houden', 'kado', 'bijdragen', 'overhandigen', 'voederen', 'meegeven', 'invoeren', 'voedsel_geven', 'veerkracht', 'cadeau', 'voeden', 'cold', 'wijden', 'opgeven', 'opbrengen', 'voeren', 'toekennen', 'toewijden', 'geschenken', 'cadeautjes', 'inzetten', 'afgeven', 'contribueren', 'besteden', 'eten_geven', 'toewijzen', 'the_giver', 'verlenen']
good	goede	Match	['goed_als_kwaad', 'handelsartikel', 'waar', 'very_good_beats', 'bekwaam', 'thomas_sword_good', 'menselijke_waarden', 'cruel_winter', 'good_music', 'goederen', 'commodities', 'bedreven', 'commodity', 'negotie', 'integer', 'normen_en_waarden', 'geschoold', 'goed', 'geschikt', 'economisch_goed', 'expert', 'waren', 'lekker', 'grondstoffen', 'waarde', 'good', 'belang', 'handelswaar', 'economische_goederen', 'handel_goed', 'eervol', 'koopwaar', 'libellé', 'handelsgoederen', 'product', 'handel', 'vaardig', 'commoditeit', 'grondig', 'goed_en_kwaad', 'ethische_waarden', 'uitsluitbaar', 'goede', 'gezond', 'deskundige', 'waarden_en_normen', 'spul', 'goedheid']
grass	gras	Match	['gramineeen', 'grasachtig', 'alexander_egorovich_varlamov', 'familie_poaceae', 'groene_godin', 'graminoid', 'günter_grass', 'nothing_can_stop_us', 'grass', 'sens', 'kif', 'amnesia', 'shit', 'verklappen', 'thee', 'grassen', 'marihuana', 'voedergewassen', 'voeder', 'grasfamilie', 'familie_graminaceae', 'grass_gis', 'eatage', 'weiland', 'supergrass', 'sporobolus_caespitosus', 'graminaceae', 'aangeven', 'gramineeën', 'cannabis', 'skylarking', 'sess', 'aartjes', 'guenter_grass', 'grasgeur', 'familie_gramineae', 'guenther_grass', 'skunk', 'pot', 'grass_a_nations_battle_for_life', 'weed', 'gras', 'poaceae', 'grasachtige_plant', 'verklikken', 'marijuana', 'stoner', 'stuff', 'gunther_grass', 'kief', 'gramineae', 'bedriegen', 'wiet', 'helleria', 'mary_jane', 'verlullen', 'gunter_grass', 'misleiden', 'verraden', 'voer', 'gunter_grass_wilhelm', 'kruid', 'günther_grass', 'veevoeder', 'grassenfamilie']
green	groene	Match	['ecologisme', 'erwt_groen', 'groenachtig', 'milieuvriendelijker', 'geelgroen', 'milieuactivisme', 'muthas_day_out', 'william_green', 'cat_valium', 'bladgroenten', 'groene_groenten', 'chartreuse', 'green_line', 'if_im_honest', 'groenen', 'groene', 'jade_groen', 'jager_groen', 'milieuproblemen', 'evenwicht', 'green_river', 'lommerrijke_groene_groente', 'goodshirt', 'green_aka_whatever', 'green_was', 'gunstar_heroes', 'geweer_groene', 'smaragd', 'putting_oppervlak', 'geel_groen', 'speciale_k', 'artisjok', 'green', 'argeloos', 'milieuactivisten', 'smaragdgroen', 'bouquet', 'putting_green', 'super_zuur', 'vert', 'normaal', 'ecovriendelijke', 'groene_politiek', 'donkergroen', 'groen', 'bladgewas', 'this_is_my_life_and_boy_does_it_suck', 'groene_groente', 'greens', 'goedgelovig', 'brunswick_groene', 'groengeel', 'groenten', 'jade', 'boeket', 'milieubeweging', 'groenheid', 'gemeen', 'stypsis', 'milieubewustzijn', 'park', 'groene_bladgroente', 'commons', 'milieuactivist', 'feldgrau', 'sinopel', 'groene_beweging', 'milieuvriendelijke', 'lichaam', 'lichtgelovig', 'honing_olie', 'kelly_groen', 'super_c', 'rem', 'milieubesef', 'fruit', 'heerlijkheid', 'behoud_van_het_milieu', 'bladgroente', 'droge', 'mineraliteit', 'groene_lijn', 'onrijp', 'gewoon', 'postmen', 'groene_jongen', 'vegetabiliën', 'whatever', 'naïef']
guts	smijten	Incorrect	['intestinale', 'gastrointestinale', 'viscus', 'persistentie', 'ingewande', 'maagdarmstelsel', 'digestief_systeem', 'inwendige_organen', 'verteringsstelsel', 'grand_unified_theory', 'spijsverteringskanaal', 'onverschrokken', 'tenaciteit', 'perseveratie', 'darmstelsel', 'doodsverachting', 'menselijke_maagdarmkanaal', 'buik', 'guts', 'interne_organen', 'spijsverteringsstelsel', 'ingewand', 'spijsverteringkanaal', 'ruggengraat', 'ingewanden', 'flinkheid', 'volhardingsvermogen', 'ruggegraat', 'gastrointestinaal_stelsel', 'intestinaal', 'darmlumen', 'karakter', 'dapperheid', 'doortastenheid', 'courageousness', 'darm', 'gastrointestinale_stelsel', 'darmen', 'darmkanaal', 'durf', 'darmslijmvlies', 'bovenste_maagdarmkanaal', 'vastberadenheid', 'courage', 'maagdarm_kanaal', 'branie', 'gastrointestinale_systeem', 'maagdarmkanaal', 'moed', 'enterische', 'spijsverteringsorganen', 'onversaagdheid', 'moxie', 'lef', 'digestieve_systeem', 'tractus_digestivus', 'koenheid']
hair	wenkbrauwen	Incorrect	['hoofd', 'pruik', 'hair', 'haartjes', 'hairsbreadth', 'haardos', 'hairsbreedte', 'harenmatekie', 'plantehaar', 'harige', 'plantenhaar', 'haarbreedte', 'haren', 'haar', 'kuif', 'haarcyclus', 'beharing', 'menselijk_haar', 'haarkleed', 'kop', 'hoofdhaar']
hand	hand	Match	['speelhand', 'overgeven', 'boerenknecht', 'kaartspel', 'handelsakkoord', 'handschrift', 'drazi', 'kaartspelen', 'tengels', 'knijper', 'geven', 'kleur', 'klavier', 'handvol', 'klauw', 'fikken', 'thomas_hand', 'poot', 'kluif', 'script', 'brakiri', 'helpende_hand', 'bridger', 'albion', 'fik', 'handschift', 'overhandigen', 'kaartspellen', 'the_hand', 'ralf_hand', 'dilgar', 'vlerken', 'manus', 'hand', 'system_of_a_down', 'des_duivels_prentenboek', 'autograaf', 'cordella', 'knecht', 'klauwen', 'boek', 'klavieren', 'afgeven', 'kaarten', 'handpalm', 'handen', 'kaart']
he	hij	Not found	[]
head	hoofd	Match	['noûs', 'menselijke_geest', 'trommel_hoofd', 'nieuwsartikel', 'orale_sex', 'kop_op', 'voorgebergte', 'rectrice', 'schooldirecteur', 'stamhoofd', 'schoolmeester', 'bazin', 'landtong', 'dorpshoofd', 'cephalic', 'directeur', 'leider', 'pseudanthium', 'allen_sarven', 'piezometrische_hoogte', 'directoraat', 'psyche', 'maffiabaas', 'cheffin', 'stijghoogte', 'krantenartikel', 'leiden_verhaal', 'thema', 'piezometrisch_niveau', 'rede', 'brein', 'landpunt', 'nous', 'al_snow', 'http', 'headspring', 'schuimkraag', 'grootschoot', 'denkvermogen', 'cheryl_donegan', 'tas', 'opperhoofd', 'oraal_bevredigen', 'piëzometrische_hoogte', 'schoot', 'misdaad_baas', 'error_500', 'uitsteeksel', 'kaap', 'kraag', 'kranteartikel', 'artikel', 'hoofdmanschap', 'schotse_clan_leider', 'topfiguur', 'lees__schrijfkop', 'httpaanvraag', 'syntactische_hoofd', 'lijk', 'hoofd', 'error_403', 'want', 'baas', 'meesteres', 'dirty_mind', 'orale_seks', 'schuim', 'drukverlies', 'loef', 'hoofdmeester', 'aanvoeren', 'opperhoofdschap', 'tijdschriftartikel', 'meester', 'piëzometrisch_niveau', 'brian_welch', 'bestuurder', 'trommelvel', 'vraagstuk', 'verhang', 'hoofd_leraar', 'opschrift', 'rector', 'kwestie', 'ouwe', 'krop', 'master', 'hoofdje', 'mentale_inhoud', 'brian_head_welch', 'hypertext_transfer_protocol', 'kop', 'misdaad_heer', 'chef', 'uitham', 'top_dog', 'head', 'schoolhoofd', 'schooljuf', 'lijkwade', 'httpverzoek', 'http11', 'leidster', 'nieuwsbericht', 'manchet', 'opdrachtgever', 'directrice', 'iemand_de_oren_van_het_hoofd_kletsen', 'op_uw_plaatsen_klaar_af', 'hoofd_meester', 'schoothoek', 'leiden', 'en', 'chief', 'hoek', 'probleem', 'over_smaak_valt_niet_te_twisten', 'geestelijk_directeur', 'weer_vel', 'syntactisch_hoofd', 'hoofdonderwijzer', 'geest', 'vraag']
hear	luisteren	Match	['aandacht_schenken_aan', 'menselijk_gehoor', 'zien', 'gehoorszintuig', 'horen', 'hear', 'hoor', 'ontdekken', 'auditieve', 'auditieve_zin', 'vernemen', 'luisteren', 'leren', 'uitvinden', 'oren', 'auditieve_modaliteit', 'gehoor', 'gehoorbescherming', 'luchthaven_el_arish', 'letten_op']
heart	hart	Match	['cardiale', 'raw_like_sushi', 'heart', 'essentialia', 'midden', 'hart', 'tikker', 'tikkertje', 'hypostase', 'kernpunt', 'rikketik', 'rechter_hart', 'bijzonderheid', 'grond', 'voorkeur_hebben_voor', 'kwintessens', 'wezenlijkheid', 'zwaartepunt', 'centrum', 'menselijk_hart', 'genegenheid', 'essence', 'philia', 'industrial_jungle_pussy_punk', 'aftreksel', 'human_heart', 'temperament', 'alexz_johnson', 'hoofdpunt', 'karakter', 'essences', 'hoofdzaak', 'substantie', 'the_force_behind_the_power', 'kerngedachte', 'linker_hart', 'essentie', 'durf', 'hart_en_ziel', 'kern', 'seizoen_2_van_supernatural', 'vastberadenheid', 'cardiaal', 'harten', 'cuore', 'levendigheid', 'lever', 'affectie', 'hartje', 'moed', 'damn_yankees', 'hartkamer', 'lef', 'primaat', 'mindless_self_indulgence', 'binnenste', 'wezen']
heavy	zware	Match	['histories', 'detox', 'house_season_1', 'maternity', 'teamfortress2', 'lijfwachten', 'tf2', 'wings_of_the_wild', 'persoonsbeveiliger', 'mob_rules', 'poison', 'boeket', 'tf_2', 'teamfortress_2', 'lijfgarde', 'fruit', 'the_socratic_method', 'lijfwacht', 'lijfwacht_lijfgarde_persoonsbeveiliger_bodyguard', 'control', 'stypsis', 'team_fortress_2', 'droge', 'cursed', 'heavycom', 'bodyguards', 'bodyguard', 'mineraliteit', 'babies__bathwater', 'kids', 'close_protection', 'teamfortress', 'bouquet', 'dnr', 'persoonsbeveiliging', 'the_state_vs_radric_davis', 'damned_if_you_do', 'love_hurts', 'evenwicht', 'heavy', 'fidelity', 'heftig', 'team_fortress', 'occams_razor', 'zware', 'role_model', 'lichaam', 'honeymoon', 'zwaar']
here	hier	Match	['alhier', 'hierzo', 'hiero', 'herwaarts', 'hera', 'hier', 'hierheen', 'here', 'fer_servadou', 'pinenc']
hit	hit	Match	['base_hit', 'botsing', 'realiseren', 'hīt', 'haalde_door', 'afmaken', 'toekomen', 'treffer', 'aanschieten', 'kloppen', 'doden', 'killen', 'uitwissen', 'vermoorden', 'een_opduvel_geven', 'koud_maken', 'omleggen', 'verwerven', 'om_zeep_helpen', 'hīt_district', 'mollen', 'slaan', 'kletsen', 'geraakt', 'klapper', 'maken', 'botsingswetten', 'arriveren', 'inschieten', 'klaarspelen', 'scoren', 'treffen', 'staking', 'haalden_door', 'uithalen', 'botsingen', 'bereiken', 'om_het_leven_brengen', 'slag', 'raken', 'hit', 'succes', 'elastische_botsing', 'behalen', 'knaller', 'aankomen', 'verwezenlijken', 'topper', 'ombrengen', 'liquideren']
hold	houden	Match	['strekken', 'wachten', 'vertraging', 'koppelingen', 'worstelen_houden', 'indiening_bezit', 'laadruim', 'modereren', 'hechtenis', 'inhouden', 'scheepsruim', 'accorderen', 'aanhouding', 'weerstaan', 'vasthouden', 'bekleden', 'goedkeuren', 'verslijten', 'reserveren', 'ondersteunen', 'gerechtelijke_bewaring', 'congrueren', 'opslaggebied', 'concorderen', 'matigen', 'appreciatie', 'kloppen', 'detentie', 'im_sorry_im_leaving', 'sporen', 'opgaan', 'katamewaza', 'corresponderen', 'handvat', 'houdgreep', 'opsluiting', 'houden', 'remmen', 'vigeren', 'overeenkomen', 'headlock', 'hol', 'palmaire_grijpreflex', 'het_eens_zijn', 'matchen', 'voeren', 'bewaring', 'waardering', 'koesteren', 'kruk', 'dragen', 'celstraf', 'heft', 'vast_te_houden', 'hengsel', 'ruim', 'bevatten', 'dek', 'vinden', 'hold', 'toestemmen', 'behandelen', 'eens', 'beoefenen', 'uitkomen', 'behouden', 'oponthoud', 'uitoefenen', 'wacht', 'afremmen', 'aansluiten', 'bijhouden', 'beethebben', 'onderschrijven', 'oor', 'uitstrekken', 'overeenstemmen', 'achting', 'aanzien', 'aanhouden', 'bijvallen', 'greep', 'klemmen', 'beethouden', 'gevangenisstraf', 'verplichten', 'hebben', 'laadruimte', 'handgreep', 'rijmen', 'grappling_greep', 'oordelen', 'een_patroon', 'boeken', 'valideren', 'point_dorgue', 'arrestatie', 'fermate', 'omklemmen', 'uitstel', 'instemmen', 'achten', 'een_plezier_doen', 'gelden', 'handel', 'schragen', 'arrest', 'beschouwen', 'bespreken', 'fermata']
horn	hoorn	Match	['horen', 'trompet', 'horens', 'cornettist', 'hoornist', 'franse_hoorns', 'kornet', 'horns_distrikt', 'trompetist', 'hoorns', 'auto_hoorn', 'horn', 'jachthoorn', 'fiets_hoorn', 'motor_horn', 'voertuig_hoorn', 'hoorntje', 'hoorn', 'trompettist', 'toeter', 'trompetters', 'tuter', 'jazztrompettist', 'out_of_darkness', 'toeteren', 'zadelknop', 'krijgstrompet', 'hoornantenne', 'cornet_à_pistons', 'claxon', 'franse_hoorn', 'mondharp', 'gaienhofen', 'kornettist', 'cornet', 'waldhoorn']
how	hoe	Match	['vraagwoord', 'vraagzin', 'julia_beatrice_how', 'how', 'beatrice_how', 'vragende_zin', 'vragend_voornaamwoord', 'vragend_woord', 'vragende_voornaamwoorden', 'interrogatief_pronomen', 'hoe', 'hands_all_over']
hunt	jacht	Match	['voetjacht', 'james_henry_leigh_hunt', 'jagen', 'leigh_hunt', 'weispel', 'drijfjacht', 'zoektocht', 'jacht', 'zoeken', 'william_henry_hunt', 'kwartels_jacht', 'overbejaging', 'jagers', 'drukjacht', 'opsporing', 'jagten', 'jachtpartij', 'jachthut', 'richard_morris_hunt', 'hunt', 'drijven', 'weidspel', 'holman_hunt', 'jacht_club', 'hoogzit', 'william_holman_hunt']
husband	echtgenoot	Match	['partner', 'getrouwd_persoon', 'eega', 'echtgenoten', 'hubby', 'gade', 'sparen', 'man', 'beheren', 'gemaal', 'echtgenote', 'levenspartner', 'husband', 'echtgenoot', 'besparen', 'zuinig', 'uitsparen', 'wederhelft', 'getrouwde_man']
i	ik	Not found	[]
ice	ijs	Match	['emirates_airlines', 'methamphetamine', 'faith_erin_hicks', 'methylamfetamine', 'casp1', 'dextromethamphetamine', 'verbrandingsmotor', 'pervetine', 'inwendige_verbrandingsmotor', 'intercityexpress', 'verbrandingsmotoren', 'interne_verbrandingsmotor_voertuig', 'speed', 'ijsvloer', 'desoxyn', 'ice_la_fox', 'glazuur', 'oogsten_van_ijs', 'alias', 'glaceren', 'kristal_methamphetamine', 'ces2', 'fly_emirates', 'meth', 'verbrandingsmotor_voertuig', 'sisa', 'in_case_of_emergency', 'intercontinentalexchange_group', 'glazuursel', 'intercity_express', 'waterijs', 'chrystal_meth', 'explosiemotor', 'emirates', '(ice)_in_case_of_emergency', 'glazuurlaag', 'ice', 'in_geval_van_nood', 'metamfetamine', 'us_immigration_and_customs_enforcement', 'ijsbaan', 'c10h15n', 'institution_of_civil_engineers', 'crystal_meth', 'ijsje', 'instituto_costarricense_de_electricidad', 'ijs', 'suikerglazuur', 'pervitin', 'methamfetamine', 'methedrine', 'shabu', 'deoxyephedrine', 'emirates_airline', 'pervertine', 'roomijs', 'methamfetamine_hydrochloride', 'brandstofmotor']
if	indien	Not found	[]
in	in	Not found	[]
kill	vermoorden	Match	['vroegtijdige_dood', 'kil', 'doding', 'stierf', 'doden', 'verwerpen', 'hartdood', 'vermoorden', 'kill_county_kildare', 'dooddoen', 'overlijden', 'mortificatie', 'overleden', 'heengaan', 'dood', 'afwijzen', 'buit', 'verscheiden', 'doodmaken', 'vellen', 'moorden', 'afschieten', 'dood_gaan', 'kapotmaken', 'sterven', 'ombrengen', 'overledene', 'sterfte', 'the_kill', 'kill']
knee	schouderblessure	Found close match: ['knieblessure']	['menselijke_knie', 'kniegewricht', 'knieblessure', 'knieën', 'verstikken', 'knie_staking', 'knietje', 'knie_gewricht', 'articulatio_genus', 'genu', 'knie']
know	denk	Incorrect	['ondervinden', 'rampetampen', 'naaien', 'cognitieve_functie', 'kezen', 'bagage', 'weten', 'bedvogelen', 'noesis', 'rammen', 'cognitieve_vaardigheden', 'pompen', 'erkennen', 'vrijen', 'naar_bed_gaan_met', 'wippen', 'cognitieve_verwerking', 'beleven', 'cognitie', 'slapen_met', 'ketsen', 'de_liefde_bedrijven', 'kieren', 'ervaren', 'cognitief', 'bemerken', 'neuken', 'perceptie', 'flensen', 'kennis', 'seks_hebben', 'batsen', 'poepen', 'bibberen', 'medeweten', 'cognitieve_processen', 'rollebollen', 'seksen', 'verstandelijke_vermogens', 'palen', 'knarren', 'fleppen', 'fokken', 'coïteren', 'vozen', 'cognities', 'weet', 'vakkennis', 'slapen', 'bonken', 'soppen', 'bonzen', 'kennen', 'cognitieve', 'vogelen', 'wetenschap']
lake	lake	Match	['pigmenten', 'lake', 'natuurlijke_meer', 'kleurstof', 'pigment', 'zoetwatermeer', 'meer', 'intermitterende_meer', 'plas', 'lakey_the_kid', 'efemere_meer', 'kleurpigment', 'meren']
laugh	lachen	Match	['slappe_lach', 'koddigheid', 'grapje', 'plaisanterie', 'uitlachen', 'witz', 'schertsende', 'laugh', 'joke', 'bak', 'gebbetje', 'aardigheid', 'lach', 'lachen', 'grap', 'mop', 'glimlach', 'grappen', 'gelach', 'geestigheid', 'intastella']
leaf	bladeren	Match	['basale_blad', 'verso', 'gekarteld', 'oksel', 'adaxiale', 'recto', 'krijgen', 'bladschijf', 'boomblad', 'recto_en_verso', 'blaadje', 'paullinia_pterophylla', 'gebladerte', 'folio', 'bladeren', 'lover', 'behaard', 'middennerf', 'abaxiale', 'boom', 'gewortelde_boom', 'leaf', 'bladvoet', 'bladstelen', 'boekafmetingen', 'bos', 'nissan_leaf', 'bladoksel', 'bladskelet', 'boomstructuur', 'bladrand', 'oksels', 'blad', 'bladschede', 'bladsteel', 'samengestelde_bladeren', 'plaat']
left	achterblijver	Incorrect	['linkse_politiek', 'linkse', 'linkerkant', 'collectivistische', 'rood', 'left', 'politiek_links', 'linkse_oppositie', 'linksbuiten', 'linkerhand', 'venstre_danmarks_liberale_parti', 'linksen', 'liberale_partij_van_noorwegen', 'venstre', 'relatieve_richting', 'links', 'linker', 'linkervleugel', 'internationale_linkse_oppositie', 'esquerra_republicana_de_catalunya', 'centrumlinks']
leg	benen	Match	['pijp', 'branch', 'overstaande_rechthoekszijde', 'vertakking', 'been', 'gebroken_been', 'tak', 'tweebenige', 'tweebenige_tie', 'menselijk_been', 'poot', 'podium', 'onderste_ledemaat', 'rechthoekszijde', 'onderdaan', 'houten_been', 'broekspijp', 'onderbeen', 'stelt', 'onderste_ledematen', 'tweebenige_wedstrijd', 'filiaal', 'aanliggende_rechthoekszijde', 'etappe', 'cathetus', 'pegleg', 'leg', 'station_lea_green', 'twee_benen', 'benen', 'onderdanen', 'bedrijfstak', 'ronde', 'pie_de_palo', 'menselijke_been', 'rit', 'crus', 'uitwaaiering']
lie	liggen	Match	['aanliggen', 'lie_the_love_and_terror_cult', 'shallou', 'absolute_first_album', 'awake', 'trygve_lie_halvden', 'jokken', 'gaan_liggen', 'leugen', 'liggingsafwijking', 'geojitmal', 'liggen_in', 'liegen', 'lieg', 'falsity', 'onwaarheid', 'neervlijen', 'lie', 'gelegen_zijn', 'trygve_halvdan_lie', 'leugentje_om_bestwil', 'chineesindonesische_achternamen', 'trygve_lie', 'rusten', 'the_lie', 'chineesindonesische_achternaam', 'liggen', 'ligging']
live	live	Match	['voortduren', 'ondervinden', 'acdc_live', 'spocks_beard_live', 'tour', 'handhaven', 'gevestigd_zijn', 'optreden', 'live_the_loreley_tapes', 'muziekuitvoering', 'concert', 'popconcert', 'dying_for_a_heart', 'bang_tango', 'bouncing_souls_live', 'zombie_live', 'live_concert', 'bevolken', 'built_to_spill', 'jennifer_lópez', 'beleven', 'live_muziek', 'resideren', 'overblijven', 'tournee', 'muziek_concert', 'opvoeren', '…live…', 'ervaren', 'klinik', 'existeren', 'concertuitvoering', 'live_at_the_marquee', 'duren', 'voortbestaan', 'leef', 'verderleven', 'rising', 'jennifer_lopez', 'jennifer_lynn_lopez', 'levend', 'live', 'toto_live', 'biota', 'uitvoering', 'simian_mobile_disco', 'concerten', 'leven', 'wonen', 'rem_live', 'the_klinik', 'levende', 'verblijven', 'selena_live', 'jlo', 'livid', 'the_manhattan_transfer_live', 'voortleven', 'the_loreley_tapes', 'wezen', 'trotseren', 'bestaan', 'overleven', 'pigmy_love_circus']
liver	lever	Match	['leverfunctie', 'levers', 'lever', 'hepatisch', 'hepar', 'leverschade', 'levertjes', 'rundvlees_lever']
long	lange	Match	['longa', 'begeren', 'sheepshead', 'the_long', 'bloody_roar', 'lange', 'long_gaan', 'long', 'william_henry_long', 'lang', 'verlangen', 'longs_distrikt', 'dromen', 'smachten', 'long_positie', 'zuchten', 'talen']
louse	ziekteverwekker	Incorrect	['pietje', 'geleedpotige', 'phthiraptera', 'geleedpotigen', 'artropoda', 'arthropode', 'arthropoda', 'bladluis', 'geleedpotig', 'vogel_luis', 'geleedpotige_dieren', 'luis', '(arme)_luis', 'zuigen_luis', 'piet', 'luizen', 'vuil_bal', 'dierluizen', 'bijtende_luis', 'artropoden', 'neet', 'artropode', 'arthropod']
man	man	Match	['ellan_vannin', 'the_man', 'pik', 'millitair', 'man_page', 'mensen_(homo', 'dunlending', 'mensachtige', 'heer', 'homo_sapiens_europaeus', 'menselijke_soort', 'gast', 'mannelijk_geslacht', 'manchester_airport', 'wereldburger', 'ziel', 'menselijk', 'mensdom', 'man_pagina', 'eiland_man', 'krijgsman', 'deel', 'ministry_of_national_defence', 'wen', 'pief', 'menselijk_geslacht', 'moderne_mens', 'mens_in_tolkiens_legendarium', 'militairen', 'speelstuk', 'meneer', 'man_ag', 'vent', 'pion', 'homo_sapiens_sapiens', 'batman', 'manfred_gnadinger', 'iemand', 'militair_persoon', 'kamerdienaar', 'cornelis_de_man', 'the_isle_of_man', 'mens_in_werk_van_tolkien', 'volwassen_mannelijke', 'seksuele_rijpheid', 'dunlendings', 'homo_sapiens_afer', 'relient_k', 'baas', 'kerel', 'mannen', 'basserool', 'anatomisch_moderne_mensen', 'het_eiland_man', 'metropolian_area_network', 'menselijke', 'wereld', 'homo_sapiens_americanus', 'seksuele_rijping', 'manpaginas', 'sterveling', 'valet', 'valet_de_chambre', 'militair', 'mensheid', 'wan', 'steen', 'knaap', 'mannetje', 'klant', 'menselijk_leven', 'de_mensheid', 'mens', 'atanatári', 'metropolitan_area_network', 'luchthaven_manchester', 'mensenkind', 'jongen', 'maschinenfabrik_augsburgnürnberg', 'man_se', 'homo_sapiens', 'homo_sapiens_asiaticus', 'manspersoon', 'aarde', 'homo', 'heerschap', 'mensengeslacht', 'personen', 'isle_of_man', 'gezelschapsdame', 'broger', 'geslachtsrijp', 'journal_of_the_royal_anthropological_institute', 'mensen', 'tweede_volk', 'maschinenfabrik_augsburgnurnberg', 'stuk', 'man', 'man_aktiengesellschaft', 'onderdeel', 'gentlemans_gentleman']
many	vele	Match	['hartelijk', 'many', 'vele', 'veel', 'mány', 'velen']
meat	vlees	Match	['verwerkt_vlees', 'meat', 'essentialia', 'hypostase', 'kernpunt', 'bijzonderheid', 'grond', 'vlees_wetenschap', 'm_e_a_t', 'vleessoort', 'kwintessens', 'zwaartepunt', 'vleesch', 'essence', 'kiloknaller', 'aftreksel', 'hoofdpunt', 'shawn_stasiak', 'hoofdzaak', 'substantie', 'essences', 'kerngedachte', 'essentie', 'vruchtvlees', 'hart_en_ziel', 'kern', 'bewerkt_vlees', 'we_will_rock_you', 'vlees', 'primaat', 'wezenlijkheid', 'wezen']
moon	maan	Match	['maneschijn', 'maan', 'moon', 'natuurlijke_maan', 'mercurius', 'kunstmaan', '문', 'mars', 'jupiter', 'sun_myung_moon', 'saturnus', 'natuurlijke_satelliet', 'maand', 'lunatie', 'planeten_in_de_astrologie', 'in_hoger_sferen_zijn', 'satelliet', 'maanlicht', 'zonnemaand', 'zon', 'air', 'wachter', 'maansikkel', 'maansomloop', 'natuurlijke_satellieten', 'de_maan', 'blauwe_maan', 'kyoko_fukada', 'dagdromen', 'alexander_moon', 'moon_type', 'manen', 'zon_teken', 'draconische_maand', 'venus', 'pluto', 'synodische_maand', 'dromen', 'christopher_robin_milne', 'moon_township_allegheny_county', 'maanmaand']
mother	moeder	Match	['tichon_nikolajevitsj_chrennikov', 'earthbound', 'verwekken', 'sisters_of_avalon', 'zuster', 'how_big_how_blue_how_beautiful', 'ma', 'mother', 'moederschap', 'almoeder', 'aarde_moeder', 'moniaal', 'non', 'music_of_the_earthbound_series', 'oermoeder', 'synchronicity', 'mama', 'moedergodinnen', 'moesje', 'mams', 'nonnen', 'veroorzaken', 'moe', 'moedertje', 'chorus_line', 'a_chorus_line', 'oergodin', 'mammie', 'kloosterzuster', 'mam', 'the_mother', 'tichon_chrennikov', 'moeder_aarde', 'moedergodin', 'moedergodincultus', 'voortbrengen', 'aardgodin', 'moeder', 'zus', 'godin_moeder', 'vrouwelijke_ouder', 'moes', 'moederlief', 'de_moeder', 'moeders', 'moederaarde', 'moeke', 'bemoederen', 'religieuze']
mountain	berg	Match	['lading', 'bergachtig', 'bulk', 'troep', 'boel', 'goede_deal', 'pak', 'veel', 'aardig_centje', 'hoop', 'zooi', 'passel', 'schep', 'vracht', 'muckle', 'zwik', 'smak', 'mickle', 'david_oreilly', 'bergtop', 'veelheid', 'stoot', 'stelletje', 'partij', 'bergachtige', 'bups', 'bergen', 'kluit', 'een_groot_aantal', 'kwak', 'bom', 'draaien', 'sahtu', '482', 'the_mountain', 'bende', 'berg', 'mountain', 'heel_wat', 'massa']
mouth	monding	Match	['mondholte', 'reukorgaan', 'backtalk', '0simplex', 'trechtermond', 'bek', 'terug_te_praten', 'periorale', 'neus', 'vertex', 'muil', 'menselijke_mond', 'mond', 'snotkoker', 'snufferd', 'sass', 'woordvoerder', 'muide', 'knooppunt', 'praten', 'tegenspraak', 'riviermond', 'riviermonding', 'estuarium', 'sassing', '0polytoop', 'hoek', 'hoekpunt', 'uitmonding', 'antonella_gambottoburke', 'rima_oris', 'labium', 'mondeling_spleet', 'monding', 'uitloop', 'spreken']
name	naamnaam	Found close match: ['naam']	['publiek_figuur', 'eigenaam', 'refereren', 'roep', 'aanstellen', 'nominale_constituent', 'scheldnaam', 'zelfstandig_naamwoord_zin', 'schimpnaam', 'terugwijzen', 'computernaam', 'id', 'naam', 'terugverwijzen', 'identifier', 'noemen', 'zeggen', 'vermelden', 'aangeven', 'noun_phrase', 'nominaal', 'nominale_zin', 'maken', 'designeren', 'eigennaam', 'identificatiecode', 'figuur', 'naamwoord', 'identificatienummer', 'idcode', 'zelfstandignaamwoordgroep', 'aanwijzen', 'gens', 'zelfstandig_naamwoord_zinnen', 'nominal', 'identificatie', 'eigennamen', 'kiezen', 'verwijzen', 'benoemen', 'naamwoordzinnen', 'naamwoordgroep']
narrow	smalle	Match	['versmalling', 'black_lines', 'narrow', 'soapskin', 'smalle', 'versmallen', 'smal', 'vernauwen']
near	nabij	Not found	[]
neck	nek	Match	['flessenhals', 'nek', 'nekbreuk', 'halsopening', 'nek_hals', 'neck', 'halsstuk', 'nekstuk', 'hals', 'bottleneck', 'nuchal', 'nicker', 'nikker']
new	new	Match	['nieuw', 'jong', 'new', 'nieuwe']
night	nacht	Match	['nyx', 'vannacht', 'nótt', 'hotelovernachting', 'nyx_of_nox', 'eli_wiesel', 'night', 'nacht', 'overnachting', 'nachtblauw', 'nox', 'unbreakable', 'avond', 'avondstond', 'eliezer_wiesel', 'midnight_blue', 'nachtelijke_duisternis', 'middernacht', 'wiesel', 'avondje', 'gazpacho', 'nachtje', 'the_heart_speaks_in_whispers', 'elie_wiesel']
nose	neus	Match	['pijp', 'verdrijvingsvlak', 'grasduinen', 'snuffelen', 'mondstuk', 'aromatische', 'sergeantstrepen', 'reukorgaan', 'neuslengte', 'aroma', 'boeket', 'geur', 'neus', 'snuffen', 'straalbuis', 'lengte', 'snotkoker', 'snufferd', 'gore', 'aromaten', 'bouquet', 'neuzen', 'aromas', 'welriekendheid', 'nose', 'menselijke_neus', 'héctor_abad_gómez', 'zoetheid', 'rondneuzen', 'magnetische_mondstuk']
not	niet	Match	['alg3', 'logische_ontkenning', 'logische_schakeling', 'nr4a2', 'niet', 'discrete_logica', '¬', 'ontkenning', 'schakelalgebra', 'kdvo', 'marin_county_airport', 'gnoss_field', 'en', 'logische_poorten', 'logische_poort', 'logische_negatie']
old	oude	Match	['bejaard', 'oude_wijnstokken', 'voorgaand', 'ouwe', 'alte_reben', 'voormalig', 'vieilles_vignes', 'voorafgaand', 'oud', 'tooryeay', 'oude', 'old', 'gewezen']
one	één	Match	['welgang', 'vampire_weekend', 'planetshakers', 'one', 'opvolger', 'zesvoudige', '1', 'twee', 'one_railway', 'one_kagayaku_kisetsu_e', 'tuples', 'one_pro_cycling', 'tupel', 'ace', 'ntupel', 'eenheid', 'je', 'tuple', 'ze_qualifier', 'multiplicatieve_identiteit', 'één', 'een_qualifier', 'national_express_east_anglia', 'orange_austria', 'still_not_getting_any', 'een_zekere', 'armin_van_buuren', 'sarah_burgess', 'een', 'still_not_getting_any…', 'armin', 'i', 'supposed_former_infatuation_junkie', 'nene', 'the_one', '１', 'ene', 'einsfestival', 'vertical_man', 'uitvoerder', 'still_not_getting_anytour_edition', 'one_tv', 'armin_van_buren', 'still_not_getting_any_tour_edition', 'cry', 'mind_over_matter', 'enneagram', 'tupels', 'c418', 'men', 'eén', 'eerste']
other	andere	Match	['xenosaga', 'el_otro', 'andere', 'overige', 'o_t_h_e_r', 'othering', 'overig', 'ander']
play	spelen	Match	['stoeien', 'play', 'dramatische_kunst', 'theateropvoering', 'android_market', 'optreden', 'manoeuvre', 'spelen', 'stageplay', 'gokken', 'gokkers', 'betonen', 'beurt', 'toneelstukken', 'glans', 'kinderspel', 'bespelen', 'speelperiode', 'vrije_loop', 'google_play_store', 'dramas', 'dramatische_kunsten', 'voordoen', 'kansspel', 'luchtsprong', 'wedden', 'brengen', 'houden', 'spelletje', 'drama', 'speling', 'manipuleren', 'dartelen', 'recreëren', 'spel', 'vallen', 'opvoeren', 'spelletjes', 'play_framework', 'google_play', 'opzetten', 'er_op_kunnen_rekenen', 'filmdrama', 'musiceren', 'stoeipartij', 'dramatiek', 'periode_van_het_spel', 'verpozen', 'schermen', 'gokspel', 'christopher_martin', 'afspelen', 'capriool', 'uithangen', 'draaien', 'theaterstuk', 'toneel', 'spelregel', 'rollenspel', 'dramatisch_spel', 'toneelspel', 'acteren', 'días_que_no_vuelven', 'meespelen', 'afdraaien', 'stuk', 'spelregels', 'play_store', 'toneelspelen', 'rechte_spelen', 'toneelstuk', 'aanrichten', 'spell', 'speel']
pull	duwen	Incorrect	['putten', 'meeslepen', 'batsman', 'meesleuren', 'scheuren', 'begaan', 'ruk', 'hijs', 'pull', 'batting', 'pluimen', 'tekenen', 'intrekken', 'been_blik', 'plegen', 'sluiten', 'slepen', 'batsmen', 'plukken', 'voorttrekken', 'trekken', 'haal', 'reverse_sweep', 'trek', 'zich_terugtrekken', 'pull_schot', 'trekker', 'optrekken', 'aantrekken']
push	duwen	Match	['push', 'zet', 'stoten', 'douwen', 'duwen', 'puttichai_kasetsin', 'sixth_season_of_greys_anatomy', 'drukknop', 'annonceren', 'keuzerondje', 'persen', 'toets', 'confessions_on_a_dance_floor', 'getupandgo', 'knop', 'duw', 'nick_jonas', 'precious_based_on_the_novel_push_by_sapphire', 'zetje', 'stapel', 'stoot', 'black_and_white_america', 'pushen', 'druk', 'stack', 'fix_me', 'promoten', 'aankondigen', 'bekend_maken', 'confessions_on_a_dancefloor', 'adverteren', 'precious', 'promoveren', 'mike']
rain	regen	Match	['regenbui', 'in_blue', 'heavy_rain', 'regen', 'csi_ny', 'regenen', 'rain', 'regen_storm', 'hemelwater', 'regenval', 'john_colton', 'bonnie_maxon', 'regendruppel', 'miezeren', 'rains', 'boos', 'regenwater', 'neerslag', 'simone_battle']
red	rode	Match	['thirteen_masks', 'bolsjeviek', 'verliespost', 'déon_leon', 'second_season_of_smallville', 'after_school', 'bolshie', 'karmijnrood', 'bolsjewieken', 'red_one', 'red_digital_cinema_camera_company', 'dieprood', 'rood', 'schadepost', 'helrood', 'bolsjevieken', 'red', 'verlies', 'bolshy', 'bolsjewiki', 'bolsjewime', 'bolsjewiek', 'rode', 'hoodwinked', 'rode_inkt', 'keel', 'angry_birds_magic', 'bolsjevisme', 'bolsjewisme', 'angry_birds', 'karmozijnrood', 'dyrk3', 'red_river', 'mega_man_x7', 'steffie_zoontjes', 'bolsjewistische_partij', 'karmozijnen', 'deon_leon', 'don_goldstein', 'bloedrood', 'internationalist_workers_left', 'jim_krebs', 'kersen', 'jonathan_figueroa', 'gewelddadig', 'anil_kapoor', 'karmijnen', 'rødt', 'day__age', 'harshvardhan_kapoor', 'saga_frontier', 'ik', 'amazing_red']
right	rechts	Match	['verbeteren', 'natuurlijke_rechten', 'moraaltheologie', 'zedenleer', 'rechtervleugel', 'rechten', 'centrumrechts', 'moreel_standpunt', 'ethiek', 'hoyre', 'moraal', 'juist', 'recht', 'rechtse_politiek', 'ethische_theorie', 'ethische_kwesties', 'rechtmatigheid', 'rechterhand', 'onethisch', 'moraalfilosoof', 'moraalwetenschappen', 'høyre', 'goed', 'rightism', 'corrigeren', 'geschikt', 'aanhanger_van_de_rechtsen', 'young_americans', 'handigheid', 'morele_filosofie', 'rechterkant', 'gelijk', 'statuten', 'natuurlijke_en_wettelijke_rechten', 'wettelijk_recht', 'zedenkunde', 'rechtse', 'ethische_normen', 'moraalleer', 'ethicus', 'politiek_rechts', 'right_wing', 'onvervreemdbaar', 'moraalfilosofische', 'wettelijke_rechten', 'rechts', 'onvervreemdbaar_recht', 'gepast', 'relatieve_richting', 'correct', 'moraalfilosofie', 'natuurlijk_recht', 'rechtswinger', 'goed_en_kwaad', 'ethisch', 'rechterzij', 'ethisch_systeem', 'hogre', 'linkshandig', 'rechtshandig', 'rechterzijde', 'conservatieve_partij_van_noorwegen', 'moraalwetenschap', 'høgre', 'redelijkheid', 'onvervreemdbare_rechten', 'billijkheid', 'ethische', 'herzien']
river	rivier	Match	['stroomgeul', 'sestao_river', 'stroom', 'waterlopen', 'lake_ellsworth', 'stroompje', 'river', 'liberman', 'waterstroom', 'intermitterende_stroom', 'rivieren', 'waterloop', 'beken', 'bishop_briggs', 'watergang', 'watermark', 'lijst_met_pokertermen', 'rivier', 'nathan_coulternile', 'beek', 'the_river', 'revival', 'beekje', 'ruisseau', 'sestao_sport_club', 'normaliseren_rivieren', 'lijst_van_pokertermen', 'sestao_river_club', 'le_fleuve']
road	asfaltweg	Found close match: ['straatweg']	['reisduur', 'straatweg', 'weg_spel', 'weg', 'ruch_obywatelski_akcja_demokratyczna', 'verhoogde_wegen', 'burgerbeweging_democratische_actie', 'steenweg', 'road', 'baan', 'kasseiweg', 'the_road', 'uitduel', 'landweg', 'uitwedstrijd', 'new', 'wegenbouw', 'reistijd', 'dammen', 'heenwedstrijd', 'straat']
root	wortelstokken	Found close match: ['wortelen', 'worteltje', 'wortelknol']	['oerbron', 'wortelknolletjes', 'wortelhals', 'woordstam', 'haardos', 'voorvader', 'ninjawereld', 'stamvader', 'worteltje', 'grondtoon', 'begin', 'harige', '0', 'wortelknol', 'voorouders', 'voorvaderen', 'wroeten', 'voorloper', 'ascendant_en_descendant', 'descendant', 'menselijk_haar', 'kiem', 'werkwoordsstam', 'wortelgetal', 'tandwortel', 'haarkleed', 'hoofdhaar', 'onvoorziene_wortels', 'wortelen', 'aanslaan', 'tonale_centrum', 'machtswortel', 'aarden', 'super_user', 'superuser', 'voorouderlijke', 'rein', 'tonic', 'aanvang', 'haren', 'konohagakure', 'haar', 'root_gebruiker', 'oorsprong', 'stamwoord', 'bos', 'nulpunt', 'stam', 'root', 'hoofd', 'pruik', 'voorzaat', 'muzikale_intervallen', 'stamklinker', 'rootgebruiker', 'grondligging', 'radix', 'roottoegang', 'aangaan', 'wortel_woord', 'pneumatofoor', 'plantenwortel', 'kuif', 'hoofdtoonsoort', 'haarcyclus', 'boom', 'hechtwortel', 'beharing', 'bron', 'beworteling', 'origine', 'boomstructuur', 'eetimone', 'kop', 'tonic_akkoord', 'start', 'nul', 'grondwoord', 'nde_wortel', 'intervallen', 'etymon', 'antecedent', 'xasafsnede', 'hoofdmap', 'voorouder', 'muzikale_interval', 'pneumatorrizie', 'ascendant', 'interval', 'basiswoord', 'wortel', 'gewortelde_boom', 'toonafstand', 'nulwaarde', 'pneumatorhizie', 'trap', 'peen', 'tonica', 'rooting']
rope	touwen	Match	['touw', 'trekkabel', 'r2', 'zeel', 'forget_me_drug', 'aanlijnen', 'touwslager', 'kunststofkabel', 'mexicaanse_valium', 'rope', 'alfred_hitchcocks_rope', 'kabel', 'rophy', 'roofy', 'koord', 'touwen']
rotten	rotten	Loanword	['verrot', 'rotte', 'rot', 'rans', 'bedorven', 'rottig', 'ranzig']
round	ronde	Match	['lading', 'losse_flodder', 'polijsten', 'prijsvechter', 'labializeren', 'prizefighting', 'huls', 'bareknuckle', 'aanvallen', 'bokser', 'boeket', 'meest_significante_cijfer', 'fruit', 'afgerond', 'precisie', 'dagelijkse_ronde', 'bokssport', 'boxen', 'stypsis', 'troll', 'een_schot', 'droge', 'eenheid_munitie', 'mineraliteit', 'afronden', 'rekenkundige_precisie', 'rondje_golf', 'rondje', 'cirkelvormige', 'verfijnen', 'bloteknuckle_boxing', 'behuizing', 'boksen', 'bouquet', 'significant_cijfer', 'cyclus', 'round', 'beduidend_cijfer', 'beduidende_cijfers', 'ritme', 'minst_significante_cijfer', 'evenwicht', 'bareknuckle_boxing', 'patroonhuls', 'patroon', 'rond', 'bokspartij', 'pugilism', 'significante_cijfers', 'ronde', 'bokswedstrijd', 'lichaam', 'cartridge', 'significante_cijfer']
rub	smeren	Found close match: ['strelen', 'schuren']	['schuren', 'klauwen', 'onregelmatigheid', 'strijken', 'kopeken', 'strelen', 'wrijven', 'veeg', 'oplopen', 'russische_roebel', 'oneffenheid', 'aanlopen', 'krabbelen', 'krabben', 'aaien', 'lijst_van_termen_in_het_professioneel_worstelen', 'krauwen', 'rub']
salt	zout	Match	['zoutstrooier', 'zoutwinning', 'nacl', 'assalt', 'salt_river', 'zoutachtig', 'inzouten', 'zouten', 'tafelzout', 'rotszout', 'natriumzout', 'inpekelen', 'salt', 'zoutig', 'wuthering_heights', 'natriumchloride', 'chloornatrium', 'cheryl_james', 'henry_salt', 'pekelen', 'zoutvaatje', 'metaalzout', 'zilt', 'klipzout', 'essalt', 'zoutvat', 'strooizout', 'keukenzout', 'brak', 'ionische_zout', 'salt_ii', 'steenzout', 'strategic_arms_limitation_talks', 'gezouten', 'saltnpepa', '7647145', 'natrium_chloride', 'salt_n_pepa', 'zout', 'bergzout']
sand	zand	Match	['georges_sand', 'persistentie', 'baroness_dudevant', 'zandkleurige', 'schönenbergkübelberg', 'amandine_dupin', 'how_does_that_grab_you', 'tenaciteit', 'zandkleurig', 'duinzand', 'perseveratie', 'zavel', 'amandine_lucile_aurore_dudevant', 'schonenbergkubelberg', 'ruggengraat', 'ingewanden', 'volhardingsvermogen', 'ruggegraat', 'george_sand', 'schuren', 'amandine_aurore_lucie_dupin', 'karakter', 'doortastenheid', 'zand', 'aurore_dupin', 'sand_am_main', 'sha_wujing', 'zandgrond', 'zandstrand', 'vastberadenheid', 'sandy_hawkins', 'zandbodem', 'sand', 'schoenenbergkuebelberg', 'moxie', 'lef', 'zandkorrel']
say	inderdaad	Incorrect	['aannemen', 'beweren', 'jean_baptiste_say', 'staan', 'stellen', 'uitspreken', 'zeg', 'uiten', 'uitbrengen', 'jeanbaptiste_say', 'medezeggenschap', 'say', 'pretenderen', 'luiden', 'aanvoeren', 'zeggen', 'veronderstellen', 'inspraak', 'bevelen', 'in_blue', 'thomas_say', 'opzeggen', 'praten', 'vertellen', 'opgeven', 'sienaampugnano_airport', 'vermoeden', 'osakis', 'spreken', 'beslissingsbevoegdheid']
scratch	wikificeren	Incorrect	['duiten', 'golf_handicap', 'afspringen', 'gekras', 'afketsen', 'schaafwond', 'verwijderen', 'kladschrift', 'hanenpoten', 'deuk', 'huidletsels', 'contant_geld', 'zweren_van_de_huid', 'aanlopen', 'krabbelen', 'krabben', 'slijtage', 'dinero', 'krab', 'kerven', 'mosselen', 'handicap', 'kattengejank', 'hanepoten', 'cutane_aandoening', 'klauw', 'cursus_rating', 'schrabben', 'afstuiten', 'uitwissen', 'simoleons', 'macules', 'krassen', 'huidziekten', 'startlijn', 'verharding', 'markering', 'schrappen', 'puisten', 'scratch', 'adventures_of_sonic_the_hedgehog', 'doorhalen', 'inkrassen', 'kentucky_wildcats', 'schrapen', 'schuren', 'verbastering', 'krauw', 'afschurving', 'hanepoot', 'kras_lijn', 'geseling', 'annuleren', 'aanduiding', 'oplopen', 'huid_laesie', 'ontvelling', 'kriebelpootje', 'griffen', 'buts', 'krabbel', 'poen', 'kattegejank', 'hanenpoot', 'klauwen', 'lichenificatie', 'dermatosen', 'krabbelschrift', 'bluts', 'kras', 'gekriebel', 'krabbelpootje', 'kokkels', 'abrasie', 'huidaandoening', 'blaasje', 'peter_gabriel', 'gewin', 'krauwen', 'graveren', 'kakografie', 'teken']
sea	zee	Match	['zeeën', 'schat', 'mare', 'maanzee', 'oceanen', 'air', 'bada', 'slc25a1', 'oceaan', 'stroom', 'seamaat', 'maan_merrie', 'zee', 'plas', 'sea', 'mariene_milieu', 'zeeen', 'wereldzee', 'the_sea', 'maan_maria']
see	zie	Match	['ondervinden', 'visueel', 'waarnemen', 'tegenkomen', 'burundanga', 'zien', 'aftasten', 'nemen', 'voelen', 'realiseren', 'erbarmen', 'horen', 'doormaken', 'weten', 'opvatten', 'scopoderm', 'vernemen', 'aanschouwing', 'gewaarworden', 'ontdekken', 'bezoek', 'bezoeken', 'opnemen', 'inzien', 'oordelen', 'uitvinden', 'zorgen', 'schatten', 'begrijpen', 'naspeuren', 'scopolamin', 'bekommeren_om', 'keuren', 'beseffen', 'ontmoeten', 'vinden', 'houden', 'visite', 'gillespie_field', 'behandelen', 'leren', 'beleven', 'tycho', 'gezichtsvermogen', 'scopoderm_tts', 'verzekeren', 'aanmerken', 'constateren', 'opzoeken', 'visuele_waarneming', 'ervaren', 'aantreffen', 'onderzoeken', 'scopolamine', 'bekijken', 'bisschopszetel', 'kijken', 'bezien', 'aandacht_besteden_aan', 'gadeslaan', 'treffen', 'vorsen', 'achten', 'hyoscine', 'uitleggen', 'examineren', 'see', 'aanschouwen', 'verbeelden', 'zicht', 'tolken', 'bezichtigen', 'vertalen', 'zie', 'analyseren', 'bevinden', 'beschouwen', 'aartsbisschoppelijke_zien', 'meemaken', 'doorleven', 'ontfermen', 'ondergaan', 'speuren']
seed	azarenka}}	Incorrect	['cum', 'zaaizaad', 'zaaien', 'uitroepen', 'kwartfinale', 'kwakje', 'enkele_eliminatie', 'ejaculaat', 'sublime', 'inspiratiebron', 'final_fantasy_8', 'zaadvloeistof', 'stijfsel', 'sperma', 'teelvocht', 'kwartfinales', 'knockoutfase', 'enkele_eliminatie_toernooi', 'geil', 'semifinals', 'knockoutsysteem', 'zaad', 'komen', 'knockout_toernooi', 'random_seed', 'zaden', 'games', 'bron', 'geplaatste_speler', 'uitzaaien', 'halve_finale', 'singleeliminatie', 'ejaculeren', 'knockout_systeem', 'knock_outsysteem', 'santi', 'knockout_tournooi', 'zaadkorrel', 'seed', 'knockout_fase', 'zaaigoed', 'final_fantasy_viii', 'zaadhuid']
sew	naaien	Match	['naaien', 'naai', 'stitchery', 'naaister', 'aannaaien']
sharp	scherpe	Match	['skinheads_against_racial_prejudice', 'spen', 'verstandig', 'scherpzinnig', 'adaven', 'schel', 'scherp', 'michael_william_sharp', 'sharp_corporation', 'hoog', 'gewiekst', 'sharp', 'aaron_john_sharp', 'scherpe', 'kruis', '♯', 'steil']
short	korte	Match	['plotseling', 'korte_animatiefilms', 'shortstop', 'shorten', 'plots', 'shortselling', 'kortsluiten', 'korte_stop', 'short_selling', 'kortsluiting', 'klein', 'kortfilm', 'ineens', 'short_positie', 'pardoes', 'korte_onderwerpen', 'short', 'abrupt', 'korte_verkoop', 'kortgesloten_circuit', 'tweereeler', 'plotsklaps', 'short_gaan', 'opeens', 'korte', 'contramine', 'korte_films', 'shortstops', 'film_short', 'kort', 'korte_film', 'kort_onderwerp', 'charles_wilkins_short']
sing	zingen	Match	['kwelen', 'vocalisten', 'zangers', 'parokya_ni_edgar', 'fluiten', 'zingen', 'vocalizing', 'uitzingen', 'voorzingen', 'leisure', 'roddelen', 'bezingen', 'doorslaan', 'zang', 'cleane_zang', 'zing', 'zangkunst', 'sing', 'vrouwelijke_zang', 'harmonie_zang', 'zanger']
sit	plaatsnemen	Incorrect	['zitten', 'babysitten', 'neerzitten', 'zetelen', 'sit1', 'zit', 'sit', 'poseren', 'rijden', 'xue']
skin	huid	Match	['day_for_night', 'plugins', 'skinnable', 'seizoen_1_van_supernatural', 'schil', 'almost_human', 'ray_of_light', 'printplaten', 'pels', 'huid', 'psychiatrische_inrichting', 'skinhead', 'ontvellen', 'skin', 'onderhuid', 'blaadje', 'australische_aboriginal_verwantschap', 'psychiatrisch_ziekenhuis', 'bedekking', 'vloeitje', 'blender', 'afpellen', 'printplaat', 'rockland_records', 'pwb', 'invoegtoepassing', 'vel', 'bont', 'schillen', 'printed_circuit_board', 'cutis', 'vermogen_vliegtuig', 'deborah_anne_dyer', 'addin', 'afschillen', 'insteekkaart', 'exocarp', 'uitbreidingskaart', 'weergave', 'bangarra_dance_theatre', 'thema', 'vruchtwand', 'pellen', 'huidcellen', 'oppervlaktelaag', 'gedrukte_bedradingskaart', 'schaven', 'cutane', 'psychiatrische_instelling', 'r_kelly', 'zenuwlijdersinrichting', 'the_skin', 'gekkenhuis', 'robert_sylvester_kelly', 'plugin', 'kaart']
sky	sky	Match	['luchtlagen', 'sky_airlines', 'hemelgewelf', 'hemelblauw', 'leegte', 'british_sky_broadcasting', 'azuur', 'heterosfeer_waar', 'zwerk', 'hemel', 'aeronomie', 'azure', 'justin_boller', 'winxclub', 'lucht', 'cerulean', 'sky_blue', 'hemelsblauw', 'hemelboog', 'azuurblauwe', 'german_sky_airlines', 'saffierblauwe', 'aëronomie', 'leemte', 'firmament', 'sapphire', 'luchtruim', 'ceruleumblauw', 'credo', 'sky', 'sky_plc', 'air', 'stacey_king', 'li_xiaofeng', 'hoogte', 'lazuline', 'dampkring', 'atmosfeer_van_aarde', 'lazuur', 'team_sky', 'sky_deutschland_ag', 'atmosfeer_de_aarde', 'heterosfeer', 'luchtlaag', 'winx', 'azuurblauw', 'tyro3', 'uitspansel', 'bskyb', 'hemeldak', 'atmosfeer_van_de_aarde', 'saffierblauw', 'sky_méxico', 'sky_procycling', 'winx_club', 'sky_brasil', 'aardatmosfeer', 'thatgamecompany']
sleep	slaap	Match	['hybride_slaapstand', 'slaapstand', 'eeuwige_slaap', 'pitten', 'rust', 'conjure_one', 'knorren', 'maffen', 'standbymodus', 'sluimer', 'keveren', 'slaap', 'letargische_slaap', 'kwijtschelding', 'hibernate', 'snurken', 'sopor', 'azure_ray', 'eeuwige_rust', 'rusten', 'de_slaap', 'slapen', 'the_black_parade', 'sluimerstand', 'bronzen', 'wekken', 'meuren', 'standby', 'sleep']
small	kleine	Match	['small', 'john_kunkel_small', 'lumbale', 'smal', 'kleine', 'klein']
smell	ruiken	Match	['ruiken', 'olfactorische_eigendom', 'stinken', 'reukorgaan', 'toon', 'accent', 'ruik', 'geurtje', 'olfactorische_modaliteit', 'gevoel', 'lucht', 'olfactorische_perceptie', 'olfactorisch', 'neus', 'geur', 'accessoire_olfactorisch_systeem', 'reukzintuig', 'olfactorische_sensatie', 'reuk', 'olfactorische', 'reukvermogen', 'odeur', 'reukloos', 'onaangename_geur', 'ruikend', 'geest', 'reukzin']
smoke	rook	Match	['groene_godin', 'walm', 'sigarettenpeuk', 'sens', 'sigaretten', 'strootje', 'marihuana', 'fastball', 'peuk', 'roken', 'saffie', 'sigaret', 'white_noise', 'shagje', 'tabaksproduct', 'tabaksplant', 'nicotinana', 'ridley_tsui', 'tabaksrolletje', 'field_mob', 'magnetooptische_kerr_effect', 'sess', 'nicotiana', 'damp', 'yin_yang_yo', 'tabakswaren', 'rookwolk', 'cigaret', 'kankerstok', 'gerookt', 'doodskist_nagel', 'tabak', 'rook', 'tabaksproducten', 'safke', 'the_smoke', 'wiet', 'sjekkie', 'tabaksverslaving', 'mary_jane', 'gebruik_van_tabak', 'saffiaantje', 'smoke']
smooth	gladde	Match	['gladde_getallen', 'slijpen', 'boeket', 'glad_worden', 'fruit', 'smooth', 'stypsis', 'droge', 'gladde', 'mineraliteit', 'soepel', 'afvlakken', 'wegmasseren', 'oppoetsen', 'gladden', 'poetsen', 'bouquet', 'gladmaken', 'evenwicht', 'gerald_albright', 'glad_getal', 'lichaam', 'glad']
snake	slang	Match	['slangachtig', 'gifslang', 'graycode', 'serpent', 'ophidia', 'ah1', 'hydra', 'ah1_cobra', 'snake', 'solid_snake', 'adder_in_het_gras', 'snake_jailbird', 'wurgslang', 'slangen', 'snake_river', 'serpentes', 'waterslang', 'slang']
snow	sneeuw	Match	['wit', 'coke', 'sneeuwen', 'charles_percy_snow', 'sneeuwval', 'verwarren', 'cocaïne', 'snouw', 'the_warriors', 'baron_sneeuw_van_leicester', 'gebroken_wit', 'sneeuwwit', 'in_verwarring_brengen', 'bedotten', 'zware_sneeuw', 'sneeuw', 'snow', 'beetnemen', 'vuilwit', 'neus_candy', 'cp_snow', 'charles_percy_sneeuw', 'basterdsuiker', 'ffmpeg', 'arthur_owens', 'natte_sneeuw', 'ivoor', 'sneeuwlaag', 'snauwschip', 'snauw', 'c_p_sneeuw', 'ruis', 'informer', 'sneeuwvlok']
some	sommige	Match	['zowat', 'sommige', 'approximatief', 'omtrent', 'enige', 'rond', 'ongeveer', 'of_zo', 'sommigen', 'min_of_meer', 'enkele', 'ruwweg', 'some']
spit	zandbank	Incorrect	['slijm', 'tuffen', 'fluim', 'saliva', 'kwijlen', 'vleespin', 'expectoratie', 'spit', 'schoorwal', 'lin_newborn', 'zever', 'kwijl', 'jodenlijm', 'kwalsteren', 'spuug', 'speeksel', 'rotisserie', 'zenuwen', 'vleespen', 'het_spuwen', 'het_fluimen', 'spuwen', 'kwatten', 'spugen']
split	gesplitste	Found close match: ['opgesplitst', 'splitsen', 'opsplitsen']	['heterozygoten', 'splitlp', 'verdelen', 'beensplit', 'hemizygoot', 'delen', 'klieven', 'birds_of_prey', 'splitalbum', '12512_split', 'split_album', 'ontbinden', 'splijten', 'heterozygotie', 'split', 'grand_écart', 'spagaat', 'ontkoppelen', 'scheiden', 'barsten', 'zygositeit', 'afsnijden', 'splitsing_lemma', 'knallen', 'heterozygote', 'splitsingle', 'uiteenspringen', 'cipher_system__by_night', 'splitsen', 'split_plaat', 'uitspatten', 'opgesplitst', 'spalato', 'homozygoten', 'opsplitsen', 'torn', 'homozygotie', 'aandelensplit', 'the_split', 'homozygositeit', 'halfje', 'aandelensplitsing', 'heterozygoot', 'uiteenspatten', 'homozygoot', 'the_universe_made_of_darkness', 'homozygote', 'grand_ecart']
squeeze	gaatje	Incorrect	['knuffelen', 'omhelzen', 'omvangen', 'verdichten', 'forceren', 'knuffel', 'pletten', 'kneuzen', 'zetdwang', 'persen', 'induwen', 'credit_crunch', 'aan_de_borst(en)_drukken', 'kredietcrisis', 'zugzwang', 'knijp', 'sterno', 'dwingen', 'knellen', 'dwangzet', 'spannen', 'platdrukken', 'omarming', 'omhelzing', 'in_de_armen_nemen', 'knijpen', 'samendrukken', 'omvatten', 'squeeze', 'liquiditeitscrisis', 'inschuiven', 'wringen', 'samenpersen', 'verpletteren', 'comprimeren', 'omarmen']
stab	verwondt	Incorrect	['stab', 'priemen', 'mes_stuwkracht', 'messteek', 'scream_2', 'prikken', 'steek', 'steken', 'hoorn_steken', 'aanval', 'porren', 'toesteken', 'poging']
stand	staan	Match	['voetstuk', 'tolereren', 'bosje', 'muziekpaviljoen', 'fruitboomgaard', 'beschouwing', 'getroosten', 'partnerschap', 'firma', 'partnership', 'suikerplantages', 'kraam', 'stelling', 'invalshoek', 'verkoopstand', 'plantages', 'lijden', 'boomgaard', 'blik', 'stand', 'toelaten', 'standpunt', 'boomgaarden', 'buitenpodium', 'jojos_bizarre_adventure', 'kijk', 'onderneming', 'verduren', 'visie', 'opstellen', 'aanvaarden', 'the_stand', 'susan_ashton', 'verdragen', 'uitgangspunt', 'bos', 'kampen', 'optiek', 'tribune', 'uitstaan', 'koffieplantage', 'dragen', 'suikerplantage', 'tuinder', 'muziekkapel', 'stander', 'stellen', 'harden', 'bongerd', 'zienswijs', 'vennootschap', 'plantage', 'neerzetten', 'dulden', 'de_kat_sturen', 'woodlet', 'sokkel', 'postament', 'rubberplantage', 'rechtstaan', 'incasseren', 'standaard', 'gezichtshoek', 'gedogen', 'corporatie', 'oogpunt', 'nemen', 'gezichtspunt', 'staan', 'basis', 'bedrijf', 'doormaken', 'velen', 'muziekkiosk', 'muziektent', 'stellage', 'katoenplantage', 'bogaard', 'doorstaan', 'piëdestal', 'standplaats', 'fruitareaal', 'zienswijze', 'positie', 'muziekkoepel', 'overeind_zetten', 'basement', 'ondergaan']
star	sterren	Match	['ster_topologie', 'licht', 'star_tv', 'stertopologie', 'gucy2c', 'targz', 'kanjer', 'maven', 'bcgmatrix', 'beroemdheid', 'knapperd', 'hoofdrol', '﹡', 'titelrol', 'begaafd_persoon', 'kraan', 'een_hoofdrol_spelen', 'mul', 'celebrities', 'suizen', 'estelle_swaray', 'uitblinker', 'ster', 'crack', 'kei', 'expert', 'adept', 'superstar', 'acteurs', 'zon', 'milky', 'hotelclassificatie', '＊', 'star', 'xerox_star', 'duivelskunstenaar', 'hotshot', 'coryfee', 'hoofdpersoon', 'grootmeester', '✦', 'groeiaandeel_matrix', 'hoofdrolspeelster', 'popster', 'estelle', 'zelfbenoemde_specialist', 'hoofdrolspeler', 'roem', 'gouden_kampioensster', 'meesteres', 'sterren', 'hoofdfiguur', 'the_star', 'beroemd_persoon', 'meester', 'steroïdogene_acute_regulatory_protein', 'sterretje', 'aas', 'hoogvlieger', 'air', 'viersterrenhotel', 'media_persoonlijkheid', 'zelfbenoemde_expert', 'vijfsterren_hotel', 'the_rise_and_fall_of_ziggy_stardust_and_the_spiders_from_mars', 'grootheid', 'the_motion_picture', 'sterveelhoek', 'raspaardje', 'asterisk', 'virtuoos', 'bollebof', 'tvpersoonlijkheid', 'filmster', 'mavin', 'étoile', 'ilean_almaguer', '5sterren_hotel', 'beroemdheden', 'bedreven', 'star_pembrokeshire', 'swift_wind', 'sternetwerk', 'hotelclassificaties', 'hemelbekleding', 'ster_grafiek', 'celebrity', 'ster_veelhoek', 'meesterbrein', 'genie', 'beroemd', 'vedette', 'filmsterren', 'superster', 'topper', 'deskundige', 'specialist', 'vijf_sterren_hotel', 'bolleboos', 'tar']
stick	vastpakken	Found close match: ['pakken', 'plakken', 'wandelstokken']	['standaard_transmissie', 'joystick', 'hechten', 'synchromesh', 'knuppel', 'stok', 'pakken', 'takje', 'klitten', 'reefer', 'knots', 'blijven', 'tak', 'klampen', 'wandelstok', 'plakken', 'versnellingspook', 'goddess', 'stuurknuppel', 'joint', 'billystick', 'houden', 'billy_club', 'kleven', 'gummistok', 'marihuanasigaret', 'wis', 'politie_baton', 'staak', 'stickie', 'stick', 'spike', 'teen', 'stikkie', 'handgeschakelde_versnellingsbak', 'verstomd_doen_staan', 'staf', 'american_standard_code_for_information_interchange', 'een', 'vasthouden', 'ascii', 'clapstick', 'spliff', 'versnellingsbak', 'gangwissel', 'twijg', 'wandelstokken', 'rijs', 'priseas', 'vastzetten', 'verlegenheid', 'transmissie', 'wapenstok', 'matrak', 'klemmen', 'joysticks', 'verbluffen', 'gummiknuppel', 'ploertendoder', 'jonko', 'jekker', 'korte_shifter']
stone	stenen	Match	['henry_stone', 'pericarp', 'i_f_stone', 'edelsteen', 'harlan_fisk_stone', 'zich_drogeren', 'halfedelstenen', 'robert_stone', 'stenigen', 'steenrots', 'oliver_stone', 'noot', 'stone_california', 'harlan_stone', 'picul', 'juwelen', 'rots', 'kamen', 'crash_vegas', 'kiezelsteen', 'endocarp', 'rotsen', 'harlan_f_stone', 'edward_durell_stone', 'endocarpium', 'steentje', 'gesteente', 'pit', 'isidor_feinstein_stone', 'rots_of_gesteente', 'stereo__type_a', 'stenen', 'lucy_stone', 'pikol', 'iskander', 'steen', 'gesteentes', 'stone', 'natuursteen', 'harlan_fiske_stone', 'gesteenten', 'kiezel', 'halfedelsteen', 'edelstenen']
straight	voorovergebogen	Incorrect	['heterosexualism', 'heteroseksualiteit', 'meteen', 'recht', 'kruis', 'heterofiel', 'rechte_lijn', 'heterosexual', 'rechte', 'heteroseksuelen', 'hetero', 'rechtstreeks', 'straight', 'lijnrecht', 'pal', 'heteroseksueel', 'rechte_persoon', 'heterosexualiteit', 'heteroseksuele', 'heteroseksueel_persoon', 'rechtdoor', 'regelrecht', 'straat', 'direct', 'onmiddellijk']
suck	zuigen	Match	['zuigen', 'suck', 'afzuigen', 'fellatio_doen', 'de_borst_geven', 'klote_zijn', 'zuig', 'spenen', 'borstvoeding_geven', 'opzuigen', 'seok', 'zogen', 'pijpen', 'aanzuigen']
sun	zon	Match	['sun', 'zonnen', 'sigrid_raabe', 'utu', 'maan', 'tôn', 'the_sun_cycle__fittings_co_ltd', 'mercurius', 'ho_yeow_sun', 'mars', 'seon', 'vaste_ster', 'jupiter', 'cun', 'xin', 'zonnebaden', 'sun_microsystems', 'zonnig', 'daglicht', 'the_distance_to_here', 'vaste_sterren', 'zonneactiviteit', 'stanford_university_network', 'utug', 'zonnelicht', 'zonnestraling', 'sonne', 'bakken', 'zon', 'natuurlijke_verlichting', 'solntse', 'stellae_fixae', 'seconda_università_degli_studi_di_napoli', '☼', 'zon_teken', 'sunhwa_kwon', 'zonnetje', 'zondag', 'sigrid', 'sun_television', 'sigrid_solbakk_raabe', 'venus', 'zonlicht', 'dag_des_heren', 'zonneschijn', 'koperen_ploert', 'the_sun', 'lords_day', 'dominicus']
swell	zwellen	Not found	[]
swim	zwemmend	Found close match: ['zwemmen', 'afzwemmen', 'zwemmer']	['zwemmen', 'afzwemmen', 'zwemvereniging', 'swim', 'zwem', 'wedstrijdzwemmen', 'zwemmen_als_sport', 'zwemster', 'aquatische_locomotie', 'ray_of_light', 'onderwaterzwemmen', 'sportzwemmen', 'zwemmer', 'drijven', 'vlotten', 'zwemsport', 'zwemwedstrijden']
tail	staart	Match	['shadower', 'naten', 'achterhand', 'achterwerk', 'achtereinde', 'jagen', 'opening_batsman', 'laterale', 'kont', 'achterste', 'fundament', 'contralaterale', 'tailender', 'couperen', 'tooches', 'achtervolger', 'aborale', 'ventrolaterale', 'foei', 'najagen', 'kruis', 'miles_tails_prower', 'jacht', 'peuk', 'empennage', 'dorsoventral', 'derrière', 'achter', 'tail', 'dorsolaterale', 'achternajagen', 'keister', 'vervolgen', 'voorwaarden_voor_anatomische_locatie', 'reet', 'posterieur', 'slagvolgorde', 'toges', 'achtersteven', 'ventrale', 'gat', 'achternazitten', 'anatomische_termen_van_locatie', 'basale', 'zitvlak', 'staart', 'staartassemblage', 'nadat_een_deel', 'pluimstaart', 'munt', 'ipsilaterale', 'staartzijde', 'midclaviculaire_lijn', 'caudale', 'staartstuk', 'broodjes', 'achterna_zitten', 'hol', 'staartender', 'achterschip', 'gluteaal_gebied', 'wipstaart', 'derriere', 'schaduw', 'tails', 'proximale', 'distale', 'steven', 'krent', 'tailend', 'bips', 'eikel', 'achtervolgen', 'plantaire', 'billen', 'staartkant', 'batterij', 'middle_order', 'bibs', 'apicale', 'achterkant', 'bil', 'tooshie', 'caudaal']
that	dat	Match	['that', 'thaat', 'dat', 'zo', 'die']
there	er	Match	['daarheen', 'daar', 'er', 'aldaar', 'derwaarts']
they	ze	Match	['xenon', 'per', 'genderneutrale_voornaamwoord', 'they', 'atoomnummer_54', 'xe', 'ze', 'zij', 'genderspecifieke_voornaamwoord']
thick	dik	Match	['dikke', 'sloom', 'midden', 'slome', 'traag_van_begrip', 'thick', 'dik']
thin	dunne	Match	['thin', 'dun', 'diëten', 'afslanken', 'lijnen', 'verdunnen', 'schaars', 'dunne', 'mager', 'afvallen', 'slank', 'vermageren', 'aan_de_lijn_doen']
think	denk	Match	['denk_dat', 'think', 'zien', 'geloven', 'pivco', 'inzien', 'te_binnen_schieten', 'hersenwerk', 'zich_herinneren', 'analytisch_vermogen', 'thnk', 'gedachten', 'gedenken', 'vinden', 'de_hersens_inspannen', 'gedachte', 'herinneren', 'bedoelen', 'peinzen', 'reflecteren', 'denken', 'veronderstellen', 'de_hersens_laten_werken', 'van_mening_zijn', 'opiniëren', 'het_hoofd_gebruiken', 'plan', 'opduikelen', 'bedoel', 'reproduceren', 'achten', 'denken_proces', 'eraan_denken', 'menen', 'beogen', 'onthouden', 'intenderen', 'uitvoering', 'denkproces', 'doen_denken', 'dunken', 'adam_lambert_discography', 'terughalen', 'denk', 'voorspellen', 'van_mening_zijn_dat', 'nadenken', 'overwegen']
this	dit	Match	['mijn', 'dit', 'me', 'mij', 'deze', 'this', 'thinis']
three	drie	Match	['prong', 'welgang', 'driehoek', 'iii', 'santana_iii', 'trine', 'seventeen_seconds', 'bob_sinclar', 'opvolger', '3', 'trits', 'lijn_3d', 'deuceace', 'trio', 'christophe_le_friant', 'santana', 'survival_island', 'drieregelig_vers', 'u23', 'three', 'thr3e', 'bob_sinclair', 'tv3', 'hutchison_3g', 'drietal', 'lijn_3', 'ternion', 'tv3_nieuwzeeland', 'uitvoerder', 'mt_egypt', 'armageddon', 'enneagram', 'drie', 'phd_three', '３']
throw	gooien	Match	['kogelen', 'flikkeren', 'kleien', 'gooien', 'hebben', 'messing_instrument', 'het_koper', 'koperblazer', 'koperblaasinstrumenten', 'verwarren', 'plompen', 'compressieslag', 'kwakken', 'zwiepen', 'doen_twijfelen', 'bugel', 'werpen', 'kukelen', 'koper', 'slaglengte', 'te_geven', 'gooi', 'houden', 'verbijsteren', 'toss_jongleren', 'in_de_war_schoppen', 'mikken', 'verslaan', 'knikkeren', 'uitlaatslag', 'koperen_blaasinstrument', 'afwerpen', 'geelkoper', 'koperblaasinstrument', 'kieperen', 'koperblazers', 'jenzen', 'worp', 'messing', 'lazeren', 'slag', 'verbazen', 'voeren', 'geworpen', 'kegelen', 'keilen', 'smijten', 'opgooi', 'cam_beroerte']
tie	playoff	Incorrect	['aanhechten', 'draw', 'gelijkspelen', 'ballastloos_spoor', 'spoorweg_stropdas', 'overbinding', 'bielzen', 'linkup', 'strikken', 'associëren', 'relateren', 'schakelen', 'verbinden', 'koppelen', 'vastknopen', 'gelijkspel', 'stropdassen', 'combineren', 'tiein', 'stropdas', 'binden_bundel', 'passen', 'aanbinden', 'linken', 'biel', 'spoorbalk', 'luchthaven_tippi', 'biels', 'liëren', 'overgebonden_noten', 'gelijk_spel', 'aansluiten', 'in_de_echt_verbinden', 'connectie', 'verenigen', 'huwen', 'boog', 'strop', 'band', 'knevelen', 'dwarsligger', 'deelnemen', 'spoorbiels', 'knopen', 'trouwen', 'vastbinden', 'das', 'binden', 'overbindingsboog', 'puntendeling', 'aaneensluiten', 'voegen', 'lassen', 'aaneenschakelen']
tongue	gehemelte	Incorrect	['glossa', 'lingua', 'glossolalie', 'spreken_in_tongen', 'mnek', 'natuurlijke_taal', 'natuurlijke_talen', 'tongue', 'tongen', 'langue', 'klepel', 'glossolalia', 'tongue_highland', 'etnische_taal', 'spraak', 'tong', 'lengua', 'rundvlees_tong']
tooth	tanden	Match	['tand', 'tanden', 'gebit', 'zaagtand', 'gebitselement', 'giftand', 'mensentand']
tree	boom	Match	['boomdiagram', 'bomen', 'substructuur', 'bladknooppunt', 'tree', 'charlotte_brontë', 'boom_kruskals_stelling', 'bovenliggende_node', 'bovenliggend_knooppunt', 'hout', 'boom', 'gewortelde_boom', 'interne_knoop', 'woud', 'jonge_boom', 'currer_bell', 'heilige_boom', 'structuur', 'bos', 'interieur_knooppunt', 'boom_datastructuur', 'boomstructuur', 'binaire_boom', 'boom_aanbidding', 'sir_herbert_beerbohm_tree', 'herbert_beerbohm_tree', 'charlotte_bronte']
turn	afschudden	Incorrect	['ommekeer', 'zuren', 'rondwentelen', 'evolueren', 'spiegelen', 'ronde_bocht', 'handeling', 'afslaan', 'rationele_trigonometrie', 'kentering', 'beurt', 'turn_lp', 'wending', 'turn', 'verfraaiing', 'overwinning_punt', 'worden', 'versieringsteken', 'keren', 'nummer', 'ornament', 'doorbuigen', 'ombladeren', 'omslaan', 'ronddraaien', 'overvloeien', 'acteren', 'lijst_van_pokertermen', 'kappen', 'verzwikken', 'krommen', 'overgaan', 'ornamentsnijden', 'zwenk', 'schiften', 'beploegen', 'lijst_met_pokertermen', 'spel_mechanica', 'ploegen', 'voorslag', 'koebel', 'wending_van_de_gebeurtenissen', 'terugdraaien', 'bocht', 'game_mode', 'zwaaien', 'zwerven', 'ontwerpaccenten', 'verkleuren', 'zwikken', 'draaiing', 'zwenken', 'omploegen', 'wenden', 'tour', 'draaibeweging', 'wenteling', 'toer', 'siersel', 'revolutie', 'verrekken', 'uitzwenken', 'buigen', 'volta', 'keerpunt', 'goede_beurt', 'versiersel', 'ronde_hoek', 'appoggiatura', 'pirouette', 'spel_monteur', 'regelen', 'ornamentaal', 'verstuiken', 'spelen', 'acciaccatura', 'gunst_nota', 'keer', 'muziekversiering', 'twist', 'versiering', 'toerbeurt', 'omleggen', 'doorploegen', 'perigon', 'afzwenken', 'act', 'akte', 'groeien', 'ommezwaai', 'gruppetto', 'draaien', 'omslag', 'draai', 'dubbelslag', 'aankleding', 'paruur', 'daad', 'lijst_van_termen_in_het_professioneel_worstelen']
two	twee	Match	['opvolger', 'tweede', 'welgang', 'twee', 'two', 'uitvoerder', '2wo', 'jim_cartwright', '2', 'ii', 'enneagram', '２', 'brace']
vomit	braaksel	Match	['overgeven', 'leegstromen', 'overgeefsel', 'nekken', 'braakt', 'braken', 'kotsmiddel', 'disgorgement', 'emeticum', 'braakwekkend', 'caputuleren', 'regurgitatie', 'kotsen', 'spugen', 'vomitus', 'braakmiddel', 'braaksel', 'nauseant', 'kots', 'barf', 'vomeren', 'father_son_holy_ghost', 'spuwen', 'spuwsel', 'spuugmiddel']
walk	wandelen	Match	['ongerichte_graaf', 'zich_vertreden', 'manier_van_lopen', 'basis_op_ballen', 'to_reach_the_clouds', 'spankeren', 'telgang', 'gangen', 'stappen', 'walk', 'stap', 'voetpad', 'wandelend', 'loopbruggen', 'gaan', 'graafknoop', 'slenteren', 'orde', 'graaf', 'netwerk', 'lopen_van_het_leven', 'wandelen', 'vrijuit_gaan', 'basissen_op_ballen', 'paseo', 'zijde', 'tippel', 'loop', 'wandeling', 'sheepshead', 'rand', 'lopen', 'paardengang', 'the_walk', 'loopje', 'uitlaten', 'loopbrug', 'eenvoudige_grafiek', 'grafiek']
warm	warme	Match	['hartelijk', 'warmen', 'zich_opwarmen', 'verwarmen', 'warm', 'warme', 'majid_jordan', 'liefhebbend', 'zich_verwarmen', 'aanhankelijk']
wash	insmeren	Incorrect	['washout', 'aquarel', 'spoelen', 'buried', 'wegspoelen', 'arroyo', 'reinigen', 'schoonwassen', 'wasvrouw', 'the_wash', 'lijst_van_afleveringen_van_prison_break', 'bevochtigen', 'wassen', 'drogen_wassen', 'wasgoed', 'lavation', 'bedrukken', 'washables', 'afspoelen', 'lotie', 'slipstreamen', 'waswater', 'schoonmaken', 'wash', 'slipstream', 'unearthed', 'scan', 'spoelwater', 'was', 'lost_dogs', 'chinese_wasserette', 'lijst_van_afleveringen_van_seizoen_2_van_prison_break', 'wasbeurt']
water	water	Match	['openbare_watervoorziening', 'pies', 'waterleiding', 'bevloeien', 'heartbreak_on_a_full_moon', 'voda', 'plasje', 'conflict_om_water', 'lichaam_van_het_water', 'waterlichaam', 'druppel_hek', 'pis', 'stoom', 'water', 'h2o', 'pipi', 'wateren', 'watermolecuul', 'fencyclidine', 'oogsten_van_ijs', 'irrigeren', 'waterdistributiesysteem', 'waterlichamen', 'zeik', 'weewee', 'industrieel_water', 'tranen', 'waterdruppel', '7732185', 'quoin', 'blood_red_shoes', 'waterijs', 'vloeibaar_water', 'watervoorziening', 'waterdamp', 'water_geven', 'quoins', 'urine', 'lichaam_van_water', 'hoeksteen', '515', 'majem', 'eigenschappen_van_water', 'waterbron', 'pharmacy', 'diwaterstofoxide', 'h₂o', 'fencyclidine_hydrochloride', 'waterleidingnet', 'organen_van_het_water', 'angel_dust', 'watersysteem', 'ijs', 'zoetwater', 'oxidaan', 'plas', 'water_molecuul', 'stikstofhoudende_afval', 'roomijs']
we	we	Not found	[]
wet	natte	Match	['angel_dust', 'nattigheid', 'wet', 'fencyclidine', 'westeuropese_tijd', 'westeuropeese_tijd', 'nat', 'vochtige', 'westeuropese_zomertijd', 'natte', 'vochtigheid', 'wet_design', 'natmaken', 'nattig', 'sweat', 'vocht', 'fencyclidine_hydrochloride', 'vochtig']
what	wat	Match	['welk', 'what', 'wat']
when	wanneer	Match	['wanneer', 'when', 'diamonds_for_breakfast']
where	waar	Match	['waarvandaan_qualifier', 'waar', 'waarnaartoe_qualifier', 'waarheen__qualifier', 'waarheen']
white	zwarte	Found close match: ['zwart']	['eiwitten', 'wit', 'caucasoid_ras', 'steven_pele', 'europide_ras', 'patrick_victor_martindale_white', 'andrew_d_white', 'albumine', 't_h_white', 'europide_rassen', 'urza', 'white', 'gebroken_wit', 'gelaatskleur', 'white_airways', 'kleur', 'blankheid', 'pigmentatie_van_de_huid', 'witspeler', 'lights', 'andere_rassen', 'blackface', 'zilver', 'e_white_b', 'vuilwit', 'edward_white', 'gabardine', 'trzy_kolory_bialy', 'edward_d_white', 'three_colours_white', 'aziatisch', 'delias', 'witten', 'eb_white', 'kleurtje', 'pieris', 'huidskleur', 'teint', 'witte_mensen', 'stanford_white', 'ovalbumine', 'blanken', 'menselijke_huidskleur', 'witte', 'andrew_dickson_white', 'wit_en_zwart_in_het_schaken', 'zwart', 'witheid', 'kaukasisch_ras', 'planeswalker', 'white_people', 'patrick_white', 'eiwit', 'caucasoid', 'kaukasisch', 'europide', 'europiden', 'trois_couleurs_blanc', 'edward_douglas_white_jr', 'latino', 'kaukasische_ras', 'theodore_harold_white', 'theodore_h_white', 'mtg', 'blanke_rassen', 'white_river', 'blanke', 'ivoor', 'magic_the_gathering', 'witheet', 'steven_pelé', 'huidkleur', 'white_motor_company', 'elwyn_brooks_white', 'spaans', 'caucasoids', 'blanke_ras', 'e_b_white', 'ovalbumin']
who	wie	Match	['wereld_gezondheidsorganisatie', 'world_health_organisation', 'the_who_maximum_r__b', 'tofu', 'the_high_numbers', 'wereldgezondheidsorganisatie', 'who', 'high_numbers', 'the_detours', 'zayn_malik', 'james_neidhart', 'the_who', 'oor', 'jim_neidhart', 'wie', 'world_health_organization', 'wereld_gezondheids_organisatie', 'wgo', 'colin_dawson', 'die', 'wat']
wide	breed	Match	['wide', 'brede', 'uitgestrekt', 'wijd', 'ruim', 'breed', 'uitgebreid']
wife	echtgenote	Match	['getrouwde_vrouw', 'vrouwen', 'echtgenote', 'gemalin', 'vrouw']
wind	wind	Match	['blaasinstrumenten', 'kronkelen', 'wiatr', 'darmgas', 'poepie', 'draaibeweging', 'wind_river_systems', 'een_scheet_laten', 'toer', 'prot', 'akeboshi', 'breken_van_wind', 'sales_lead', 'ijdele_woorden', 'gang', 'krimpende_wind', 'bel', 'koelte', 'malarky', 'elektromagnetische_spoel', 'lucht', 'bochtig', 'opzwelling', 'omwinden', 'farting', 'opsjorren', 'blaasinstrument', 'winding', 'windje', 'buikwind', 'een_wind_laten', 'potentiële_klant', 'luchtstroming', 'wind_telecomunicazioni', 'wind_a_breath_of_heart', 'luchtstroom', 'opwinden', 'ruimende_wind', 'meanderen', 'ophijsen', 'malarkey', 'windassisted', 'hijsen', 'scheet', 'scheten', 'draai', 'wind', 'wind_hulp', 'vertrouwelijke_informatie', 'tegenwind', 'flatus', 'veest', 'windvlaag', 'prospect', 'wind_laten']
wing	vleugel	Match	['spoiler', 'gliders', 'linker_flankerende', 'wiek', 'slagvlucht', 'hindwing', 'achterspoiler', 'tighthead_prop', 'zweefvlucht', 'golvende_vlucht', 'uitbouw', 'fly_half', 'zijvleugel', 'binnenkant_het_centrum', 'bijlage', 'eerste_vijfachtste', 'omtrekkende_beweging', 'dummyhalf', 'insecten_vlucht', 'glijvlucht', 'buiten_het_centrum', 'bijgebouw', 'vogel_vlucht', 'flyhalf', 'aanhangsel', 'flankerende', 'vogelvlucht', 'achter_de_coulissen', 'air', 'guardforward', 'vleugel_van_insect', 'swingman', 'flank', 'slag_en_glijvlucht', 'buitentoneel', 'wielkast', 'wieken', 'gone_again', 'spatbord', 'wing', 'vleugeladering', 'vlerk', 'elfquest', 'besturen', 'insectenvleugel', 'vliegen', 'vleugel']
wipe	vernietigen	Found close match: ['vegen']	['af_te_vegen', 'veeg', 'poetsen', 'wissen', 'vegen', 'wegwissen']
with	met	Match	['met', 'with']
woman	vrouw	Match	['juffrouw', 'werkster', 'mevrouw', 'vrouwen', 'het_schone_geslacht', 'dames', 'volwassen_vrouwelijke', 'hulp_in_de_huishouding', 'woman', 'charlady', 'tante', 'klaatu_sampler', 'schone_geslacht', 'klaatu', 'echtgenote', 'poetsvrouw_schoonmaakster', 'vrouw', 'schoonmaakster', 'a_woman', 'vrouwelijk', 'vrouwelijke', 'klaasic_klaatu', 'zij', 'vrouwelijk_lichaam', 'man', '♀', 'nancy_benoit', 'vrouwelijk_geslacht', 'poetsvrouw', 'gemalin', 'dame', 'harry_styles']
worm	slijmerige	Incorrect	['kronkelen', 'schroef', 'regenworm', 'write_once_read_many', 'willie_mccarter', 'wormvirus', 'vervormen', 'europese_draak', 'wormen', '(arme)_luis', 'computerworm', 'pier', 'aardworm', 'vuil_bal', 'wriemelen', 'worm', 'ontwijken', 'wiebelen', 'wurm', 'computer_worm', 'draad', 'tsjerv', 'draaien', 'spartelen', 'stichting_worm', 'wringen']
year	jaar	Match	['klas', 'leeftijd', 'ma', 'tropisch_jaar', 'zonnejaar', 'keerkringsjaar', 'jaren', 'gigaannum', 'tijdperk', 'hectoannum', 'schoolklas', 'kiloannum', 'megaannum', 'lange_tijd', 'jaaroverzichten', 'gigajaar', 'jaar', 'era', 'astronomische_jaar', 'planeetjaar', 'gemiddelde_tropische_jaar', 'equinoctiale_jaar', 'ka', 'jaarlijks', 'twaalf_maanden', 'jr', 'gregoriaanse_jaar', 'anomalistische_jaar', 'ga', 'annum', 'kilojaar', 'megajaar', 'tropische_jaar']
yellow	gele	Match	['laf', 'hwang_ho', 'sugar', 'moedeloos', 'blond', 'gelig', 'lafhartig', 'geelheid', 'blonde', 'blondine', 'hoang_ho', 'gele_rivier', 'eiko_shimamiya', 'back_burner', 'huanghe', 'yellow', 'huang_he', 'goud', 'geel', 'gele', 'zebrahead', 'hong_jinho', 'huáng_hé', 'vergelen', 'blond_haar', 'geelachtig', 'hoangho']
you	je	Match	['no_control', 'do_not_disturb', 'amy_lee', 'jullie', 'monster', 'the_real_testament', 'a_loss_for_words', 'you', 'dodie_clark', 'janne_da_arc', 'u', 'the_kolors', 'je', 'bob_snider', 'gij', 'jij', 'pablo_honey', 'fly', 'vousvoyeren', 'collective_soul', 'moodsmoments', 'jou']
