all	vseh	Match	['popolnoma', 'čisto', 'v_celoti', 'vse', 'univerzalni_kvantifikator', 'akutna_limfocitna_levkemija', 'cel', 'vsem', 'izključno', 'univerzalno_zaprtje', 'akutno_limfoblastno_levkemijo', 'povsem', 'all', 'akutna_limfoblastna_levkemija', 'akutno_limfocitno_levkemijo', 'vseh', 'popôlnoma', 'vsi', 'akutne_limfocitne_levkemije', 'vès', 'totalno', 'celoten', 'scela']
and	in	Match	['logičnih_vrat', 'logični_in', 'konjunkcija', 'in', 'diskretne_logike', 'logična_vrata', 'armed_and_dangerous', 'logika_vrata', 'vrata']
animal	živali	Match	['življenje_živali', 'polten', 'žival', 'rastlin', 'bitje', 'živo_bitje', 'animal', 'makrofavne', 'epifauna', 'animirati_počutje', 'wasp', 'živalska', 'animalia', 'epifaunal', 'čuten', 'živalstvo', 'mesen', 'favna', 'telesen', 'metazojev', 'vrsto_bitje', 'živali', 'road_warrior_animal', 'metazoa', 'živalski', 'far_east_movement', 'pohoten', 'živalsko', 'razmnoževanje_živali', 'živalsko_kraljestvo', 'infauna', 'reality_check']
ashes	truplom	Incorrect	['pepel', 'post_mortem', 'ashes']
at	na	Not found	[]
back	nazaj	Match	['branilec', 'desno_nazaj', 'stržen', 'podpreti', 'hrbtenico', 'hrbtnega_naslona', 'podpirati', 'zadaj', 'back', 'tighthead_prop', '백', 'hrbtenica', 'levi_nazaj', 'ozadje', 'potrdi', 'naslonjalo', 'hrbtna_stran', 'flyhalf', 'prop_tighthead', 'notranjost_centra', 'zadnji', 'nazaj', 'levo_nazaj', 'knjigoveški', 'rebrce', 'nazáj', 'vretenc', 'columna_vertebralis', 'odobriti', 'naslon', 'hrbet', 'hrbtenice', 'izven_centra', 'rahis', 'potrditi', 'zadnja_stran', 'konec', 'platnica', 'staviti', 'zádnji']
bad	prehudo	Found close match: ['hudo', 'hud']	['badness', 'zlo', 'hudobnost', 'pokvarjen', 'betežen', 'velik', 'trhel', 'bcl2povezanih_smrti_promotorja', 'nagnil', 'lažen', 'royce_da_59', 'poškodovan', 'tvegan', 'hudobija', 'bad', 'slàb', 'otožen', 'zlobnost', 'slaba', 'razpadel', 'hud', 'slab', 'nevaren', 'hiben', 'bad_world_tour', 'hudo', 'žalosten', 'big_audio_dynamite', 'ponarejen', 'zloba', 'kovan', 'neprimeren', 'gnil', 'slabo', 'skovan']
bark	olesenelih	Incorrect	['barka', 'skorja', 'il2', 'drevesna_skorja', 'lajež', 'bark', 'lubje', 'šturmovik', 'zadiranje', 'lubja', 'barque', 'lajati', 'periderm', 'iljušin_il2_šturmovik', 'iljušin_il2', 'iljušin_il2_sturmovik']
because	ker	Match	['ker', 'because', 'zaradi']
belly	trebuh	Match	['trebušne_mišice', 'trebuhi', 'belly', 'trebušček', 'burja', 'abdomen', 'trebuh']
big	»velika	Found close match: ['velika', 'velik', 'veliki']	['dorasel', 'krepek', 'velika', 'odrasel', 'postavljaški', 'noseča', 'velik', 'radodaren', 'bjarke_ingels_group', 'nabrekel', 'doraščen', 'bahav', 'viden', 'pomemben', 'stypsis', 'telo', 'plemenit', 'zrasel', 'sadje', 'odličen', 'znamenit', 'domišljav', 'suho', 'vinska_cvetica', 'darežljiv', 'obilen', 'nečimrn', 'ugleden', 'minerality', 'hud', 'slab', 'v_drugem', 'hvalisav', 'liberalen', 'močen', 'odraščen', 'big', 'ničemuren', 'velikodušen', 'prominenten', 'veliki', 'velike', 'norm_nixon']
bird	ptica	Match	['ptica', 'žogica_za_badminton', 'zatočišč', 'perjanica', 'ptic', 'mikuni_shimokawa', 'yardbird_parker', 'edward_bird', 'ptička', 'deklič', 'aves', 'seznam_ptičev', 'wench', 'avafauna', 'ptiček', 'prst', 'žogic', 'bejba', 'dečva', 'ptiči', 'ptič', 'charlie_parker', 'ptice', 'avifauna', 'bird_parker', 'bird', 'perutnina', 'seznam_ptic', 'razzing', 'bronx_navijanja', 'charles_christopher_parker', 'razz', 'boo', 'pišče']
bite	ugriznejo	Found close match: ['ugriz', 'grizenje', 'ugrizniti']	['košček', 'želo', 'rezkost', 'ostrina', 'ugriz', 'prigrizek', 'insektov_ugriz', 'zalogaj', 'chomp', 'ostrost', 'pikantno', 'ugrizi', 'pikanten', 'začinjene', 'steven_hassan', 'pikrost', 'ostrega', 'ugrizniti', 'grižljaj', 'gristi', 'grizenje']
black	črn	Match	['črna_afriška', 'joseph_črna', 'tema', 'črn', 'magic', 'bela', 'temen', 'strahovit', 'negrid', 'final_fight_3', 'črna', 'črna_oseba', 'black', 'črnina', 'črni_mož', 'poguben', 'sramoten', 'barva', 'negroid', 'črna_(negridna)_rasa', 'črno', 'črne', 'blackamoor', 'levi', 'nečasten', 'katastrofalen', 'shirley_temple', 'shirley_temple_črna', 'smrten', 'drugih_ras', 'počrniti', 'azijska', 'znanosti_barve', 'nesrečen', 'black_ženske', 'negroids', 'lightlessness', 'final_fight', 'afriškega_porekla', 'taio_cruz', 'skupna_tema', 'razdejalen', 'črni', 'črna_ženska', 'črnec', 'smola_črnina', 'hispanic', 'usoden', 'črna_rasa', 'planeswalker', 'barve', 'neslaven', 'negro', 'kari_kimmel', 'latino', 'črnka', 'barv', 'tihotapski', 'mtg', 'tragičen', 'inkiness', 'fatalen', 'magic_the_gathering', 'črnci', 'joseph_black', 'sramotilen']
blood	krvi	Match	['rodbina', 'blood', 'človeške_krvi', 'genetske_dediščine', 'rakehell', 'bordeaux_vino', 'kisikom_krvi', 'dednosti', 'bordeaux', 'vino_bordeaux', 'krvna_linija', 'hematoloških', 'krvi', 'roue', 'vs', 'bloodline', 'lahkoživec', 'persistence_of_time', 'dednost', 'razvratnež', 'predniki', 'collective_soul', 'krvni_linija', 'razuzdanec', 'oksidirano_kri', 'the_black_parade', 'krvni_obtok', 'kri', 'cj', 'getting_away_with_murder']
blow	pretresen	Found close match: ['pretres']	['pokvariti', 'plavati', 'nazadovanje', 'skaziti', 'lebdeti', 'kaziti', 'pihati', 'sneg', 'koka', 'udarec', 'poslabšanje', 'razeveteti_se', 'izdati', 'šok', 'šušmariti', 'neuspeh', 'sunek_vetra', 'trošiti', 'širokoustiti', 'sunki', 'zapraviti', 'razsipavati', 'razpočiti_se', 'pretres', 'zafračkati', 'koks', 'blow', 'trk', 'nos_sladkarije', 'krpati']
bone	kosti	Match	['bisernata_barva', 'slonovine', 'belkaste', 'kost_tkivo', 'def_jam_recordings', 'bone', 'kost', 'kosti']
breast	dojke	Match	['metatoraks', 'prsih', 'dojk', 'mezotoraks', 'dojke', 'raka_dojk', 'titty', 'pectus', 'dojka', 'nedra', 'prsni_koš', 'protoraks', 'materine_prsi', 'rak_dojk', 'prsi', 'oprsje', 'rak_dojke', 'the_breast', 'belo_meso', 'predprsje', 'rak_na_dojki', 'toraks', 'prsa']
breathe	dihati	Not found	[]
burn	zažiganje	Found close match: ['zažgal', 'zažgati']	['eritem_solare', 'fc_dallas', 'vodni_tok', 'vodotok', 'sežgati', 'zgori', 'zažgati', 'plamen', 'ogenj', 'potok', 'burn', 'požar', 'tan', 'sončenje', 'zažgal', 'opeklina', 'streljati', 'gorela', 'zagorelost', 'goreti', 'zgorevati', 'ruisseau', 'ožganina', 'obcestni_potok', 'opekline_tretje_stopnje', 'sežigati', 'gorijo_znamke', 'gristi', 'gorečih']
child	otrok	Match	['pred_puhasti', 'tiddler', 'otroštvo', 'hčerkica', 'otrok', 'deček', 'mladenič', 'dojenček', 'mladoletnik', 'deklica', 'mladoletnica', 'otroka', 'lenfant', 'dete', 'hči', 'otroci', 'mladoletnika', 'hčerka']
cloud	oblaku	Match	['računalništvo_v_oblaku', 'oblak', 'zatemniti', 'javni_oblak', 'oblak_storitev', 'cloud_strife', 'cloud', 'zamegliti', 'slab_glas', 'roj', 'mrgoli', 'zbegati', 'kiba', 'pooblačiti', 'infrastrukture_v_oblaku', 'potemniti', 'oblaku', 'infrastrukturo_kot_storitev']
cold	hladna	Found close match: ['hladno', 'hladen', 'hlad']	['mrzel', 'nizke_temperature', 'john_gary', 'prašen', 'hladen', 'nazofaringitis', 'hladnost', 'kronična_obstruktivna_pljučna_bolezen', 'mraz', 'nicole_scherzinger', 'prehlad', 'craig_david', 'mrzlo', 'kopb', 'cold', 'kronična_obstruktivna_bolezen_pljuč', 'hlad', 'hladno', 'mrzla']
come	prihajamo	Found close match: ['prihajati']	['biti', 'spadati', 'cum', 'doseči', 'zgoditi', 'spuščati_se', 'poleči_se', 'zadeti', 'dogajati', 'udariti', 'dobiti', 'nadaljuje', 'pridi', 'semena', 'izvirati', 'slediti', 'prožiti_se', 'sperma', 'postati', 'nastati', 'séme', 'semenska_tekočina', 'narediti', 'ejakulirati', 'imeti', 'delati_se', 'pojaviti', 'pripetiti_se', 'priti', 'prihajati', 'zgoditi_se', 'prišel', 'ejakulacijo', 'izboljšati_se', 'zadel', 'storiti', 'počutiti_se', 'come', 'soditi', 'pridobiti', 'ponižati_se', 'spêrma', 'znašati', 'morati', 'iti', 'z', 'delati', 'izhajati', 'dospeti', 'pasti', 'približati_se', 'prispeti', 'semenske_tekočine', 'seme']
correct	preverljivo	Incorrect	['postaviti', 'biti', 'popraviti', 'batinati', 'nastaviti', 'namestiti', 'prilagodijo', 'naravnati', 'pravi', 'popravljati', 'nadomestiti', 'zrušiti_se', 'kaznovati', 'regulirati', 'padati', 'uravnati', 'prav', 'pravilni', 'popravi', 'pravilen', 'prilagoditi', 'pravilno', 'pasti', 'tepsti', 'pravilna']
count	grof	Match	['štirinajstiški_številski_sistem', 'biti', 'biti_tehten', 'število', 'računati_na', 'biti_važen', 'oceniti', 'biti_mnenja', 'pomeniti', 'računam', 'važno', 'čuditi_se', 'imeti_težo', 'earldom', 'štetje', 'ocenjevati', 'gledati', 'obravnavati', 'veljati', 'imeti', 'jarl', 'countship', 'earls', 'naštevati', 'devetiški_številski_sistem', 'biti_pomemben', 'preučiti', 'rezultat', 'upoštevati', 'petiški_številski_sistem', 'earl', 'sedmiški_številski_sistem', 'petnajstiški_številski_sistem', 'seštevek', 'številski_sestav', 'zanašati_se', 'sql', 'biti_odvisen', 'trojiški_številski_sistem', 'številski_sistem', 'comital', 'izračunati', 'comtesse', 'grof', 'enajstiški_številski_sistem', 'popisnih', 'grofje', 'šestiški_številski_sistem', 'biti_težak', 'prešteti', 'teči', 'stehtati', 'štiriški_številski_sistem', 'šteti', 'seznam', 'računati', 'izbrati', 'strukturiran_povpraševalni_jezik_za_delo_s_podatkovnimi_bazami', 'trinajstiški_številski_sistem', 'medgnojiti_se']
cut	zarezan	Found close match: ['rezanje', 'izrezati', 'rezati']	['znižati', 'reducirati', 'zadajanje_ran', 'rez', 'izključiti', 'črtanje', 'stopnja', 'ranitev', 'odprtocut', 'montažer', 'cut', 'filmsko_montažo', 'filmski_montažer', 'skrajšati', 'filmski_urednik', 'ran', 'okrajšati', 'obrniti', 'pristriči', 'cenzura', 'odklopiti', 'oslabiti', 'kanal', 'omejiti', 'razrez_mesa', 'izdati', 'biti_neodločen', 'imeti', 'skopiti', 'rezati', 'rezanje', 'cenzura_tiska', 'sekati', 'odprto_rano', 'razredčiti', 'zmanjšali', 'posnetek', 'hladno_ramo', 'delež', 'krajšati', 'obračati_se', 'kos_mesa', 'filmski_in_televizijski_montažer', 'baseball_gugalnica', 'odreži', 'rana', 'raztrganine', 'ureznina', 'rane', 'cenzurirani', 'izklopiti', 'ugasniti', 'kastrirati', 'skrčiti', 'zmanjšati', 'cenzorji', 'izrezati', 'okrašen', 'prikrajšati', 'cenzure_tiska', 'prvinski_rez']
day	dan	Match	['clarence_shepard_mlajši_dan', 'naravni_dan', '24urni_interval', 'siderski_dan', '24_ur', 'zvezdni_dan', 'dolžina_dneva', 'čas', 'day', 'pomeni_sončev_dan', 'sončne_ure', 'podnevi', '24urno_obdobje', 'dán', 'clarence_day', 'clarence_dan', 'navideznim_sončne_ure', 'srednji_sončev_dan', 'solarni_dan', 'koledarski_dan', 'sončev_čas', 'dni', 'sončev_dan', 'dan']
die	menschheit	Incorrect	['biti', 'crkniti', 'igralna_kocka', 'pokvariti', 'spodleteti', 'izdahniti', 'oditi', 'pokvariti_se', 'zagnusti_se', 'miniti', 'končati_se', 'giniti', 'uničiti', 'prepustnica', 'smrti', 'ponesrečiti_se', 'hrepeneti', 'poslabšati_se', 'preminiti', 'umirati', 'umri', 'iti_k_vragu', 'veneti', 'poliedri_kocke', 'hoditi', 'odpovedati', 'ginevati', 'poginiti', 'poteči', 'umrl', 'izdihniti', 'slabšati_se', 'prezgodnje_smrti', 'slabeti', 'umreti', 'razpočiti_se', 'iti', 'pocrkati', 'smrt', 'preminutje', 'kocke', 'smrtni', 'zlomiti', 'kocka', 'die', 'pogibati', 'ločiti_se', 'prenasititi_se']
dig	izkopal	Found close match: ['izkop', 'izkopati', 'kopati']	['kopati', 'razuméti', 'izkopati', 'zatopiti_se', 'dig', 'dojeti', 'doumeti', 'andré_dignimont', 'roganje', 'arheološko_najdišče', 'aretirati', 'kopanje', 'podsmijeh', 'prijeti', 'vedeti', 'izkop', 'pojmiti', 'rugati', 'garati', 'razumeti', 'eksploatacija', 'mučiti_se', 'zasmeh', 'delati', 'gročiti', 'prekopati', 'ríti', 'preiskovati', 'suniti']
dirty	umazani	Match	['nečeden', 'zemlja', 'predpomnilnika', 'predpomnjenje', 'dirrty', 'blaten', 'setasociativni', 'oblatiti', 'obscen', 'umazani', 'zamazan', 'umazanijo', 'cpu_cache', 'umazan', 'umazana', 'l1_predpomnilnik', 'prst', 'l2_predpomnilnika', 'napisatiback', 'dirty', 'glineni', 'umazane', 'predpomnilnika_l3', 'umazati', 'gnusen', 'underworld', 'nečist', 'zemljo', 'umazano', 'predpomnilnik', 'onesnažiti', 'začasni_pomnilnik']
dog	prašiček	Incorrect	['preganjati', 'psa', 'wienerwurst', 'antonio_angelo_del_sambro', 'firedog', 'familiaris', 'pes', 'lopov', 'canis_familiaris', 'hot_dog', 'frump', 'zasledovati', 'goniti', 'weenie', 'pawl', 'kljuko', 'hrenovka', 'canids', 'kuža', 'hulja', 'zatikalo', 'poditi', 'canidae', 'pasji', 'duck_hunt', 'canis_lupus_familiaris', 'pes_železo', 'andiron', 'dog', 'pasja', 'hotdog', 'loviti', 'psi', 'hrenovke', 'domači_pes', 'družina_canidae', 'položaj_stikala']
drink	napitek	Found close match: ['pitje']	['požirek', 'pijače', 'pijačo', 'crapulence', 'zastaviti', 'boozing', 'pijančevati', 'popiti', 'pijača', 'pijanstvo', 'pijančevanje', 'lil_jon', 'piti', 'pij', 'deglutition', 'pitna', 'opijanje', 'požiranje', 'vsrkati', 'pitje']
dry	vlažne	Incorrect	['suha', 'prohibicionist', 'súh', 'prohibitionist', 'suh', 'vinska_cvetica', 'suho', 'suhe', 'posuši', 'izsušiti_se', 'suhi', 'ironičen', 'telo', 'stypsis', 'minerality', 'dry', 'sadje']
dull	rjavkaste	Not found	[]
dust	prah	Match	['angel_prahu', 'prah', 'razširiti_se', 'fannings', 'odpadki', 'razkropiti_se', 'grušča', 'praha', 'razkropiti', 'babylon_5', 'razpršiti_se', 'dust', 'orange_pekoe', 'pekoe', 'razbitina', 'phencyclidine_klorid', 'prahu', 'phencyclidine', 'raztresti']
ear	ušesa	Match	['pozornost', 'prebodišče', 'človeško_uho', 'klas', 'demba_nabé', 'presečišče', 'pinna', 'ušesa', 'sečišče', 'stičišče', 'uho', 'posluh', 'uhelj', 'pinnae', 'dotikališče']
earth	zemljino	Found close match: ['zemljo', 'zemlje', 'zemlja']	['terra_firma', 'brontitall', 'zemlja', 'saiyan', 'svetu', 'zemlje', 'golgafrincham', 'skrb_za_tuzemeljsko_življenje', 'ozemljiti', 'zêmlja', '♁', 'kopno', 'ozemljitev', 'svet', '⊕', 'earth', 'dežela', 'andrómeda', 'lamuella', 'modri_planet', 'površje', 'dragonball', 'zemljišče', 'trdna_tla', 'krikkit', 'posvetna_skrb', 'magratheo', 'zemeljska_skrb', 'posvetne_skrbi', 'milliways', 'zemeljska', 'zgradba_zemlje', 'zemljo', 'ace_combat', 'kopnina']
eat	pojedo	Found close match: ['jedo']	['jesti', 'hranjenje', 'jej', 'jest', 'razjedati', 'izprazniti', 'young_ma', 'rjaveti', 'porabiti', 'jedo', 'hraniti', 'izčrpati', 'jejte', 'eat', 'prehranjevanje', 'jedilnico']
egg	jajčne	Found close match: ['jajčece', 'jajčeca', 'jajce']	['proizvodnje_jajc', 'osi_model', 'ptičje_jajce', 'moda', 'modo', 'da_phasmatodea', 'jajčne_celice', 'mala_polos', 'isoosi_referenčni_model', 'velika_polos', 'open_systems_interconnection', 'ovalna', 'paličnjaki', 'jajce', 'pakrog', 'ballock', 'iso_model', 'testisov', 'egg', 'testis', 'jajc', 'augustus_egg', 'elipsa', 'teste', 'omrežni_nivo', 'jajčna_celica', 'phasmida', 'jajca', 'ovoid', 'phasmatodea', 'oval', 'modela_osi', 'sranje', 'elipse', 'jajčece', 'posnemalci', 'omrežni_nivoji', 'model_osi', 'da_phasmida', 'jajčeca']
eye	očes	Found close match: ['očesu']	['eye', 'očesu', 'center', 'oko', 'človeško_oko', 'mišico', 'uho', 'sestavljene_oči', 'optičnih', 'oči', 'srce', 'gledati', 'sredini', 'optika', 'the_eye', 'oculus', 'zrklo', 'očesno_jabolko', 'jedro', 'sredina', 'osrčje', 'pogled', 'eyewall', 'središče']
fall	pade	Match	['biti', 'spadati', 'pin', 'očistiti_se', 'spuščati_se', 'poleči_se', 'nightfall', 'vrniti', 'uplahniti', 'prenesti', 'manjšati', 'jesén', 'jesen', 'odločiti_se', 'fall', 'dogovoriti_se', 'natalia_lesz', 'padati', 'zniževati_se', 'the_fall', 'manjšati_se', 'padec', 'jeseni', 'evenfall', 'viseti', 'polmrak', 'po', 'preiti', 'zmanjša', 'strmino', 'priti', 'crepuscle', 'prihajati', 'zgoditi_se', 'navtični_mrak', 'padanja', 'gloam', 'pade', 'mrak', 'padlo', 'predaja', 'fall_of_man', 'propad', 'mraku', 'kapitulacija', 'soditi', 'somrak', 'ponižati_se', 'padel', 'morati', 'znižati_se', 'crepuscule', 'izgubljati_se', 'pojemati', 'obesiti', 'spustiti_se', 'zmanjšati', 'jesensko', 'gloaming', 'pasti', 'približati_se', 'upadati', 'astronomskega_somraka', 'strmina']
far	daleč	Match	['far', 'dáleč', 'oddaljen', 'vojska_za_osvoboditev_ruande', 'daleč', 'prejšnji_vojska', 'alir', 'interahamwe']
fat	maščoba	Match	['lipidi', 'maščobnega_tkiva', 'maščob', 'opitati', 'bogat', 'maščobe', 'glycerolipid', 'obogateti', 'maščobno_tkivo', 'lipide', 'produktiven', 'lipidov', 'debela', 'lipid', 'maščobna_olja', 'telesne_maščobe', 'maščoba', 'debeliti', 'stypsis', 'telo', 'sadje', 'fat', 'trebušne_maščobe', 'maščobnega', 'debelušnost', 'spitati', 'udebeliti', 'tolst', 'životnost', 'suho', 'vinska_cvetica', 'debeli', 'zrediti', 'maščevje', 'odebeliti', 'minerality', 'lipoid', 'mast', 'debel', 'fat32', 'masten', 'ugojenost', 'pitati', 'debelost', 'prekomerno_telesno_težo', 'maščoben', 'obogatiti', 'ploden', 'tolstost']
father	oče	Match	['očebog', 'begetter', 'mafijski_šef', 'očka', 'duhovnik', 'serijski_podjetnik', 'katoliških_duhovnikov', 'oče', 'pobudnik', 'cerkveni_očetje', 'podjetništvo', 'podjetnik', 'zaploditi', 'biološki_oče', 'zaroditi', 'oče_cerkve', 'cerkveni_oče', 'prednik', 'podjetniki', 'rimskokatoliški_duhovnik', 'father', 'the_gift', 'soustanovitelj', 'idejni_utemeljitelj', 'podjetniške_miselnosti', 'ploditi', 'ata', 'spočeti', 'katoliški_duhovnik', 'cerkev_oče', 'duhovniško', 'moški_staršev', 'ustanovitelj']
fear	maščevalnost	Incorrect	['bojazen', 'bati', 'strahospoštovanje', 'skrb', 'strah', 'spoštovati', 'marillion', 'bati_se', 'čaščenje', 'inside_out', 'clinton_fear_loomis', 'zaskrbljenost', 'fear', 'častiti', 'vrvez_v_moji_glavi']
feather	perje	Match	['barbule', 'operiti', 'pero', 'perja', 'perje_mrk', 'jakovljev_jak15', 'perje', 'filoplume', 'jakovljev_jak17', 'operjenost']
few	nekaj	Not found	[]
fight	boj	Match	['spopadih', 'oponirati', 'boj_proti', 'bojevati_se', 'ugovarjati', 'biti_se', 'oborožen_boj', 'boriti_se', 'borba', 'bojevati', 'nasprotovati', 'bojno_usposabljanje', 'boj', 'dvoboj', 'spopad', 'boriti', 'bojevnik', 'prepir', 'konkurenčnost', 'bitka', 'mučiti_se', 'borbenost', 'pretep', 'braniti', 'fight']
fingernail	prstih	Incorrect	['nohti', 'noht', 'nohtom']
fire	ogenj	Match	['odpustiti', 'žar', 'ustreliti', 'chris_corchiani', 'vzbuditi', 'napad', 'razvneti', 'zažgati', 'plamen', 'obuditi', 'gorečnost', 'navdušiti_se', 'ogenj', 'vnema', 'dvigniti', 'požar', 'heartbreak_on_hold', 'kelis_was_here', 'fire', 'zbuditi', 'fervency', 'anarchy', 'ognjevitost', 'izvabiti', 'prižgati_se', 'streljati', 'goreti', 'streljanje', 'ognjeni_zubelj', 'firejericho', 'prebuditi', 'izzvati', 'leona_lewis', 'fervidness', 'tina_barrett', 'končati', 'prižgati', 'lets_cheers_to_this', 'pekel', 'gorečih']
fish	ribe	Match	['fish', 'go_fish', 'hrana_rib', 'ribi', 'pojdi_fish', 'mehko_ray', 'riba', 'ichthyofauna', 'rib', 'pisces', 'pterygiophore', 'ribice', 'ribo', 'morskih_rib', 'jasper_fish', 'ribe', 'ribariti', 'loviti_ribe', 'ribe_so_ribe', 'phish', 'fluorescentna_in_situ_hibridizacija', 'elver', 'fingerling', 'fluorescenčna_in_situ_hibridizacija']
five	osem	Incorrect	['peterček', 'sugarcult', 'pet', 'succeeder', '5', 'uspešnež', 'število_pet', 'hollywood_undead', 'five', 'pét', 'malo_phoebe', 'achiever', 'eneagram', 'peterica', 'pentad', 'košarkarski_ekipi', 'cinque', 'petica']
float	lebdijo	Found close match: ['lebdeti']	['sladoled_float', 'plavajočo_vejico', 'prekrivni_slog', 'plavati', 'seznami_slogov', 'plavajoč', 'lebdeti', 'parade_float', 'cascading_style_sheet', 'pihati', 'css', 'pontona', 'število_s_plavajočo_vejico', 'plinski_mehur', 'plavajoča_vejica', 'cascading_style_sheets', 'fasade_v_obtoku', 'float', 'plavajočo_vejico_aritmetično', 'plovec', 'zračni_mehur', 'ponton', 'swimbladder', 'števila_s_plavajočo_vejico', 'plutača', 'plavati_mehurja', 'prekrivni_slogi', 'sladoled_soda', 'pontona_čoln', 'eksplozivno_dekompresijo', 'plava', 'bobfloat']
flow	pretoka	Found close match: ['pretok', 'pritok', 'protorap']	['biti', 'teče', 'hidravlično', 'mesečno_perilo', 'tekočine_dynamicist', 'volumski_pretok', 'menstruacija', 'scensko', 'kretati_se', 'číšča', 'držati_se', 'rap', 'rapper', 'menstruacije', 'dinamike_tekočin', 'tok', 'mehanika_tekočin', 'prostorninski_pretok', 'viseti', 'mehanike_tekočin', 'volumski_tok', 'hidravlike', 'young_money_entertainment', 'gravity_recovery_and_interior_laboratory', 'raperji', 'florent_mothe', 'potek', 'flow', 'catamenia', 'mesečna_čišča', 'rap_umetnika', 'emceeing', 'hidravlika', 'tečenje', 'povečuje_poti', 'pritok', 'menstruacijo', 'protorap', 'pretok', 'mesečna_perioda', 'raper', 'zanos', 'obesiti', 'teči', 'pasti', 'prostorninski_tok']
flower	cvet	Match	['relient_k', 'play', 'cvetenje', 'cvetovi', 'rožica', 'gackt', 'cvetenja', 'višek', 'flower', 'cveteti', 'cvet', 'cvetlični', 'cvesti', 'rastni_sezoni', 'razcvet', 'brsti', 'cveta', 'epikutikularnega_voska', 'nizu_sadja', 'bambi', 'zenit', 'roža', 'cvetje']
fly	leteti	Match	['metulj_kap', 'zbežati', 'ciara', 'wanessa', 'muha', 'muho', 'bežati', 'miniti', 'diptera', 'pilotirati', 'dvokrilci', 'uiti', 'prevažati_z_letalom', 'rainfly', 'pobegniti', 'šotorfly', 'uteči', 'leti', 'delfin', 'metulj', 'poletela', 'letenje_žogo', 'fly', 'šotor_loputo', 'delfin__plavanje', 'muhe', 'ogniti_se', 'prave_muhe', 'leteti', 'letak', 'dipterans', 'izginiti', 'letenje_spredaj']
fog	megla	Match	['meglenost', 'zatemniti', 'meglica', 'mrak', 'zbeganost', 'zbegati', 'megla', 'razlog_za_meglo', 'zamegljenost', '10th_avenue_freakout', 'pooblačiti', 'potemniti', 'zamegliti']
foot	metrov	Found close match: ['metri_noge']	['pehota', 'infanterija', 'dno', 'pehotna_enota', 'mollusca', 'pešačenje', 'pešadija', 'pes', 'pehotno_bojevanje', 'mehkužci', 'šivalne_stroje', 'ekstremiteta_nevretenčarjev', 'vremenska_stanja', 'mainsheet', 'metri_noge', 'noga', 'šivalni_stroj', 'temelj', 'understructure', 'pada', 'vznožju', 'živalsko_stopalo', 'čevelj', 'pehotnih_vojakov', 'vznožje', 'živalska_noga', 'stopalo', 'okončina_nevretenčarjev', 'nogo', 'metrični_stopal', 'nevretenčarjih_nogo', 'deblo_mollusca', 'mrtvaški_prt', 'človeška_noga', 'stopica', 'foot', 'pehotnega_polka', 'ft', 'metrični_enota', 'clew']
forest	gozd	Match	['gozda', 'gozdovi', 'wälder', 'slap', 'timberland', 'hosta', 'drevo', 'nottingham_forest', 'struktura_gozda', 'gozdu', 'gozd', 'gozdni', 'les', 'gozd_zmernega_pasu', 'nottingham_forest_fc', 'iglavci', 'pogozditi', 'nottingham_forest_football_club', 'forestvorst', 'log', 'forest']
four	šest	Incorrect	['uspešnež', 'kvaternioni', 'mejo', 'forth', 'succeeder', 'tetractys', 'kvaternion', 'kvaterna', 'four', '6', 'quaternion', 'achiever', 'eneagram', 'quatern', 'mali_joe', '4', '4_na_kraju_samem', 'četvorica', 'tetrad', 'channel_4', 'število_4', 'štiri', 'quaternity', 'štirje', 'planetary', 'quaternions']
freeze	namoči	Incorrect	['prekiniti', 'zmrznjenje', 'imobilizirati', 'todd_smith', 'zmrzal', 'pozeba', 'visi', 'jordin_sparks', 'zmrzovanje', 'freeze', 'bloodline', 'strjevanje', 'mraz', 'zamrznitev', 'postanek', 'slana', 'zaledeneti', 'stoj', 'freeez', 'oledeneti', 'zmrzniti', 'zamrzovanje', 'zamrzniti']
fruit	sadeže	Found close match: ['sadež', 'sadje', 'sad']	['fruit', 'suho', 'vinska_cvetica', 'sadež', 'plod', 'semena_stroka', 'obroditi', 'stypsis', 'telo', 'minerality', 'sadje', 'donos', 'sad']
full	polni	Match	['celotna_lunino_meno', 'širok', 'povečati_se', 'full', 'polni', 'dober', 'cel', 'popolnoma', 'polno', 'polna_luna', 'poln', 'celoti', 'polnoofthemoon', 'sit', 'razvijati_se', 'popoln', 'celoten', 'polna']
give	priskrbijo	Incorrect	['biti', 'prinašati', 'prinesti', 'dal', 'povedati', 'nakloniti', 'izročiti', 'doseči', 'podvreči_se', 'predati', 'podariti', 'pet_your_friends', 'oditi', 'nameniti', 'postrojiti_se', 'odpreti', 'oceniti', 'nuditi', 'zapustiti', 'zagotoviti', 'darila', 'ugotoviti', 'dopustiti', 'pokloniti', 'ponesrečiti_se', 'ocenjevati', 'zrušiti_se', 'obdariti', 'povzročiti', 'prispevati', 'poslabšati_se', 'imeti', 'izplačati_se', 'daj', 'pustiti', 'razbiti_se', 'podati', 'vsebovati', 'plačati', 'storiti', 'elastičnost', 'nahraniti', 'posvetiti', 'springiness', 'žrtvovati', 'cold', 'darilo', 'obdarovati', 'razpočiti_se', 'prožnost', 'iti', 'podeliti', 'posvetiti_se', 'odreči_se', 'posvečati_se', 'vdati_se', 'vročiti', 'z', 'da', 'posvečati', 'dovoliti', 'dati', 'ustanoviti', 'dej', 'darovati', 'uporabiti', 'predstaviti', 'dajati', 'ločiti_se', 'the_giver']
good	dober	Match	['zdràv', 'zdrav', 'pridni', 'prijaznost', 'prikladen', 'proizvod', 'popolnoma', 'vrednota', 'etične_vrednote', 'thomas_sword_good', 'spreten', 'blaga', 'good_music', 'koristen', 'zrel', 'varen', 'izurjen', 'dobrodejen', 'dóber', 'pravi', 'roba', 'zanesljiv', 'blago', 'dobroto', 'blagovnimi_dobro', 'vrednost', 'pokončen', 'verziran', 'pridna', 'dobro', 'good', 'etičnih_vrednot', 'nepokvarjen', 'rutiniran', 'resen', 'dober', 'vrednosti', 'ročen', 'dobrota', 'vešč', 'zdravilen', 'učinkovit', 'temeljito', 'poln', 'izkušen', 'človeških_vrednot', 'popoln', 'krepost', 'izdelki']
grass	trav	Match	['günter_grass', 'graminoid', 'nothing_can_stop_us', 'sens', 'ovaditi', 'gandža', 'marihuana', 'krma', 'grass_gis', 'špicelj', 'eatage', 'spikelets', 'supergrass', 'graminaceae', 'sporobolus_caespitosus', 'izdati', 'trav', 'skylarking', 'sess', 'marihuane', 'konoplje', 'travo', 'živinska_krma', 'družinski_graminaceae', 'indijska_konoplja', 'poaceae', 'zelena_boginja', 'stoner', 'gramineae', 'družinski_poaceae', 'mary_jane', 'družine_gramineae', 'trava', 'denuncirati', 'gunter_grass', 'trava_družina', 'gunter_grass_wilhelm', 'trave']
green	zelene	Match	['skupno', 'povrtnina', 'zelenkasto_rumene_barve', 'okoljska_ozaveščenost', 'okoljska_aktivistka', 'zelen', 'zelena', 'jade', 'dajanje_površine', 'super_c', 'neizkušenost', 'k_posebni', 'zelene_zelenjave', 'zelenice', 'steklenička_zelena', 'listnate_zelenjave', 'okolju_prijaznejši', 'william_green', 'smaragdna_barva', 'svežost', 'okolju_prijaznih', 'viridity', 'stypsis', 'nedozorel', 'telo', 'park', 'listnata_zelenjava', 'green', 'sadje', 'chartreuse', 'zelenkast', 'commons', 'okoljevarstveniki', 'polaganje_zelen', 'zelenicah', 'svežina', 'nezrel', 'okoljskega_aktivizma', 'varstvo_narave', 'zeleno_gibanje', 'okoljske_ozaveščenosti', 'žad_zelena', 'super_kislina', 'suho', 'vinska_cvetica', 'artičoka', 'mlad', 'zelene', 'zeleni', 'zelenilo', 'minerality', 'draga_nafta', 'zelena_barva', 'vert', 'feldgrau', 'grah_zelena', 'green_river', 'zelena_politika', 'kelly_green', 'temno_zelena', 'zelenjava', 'listnato_zelenjavo', 'zelene_politike', 'lahkoveren', 'zeleno', 'smaragdno', 'rumeno_zelena', 'mačka_valium']
guts	mesojedih	Incorrect	['v_prebavnem_traktu', 'smelost', 'drobovje', 'korajža', 'črevesja', 'odločnost', 'hrbtenica', 'guts', 'braveness', 'prebavne_cevi', 'bolezni_prebavil', 'prebavni_kanal', 'gi_trakta', 'črevesje', 'hrabrost', 'velika_teorija_poenotenja', 'čreva', 'courageousness', 'drznost', 'prebavnega_trakta', 'črevesju', 'drobovine', 'prebavil', 'pogum', 'moxie', 'črevesni_sluznici', 'teorija_velikega_poenotenja', 'prebavni_trakt', 'prebavila', 'črevo']
hair	nohta	Incorrect	['mišja_dlaka', 'lase', 'hairsširina', 'hair', 'dlačje', 'kosmato', 'haircloth', 'dlake', 'las', 'lasje', 'hairsbreadth', 'dlaka']
hand	roko	Match	['biti', 'roka', 'igralec_bridža', 'najel_roko', 'izročiti', 'doseči', 'igra_s_kartami', 'kartice', 'predati', 'podariti', 'najeti_delavec', 'drazi', 'scenarij', 'najel_človeka', 'stran', 'rokah', 'pomoč_roko', 'pest', 'roko', 'kazalec', 'thomas_hand', 'roki', 'velik_aplavz', 'igralec_most', 'pomoč', 'brakiri', 'kvartanje', 'podati', 'karte', 'ralf_hand', 'dilgar', 'manus', 'dlan', 'system_of_a_down', 'hand', 'iti', 'cordella', 'vročiti', 'taca', 'strani', 'z', 'dati', 'pisava', 'roke', 'rokopis', 'kartanje', 'šapa', 'dajati', 'mornar', 'igre_s_kartami']
he	je	Not found	[]
head	glavak	Found close match: ['glava', 'glavar', 'glavica']	['protokol_http', 'šef', 'meriti', 'voditelj', 'članek', 'mainsheet', 'pseudanthium', 'glavni_izvir', 'ospredje', 'novico', 'usmeriti', 'naslovna_zgodba', 'rt', 'protokol_za_prenos_hiperteksta', 'oralni_spolni_odnos', 'glavar', 'iti', 'glava_mišice', 'glavo', 'časopisna_zgodba', 'clew', 'duševne_vsebine', 'izvir', 'nous', 'al_snow', 'http', 'headspring', 'misel', 'vodja', 'narkoman', 'zastoj', 'novica', 'cefalično', 'hidravlično_glavo', 'vremenska_stanja', 'chieftaincy', 'chieftainship', 'predstojnik', 'glava_puščice', 'prva_vrsta', 'opna', 'direktor', 'oseba', 'hidravlični_gradient', 'poglavar', 'gláven', 'drumhead', 'prebivalca', 'cifra', 'peljati', 'pamet', 'učitelj', 'top_pes', 'upravljati', 'zločin_šef', 'dirty_mind', 'manevrirati', 'čelo', 'pokazati', 'naslov', 'možgani', 'vprašanje', 'narkič', 'headland', 'magnetna_glava', 'premik_naprej', 'brian_welch', 'usmerjati', 'parni_tlak', 'časopisni_članek', 'rtič', 'oralni_seks', 'hypertext_transfer_protocol', 'razum', 'vodilo_zgodbe', 'head', 'zločin_gospodar', 'vodilni', 'http11', 'um', 'voditi', 'jedro_besedne_zveze', 'človeškega_uma', 'ravnateljica', 'vrh', 'intelekt', 'ravnatelj', 'glavica', 'buča', 'šola_glavni', 'pena', 'mrtvaški_prt', 'branje__pisanje_glave', 'glava', 'plemenski_poglavar']
hear	poslušam	Not found	[]
heart	srce	Match	['srce_in_duša', 'gnjidamakašaste', 'center', 'esenca', 'heart', 'razpoloženje', 'srž', 'korajža', 'odločnost', 'mindless_self_indulgence', 'vnema', 'srce', 'cor', 'sredini', 'esence', 'srčika', 'srčno', 'philia', 'naklonjenost', 'alexz_johnson', 'bit', 'nežnost', 'srček', 'bistvo', 'kardialen', 'srčica', 'levo_srce', 'herc', 'jedro', 'srčna', 'sredina', 'osrčje', 'srčen', 'pogum', 'desno_srce', 'počutje', 'toplina', 'esenc', 'središče']
heavy	težke	Match	['delaven', 'zvonek', 'telesni_stražar', 'nezmeren', 'težaven', 'noseča', 'velik', 'telesne_straže', 'težke', 'težka', 'naporen', 'pomemben', 'država_vs_radric_davis', 'telo', 'team_fortress_2', 'stypsis', 'sadje', 'heavycom', 'zvočen', 'težek', 'resen', 'trnast', 'suho', 'vinska_cvetica', 'zveneč', 'hud', 'minerality', 'težki', 'v_drugem', 'globok', 'heavy', 'tehten', 'visok', 'tegoben', 'mučen', 'sonoren', 'težko', 'težkih', 'mračen', 'priden']
here	copyvio	Incorrect	['túkaj', 'hera', 'tù', 'semkaj', 'here', 'na_tem_mestu', 'sem', 'tukaj']
hit	zavihtela	Incorrect	['biti', 'zaklati', 'zaleteti_se', 'ustreliti', 'udar', 'doseči', 'hīt', 'zadeti', 'baze_hit', 'pobiti', 'fentati', 'udariti', 'dobiti', 'biti_se', 'udarjanje', 'trčenje', 'odstraniti', 'ubijati', 'prožiti_se', 'zadetek', 'masakrirati', 'poklati', 'udarec', 'umoriti', 'udaril', 'moriti', 'trčenja', 'imeti', 'prizadeti', 'pokončati', 'rezultat', 'priti', 'ubiti', 'pospraviti', 'izboljšati_se', 'uspešnica', 'pogubiti', 'zadel', 'iztrebiti', 'pridobiti', 'šus', 'trčiti', 'usmrtiti', 'likvidacija', 'iti', 'hit', 'delati', 'puč', 'bíti', 'trk', 'dospeti', 'tepe', 'prispeti']
hold	pritisnila	Found close match: ['prisiliti', 'pripustiti']	['dogovoriti', 'podpreti', 'hraniti', 'gojiti', 'prenesti', 'prisiliti', 'zadržati', 'omejiti', 'sklopke', 'ročaj', 'veljati', 'jemati', 'čakati', 'sodnem_priporu', 'vsebovati', 'obstajati', 'pripor', 'vzdrževati', 'smatrati', 'iti', 'ovirati', 'dati', 'roč', 'razglasiti', 'šteti', 'kontrolirati', 'obsojati', 'ohraniti', 'drži', 'prtljažni_prostor', 'prtljažnika', 'brzdati', 'oprijem', 'katamewaza', 'rezervirati', 'obravnavati', 'držaj', 'soglašati', 'držalo', 'ročica', 'aretirati', 'zadržati_se', 'headlock', 'pridržanje', 'prenašati', 'preveriti', 'vsebuje', 'počutiti_se', 'uporabiti', 'strinjati_se', 'zakasnitev', 'prisojati', 'biti', 'držati', 'misliti', 'držati_se', 'nahajati', 'nasprotovati', 'tikati_se', 'pregledati', 'čakalni_krog', 'časovni_zamik', 'imeti', 'ustaviti', 'obsegati', 'obsoditi', 'pridržanja', 'pridobiti', 'skladiščni_prostor', 'meniti', 'zdeti', 'obdržati_se', 'ohranjati', 'pripustiti', 'obdržati', 'odlašanje', 'nositi', 'razpolagati', 'nadzorovati', 'izpolniti', 'uporabljati', 'podpirati', 'strinjati', 'dobiti', 'rokoborba_držite', 'imajo', 'voditi', 'prostor_za_tovor', 'prisoditi', 'vzeti', 'odlog', 'nastaniti', 'obvezati', 'prtljaæniku', 'pridržati', 'soditi', 'prijem', 'oddaja_ima', 'izjaviti', 'morati', 'fermata']
horn	trobenta	Match	['avto_rog', 'jazz_trobentač', 'roževina', 'roga', 'francoski_rog', 'trobentač', 'kornet', 'motor_rog', 'troblja', 'trumpeters', 'horn', 'dromlja', 'avtomobilske_hupe', 'saddle_horn', 'trobenta', 'rog', 'hupanje', 'francoskih_rogov', 'gaienhofen', 'hupa', 'glavič', 'kolo_rog', 'lovski_rog', 'vozila_rog']
how	kako	Match	['kakó', 'vprašalni_zaimki', 'julia_beatrice_how', 'vprašalni_beseda', 'kako', 'how', 'vprašalni_zaimek', 'hands_all_over']
hunt	lov	Match	['holman_hunt', 'lov_klub', 'william_holman_hunt', 'loviti', 'leigh_hunt', 'james_henry_leigh_hunt', 'prepelice_lov', 'teči', 'iskanje', 'lovci', 'lovec', 'zasledovati', 'richard_morris_hunt', 'hunt', 'overhunting', 'lov', 'william_henry_hunt']
husband	žena	Incorrect	['ohraniti', 'mož', 'partner', 'zakonca', 'varčevati', 'mravljinček', 'moz', 'soprog', 'življenjski_sopotnik', 'zakonec', 'boljša_polovica', 'možiček', 'husband', 'partnerja', 'poročena_oseba', 'poročen_moški', 'zakonski_partner', 'soproga']
i	iw	Not found	[]
ice	ledu	Match	['faith_erin_hicks', 'motor_z_notranjim_zgorevanjem', 'motor_z_notranjim_izgorevanjem', 'metamfetamina', 'kristalno_metamfetamin', 'teta_meta', 'dextromethamphetamine', 'notranjim_zgorevanjem', 'intercityexpress', 'pervitina', 'meta', 'ledeno_trgatev', 'ledom', 'ice_la_fox', 'motor_ic', 'desoxyn', 'diamant', 'zgodovina_motorjev_z_notranjim_zgorevanjem', 'meth', 'metamfetamin', 'ledu', 'in_case_of_emergency', 'frape', 'sladoled', 'emirates', 'drsališču', 'drsališče', 'vodni_led', 'ice', 'meto', 'led', 'c10h15n', 'v_primeru_izrednih_razmer', 'crystal_meth', 'metamfetamin_hidroklorid', 'glazura', 'methedrine', 'shabu', 'deoxyephedrine', 'instituto_de_costarricense_electricidad', 'methamphetamines', 'zamrzniti']
if	če	Not found	[]
in	v	Not found	[]
kill	ubije	Found close match: ['ubijanje', 'ubil', 'ubiti']	['zaklati', 'premagati', 'dajanje_na_smrt', 'usmrčevanje', 'ubil', 'smrti', 'zbrisati', 'ubijanje', 'imeti', 'pobijanje', 'ubiti', 'umrl', 'prezgodnje_smrti', 'biti_očarljiv', 'morjenje', 'izbrisati', 'preminutje', 'smrt', 'smrtni', 'biti_neudržljiv', 'the_kill', 'kill']
knee	kolena	Match	['kolena', 'kolenskega_sklepa', 'dušijo', 'poškodbe_kolena', 'kolena_skupnega', 'koleno', 'človekovih_koleno', 'kolenom_stavko', 'articulatio_genus', 'kolenski_sklep', 'genu']
know	razumeš	Not found	[]
lake	jezero	Match	['naravno_jezero', 'barvilo', 'presihajoče_jezero', 'lake', 'jezera', 'pigmentov', 'pigment', 'sladkovodno_jezero', 'jezero', 'lakey_the_kid']
laugh	nasmejal	Found close match: ['nasmejati', 'nasmeh', 'nasmejati_se']	['nasmeh', 'jape', 'burka', 'nasmejati_se', 'smej', 'smeh', 'šali', 'nasmejati', 'šalo', 'dovtip', 'šale', 'šaljiv', 'smeha', 'krohot', 'šala', 'zasmejati_se', 'smejati_se']
leaf	listna	Found close match: ['listja', 'list', 'listov']	['verso', 'puhasti', 'midrib', 'olistati_se', 'listja', 'axils', 'crenate', 'paullinia_pterophylla', 'drevo', 'listih_axil', 'folio', 'leafage', 'hrbtna_stran', 'axil', 'desna_stran', 'gozd', 'prednja_stran', 'listje', 'adaxial', 'podaljšek_za_mizo', 'list', 'pagina', 'nissan_leaf', 'listov', 'bazalnih_listov', 'abaxial', 'hrbtna_in_naslovna_stran', 'rastlinski_list', 'sprednja_stran']
left	desno	Incorrect	['levičarski_politiki', 'politična_levica', 'ostal', 'levičarstvo', 'preostal', 'levičarji', 'kolektivistična', 'esquerra_republicana_de_catalunya', 'levo_krilo', 'levo_roko', 'levi', 'leva', 'venstre', 'leva_stran', 'leftwing', 'levičarski', 'leva_roka', 'levica', 'politične_levice', 'levo']
leg	kolena	Found close match: ['goleni']	['etapa', 'lesena_noga', 'noga_človeka', 'noge', 'zlomljeno_nogo', 'goleni', 'nogi', 'pegleg', 'dveh_noge', 'razvejitev', 'krača', 'bedro', 'noga', 'spodnjih_okončin', 'kateta', 'nogo', 'krak', 'hlačnica']
lie	ležijo	Found close match: ['ležati', 'lažejo', 'laži']	['biti', 'lagati', 'biti_v', 'absolute_first_album', 'ležati', 'malpresentation', 'trygve_lie_halvden', 'awake', 'v', 'uleči_se', 'prebivati', 'sestavljati', 'prepričali', 'lažejo', 'lega', 'nahajati_se', 'laž', 'lie', 'trygve_halvdan_lie', 'neresnica', 'bivati', 'položaj', 'trygve_lie', 'the_lie', 'laži', 'počivati', 'léči', 'odpočiti_se']
live	živi	Match	['biti', 'žív', 'prireditev', 'delujoč', 'živeli', 'znati', 'živel', 'hraniti', 'elastičen', 'stanovati', 'živo_glasbo', 'domovati', 'vzdrževati_se', 'obstati', 'živi', 'živéti', 'built_to_spill', 'prebivati', 'imeti', 'preživljati', 'živahen', 'živela', 'preživljati_se', 'nahajati_se', 'živost', 'preživeti', 'live_at_the_marquee', 'obstajati', 'vedeti', 'bivati', 'jennifer_lopez', 'prožen', 'trajati', 'jennifer_lynn_lopez', 'live', 'iti', 'rem_live', 'živo', 'simian_mobile_disco', 'turnejo', 'doživite', 'nastaniti_se', 'živ', 'da', 'obdržati_se', 'diskografija_jennifer_lopez', 'ložirati', 'življenje', 'jlo', 'živeti', 'poznati', 'koncert', 'pigmy_love_circus']
liver	hemolimfo	Incorrect	['stanovalec', 'jeter', 'človek', 'jeter_govejega_mesa', 'hepar', 'jetrca', 'jetra']
long	dolgo	Match	['longa', 'dolgo', 'dolga', 'želeti', 'bloody_roar', 'long', 'william_henry_long', 'dolgi', 'hrepeneti', 'koprneti', 'dolg', 'velik', 'hlepeti', 'dolge']
louse	caenorhabditis	Not found	[]
man	starec	Incorrect	['relient_k', 'mestno_omrežje', 'apanónar', 'metropolitan_area_network', 'atanatári', 'man_strani', 'svetu', 'drugorojeni', 'osebni_služabnik', 'apanonar', 'ljudje_iz_tolkienove_mitologije', 'spolno_zrelost', 'možakar', 'ljudje', 'drugoprišleci', 'misleči_človek', 'man_se', 'služabnik', 'homo_sapiens', 'svet', 'vojak', 'man_ag', 'dunlending', 'človeštvo', 'homo_sapiens_sapiens', 'sluga_de_chambre', 'homo', 'vojaška_osebnost', 'strani_man', 'sluga', 'isle_of_man', 'podrejenec', 'otok_man', 'manfred_gnadinger', 'prijateljski_gentleman', 'lakaj', 'moški', 'mož', 'na_svetu', 'cornelis_de_man', 'dunlendings', 'človek', 'man', 'igralna_figura', 'serviser', 'človeška_rasa', 'odrasel_moški', 'človekovih', 'spolno_dozorevanje', 'človeške_vrste']
many	mnogoštevilne	Found close match: ['številni']	['veliko', 'mnog', 'many', 'številni', 'mány', 'mnogi']
meat	meso	Match	['srce_in_duša', 'gnjidamakašaste', 'center', 'esenca', 'meso', 'srž', 'srce', 'mesni', 'esence', 'srčika', 'jedrce', 'bit', 'shawn_stasiak', 'predelano_meso', 'mesa', 'bistvo', 'srčica', 'jedro', 'we_will_rock_you', 'esenc', 'središče']
moon	lunin	Found close match: ['luni', 'luno', 'lune']	['mésec', 'venera', 'lunarni_mesec', 'moon', 'pluton', 'lunaren_mesec', '문', 'myung_moon_ne', 'naravni_sateliti', 'mars', 'ne_znak', 'lúna', 'ne', 'luni', 'jupiter', 'sun_myung_moon', 'naravnih_satelitov', 'saturn', 'satelit', 'naravni_satelit', 'lune', 'sonce', 'synodic_mesec', 'kyôko_fukada', 'sinodski_mesec', 'mesečini', 'alexander_moon', 'mesec', 'ščip', 'luno', 'merkur', 'lunacija', 'christopher_robin_milne', 'luna', 'lunacije', 'mesečina', 'mlaj', 'draconic_mesec', 'lunin_mesec']
mother	mati	Match	['sisters_of_avalon', 'nune', 'crkljati', 'mati', 'mother', 'matere_zemlje', 'zaploditi', 'mama', 'ženska_staršev', 'synchronicity', 'zaroditi', 'sestra', 'chorus_line', 'a_chorus_line', 'matere', 'nuna', 'tihon_nikolajevič_hrennikov', 'mater', 'mamo', 'matica', 'mati_boginja', 'pestovati', 'ploditi', 'redovnica', 'spočeti', 'zemlja_mati']
mountain	gorski	Match	['gomila', 'passel', 'gora', 'muckle', 'masa', 'ubi', 'gorski', 'mickle', 'planina', 'veliko', 'gore', 'grmada', 'kup', 'urejeno_vsoto', 'sahtu', '482', 'gorsko', 'zelo_malo', 'dober_posel', 'mountain', 'precej', 'goro', 'množica']
mouth	usta	Match	['ustna_odprtina', 'backtalk', 'reči', 'ustne_votline', 'sas', 'usta', 'ustni_razpoklinsko', 'gobec', 'stičišče', 'predrzen_odgovor', 'prebodišče', 'presečišče', 'sečišče', 'estuarij', 'nazaj_govori', 'ust', 'oglasiti_se', 'odprtina', 'zagovornik', 'slišati_se', 'ustna_votlina', 'dotikališče', 'sassing', 'izgovoriti', 'ustje', 'izraziti', 'vhod', 'pogovarjati_se', 'rima_oris', 'labium', 'govoriti', 'ustni_votlini', 'perioral']
name	ime	Match	['biti', 'identificirati', 'identifikator', 'določevalec', 'identifikatorji', 'žalitev', 'lastnih_imen', 'nominalna', 'lastno_ime', 'prepoznati', 'voditi', 'odkriti', 'id', 'navesti', 'diagnosticirati', 'ime', 'označevalnik', 'družinsko_ime', 'poimenovati', 'imenovati', 'pravilno_samostalnik', 'ime_računalnika', 'navedemo', 'vplivna_oseba', 'imena', 'samostalnik', 'javna_osebnost', 'omeniti', 'gens', 'opisati', 'ustanoviti', 'znana_oseba', 'oznaka', 'našteti', 'pravilno_ime', 'samostalnik_stavek']
narrow	ozko	Match	['opredeliti', 'stisniti', 'krčiti', 'opredeljevati', 'soapskin', 'obravnavati', 'ozke', 'podroben', 'ožiti', 'skrčiti_se', 'ozko', 'stiskati', 'ozek', 'določiti', 'ozka', 'ozki']
near	blizu	Match	['skôraj', 'malodane', 'dober', 'prihajati', 'blizu', 'malone', 'skoraj', 'približen', 'v_bližini', 'near_shoemaker', 'bližati_se', 'bližini', 'bližnji', 'blizek', 'tesen']
neck	vratu	Match	['ožina', 'vratovina', 'izrez', 'vrat', 'vratu', 'nuchal', 'odprtje_vrat']
new	nove	Match	['sodoben', 'izviren', 'moderna', 'nov', 'svež', 'nove', 'sodobna', 'novotarski', 'nedavno', 'zadnjič', 'surov', 'novi', 'novo', 'moderno', 'mlad', 'moderen', 'novomoden', 'sodobno', 'new', 'brezprimeren', 'nova', 'originalen']
night	ponoči	Found close match: ['polnoč', 'noč']	['niks', 'nox', 'nyx', 'modri', 'polnoč', 'tema', 'večer', 'noč', 'night', 'elie_wiesel', 'wiesel', 'noks', 'eliezer_wiesel', 'nočna']
nose	sprednje	Incorrect	['aromo', 'aroma', 'zavohati', 'vohalo', 'redolence', 'fragrancy', 'aromatov', 'šob', 'vohati', 'gore', 'šopek', 'njih_orgle', 'šobe', 'nosom', 'arome', 'héctor_abad_gómez', 'buket', 'nosu', 'las', 'nos', 'šoba']
not	ne	Match	['logičnih_vrat', 'logično_negacijo', 'ni', 'diskretne_logike', 'logična_vrata', 'negacija', 'logika_vrata', 'ne', 'vrata']
old	stari	Match	['staro', 'stàr', 'prejšnji', 'stare', 'stara', 'nekdanji', 'stari', 'bivši', 'predhoden', 'star', 'pretekel', 'old', 'old_madžarska']
one	pet	Incorrect	['ena', 'uspešnež', 'vampire_weekend', 'planetshakers', 'one', 'eno', 'edinstven', 'enica', 'terk', '1', 'èn', 'succeeder', 'nedosežen', 'as', 'eden', 'daniel_rosenfeld', 'nterico', 'enega', 'armin_van_buuren', 'achiever', 'eneagram', 'sarah_burgess', 'enga', 'en', 'supposed_former_infatuation_junkie', 'brezprimeren', 'enotnosti', 'the_one', 'nedosegljiv', 'vertical_man', 'šestposteljna', 'število_1', 'multiplikativni_identitete']
other	nekatere	Incorrect	['prejšnji', 'drugi', 'nekdanji', 'bivši', 'drugačen', 'zgodnji', 'drug', 'druge', 'druga', 'drugo']
play	igra	Match	['postaviti', 'play', 'gledališko_igro', 'dramskih_umetnosti', 'igraj', 'dramatik', 'igrati', 'hazardiranje', 'skok', 'igráti', 'android_market', 'shimmer', 'hazard', 'zračnost', 'ravnati', 'stageplay', 'igrati_se', 'obdobje_igre', 'dramska_igra', 'prosto_pot', 'šala', 'igračkati_se', 'ride', 'odboj', 'igra_na_srečo', 'lesket', 'google_play_store', 'vesel', 'igranje_čas', 'drame', 'drama', 'narediti', 'vložke', 'manever', 'odbijanje', 'delati_se', 'igre_na_srečo', 'norenje', 'dramsko_delo', 'google_play', 'kvartanje', 'dramatičarka', 'igrati_z', 'nastopiti', 'zabavati_se', 'podenje', 'sabljanje', 'christopher_martin', 'nastopati', 'hazarderji', 'igralni_čas', 'ustvariti', 'vrsta', 'kockanje', 'igranje_na_srečo', 'igro', 'igrati_na', 'trzaj', 'dramsko_igro', 'imeti_vpliv', 'stave', 'otroška_igra', 'dramatika', 'vrtenja_mečev', 'igre', 'igrajo', 'prosta_pot', 'igra', 'mečevanje', 'delovati', 'play_store', 'pretvarjati_se', 'teči', 'potegovanje', 'lesketanje', 'vplivati', 'igrati_proti', 'staviti', 'poigravati_se', 'poteza', 'špekulacija']
pull	povleči	Not found	[]
push	pritisniti	Match	['push', 'tiskati', 'prisiliti', 'pehanje', 'potiskati', 'getupandgo', 'confessions_on_a_dance_floor', 'gumb', 'poriniti', 'sklad', 'potiskanje', 'boriti', 'pritisniti', 'pritisnite_tipko', 'black_and_white_america', 'potisniti', 'potisni', 'stikalo', 'tipka', 'porivanje', 'pritisni', 'suniti', 'precious', 'zagon', 'sila', 'forsiranje']
rain	padavina	Found close match: ['padavin', 'padavine', 'padati']	['deževnica', 'simone_battle', 'rain_na_lechu_nemčija', 'padati', 'dežja', 'dežnica', 'dež', 'in_blue', 'nevihte', 'padavine', 'dež_nevihta', 'deževnice', 'pelting', 'padavin', 'kapnica', 'deževati', 'rain', 'heavy_rain', 'toča', 'john_colton', 'dežju']
red	rdeče	Match	['after_school', 'bolshie', 'rdeči', 'rdeča_barva', 'red', 'bolshy', 'boljševik', 'boljševizem', 'boljševiki', 'krvav', 'boljševiške_stranke', 'rdeča', 'škrlaten', 'minus', 'angry_birds', 'red_river', 'izguba', 'rdeč', 'don_goldstein', 'boljševizma', 'jim_krebs', 'rdeče', 'anil_kapoor', 'marksist', 'day__age', 'amazing_red', 'rdečkast', 'boljševisti']
right	desno	Match	['popraviti', 'pravico', 'pravilna', 'etično_teorijo', 'desničarske', 'moralni_filozof', 'right', 'zrel', 'pravílno', 'neodtujljiva_pravica', 'desničarske_politike', 'filozofija_morale', 'zakonsko_pravico', 'desno_krilo', 'politična_desnica', 'desna_roka', 'levičar', 'popravljati', 'rightism', 'rightfulness', 'nadomestiti', 'zakonska_pravica', 'pravi', 'fizičnih_in_pravnih_pravic', 'etičnih_vprašanj', 'upravičenost', 'young_americans', 'neodtujljiva', 'primeren', 'etični_sistem', 'desna_stran', 'dobro', 'desna', 'etika', 'neodtujljivo_pravico', 'pravice', 'pravičnost', 'etičnih_vprašanjih', 'prav', 'dober', 'resničen', 'volan_na_desni_strani', 'neodtujljivih_pravic', 'zakonitost', 'popravi', 'nepristranskim', 'desničar', 'desna_stran_igrišča', 'politične_pravice', 'morala', 'neetično', 'moralne_filozofije', 'desno', 'pravilen', 'silno', 'pravica', 'desni', 'ustrezen', 'legitimnost', 'prav_in_kaj_narobe', 'pravilno', 'nravoslovje', 'etične_standarde', 'desničarski', 'desnica', 'zelo']
river	reke	Match	['potok', 'vodni_tok', 'réka', 'sestao_river_club', 'obcestni_potok', 'vodotok', 'ruisseau', 'reka', 'reki', 'bishop_briggs', 'river', 'watermark', 'reke']
road	cesta	Match	['the_road', 'causeways', 'tekma_v_gosteh', 'stran_igre', 'pot', 'cesta', 'cesta_igre', 'nevejski_prelaz', 'new', 'javna_cesta']
root	koreni	Found close match: ['koren', 'korenine', 'korenina']	['uporabnik_root', 'začetek', 'superuporabnik', 'besedni_koren', 'poreklo', 'tonik_tetive', 'korenine', 'root', 'korenjenje', 'undecima', 'tercdecima', 'etymon', 'kvinta', 'zobna_korenina', 'superuser', 'duodecima', 'korenska_funkcija', 'praoče', 'nič', 'drevo', 'kosmato', 'seksta', 'septima', 'oktava', '0', 'koren_besede', 'glasbeni_interval', 'interval', 'korena', 'izvor', 'gozd', 'glasbenih_intervalih', 'prednikov', 'zoba', 'konohagakure', 'prednik', 'kvartdecima', 'terca', 'izvora', 'praded', 'premor', 'kvarta', 'lasje', 'dlake', 'tonik_tetiva', 'kvintdecima', 'predhodnik', 'koren', 'koreninski_sistexadm', 'prednika', 'ničla_funkcije', 'nona', 'korenine_seznanil', 'riti', 'vir', 'nìč', 'korenina', 'naključnih_korenine', 'las', 'decima', 'root_dostop', 'rešitev_enačbe', 'dlaka', 'etimon', 'izvir', 'tonik']
rope	vrvjo	Found close match: ['vrv', 'vrvi']	['vrv', 'r2', 'mehiška_valium', 'ropemaker', 'rophy', 'vrvi', 'roofy', 'pozabi_me_drogo', 'rope']
rotten	metacritic	Incorrect	['trhel', 'usmrajen', 'nagnil', 'gnilo', 'betežen', 'razpadel', 'gnil', 'gnila']
round	četrtfinala	Incorrect	['aritmetično_natančnost', 'prizefighting', 'bareknuckle', 'runda', 'napad', 'boksanje', 'en_strel', 'nagrado_borec', 'fisticuffs', 'cikel', 'natančnost', 'enota_streliva', 'krožen', 'boksar', 'zaokrožiti', 'napadati', 'naboj', 'okrogle', 'najbolj_pomemben_znak', 'stypsis', 'telo', 'dnevni_krog', 'sadje', 'kanon', 'krog_pijač', 'ciklus', 'okroglo', 'pomemben_delež', 'rundo', 'rutina', 'suho', 'vinska_cvetica', 'pomembne_števke', 'boks', 'krogu', 'minerality', 'krog', 'okrogel', 'golfa', 'kovinskega_vložka', 'obel', 'napasti', 'ohišje', 'pugilism', 'okrogla', 'obhod']
rub	prhljaj	Not found	[]
salt	soli	Match	['saltnpepa', 'nacl', 'kuhinjska_sol', 'soliti', 'ionska_sol', 'pogodba_o_omejevanju_strateškega_orožja', 'saltcellar', 'kalijeve_soli', 'henry_salt', 'soli', 'natrijev_klorid', 'slanost', 'navadne_soli', 'solnica', 'cheryl_james', 'pogovori_o_omejevanju_strateškega_orožja', 'sol', 'hud', 'salt']
sand	peščene	Found close match: ['peščeni', 'peščena']	['amandine_aurore_lucie_dupin', 'sand_madžarska', 'sand', 'pesek', 'sand_am_main', 'pogum', 'mivka', 'sand_francija', 'peščena', 'peska', 'schönenbergkübelberg', 'moxie', 'peščeni', 'črevesje', 'baronica_dudevant', 'george_sand', 'korajža', 'odločnost', 'hrbtenica']
say	rečeš	Found close match: ['reči']	['biti', 'povedati', 'reči', 'navesti', 'jeanbaptiste_say', 'trditi', 'say', 'se_glasi', 'domnevati', 'izgovarjati', 'povej', 'in_blue', 'izustiti', 'thomas_say', 'izreči', 'predpisati', 'navajati', 'naročiti', 'ukazati', 'dejati', 'izjaviti', 'beseda', 'praviti', 'izgovoriti', 'veleti', 'brati', 'zapovedati', 'osakis', 'pravijo', 'govoriti', 'predvidevam', 'pripovedovati', 'prepovedati']
scratch	lotiš	Incorrect	['golf_handicap', 'stanje_kože', 'rez', 'penki_penki', 'krajcar', 'udrtina', 'gnojne_mehurčke', 'strganje', 'simoleons', 'praskati_se', 'ficek', 'dinero', 'handicap', 'startna_črta', 'penez', 'moolah', 'zatrdlino', 'gelt', 'macules', 'plenk', 'urez', 'školjke', 'prečrtati', 'drgniti', 'ekskoriacija', 'praska', 'keš', 'lupljenjem', 'scratch', 'šekelov', 'vrez', 'odrgniti', 'praskati', 'pelf', 'kožnih_sprememb', 'odrtina', 'mamon', 'začetek_vrstice', 'žvenk', 'odrgnina', 'opraskanina', 'grebsti', 'cacography', 'kožne_bolezni', 'dermatoz', 'mučiti_se', 'izbrisati', 'mehurček', 'belič', 'pinke_ponke', 'oznaka', 'mehurčka', 'zareza', 'lihenifikacija', 'brazgotina', 'peter_gabriel', 'cvenk', 'ukiniti', 'škrabati', 'praskanje', 'praske_linija', 'fičnik']
sea	morje	Match	['morskem_okolju', 'sea', 'svetovni_ocean', 'ocean', 'lunarni_maria', 'oceani', 'morje', 'morsko_okolje']
see	glej	Match	['biti', 'videti', 'razlagati', 'nadzorovati', 'obisk', 'sklepati', 'predstavljati_si', 'skopolamin', 'zavarovati', 'obravnavajo', 'opaziti', 'štekati', 'poskrbeti', 'kapirati', 'določiti', 'predočiti_si', 'zavarovanje', 'glejte', 'odkriti', 'zaslišati', 'ujeti', 'zastopiti', 'ugotoviti', 'zagotoviti', 'uvideti', 'zvedeti', 'spoznati', 'opazovati', 'pojmovati', 'dognati', 'obiskovati', 'pregledati', 'gledati', 'dojeti', 'doumeti', 'tycho', 'veljati', 'imeti', 'zamišljati_si', 'glej', 'videnje', 'razložiti', 'obiskati', 'preiskati', 'skopolamina', 'videli', 'ukvarjati_se', 'preveriti', 'tolmačiti', 'interpretirati', 'imeti_za', 'zapopasti', 'analizirati', 'zagledati', 'šteti_za', 'spremljati', 'razumeti', 'pojmiti', 'biti_tolmač', 'pospremiti', 'vidno_zaznavanje', 'srečati_se', 'smatrati', 'see', 'vidim', 'doživeti', 'hioscin', 'vid', 'kramljati', 'archiepiscopal_videli', 'potrditi', 'združiti_se', 'zagotavljati', 'srečati', 'slišati', 'gledajo', 'šteti', 'kontrolirati', 'ustrezati', 'motriti', 'sestati', 'najti']
seed	mandlíková	Incorrect	['cum', 'semifinale', 'polfinalu', 'sejati', 'polfinale', 'sublime', 'nadaljuje', 'četrtfinale', 'semena', 'séme', 'semenska_tekočina', 'sperma', 'semenski', 'obroditi', 'naključno_seme', 'ejakulirati', 'polfinalist', 'posejati', 'zadnjem_četrtletju', 'enem_odprave', 'ejakulacijo', 'semifinalist', 'zametek', 'spêrma', 'santi', 'vir', 'seed', 'četrtfinal', 'semenske_tekočine', 'ena_odprava_turnir', 'final_fantasy_viii', 'igralec_semeni', 'seme']
sew	oblekico	Incorrect	['stitchery', 'šivanje', 'sešiti', 'šivati']
sharp	ostriker	Found close match: ['ostri', 'oster', 'piker']	['prepreden', 'zvit', 'razlikovalen', 'sharp', 'akuten', 'zvijačen', 'prediren', 'michael_william_sharp', 'vreščeč', 'prebrisan', 'ostra', 'rezek', 'skinheads_against_racial_prejudice', 'prepaden', 'bister', 'prekanjen', 'navihan', 'sharp_corporation', 'oster', 'globok', 'bistroumen', 'adaven', 'pretkan', 'penetranten', 'piker', 'ostri', 'aaron_john_sharp', 'ostroumen', 'ostro']
short	kratke	Match	['pozabljiv', 'shortstop', 'kratek', 'osoren', 'kratke_pozicije', 'kratke', 'naenkrat', 'nanaglo', 'nenadoma', 'nasajen', 'kratka', 'pomanjkljiv', 'kratkih_predmetov', 'short', 'kratek_stik', 'lahek', 'reven', '2reeler', 'kratkega_stika', 'ubog', 'komaj_zadosten', 'kratki_film', 'kratko', 'naênkrat', 'animiranih_filmov', 'kratek_postanek', 'majhna', 'charles_wilkins_short', 'zadirčen', 'nizek', 'nezadosten', 'majhen', 'kratek_film', 'shortstops', 'prodaja_na_kratko', 'kratki', 'kratkih_filmov', 'skratka_predmet']
sing	zapojejo	Found close match: ['zapoj']	['peti', 'blebetati', 'leisure', 'poj', 'pop_pevka', 'vokal', 'pevec', 'ženski_vokal', 'prepevati', 'zapeti', 'izbrbljati', 'vocalizing', 'harmonija_vokal', 'zapoj', 'brbljati', 'petje', 'sing']
sit	stopalo	Incorrect	['posesti', 'zasedati', 'jahati', 'sedeti', 'stati', 'vsesti_se', 'jezditi', 'sedel', 'sedenje', 'čuvati_otroke', 'sit', 'posedati', 'pozirati', 'usesti_se', 'voziti', 'sesti', 'sedi', 'paziti_otroke']
skin	kože	Match	['day_for_night', 'podkožno_tkivo', 'skinnable', 'almost_human', 'ray_of_light', 'olupek', 'duševna_bolnica', 'dodatek', 'programska_razširitev', 'ovoja', 'skin', 'olupiti', 'krzno', 'usnjica', 'oplata', 'blender', 'koži', 'podkožje', 'zdravstvene_organizacije', 'kože', 'preobleka', 'cutis', 'psihiatrična_bolnišnica', 'vtičnik', 'programski_dodatek', 'kožuh', 'lupina', 'duševne_dom', 'tiskano_vezje', 'čutilna_telesca', 'psihiatrične_bolnišnice', 'tiskanih_vezij', 'koža', 'odreti', 'kožo', 'avstralski_aboriginal_sorodstvo', 'vezje_kartice', 'lupiti', 'umobolnico', 'dodatni_program', 'vezje', 'lupino', 'ovoj', 'r_kelly', 'plugin']
sky	nebo	Match	['sky_airlines', 'nebo', 'azuran', 'heterosphere', 'zrak', 'atmosfera_zemlje', 'ozračje', 'justin_boller', 'nebesno_modra', 'nebo_modro', 'cerulean', 'zemljino_ozračje', 'modrina', 'zêmljina_atmosfêra', 'credo', 'sky', 'stacey_king', 'lazuline', 'zemljina_atmosfera', 'zagnati', 'team_sky', 'zemljino_atmosfero', 'ozračju_zemlje', 'safir', 'winx_club', 'thatgamecompany']
sleep	spanje	Match	['spanja', 'večni_počitek', 'sen', 'spanje', 'mirovanja', 'dremati', 'dremež', 'prezimovanje', 'mirovanje', 'večni_spanec', 'letargija', 'hibridno_stanje_pripravljenosti', 'sopor', 'stanju_pripravljenosti', 'quietus', 'spi', 'the_black_parade', 'spanec', 'zaspanost', 'spati', 'stanje_pripravljenosti', 'sleep']
small	majhni	Match	['small', 'john_kunkel_small', 'majhno', 'nizek', 'šibek', 'slaboten', 'majhen', 'majhne', 'skromen', 'mali', 'ozek', 'majhni', 'mikroskopski', 'manjši', 'malo', 'majhna']
smell	vonj	Match	['voh', 'njih_nepremičnine', 'vonjanje', 'aroma', 'olfaction', 'duh', 'vonja', 'njih_modalnosti', 'ton', 'vzdušje', 'dišeče', 'opremo_vohalne_sistema', 'njih_senzacija', 'vohanje', 'dišava', 'občutek', 'okus', 'vonjava', 'neprijeten_vonj', 'smrad', 'vonj']
smoke	hlapi	Incorrect	['krsta_nohtov', 'sens', 'gandža', 'zvitek_tobaka', 'marihuana', 'magnetnooptični_učinek_kerr', 'fastball', 'magnetnooptični_kerrov_pojav', 'kaditi', 'cigareto', 'rod_tobak', 'sess', 'nicotiana', 'yin_yang_yo', 'cigareta', 'čik', 'cigaret', 'kadite', 'dim', 'kajenje', 'magnetooptični_kerrov_pojav', 'kadi', 'filterica', 'zelena_boginja', 'tobak', 'rastline_tobaka', 'dìm', 'mary_jane', 'dima', 'tobak_rastlina', 'trava', 'smoke']
smooth	gladke	Found close match: ['gladko', 'gladka', 'gladek']	['neoviran', 'mil', 'smooth', 'tekoč', 'stypsis', 'telo', 'sadje', 'nemoteno', 'miren', 'nemoten', 'gladka', 'suho', 'tih', 'vinska_cvetica', 'gladek', 'minerality', 'spokojen', 'gerald_albright', 'krotek', 'blag', 'gladko']
snake	kače	Match	['ah1', 'kača', 'vodna_kača', 'solid_snake', 'snake_river', 'kača_v_travi', 'snake_jailbird', 'bell_ah1_cobra', 'serpentes', 'snake', 'kače', 'kačo', 'ophidian']
snow	sneg	Match	['c_p_snow', 'bisernata_barva', 'snežne_odeje', 'snežiti', 'koka', 'belkaste', 'charles_percy_snow', 'koks', 'slonovine', 'snow', 'sneženje', 'snég', 'snežíti', 'nos_sladkarije', 'baron_snow_v_leicestru', 'snega', 'ffmpeg', 'sneg']
some	nekatere	Match	['nekatere', 'nekaj', 'nekateri', 'blizu', 'nekaterim', 'približno', 'skoraj', 'ali_tako', 'kak', 'neki', 'okoli', 'en', 'bolj_ali_manj', 'okroglo']
spit	plitvina	Not found	[]
split	razdelitvijo	Found close match: ['razdeliti', 'razdeliti_se', 'razdeli']	['heterozigotnost', 'narazen', 'presekati', 'needin', 'homozigota', 'delitev_delnic', 'razdeliti_se', 'raztrganje', 'deliti', 'homozigotnosti', 'birds_of_prey', 'po_delih', 'split_album', 'split', 'shizma', 'raztreščiti_se', 'prerezati', 'razdvojen', 'hemizigotnih', 'luknja', 'preklati', 'razvezati', 'del', 'cepiti', 'razdeli', 'heterozigotnosti', 'odcepiti', 'razdeliti', 'špaga', 'delež', 'se_ločiti', 'ločiti', 'razcepiti', 'zygosity', 'razpasti', 'razpočiti_se', 'homozigoti', 'heterozigoti', 'raziti_se', 'razcep', 'razkol', 'razideta', 'zaloge_po_delih', 'neenoten', 'razrezati', 'počiti', 'razklati', 'ločiti_se']
squeeze	pritisnemo	Not found	[]
stab	ustreliti	Incorrect	['poriniti', 'rog_zabodel', 'scream_2', 'nož_potisk', 'poskus', 'zabodel', 'zbodljaj', 'suniti', 'vbod', 'krik_2']
stand	pokonci	Incorrect	['nositi', 'biti', 'sladkorja_nasada', 'upor', 'zunanja_faza', 'podjetje', 'podpreti', 'podpirati', 'zastoj', 'podstava', 'vztrajati', 'podijum', 'prenesti', 'nasad', 'obdelati', 'dopustiti', 'plantaža', 'firma', 'nasprotovati', 'pomagati', 'partnerstvo', 'trpeti', 'prebivati', 'stojijo', 'ustrašiti_se', 'temelj', 'jemati', 'woodlet', 'vzeti', 'pustiti', 'stališče', 'nosi', 'prenašati', 'pretrpeti', 'podstavek', 'susan_ashton', 'stojišče', 'postanek', 'plantažo_kavčuka', 'stojalo', 'sadovnjak', 'stati', 'vidik', 'tolerirati', 'vidika', 'biti_nameščen', 'vzdržati', 'orchardist', 'stand', 'prodaja_stojnica']
star	zvezdo,	Found close match: ['zvezdo', 'zvezd', 'zvezdico']	['genij', 'estelle', 'hotel_s_petimi_zvezdicami', 'mavin', 'glavne_igralke', 'vodilen', 'šampion', 'ilean_almaguer', 'zvezdasta_topologija', 'zvezdico', 'žvižg', 'zvezda_topologije', 'zvezdni_mnogokotnik', 'zvezdica', 'zvezdni_poligon', 'zvezdnik', 'čarov', 'as', 'prvak', 'adept', 'mojster', 'zvezda', 'targz', 'zaigrala', 'maven', 'glavni_igralec', 'napihnjenec', 'slaven', 'virtuoz', 'bradač', 'spretni', 'popstar', 'star', 'xerox_star', 'zvezdo', 'the_rise_and_fall_of_ziggy_stardust_and_the_spiders_from_mars', 'zvezd', 'filmska_zvezda', 'znana_oseba', 'topologija_zvezde', 'tv_osebnost', 'tar']
stick	žogice	Incorrect	['biti', 'joystick', 'lepiti_se', 'šiba', 'sinhronizirane', 'hladilnica', 'ročni_menjalnik', 'palico', 'prevarati', 'zmesti', 'dobiti', 'premagati', 'držati_se', 'gumijevko', 'deponirati', 'sprehajalne_palice', 'ostati', 'pendrek', 'ameriški_standardni_nabor_za_izmenjavo_informacij', 'billystick', 'nadzor_palico', 'sinhronizacijo', 'krača', 'standard_prenos', 'prilepiti', 'igralna_palica', 'osupiti', 'zatič', 'marihuana_cigaret', 'billy_klub', 'zbegati', 'razumeti', 'vložiti', 'ascii', 'spliff', 'clapstick', 'džoint', 'palico_premik', 'sprehajalna_palica', 'gumijevka', 'igralne_palice', 'jeziti', 'palica']
stone	kamen	Match	['henry_stone', 'edward_stone_durell', 'endokarp', 'i_f_stone', 'harlan_fisk_stone', 'pečka', 'poldragih_kamnov', 'kamnati', 'kamenina', 'robert_stone', 'oliver_stone', 'dragih_kamnov', 'razkoščičiti', 'poldragi_kamen', 'harlan_stone', 'picul', 'kamen', 'kamnina', 'skalne', 'harlan_f_stone', 'skala', 'edward_durell_stone', 'kamna', 'dragulj', 'kamenine', 'lucy_stone', 'izidor_feinstein_stone', 'kamnitim', 'poldragih', 'gemstone', 'kamnine', 'stone', 'koščica', 'harlan_fiske_stone', 'drag_kamen', 'dragi_kamen']
straight	navzpred	Incorrect	['heteroseksualnost', 'heteroatomi', 'pravi', 'neposreden', 'heteroseksualni', 'kvadraten', 'gladek', 'neposredno', 'heterosexualism', 'heteroseksualci', 'pokončen', 'takoj', 'naravnost_oseba', 'heteroseksualna_oseba', 'naravnost', 'ravne']
suck	nabiramo	Incorrect	['sesanju', 'dojiti', 'zanič', 'črpanje', 'vsesati', 'piti', 'sesanje', 'sesati', 'vsrkati', 'negovati']
sun	sonca	Match	['nedelja', 'sun', 'gospodov_dan', 'venera', 'insolacija', 'sigrid_raabe', 'utu', 'sónce', 'sončno_svetlobo', 'ne', 'mars', 'ne_znak', 'sončni_žarki', 'seon', 'dan_gospodov', 'jupiter', 'cun', 'soncu', 'sun_microsystems', 'nedeljo', 'sončna_svetloba', 'utug', 'sončno_sevanje', 'sonce', 'fiksnih_zvezd', 'sončnega_spektra', 'soncem', 'sončiti', 'sun_television', 'fiksna_zvezda', 'luno', 'merkur', 'sonca', 'luna', 'the_sun', 'dominicus']
swell	navlaži	Not found	[]
swim	plavanje	Match	['tekmovalnim_plavanjem', 'plavati', 'ray_of_light', 'lebdeti', 'plavanje', 'kopanje']
tail	repna	Match	['preganjati', 'shadower', 'glutealno_regiji', 'zadnjica', 'prat', 'apical', 'zadnji_del', 'tailender', 'odpiranje_batsman', 'zadaj', 'caudally', 'trebušne', 'zasledovalec', 'hind_konec', 'rita', 'empennage', 'krmi', 'tail', 'dorsoventral', 'pih', 'krma', 'repna', 'repa_ender', 'keister', 'ventrolateral', 'posteriorno', 'rep_koncu', 'ipsilateralni', 'zasledovati', 'goniti', 'po_delu', 'transom', 'rep', 'pogoji_za_anatomske_lokacije', 'midclavicular_linijo', 'bazalni', 'guza', 'ske', 'plantarna', 'poditi', 'derriere', 'aboral', 'zadnja_plat', 'rep_montažo', 'loviti', 'empenaža', 'igralna_da', 'rit', 'žemljice', 'sedalo', 'dorsolateral', 'tooshie', 'cifra']
that	da	Incorrect	['tisto', 'that', 'thaat', 'to', 'tako']
there	obstaja	Match	['tja', 'tam', 'obstaja', 'tjá']
they	so	Match	['so', 'xenon', 'they', 'atomsko_število_54', 'xe', 'ksenon']
thick	belkaste	Incorrect	['čokat', 'sredi', 'debela', 'neumen', 'sredina', 'tršat', 'gosto', 'med', 'góst', 'prijateljski', 'globok', 'debel', 'debelo']
thin	luskasto	Incorrect	['znižati', 'tanek', 'shujšati', 'droben', 'razredčiti', 'maloštevilen', 'razredčiti_se', 'tanko', 'majhen', 'zmanjšati', 'tanjšati_se', 'tanka', 'tanke', 'fin', 'zmanjšati_se', 'rahel']
think	mislim	Match	['biti', 'biti_prepričan', 'think', 'nameravati', 'misel', 'misliti', 'zamisliti', 'pomniti', 'nameniti', 'premišljevati', 'spominjati_se', 'biti_mnenja', 'razmišljanje', 'pomeniti', 'premišljati', 'mozganje', 'poimanje', 'cerebration', 'miselni_proces', 'misli', 'razmišljanja', 'domnevati', 'osredotočiti_se', 'imeti', 'zanositi', 'razmišljati', 'preudarjanje', 'imeti_za', 'mísliti', 'janja', 'spomniti_se', 'pomisliti', 'premišljati_se', 'zbrati_se', 'smatrati', 'biti_mišljenja', 'razglabljanje', 'razmisliti', 'meniti', 'mislim', 'da', 'koncentrirati_se', 'priklicati_si_v_spomin', 'razglabljati', 'spominjati', 'hoteti', 'kaniti', 'premišljevanje']
this	brišete	Incorrect	['ta', 'tega', 'tole', 'to', 'this', 'thinis']
three	osem	Incorrect	['prong', 'uspešnež', 'trivrstični', 'trojka', 'iii', 'santana_iii', 'tercet', 'seventeen_seconds', 'bob_sinclar', '3', 'deuceace', 'succeeder', 'christophe_le_friant', 'tri', 'santana', 'terzetto', 'trojstvo', 'ternarna', 'three', 'achiever', 'eneagram', 'trije', 'ternion', 'mt_egypt', 'trikotnik', 'tremi', 'trojica']
throw	zgrabi	Incorrect	['biti', 'trobila', 'dal', 'načrtovati', 'prekiniti', 'zmesti', 'zabrisati', 'cam_kap', 'presenetiti', 'ogoliti_se', 'prestaviti', 'z_goljufivim', 'vrgel', 'trobilo', 'zrušiti_se', 'zmešati', 'zalučati', 'oblikovati', 'imeti', 'odvreči', 'vrzi', 'medenine', 'zamenjati', 'medenina_instrument', 'podaja', 'sprostiti_se', 'hod_bata', 'vsebovati', 'vreči', 'zbegati', 'odda', 'metati', 'zagnati', 'prelivati', 'posvečati_se', 'odreči_se', 'dati', 'met', 'stiskanja_kap', 'otresti_se', 'pasti', 'dajati', 'znebiti_se']
tie	finalno	Incorrect	['biti', 'združiti', 'zvezati', 'tie', 'tir_na_ploščah', 'linkup', 'prag', 'kravate', 'vezati', 'železnica_kravata', 'člen', 'vez', 'samoveznica', 'crosstie', 'vratu_kravato', 'ligatura', 'neodločeno', 'zbližati_se', 'priključiti', 'tie_žarek', 'povezati', 'oženiti', 'seznaniti', 'poročiti', 'kravata', 'navezati_se', 'navezati', 'ovratnica', 'kravato', 'združenje', 'zveza']
tongue	jeziček	Found close match: ['jezik', 'jezika', 'jezikih']	['glossa', 'lingua', 'zubelj', 'mnek', 'kembelj', 'govor', 'govorjenje_v_različnih_jezikih', 'goveji_jezik', 'človeški_jezik', 'tongue', 'glossolalia', 'jezik', 'naravnega_jezika', 'naravni_jezik', 'lengua', 'jezikih', 'naravnih_jezikov', 'jezika']
tooth	nohta	Incorrect	['premolar', 'zobovje', 'molar', 'ličnik', 'podočnik', 'zobje', 'zob', 'kočnik', 'zoba']
tree	dreves	Match	['matično_vozlišču', 'tree', 'dreves', 'charlotte_brontë', 'čaščenja_dreves', 'drevesni_diagram', 'otrok_vozlišča', 'drevo', 'notranje_vozlišče', 'korensko_vozlišče', 'sveto_drevo', 'jelka', 'gozd', 'drevesa', 'nadrejeno_vozlišče', 'poddrevo', 'drevo_podatkovna_struktura', 'sadike', 'listno_vozlišče', 'sir_herbert_beerbohm_tree', 'herbert_beerbohm_tree', 'charlotte_bronte']
turn	tako	Incorrect	['biti', 'mrščiti_se', 'obrnite_dogodkov', 'način_igranja', 'ovinek', 'povrniti_prejšnje_stanje_', 'ukras', 'stružiti_se', 'napad', 'zavoj', 'rasti', 'spremeniti', 'acciaccatura', 'izmena', 'obrniti', 'igra_mehanik', 'obrni', 'okras', 'točka', 'dekoracija', 'biti_čemern', 'okrasje', 'obrat', 'postati', 'izviniti', 'biti_neodločen', 'okljuk', 'preobrat', 'krasilo', 'obračanje', 'oblikovni_elementi', 'volta', 'perigon', 'višati_se', 'okrogel_zavoj', 'kot_krog', 'dober_vrsti', 'okrasek', 'prevračati_se', 'ornament', 'spremeniti_se', 'grace_note', 'vrsta', 'obračati_se', 'izpahniti', 'appoggiatura', 'ozaljšek', 'raste', 'delati', 'nastop', 'obrniti_se', 'zasuk', 'delovati', 'pregib', 'nepotreben_okras', 'zateči_se', 'posrečiti_se', 'vijuga', 'vrtljivi', 'poteza', 'večati_se']
two	osem	Incorrect	['succeeder', 'two', 'uspešnež', 'jim_cartwright', 'dve', 'dvojka', '2', 'ii', 'achiever', 'eneagram', 'dva']
vomit	vdihava	Incorrect	['emeza', 'izbljuvati', 'kozlanje', 'kozlati', 'bljuvalo', 'disgorgement', 'vomitive', 'bruhati', 'povračati', 'izpraznitev', 'regurgitacijo', 'vomitiv', 'bruhanje', 'bruha', 'nauseant', 'bljuvanje', 'emesis', 'barf', 'puking', 'bljuvati', 'izbljuvka', 'povračanje']
walk	sprehajalno	Found close match: ['sprehajanje', 'sprehod', 'sprehodi']	['osnova_za_jajca', 'peš', 'graf', 'oditi', 'sprehodi', 'iti_peš', 'pešačenje', 'ambulation', 'pešpoti', 'hoditi_življenja', 'poklic', 'walk', 'način_hoje', 'hoja', 'sprehod', 'hoditi', 'paseo', 'iti', 'slovar_izrazov_teorije_grafov', 'hodi', 'vozlišče_grafa', 'sprehoditi', 'sprehajanje', 'pešačiti', 'pešpot', 'preprost_graf', 'povezava', 'steza']
warm	toplem	Found close match: ['toplo', 'topli', 'topla']	['ogreti', 'topel', 'topla', 'nežen', 'ljubkovalen', 'ljubeč', 'blizek', 'hiter', 'ljubezniv', 'topli', 'vroč', 'toplo', 'svež', 'prisrčen']
wash	čistilih	Incorrect	['splakniti', 'buried', 'pranje_risanje', 'arroyo', 'izprati', 'umivanje', 'the_wash', 'namočiti', 'biti_pralen', 'miti', 'lavation', 'washables', 'navlažiti', 'zavetrju', 'sprati', 'slipstream', 'unearthed', 'izpiranje', 'scan', 'perilo', 'ovlažiti', 'vlažiti', 'vlážiti', 'suho_pranje', 'umazano_perilo', 'lost_dogs', 'kitajski_perila', 'prati', 'perica', 'pranje', 'biti_prepričljiv']
water	vodo	Match	['ovlažiti_se', 'vodovodno_omrežje', 'namakati', 'zalivati', 'voda', 'para', 'vodna_para', 'vodovodni_sistem', 'vodnih_virov', 'tekoče_vode', 'urin', 'properties_of_water', 'ograje_padec', 'ledeno_trgatev', 'vodno_telo', 'séč', 'h2o', 'angel_prahu', 'scalina', 'scanje', 'water', 'piddle', 'zaliti', 'celinske_vode', 'seč', 'vogal', 'weewee', 'molekule_vode', 'vodni_viri', 'quoin', 'blood_red_shoes', 'ledu', 'vodnih_teles', 'napojiti', 'spusti_ograjo', 'industrijske_vode', 'vôda', 'vodovodov', 'sistem_oskrbe_z_vodo', 'quoins', 'vodni_vir', 'vodni_led', 'vodo', 'oskrba_z_vodo', 'napajati', 'h₂o', 'phencyclidine_klorid', 'vodovod', 'led', 'phencyclidine', 'vode', 'vogel', 'dihidrogen_monoksid', 'vodne_pare', 'lastnosti_vode', 'vodna_površina', 'pojiti', 'zmočiti_se']
we	mislim	Not found	[]
wet	vlažno	Found close match: ['vlažnost', 'vlažen', 'vlago']	['nasekan', 'vlažnost', 'moker', 'mokre', 'razmočen', 'angel_prahu', 'utrujen', 'vlága', 'pijan', 'vlaga', 'wet', 'vinjen', 'okajen', 'phencyclidine_klorid', 'phencyclidine', 'mokro', 'mokra', 'mokri', 'vlage', 'vlažen', 'vlago', 'razbit', 'namočen']
what	kaj	Match	['kaj', 'kakó', 'kákšen']
when	ko	Match	['kdaj', 'kadar', 'ko', 'diamonds_for_breakfast']
where	kjer	Match	['kje', 'kám_qualifier', 'kam', 'kjé_qualifier', 'kjer', 'odkód_qualifier']
white	bele	Match	['bela_oseba', 'bela_(kavkazijska)_rasa', 'belkaste', 'pigmentacije_kože', 'magic', 'andrew_d_white', 'bela', 't_h_white', 'elwyn_brooks_bela', 'obeliti', 'osiveti', 'white', 'theodore_harold_bela', 'bel', 'beljak', 'white_airways', 'belo', 'barva_polti', 'kavkazijska_rasa', 'brezbarven', 'blackface', 'e_b_bela', 'pobeliti_se', 'drugih_ras', 'azijska', 'tonus_kože', 'edward_douglas_bela_jr', 'edward_d_white', 'snežen', 'caucasoid_dirka', 'bisernata_barva', 'andrew_dickson_bela', 'pieris', 'beljakovina', 'stanford_bela', 'čist', 'patrick_victor_martindale_bela', 'hispanic', 'caucasoid', 'andrew_dickson_white', 'barva_kože', 'belcev', 'planeswalker', 'patrick_white', 'beliti', 'bele', 'barve_kože', 'belina', 'latino', 'theodore_h_white', 'belci', 'jajčni_beljak', 'slonovine', 'mtg', 'white_river', 'pobeliti', 'beljakovine', 'bela_dirka', 'bela_rasa', 'ubeliti', 'magic_the_gathering', 'steven_pelé', 'edward_white', 'beli', 'caucasoids', 'e_b_white', 'ovalbumin']
who	izkušeni	Incorrect	['ki', 'kdo', 'jim_neidhart', 'world_health_organization', 'svetovne_zdravstvene_organizacije', 'who', 'the_who', 'svetovna_zdravstvena_organizacija', 'zayn_malik', 'szo']
wide	širok	Match	['širok', 'obsežen', 'široko', 'poln', 'prostran', 'širen', 'široka', 'široki', 'popoln', 'velik', 'prostoren']
wife	žena	Match	['družica', 'žena', 'zena', 'poročena_ženska', 'soproga']
wind	veter	Match	['možna_stranka', 'morebitni_donator_ali_prostovoljec', 'zavijati', 'wind_instrument', 'brezvetrje', 'zrak', 'vetrovi', 'akeboshi', 'malarky', 'oviti_se', 'sunki_vetra', 'zavohati', 'dvigniti', 'skremžiti_se', 'viti_se', 'obrat', 'pihalo', 'omotavati_se', 'veter', 'veter_podprto', 'naviti', 'namig', 'elektromagnetno_tuljavo', 'vetru', 'veter_instrument', 'prazne_marnje', 'prdec', 'marnje', 'zračni_tok', 'zaupna_informacija', 'vijugati_se', 'fart', 'vohati', 'dvigati', 'prdi', 'sunek_vetra', 'obračati_se', 'zaupnih_informacij', 'možni_kupec', 'mirujoči_besede', 'malarkey', 'wind', 'zasuk', 'tok_zraka', 'dih', 'vijugati', 'pihala', 'flatus', 'spačiti_se', 'vetra', 'navijanje']
wing	krilo	Match	['center', 'spremljevalni_manever', 'levi_spremljevalni', 'hindwing', 'blatnik', 'lutka_pol', 'ptičji_let', 'tighthead_prop', 'prizidek', 'zaodrje', 'annexe', 'perut', 'flyhalf', 'prop_tighthead', 'notranjost_centra', 'bok', 'krilu', 'žuželčje_krilo', 'igralec_sredine', 'backstage', 'priloga', 'odra', 'swingman', 'policist_naprej', 'spojler', 'gone_again', 'kolesa_ter_voznika', 'izven_centra', 'dozidek', 'krilo', 'perutnička', 'spremljevalni', 'leteti', 'jadralna_letala', 'wing']
wipe	izbrizga	Not found	[]
with	z	Not found	[]
woman	ženska	Match	['žensko', 'čiščenje_žensko', 'ženstvo', 'samica', 'snažilka', 'nadničarka', 'charlady', 'woman', 'klaatu', 'poštena_sex', 'odrasla_ženska', 'ženske', 'ženski_spol', 'ženski_svet', 'žena', 'ribarica', 'nancy_benoit', 'postrežnica', 'harry_styles', 'čistilka', 'ženska']
worm	črve	Found close match: ['črv', 'črvi']	['ne_vedeti', 'pretolči_se', 'popačiti', 'plaziti_se', 'ženirati_se', 'zvijati', 'willie_mccarter', 'skremžiti_se', 'viti', 'viti_se', 'zvijati_se', 'računalniški_črv', 'se_premikati', 'prilizovati_se', 'vijugati_se', 'se_kriviti', 'umazanijo_žogo', 'sproprijeti_se', 'worm', 'črv', 'črvi', 'izkriviti', 'prerivati_se', 'mučiti_se', 'sukati', 'premikati', 'gnida']
year	leto	Match	['let', 'dvanajst_mesecev', 'twelvemonth', 'ma', 'ravnodnevnični_leto', 'leto_dni', 'večnost', 'astronomsko_leto', 'gigaleto', 'leto_gregorijanskem', 'letno', 'letnica', 'anomalistic_leto', 'besselovo_leto', 'letnik', 'koledarskega_leta', 'dolga_leta', 'tropsko_leto', 'sončno_leto', 'starost', 'solarno_leto', 'dolgo_časa', 'leto', 'generacija', 'leta', 'sončevo_leto', 'kvartal', 'tropski_leto', 'četrtletje']
yellow	rumene	Match	['strahopeten', 'rumena_reka', 'hwang_ho', 'rumenkast', 'mevžast', 'yellowness', 'blond', 'rumen', 'rumeni', 'žolt', 'bojazljiv', 'boječ', 'rumena', 'eiko_shimamiya', 'strašljiv', 'yellow', 'huang_he', 'porumenel', 'zlateničen', 'zebrahead', 'hong_jinho', 'rumene', 'rumeno', 'blond_lase', 'slaboten', 'šlevast', 'rumen_ton', 'huang_je']
you	praviš	Incorrect	['no_control', 'si', 'bob_snider', 'amy_lee', 'you', 'monster', 'vikati', 'janne_da_arc', 'pablo_honey', 'ti', 'tvój', 'fly', 'the_real_testament']
