all	–≤—Å—ñ—Ö	Match	['—É—Å—ñ', '–∑–æÃÅ–≤—Å—ñ–º', 'hints_allegations_and_things_left_unsaid', '–ø–æ–≤–Ω—ñ—Å—Ç—é', '–≥–æ—Å—Ç—Ä–∏–π_–ª—ñ–º—Ñ–æ–±–ª–∞—Å—Ç–Ω–∏–π_–ª–µ–π–∫–æ–∑', 'all', '–∫–≤–∞–Ω—Ç–æ—Ä–∞', '—Ü—ñ–ª–∫–æÃÅ–º', '—î–¥–∏–Ω–µ', '—É–Ω—ñ–≤–µ—Ä—Å–∞–ª—å–Ω–µ_–∑–∞–º–∏–∫–∞–Ω–Ω—è', '–≤—Å—ñ—Ö', '–≥–æ—Å—Ç—Ä–æ–≥–æ_–ª—ñ–º—Ñ–æ–±–ª–∞—Å—Ç–Ω–æ–≥–æ_–ª–µ–π–∫–æ–∑—É', '–≤—Å—ñ', 'bcr', '–≤—Å–µ', '–∑–æ–≤—Å—ñ–º']
and	—ñ	Incorrect	['—Ç–∞', 'armed_and_dangerous', '–ª–æ–≥—ñ—á–Ω–∏–π_–≤–µ–Ω—Ç–∏–ª—å', '—Ü–∏—Ñ—Ä–æ–≤–∞_—ñ–Ω—Ç–µ–≥—Ä–∞–ª—å–Ω–∞_—Å—Ö–µ–º–∞', '–∫–æ–Ω‚Äô—é–Ω–∫—Ü—ñ—è', '‚àß', '–∫–æ–Ω—é–Ω–∫—Ü—ñ—è', '–ª–æ–≥—ñ—á–Ω–∞_–∫–æ–Ω—é–Ω–∫—Ü—ñ—è']
animal	—Ç–≤–∞—Ä–∏–Ω	Match	['—Ç–≤–∞—Ä–∏–Ωa', '—ñ–Ω—Ñ–∞—É–Ω–∏', '—ñ—Å—Ç–æ—Ç–∞', '—Ä–æ—Å–ª–∏–Ω', '—Ç–≤–∞—Ä–∏–Ω–∏', 'animal', '–ø–æ—Ç–≤–æ—Ä–∞', 'wasp', 'animalia', '—Ç–≤–∞—Ä–∏–Ω', '–º–∞–∫—Ä–æ—Ñ–∞—É–Ω–∏', 'epifaunal', '–∫–ª–∞—Å–∏—Ñ—ñ–∫–∞—Ü—ñ—è_—Ç–≤–∞—Ä–∏–Ω', '–æ–¥—É—à–µ–≤–ª–µ–Ω–∞_—ñ—Å—Ç–æ—Ç–∞', '–µ–ø—ñ—Ñ–∞—É–Ω–∏', '—ñ—Å—Ç–æ—Ç–∞_—Ç–∏–ø—É', '—Ñ–∞—É–Ω–∞', 'metazoa', 'far_east_movement', '—Ñ–∞—É–Ω–∏', '—Ç–≤–∞—Ä–∏–Ω–∞', '—Ç–≤–∞—Ä–∏–Ω–Ω–∏–π_—Å–≤—ñ—Ç', 'reality_check', '—Ü–∞—Ä—Å—Ç–≤–æ_—Ç–≤–∞—Ä–∏–Ω']
ashes	–ø–æ–ø—ñ–ª	Match	['–ø–æ–ø—ñ–ª', 'post_mortem', '–ø—Ä–∞—Ö', 'ashes']
at	–Ω–∞	Not found	[]
back	–Ω–∞–∑–∞–¥	Match	['—Å—Ö–≤–∞–ª–∏—Ç–∏', '–æ–±–æ—Ä–æ–Ω–µ—Ü—å', '–ª—ñ–≤–æ–≥–æ_–∑–∞—Ö–∏—Å–Ω–∏–∫–∞', '–≤_—Ü–µ–Ω—Ç—Ä—ñ', '–æ–±–∫–ª–∞ÃÅ–¥–∏–Ω–∫–∞', '—Ü–µ–Ω—Ç—Ä–∞–ª—å–Ω–∏–π_–∑–∞—Ö–∏—Å–Ω–∏–∫', '—Ç–æ–º—É', 'back', 'tighthead_–æ–ø–æ—Ä—É', 'Î∞±', '—Ö—Ä–µ–±—Ç–∞', '–ø–æ–≤–µ—Ä–Ω—É–ª–∞—Å—è', '–∑–∞–¥–Ω—ñ–π', '–ø—Ä–∞–≤–æ–≥–æ_–∑–∞—Ö–∏—Å–Ω–∏–∫–∞', '—Å–ø–∏–Ω–∞', 'flyhalf', '—Ü–µ–Ω—Ç—Ä–∞–ª—å–Ω–æ–≥–æ_–∑–∞—Ö–∏—Å–Ω–∏–∫–∞', '–ª—ñ–±–µ—Ä–æ', '—Ö—Ä–µ–±—Ü—ñ–≤', '–∫–Ω–∏–∂–∫–æ–≤–∏–π_–ø–∞–ª—ñ—Ç—É—Ä–∫–∞', '—Å–ø–∏–Ω–∫–∞', '—Ö—Ä–µ–±–µ—Ç', '–∑–∞—Ö–∏—Å–Ω–∏–∫', '–Ω–∞–∑–∞–¥', '–ª—å–æ—Ç—É_–ø–æ–ª–æ–≤–∏–Ω–∞', '–∑–∑–∞–¥—É', '–∑–∞_–º–µ–∂–∞–º–∏_—Ü–µ–Ω—Ç—Ä—É', '–Ω–∞–∑–∞ÃÅ–¥', '–∫–Ω–∏–≥', '–±—ñ—á–Ω–∏–π_–∑–∞—Ö–∏—Å–Ω–∏–∫', '–ª—ñ–≤–∏–π_–∑–∞—Ö–∏—Å–Ω–∏–∫', '—Ö—Ä–µ–±–µ—Ç–Ω–∏–π_—Å—Ç–æ–≤–ø']
bad	–ø–æ–≥–∞–Ω—ñ	Found close match: ['–ø–æ–≥–∞–Ω–æ', '–ø–æ–≥–∞–Ω–µ', '–ø–æ–≥–∞–Ω–∞']	['–∑–ª–∏–π', '–ø–æ–≥–∞–Ω–∞', '–∑—ñ–ø—Å–æ–≤–∞–Ω–∏–π', '–ø–æ–≥–∞–Ω–æ', 'big_audio_dynamite', '–ø–æ–≥–∞–Ω–µ', '–ø–æ–≥–∞–Ω–∏–π', 'royce_da_59', '–∫–µ–ø—Å—å–∫–∏–π', 'bcl2–∑–≤—è–∑–∞–Ω–æ–≥–æ_—Å–º–µ—Ä—Ç—ñ_–ø—Ä–æ–º–æ—É—Ç–µ—Ä', '–∑–ª–æ', 'bad', 'bad_world_tour']
bark	–ª–∏—Å—Ç—è	Not found	[]
because	–æ—Å–∫—ñ–ª—å–∫–∏	Found close match: ['–æ—Å–∫—ñÃÅ–ª—å–∫–∏']	['—É–Ω–∞—Å–ª—ñÃÅ–¥–æ–∫', '—Ç–æ–º—ÉÃÅ_—â–æ', '—Ç–∞ÃÅ–∫_—è–∫', 'because', '–±–æ', '—Ç–æ–º—ÉÃÅ', '–∞–¥–∂–µ', '–æ—Å–∫—ñÃÅ–ª—å–∫–∏', '–≤–Ω–∞—Å–ª—ñÃÅ–¥–æ–∫', '–∞ÃÅ–¥–∂–µ']
belly	—Ç—É–ª—É–±–∞	Incorrect	['—á–µÃÅ—Ä–µ–≤–æ', '—á–µ—Ä–µ–≤—Ü–µ', '–±—Ä—ÉÃÅ—Ö–æ', '—á–µ—Ä–µ–≤–æ', '—á–µ—Ä–µ–≤–Ω–æ–≥–æ_–ø—Ä–µ—Å–∞', '–∂–∏–≤—ñ—Ç', 'belly', '–∂–∏–≤–æ—Ç–∞', '–∂–∏–≤–æ—Ç—ñ', '–ª—é–¥—Å—å–∫–æ–≥–æ_–∂–∏–≤–æ—Ç–∞', '–∞–±–¥–æ–º—ñ–Ω–∞–ª—å–Ω–∏–π', '–∂–∏–≤–æ—Ç–∏', '–∂–∏–≤—ñÃÅ—Ç']
big	–≤–µ–ª–∏–∫–∏–π	Match	['bjarke_ingels_group', '–±–∞–ª–∞–Ω—Å', '–≤–µ–ª–∏–∫–µ', 'big', '–≤—è–∂—É—á—É_–¥—ñ—é', '—Ñ—Ä—É–∫—Ç–∏', '–¥–æ—Ä–æÃÅ—Å–ª–∏–π', '—Ç—ñ–ª–∞', '–±—É–∫–µ—Ç', '–º—ñ–Ω–µ—Ä–∞–ª—å–Ω–∏—Ö', '–≤–µ–ª–∏–∫–∏–π', '–±—ñ–≥', 'norm_nixon', '–≤–µ–ª–∏–∫—ñ', '–≤–µ–ª–∏–∫–∞']
bird	–ø—Ç–∞—Ö	Match	['yardbird_–ø–∞—Ä–∫–µ—Ä', '–ø—Ç–∞—Ö–∞', '—Ñ–∞–∫', '–ø—Ç–∞—Ö', '–ø–∞—Ä–∫–µ—Ä_—á–∞—Ä–ª—ñ', '–ø—É—Ü—å–≤—ñ—Ä—ñ–Ω–æ–∫', 'bronx_–Ω–∞—Å—Ç—Ä—ñ–π', 'mikuni_shimokawa', '–ø—ñ–≤–µ–Ω—å', 'üê¶', 'aves', '–≤–æ–ª–∞–Ω', 'avafauna', 'üê§', '–¥—ñ–≤–∫–∞', '–ø—Ç–∏—Ü—è', '–ø—Ç–∞—Ö–∏', 'üê•', 'charlie_parker', '–æ—Ä–Ω—ñ—Ç–æ—Ñ–∞—É–Ω–∏', '–ø–∞–ª–µ—Ü—å', '–ø—Ç–∞—à–∫–∞', '—à–∏–∫–∞–Ω–Ω—è', 'bird', '–∫–ª–∞—Å_–ø—Ç–∞—Ö–∏', '–ø—Ç–∞—Ö—ñ–≤', 'üê£', 'razzing', '—á–∞—Ä–ª—å–∑_–∫—Ä—ñ—Å—Ç–æ—Ñ–µ—Ä_–ø–∞—Ä–∫–µ—Ä', '—á–∞—Ä–ª—ñ', '–ø—Ç–∞—Ö–∏_–ø–∞—Ä–∫–µ—Ä–∞', '—Å–µ—Ä–µ–¥–Ω—ñ–π_–ø–∞–ª–µ—Ü—å', '–Ω–æ—á—ñ–≤–µ–ª—å', '–º–∞–ª–∏–Ω–∞', 'avialae', '—á–∞—Ä–ª—ñ_–ø–∞—Ä–∫–µ—Ä']
bite	—É–∫—É—Å	Found close match: ['—É–∫—É—Å–∏']	['–∫—É—Å–∞ÃÅ—Ç–∏', '–≥–æ—Å—Ç—Ä–æ—Ç–∏', '—É–∫—É—Å–∏', '—É–∫—É—Å_–∫–æ–º–∞—Ö–∏', '–∑–∞–∫—ÉÃÅ—Å–∫–∞', '–ø—Ä—è–Ω–∏–π', '–∑–∞–∫—É—Å–∫–∞', '–∫—É—Å–∞–Ω–∞_—Ä–∞–Ω–∞', 'cep70', '–≥–æ—Å—Ç—Ä–∏–π_—Å–º–∞–∫', '—à–º–∞—Ç–æ—á–æ–∫', '–ø–µ–∫—É—á–∏–π_—Å–º–∞–∫', '–≥—Ä–∏–∑—Ç–∏', '—à–∫–∞–ª–∞_—Å–∫–æ–≤—ñ–ª–∞', 'steven_hassan', '–≥–æ—Å—Ç—Ä–∏–π', '–±—ñ—Å–ø–µ—Ü–∏—Ñ—ñ—á–Ω–∏—Ö_—Ç–∫–ª—ñ—Ç–∏–Ω_engager']
black	—á–æ—Ä–Ω–∏–π	Match	['—á–æ—Ä–Ω—ñ_–∂—ñ–Ω–∫–∏', '–º—ÉÃÅ—Ä–∏–Ω', 'sensation', '–Ω–µ–≥—Ä–æ—ó–¥—ñ–≤', 'magic', '–¥–∂–æ–∑–µ—Ñ_–±–ª–µ–∫', '–Ω–µ–≥—Ä', '–∞—Ä–∞–ø', 'final_fight_3', '–ª–∞—Ç–∏–Ω–æ–∞–º–µ—Ä–∏–∫–∞–Ω—Ü–µ–º', '—á–æ—Ä–Ω—ñ_–ª—é–¥–∏', 'black', '–Ω–µ–≥—Ä–æ—ó–¥–Ω–∏–π', '–º—ñ—Ä–æ—Ö–æ–¥—Ü–∞', '—à–∏—Ä–ª—ñ_—Ç–µ–º–ø–ª', '—á–æ—Ä–Ω—ñ', '–º—Ç–≥', '–∫–æ–ª—å–æ—Ä–∏', '—á–æ—Ä–Ω–∏–π_—á–æ–ª–æ–≤—ñ–∫', '–Ω–µ–≥—Ä–∏', '–ª—ñ—Ç–µ—Ä–∞—Ç—É—Ä–Ω–∏–π_–Ω–µ–≥—Ä', '–±—ñ–ª–∏—Ö', 'shirley_temple', '–Ω–µ–≥—Ä–æ—ó–¥–∏', '000000', '—ñ–Ω—à–∏—Ö_—Ä–∞—Å', '—á–æ—Ä–Ω–∏–π', '—á–æÃÅ—Ä–Ω–∏–π', 'lightlessness', '–Ω–µ–≥—Ä—ñ–≤', '—á–æ—Ä–Ω–∞_–ª—é–¥–∏–Ω–∞', '–Ω–µ–≥—Ä–æ—ó–¥–Ω–æ—ó', 'final_fight', '—á–æ—Ä–Ω–æ—à–∫—ñ—Ä—ñ', 'taio_cruz', '–∫–æÃÅ–ª—ñ—Ä', '–±–∞—Ä–≤–∞', '—á–æ—Ä–Ω–æ–≥–æ_—Å–ø—ñ–≤—Ç–æ–≤–∞—Ä–∏—Å—Ç–≤–∞', '–Ω–µ–≥—Ä–æ—ó–¥–Ω–∞_—Ä–∞—Å–∞', '—á–æ—Ä–Ω–∞', '—Ñ–∞ÃÅ—Ä–±–∞', 'deckmaster', '–º–∞–≥—ñ—è_–∑–±—ñ—Ä', '—ñ–Ω—Ç–µ–Ω—Å–∏–≤–Ω—ñ—Å—Ç—å_–∫–æ–ª—å–æ—Ä—É', '—à–∏—Ä–ª—ñ_—Ç–µ–º–ø–ª_–±–ª–µ–∫', '–∞—Ñ—Ä–∏–∫–∞–Ω—Å—å–∫–æ–≥–æ_–ø–æ—Ö–æ–¥–∂–µ–Ω–Ω—è', 'kari_kimmel', '–Ω–µ–≥—Ä–∏—Ç—èÃÅ–Ω–∫–∞', '–∫–æ–ª—ñ—Ä', '—Ñ–∞—Ä–±–∞', '–Ω–µ–≥—Ä–æ—ó–¥–Ω–æ—ó_—Ä–∞—Å–∞', '—á–æ—Ä–Ω–∏–π_–∞—Ñ—Ä–∏–∫–∞–Ω—Å—å–∫–∏–π', 'mtg', '–º–∞–≥—ñ—è', '—Ä–∞—Å–æ–≤–∏–π_—Å–∫–ª–∞–¥_—Å—à–∞', '–±–ª–µ–∫', 'inkiness', '–Ω–µ–ø—Ä–æ–≥–ª—è–¥–Ω—ñ–π_–ø—ñ—Ç—å–º—ñ', '—á–æ—Ä–Ω–∏–π_–∫–æ–ª—ñ—Ä', 'magic_the_gathering', '–ø–æ–≤–Ω—ñ–π_—Ç–µ–º—Ä—è–≤—ñ', '–º—É—Ä–∏–Ω', '—á–æ—Ä–Ω–µ', '–Ω–µ–≥—Ä–æ—ó–¥', '—á–æ—Ä–Ω–∞_–∂—ñ–Ω–∫–∞', '–º—ÉÃÅ—Ä–∏–Ω–∫–∞', 'joseph_black']
blood	–∫—Ä–æ–≤	Match	['–ª—ñ–Ω—ñ—ó_–∫—Ä–æ–≤—ñ', '–≥–µ–º–∞—Ç–æ–ª–æ–≥—ñ—á–Ω—ñ', 'blood', '—Å–ø–∞–¥–∫–æ–≤–æ—Å—Ç—ñ', '–±–æ—Ä–¥–æ', '–≥–µ–Ω–µ—Ç–∏—á–Ω–æ—ó_—Å–ø–∞–¥–∫–æ–≤–æ—Å—Ç—ñ', '—Å–ø–∞–¥–∫–æ–≤—ñ—Å—Ç—å', '—Ä–æ–∑–ø—É—Å–Ω–∏–∫', '–∫–∏—Å–Ω–µ–º_–∫—Ä–æ–≤', '–∫—Ä–æ–≤', '–∫—Ä–æ–≤—ñ', '–ø–æ—Ö–æ–¥–∂–µ–Ω–Ω—è', 'vs', '–≥–µ–º–∞', '—Ä–æ–¥–æ–≤–æ–¥—É', '–∫—Ä—ñ–≤—Ü—è', '–≤–∏–Ω–∞_–±–æ—Ä–¥–æ', 'persistence_of_time', '–∫—Ä–æ–≤—ñ_–ª—é–¥–∏–Ω–∏', '–±—ñ–æ–ª–æ–≥—ñ—á–Ω–æ–≥–æ_—É—Å–ø–∞–¥–∫—É–≤–∞–Ω–Ω—è', 'collective_soul', 'the_black_parade', 'getting_away_with_murder', '–∫—Ä—ñ–≤']
blow	—É–¥–∞—Ä–∏—Ç–∏	Not found	[]
bone	–∫—ñ—Å—Ç–∫–∏	Match	['–æ—Å—Ç—å', '–∫—ñ—Å—Ç–∫–æ–≤–æ—ó_—Ç–∫–∞–Ω–∏–Ω–∏', '–∫—ñ—Å—Ç—å', '–Ω–µ_–∑–æ–≤—Å—ñ–º_–±—ñ–ª–∏–π', 'def_jam_recordings', '–∫—ñ—Å—Ç–∫–æ–≤–æ—ó', 'def_jam', '–∫—ñ—Å—Ç–∫–∞', 'bone', '–∫—ñ—Å—Ç–∫–∏']
breast	–ø—É—Ö–ª–∏–Ω–∞	Incorrect	['–±—ñ–ª–µ_–º—è—Å–æ', '—Ü–∏ÃÅ—Ü—å–∫–∞', '—Ä–∞–∫_–≥—Ä—É–¥–µ–π', '—Ü–∏—Ü—å–∫–∞', '–≥—Ä—É–¥–Ω–∞_–∫–ª—ñ—Ç–∫–∞', 'pectus', '—Ä–∞–∫_–º–æ–ª–æ—á–Ω–æ—ó_–∑–∞–ª–æ–∑–∏', '–±—é—Å—Ç', '–≥—Ä—É–¥–∏', '–ø—É—Ö–ª–∏–Ω–∞_–Ω–µ–¥–æ–±—Ä–æ—è–∫—ñ—Å–Ω–∞_–º–æ–ª–æ—á–Ω–æ—ó_–∑–∞–ª–æ–∑–∏', '–∂—ñ–Ω–æ—á–∞', '–ø–æ–≥—Ä—É–¥–¥—è', 'the_breast', '–≥—Ä—É–¥–µ–π', '—Ä–∞–∫—É_–º–æ–ª–æ—á–Ω–æ—ó_–∑–∞–ª–æ–∑–∏', '–≥—Ä—É–¥–Ω–∞_–∫–ª—ñ—Ç–∏–Ω–∞', '–Ω–µ–¥–æ–±—Ä–æ—è–∫—ñ—Å–Ω–∞_–ø—É—Ö–ª–∏–Ω–∞_–º–æ–ª–æ—á–Ω–æ—ó_–∑–∞–ª–æ–∑–∏', '—Ü–∏—Ü—å–∫–∏', '–≥—Ä—É–¥–Ω–µ', '–º–æ–ª–æ—á–Ω—ñ_–∑–∞–ª–æ–∑–∏_–∂—ñ–Ω–æ–∫']
breathe	–¥–∏—Ö–∞—Ç–∏	Match	['kristof_konrad', 'time', '–¥–∏—Ö–∞–π', 'hints_allegations_and_things_left_unsaid', 'breathe', 'dark_side_of_the_moon', 'the_dark_side_of_the_moon', '–¥–∏—Ö–∞—Ç–∏', 'iempire', 'funeral_for_yesterday', 'a_class']
burn	—Å–ø–∞–ª—é–≤–∞—Ç–∏	Found close match: ['—Å–ø–∞–ª–∏—Ç–∏', '—Å–ø–∞–ª–∏ÃÅ—Ç–∏', '–ø–∞–ª–∏ÃÅ—Ç–∏']	['fc_dallas', '–ø–æ–∂–µ–∂—ñ', '–æ–ø—ñ–∫–∏', '—Å–ø–∞–ª–∏ÃÅ—Ç–∏', '—Ç—Ä–µ—Ç—å–æ–≥–æ_—Å—Ç—É–ø–µ–Ω—è_–æ–ø—ñ–∫', '—Å–º–∞–≥–∞', '—Å—Ç—Ä—É–º–æ–∫', '–ø–æ—Ç—ñ–∫', '–æ–ø—ñ–∫–∏_—Ç—Ä–µ—Ç—å–æ–≥–æ_—Å—Ç—É–ø–µ–Ω—è', '–∑–≥–æ—Ä—ñÃÅ—Ç–∏', 'burn', '–≤–æ–¥–æ—Ç—ñ–∫', '–ø–∞–ª–∞—é—á–∏–π', '—Å–ø–∞–ª–∏—Ç–∏', '–¥—Ä—É–≥–æ–≥–æ_—Å—Ç—É–ø–µ–Ω—è_–∑–∞–ø–∏—Å–∞—Ç–∏', '—Ä—É—á–∞–π', '–∑–∞–≥–∞—Ä', '–∑–∞–ø–∏—Å–∞—Ç–∏', '–µ—Ä–∏—Ç–µ–º–∞_solare', '–ø—ñ–¥–ø–∞–ª–∏–Ω–∞–º–∏', 'ruisseau', '–≥–æ—Ä—ñÃÅ—Ç–∏', '—Å—Ç—Ä—É–º–∫–∏', '–≤–æ–¥–æ—Ç–æ–∫—É', '–≤–æ–¥–æ—Ç–æ–∫–∏', '–∑–∞—Å–º–∞–≥—É', '–≤–æ–≥–æ–Ω—å', '–ø–æ–ª—É–º—è', '–ø–∞–ª–∏ÃÅ—Ç–∏', '–ø–æÃÅ–ª—É–º—è', '–æ–ø—ñ–∫', '–ø–µ—Ä–µ—Ä–∏–≤—á–∞—Å—Ç–∏–π_–ø–æ—Ç—ñ–∫']
child	–¥–∏—Ç–∏–Ω–∞	Match	['–¥—ñ—Ç–∏–Ω—á–∞', '—à–∫–æ–ª—è—Ä—ñ–≤', '–¥–∏—Ç—è—á–∞', '–Ω–∞—â–∞–¥–æ–∫', 'lenfant', '–¥–æ—á–∫–∏', '–¥–∏—Ç–∏–Ω–∏', '–¥–∏—Ç—è—Ç–∫–æ', '–±–∞—Ö—É—Ä–Ω–∏', '–¥–∏—Ç—è', '–¥—ñ—Ç–≤–æ—Ä–∞', '–º–∞–ª–µ—á–∞', '—Ö–ª–æ–ø—á–∏–∫', '–¥–æ—á–∫–∞', '–¥—ñ—Ç–∏', '–¥–æ—á–∫–∞ÃÅ', '–Ω–µ_–¥–æ—Å—è–≥–ª–∏_—Å—Ç–∞—Ç–µ–≤–æ—ó_–∑—Ä—ñ–ª–æ—Å—Ç—ñ', '—á–∞–¥–æ', '–¥—ñ—Ç–µ–π', '–º–∞–ª—è—Ç–∫–æ', '—ñ–Ω—Ñ–∞–Ω—Ç', '–Ω–µ–∑–Ω–∞—á–Ω–∏–π', '—á–∞–π–ª–¥', '–¥–∏—Ç—è—á–µ', '–¥–∏—Ç–∏–Ω—á–∞', '–¥–∏—Ç–∏–Ω–∞', '–∫–æ–ª—é—á–∫–∞', '–Ω–µ–ø–æ–≤–Ω–æ–ª—ñ—Ç–Ω—ñ—Ö']
cloud	—Ö–º–∞—Ä–Ω–µ	Found close match: ['—Ö–º–∞—Ä–∏', '—Ö–º–∞—Ä–∞', '—Ö–º–∞ÃÅ—Ä–∞']	['–ø—É–±–ª—ñ—á–Ω–∞_—Ö–º–∞—Ä–∞', '—Ö–º–∞—Ä–∞', '–ø—Ä–∏–≤–∞—Ç–Ω–∞_—Ö–º–∞—Ä–∞', '—Ä–æ—ó–Ω–Ω—è', '—Ö–º–∞—Ä–Ω–æ—ó_—ñ–Ω—Ñ—Ä–∞—Å—Ç—Ä—É–∫—Ç—É—Ä–∏', '—Ö–º–∞—Ä–Ω–∏—Ö_—Å–µ—Ä–≤—ñ—Å—ñ–≤', 'cloud_strife', '—Ö–º–∞—Ä–∞_—Ö–æ—Å—Ç–∏–Ω–≥', 'cloud', '—Ö–º–∞—Ä–Ω–æ–≥–æ_—Å–µ—Ä–≤—ñ—Å—É', '—Ö–º–∞—Ä–Ω–∞_–æ–±—Ä–æ–±–∫–∞_–¥–∞–Ω–∏—Ö', '—Ö–º–∞—Ä–Ω–∏—Ö_–æ–±—á–∏—Å–ª–µ–Ω—å', '—Ö–º–∞—Ä–∏', '–≥—ñ–±—Ä–∏–¥–Ω–∞_—Ö–º–∞—Ä–∞', '‚òÅ', '—ñ–Ω—Ñ—Ä–∞—Å—Ç—Ä—É–∫—Ç—É—Ä–∞_—è–∫_–ø–æ—Å–ª—É–≥–∞', 'kiba', '–≥—Ä–æ–º–∞–¥—Å—å–∫–∞_—Ö–º–∞—Ä–∞', '—Ö–º–∞ÃÅ—Ä–∞', '—Ö–º–∞—Ä–Ω—ñ_–æ–±—á–∏—Å–ª–µ–Ω–Ω—è']
cold	—Ö–æ–ª–æ–¥–Ω—ñ	Match	['—Ü–∏–≥–∞–Ω—Å—å–∫–µ_—Ç–µ–ø–ª–æ', '—Ö—Ä–æ–Ω—ñ—á–Ω—ñ_–æ–±—Å—Ç—Ä—É–∫—Ç–∏–≤–Ω—ñ_–ª–µ–≥–µ–Ω–µ–≤—ñ_–∑–∞—Ö–≤–æ—Ä—é–≤–∞–Ω–Ω—è', '—Ö–æ–ª–æ–¥', '–∫—Ä–µ–π–≥_–¥–µ–≤—ñ–¥', '–ø—Ä–æ—Å—Ç—É–¥–Ω—ñ_–∑–∞—Ö–≤–æ—Ä—é–≤–∞–Ω–Ω—è', '–Ω–∞–∑–æ—Ñ–∞—Ä–∏–Ω–≥—ñ—Ç', '—à–µ—Ä—Ü—ñ–Ω–≥–µ—Ä', '—Ö–æ–ª–æ–¥–Ω—ñ', '–Ω—ñ–∫–æ–ª—å_—à–µ—Ä–∑—ñ–Ω–≥–µ—Ä', '–∑–∞—Å—Ç—É–¥–∏', '–Ω–∏–∑—å–∫–∞_—Ç–µ–º–ø–µ—Ä–∞—Ç—É—Ä–∞', '–ø—Ä–æ—Å—Ç—É–¥–∞', '—Ö—Ä–æ–Ω—ñ—á–Ω–µ_–æ–±—Å—Ç—Ä—É–∫—Ç–∏–≤–Ω–µ_–∑–∞—Ö–≤–æ—Ä—é–≤–∞–Ω–Ω—è_–ª–µ–≥–µ–Ω—ñ–≤', '—Ö—Ä–æ–Ω—ñ—á–Ω–∞_–æ–±—Å—Ç—Ä—É–∫—Ç–∏–≤–Ω–∞_—Ö–≤–æ—Ä–æ–±–∞_–ª–µ–≥–µ–Ω—å', '—Ä–∏–Ω–æ—Ñ–∞—Ä–∏–Ω–≥—ñ—Ç', '—à–µ—Ä—Ü—ñ–Ω–≥–µ—Ä_–Ω—ñ–∫–æ–ª—å', '—Ö–æ–ª–æ–¥–Ω–∞', '—Ö—Ä–æ–Ω—ñ—á–Ω—ñ_–æ–±—Å—Ç—Ä—É–∫—Ç–∏–≤–Ω—ñ_–∑–∞—Ö–≤–æ—Ä—é–≤–∞–Ω–Ω—è_–ª–µ–≥–µ–Ω—å', 'cold', 'craig_david', '–Ω—ñ–∫–æ–ª—å_—à–µ—Ä—Ü—ñ–Ω–≥–µ—Ä', '–¥–µ–≤—ñ–¥_–∫—Ä–µ–π–≥', '—Ö–æ–ª–æÃÅ–¥–Ω–∏–π', 'nicole_scherzinger', '—Ö–æ–ª–æ–¥–Ω–æ', '—Ö–æ–ª–æ–¥–Ω–∏–π', '–∑–∞—Å—Ç—É–¥–∞', '—Ö—Ä–æ–Ω—ñ—á–Ω–µ_–æ–±—Å—Ç—Ä—É–∫—Ç–∏–≤–Ω–µ_–∑–∞—Ö–≤–æ—Ä—é–≤–∞–Ω–Ω—è_–ª–µ–≥–µ–Ω—å']
come	–ø—Ä–∏–π–¥—É—Ç—å	Found close match: ['–ø—Ä–∏—Ö–æ–¥—å']	['–¥–æ—Å—è–≥—Ç–∏', '–Ω–∞—Å—ñ–Ω–Ω—è', '–¥–æ—Ö–æÃÅ–¥–∏—Ç–∏', '–ø—Ä–∏—Ö–æ–¥—å', '–¥–æ—ó–∂–¥–∂–∞ÃÅ—Ç–∏', '—Å–ø–∞–¥–∞—Ç–∏_–Ω–∞_–¥—É–º–∫—É', '–µ—è–∫—É–ª—èÃÅ—Ç', '–ø—Ä–∏—Ö–æ–¥–∏—Ç–∏', '–µ—è–∫—É–ª—è—Ç', '–¥—ñ–π—Ç–∏ÃÅ', '–ø—Ä–∏—Ö–æ–¥—å—Ç–µ', '–µ—è–∫—É–ª—é–≤–∞—Ç–∏', '–ø—Ä–∏—Ö–æ–¥–∏—Ç–∏_–≤_–≥–æ–ª–æ–≤—É', '–¥–æ—óÃÅ—Ö–∞—Ç–∏', '—Å–ø–µ—Ä–º–∏', '–Ω–∞—Å—ñ–Ω–Ω–æ—ó_—Ä—ñ–¥–∏–Ω–∏', '—Å–ø–µ—Ä–º–∞', '–Ω–∞—Å—ñÃÅ–Ω–Ω—è', '—Å–ø–µÃÅ—Ä–º–∞', 'come', '—Å—ñÃÅ–º—è']
correct	–ø—Ä–∞–≤–∏–ª—å–Ω–æ	Match	['—Ä–µ–≥—É–ª—é–≤–∞—Ç–∏', '–ø—Ä–∞–≤–∏–ª—å–Ω–∞', '–ø—Ä–∞–≤–∏–ª—å–Ω–∏–π', '–≤–∏–ø—Ä–∞–≤—Ç–µ', '–≤–∏–ø—Ä–∞–≤–∏—Ç–∏', '–ø—Ä–∞–≤–∏–ª—å–Ω–æ']
count	–≥–µ—Ä—Ü–æ–≥	Incorrect	['—è—Ä–ª', '–ª—ñ—á–∏ÃÅ—Ç–∏', 'sequel', '–≥—Ä–∞—Ñ–∏', '–ø–µ—Ä–µ–ª—ñ–∫', '—Ä–∞—Ö—É–≤–∞—Ç–∏', '–≥—Ä–∞—Ñ–∏–Ω—è', '—è—Ä–ª–∞', '–º–æ–≤–∞_—Å—Ç—Ä—É–∫—Ç—É—Ä–æ–≤–∞–Ω–∏—Ö_–∑–∞–ø–∏—Ç—ñ–≤', '–ø—ñ–¥—Ä–∞—Ö—É–Ω–æ–∫', '–≥—Ä–∞—Ñ—Å—Ç–≤–∞', '–µ–ª–¥–æ—Ä–º–µ–Ω', '—Ä–æ–∑–≥–ª—è–Ω—É—Ç–∏', '–Ω—É–º–µ—Ä–∞—Ü—ñ—ó', 'earls', '—Å–ø–∏—Å–æ–∫', '–∫—ñ–ª—å–∫—ñ—Å—Ç—å', '–≤—ñ–¥–ª—ñ–∫', '–∑–Ω–∞—á–µ–Ω–Ω—è', '—Å–ø–∏ÃÅ—Å–æ–∫', '—Ä–∞—Ö—É–≤–∞ÃÅ—Ç–∏', 'sql', '—Å–∏—Å—Ç–µ–º–∞_—á–∏—Å–ª–µ–Ω–Ω—è', '—Å–∏—Å—Ç–µ–º–∏_—á–∏—Å–ª–µ–Ω–Ω—è', '–≥—Ä–∞—Ñ—Å—Ç–≤–æ', 'comital', '–ø–µ—Ä–µ—Ä–∞—Ö—É–≤–∞–Ω–Ω—è', '–≥—Ä–∞—Ñ_–º–æ–Ω—Ç–µ–∫—Ä—ñ—Å—Ç–æ', 'structured_query_language', '–µ—Ä–ª', '–≤–∞ÃÅ–∂–∏—Ç–∏', '–≥—Ä–∞—Ñ']
cut	–≤–∏—Ä—ñ–∑–∞–Ω–∏–π	Found close match: ['–≤–∏—Ä—ñ–∑–∞—Ç–∏', '—Ä—ñ–∑–∞—Ç–∏', '—Ä—ñ–∑–∞–Ω–Ω—è']	['—Ä—ñÃÅ–∑–∞—Ç–∏', 'cut', '—Å–∫–æ—Ä–æ—Ç–∏—Ç–∏', '—Ä—ñ–∑–∞—Ç–∏', '–∫—É—Ç', '—Ä—ñ–∑–∞–Ω–Ω—è', '–ø–æ—Ä–∞–Ω–µ–Ω–Ω—è', '–æ–≥—Ä–∞–Ω–æ–≤—É–≤–∞–Ω–Ω—è', '–º–æ–Ω—Ç–∞–∂', '–ø–µ—Ä–≤–∏–Ω–Ω–∏–π_—Ä–æ–∑—Ä—ñ–∑', '—Ä–≤–∞–Ω—ñ_—Ä–∞–Ω–∏', '–æ–≥—Ä–∞–Ω–∫–∞', '–±–µ–π—Å–±–æ–ª_–≥–æ–π–¥–∞–ª–∫–∏', '–Ω–∞–Ω–µ—Å–µ–Ω–Ω—è_—Ä–∞–Ω', '–≤–∏—Ä—ñ–∑–∞—Ç–∏_—ñ_–∑–∞–ø–æ–≤–Ω–∏—Ç–∏', '—Ü–µ–Ω–∑—É—Ä–∏', '–æ–±–µ—Ä—Ç–∞—Ç–∏', '—Ü–µ–Ω–∑—É—Ä—ñ', '—Ü–µ–Ω–∑—ÉÃÅ—Ä–∞', '—Ä—É–±–∞ÃÅ—Ç–∏', '—Ü–µ–Ω–∑—É—Ä–∏_–ø—Ä–µ—Å–∏', '–≤—ñ–¥–∫—Ä–∏—Ç–∏–º_—Å–ø–æ—Å–æ–±–æ–º', '–∫—ñ–Ω–æ–º–æ–Ω—Ç–∞–∂—É', '—Ü–µ–Ω–∑–æ—Ä—ñ–≤', '—à–º–∞—Ç–æ–∫_–º—è—Å–∞', '–≤–∞–≤–∫–∞', '—Ä–æ–∑—Ä—ñ–∑', '—Ö–æ–ª–æ–¥–Ω–∏–π_–ø—Ä–∏–π–æ–º', '—Ä–∞–Ω–∞', '–≤–∏—Ä—ñ–∑–∞—Ç–∏', '—Ü–µ–Ω–∑—É—Ä–∞', '–ø–æ–≤–µ—Ä—Ç–∞—Ç–∏', '—Ä–∞–Ω–∏']
day	–¥–µ–Ω—å	Match	['–∫–ª–∞—Ä–µ–Ω—Å_—à–µ–ø–∞—Ä–¥_–¥–µ–Ω—å_–º–æ–ª–æ–¥—à–∏–π', '—Å–æ–Ω—è—á–Ω—ñ_–¥–æ–±—É', '—Å–µ—Ä–µ–¥–Ω—ñ_—Å–æ–Ω—è—á–Ω—ñ_–¥–æ–±—É', '–¥–µ–Ω–Ω—ñ', '–¥–Ω—è', '–¥–µ–Ω—å', '–¥–µ–Ω–Ω–∏–π_—á–∞—Å', '–¥–æ–±–∞', '–¥–≤–∞–¥—Ü—è—Ç—å_—á–æ—Ç–∏—Ä–∏_–≥–æ–¥–∏–Ω–∏', '–¥–µ–Ω—å_–¥–æÃÅ–±–∞', '—Å–æ–Ω—è—á–Ω–∏–π_–¥–µ–Ω—å', '–¥–æ–±—É', '–¥–Ω—ñ–≤', 'day', '–æ—á–µ–≤–∏–¥–Ω–æ—é_—Å–æ–Ω—è—á–Ω–∏–π_—á–∞—Å', '–¥–Ω—é', 'clarence_day', '–∑–æ—Ä—è–Ω—ñ_–¥–æ–±—É', '–¥–æÃÅ–±–∞', '—Å–æ–Ω—è—á–Ω–∞_–¥–æ–±–∞', '—Å–µ—Ä–µ–¥–Ω—ñ—Ö_—Å–æ–Ω—è—á–Ω–∏—Ö_–¥—ñ–±', '—Å–æ–Ω—è—á–Ω–∏–π_—á–∞—Å', '24–≥–æ–¥–∏–Ω–Ω–∏–π_—ñ–Ω—Ç–µ—Ä–≤–∞–ª']
die	–ø–æ–º–µ—Ä—Ç–∏	Match	['–¥—ñ', '–≥—Ä–∞–ª—å–Ω—ñ_–∫—É–±–∏–∫–∏', '–≥—Ä–∞_–≤_–∫–æ—Å—Ç—ñ', '–∫—ñÃÅ—Å—Ç–∫–∞', '–∫—ñ—Å—Ç–∫–∏_–≥—Ä–∞–ª—å–Ω—ñ', '–∫–æ–Ω—á–∏–Ω–∞', '–≥—Ä–∞–ª—å–Ω—ñ_–∫—ñ—Å—Ç–∫–∏', '–≥—Ä–∞–ª—å–Ω—ñ_–∫—ñ—Å—Ç–æ—á–∫–∏', '—à—Ç–∞–º–ø', '–¥–∞–π', '—Å–º–µ—Ä—Ç—å', '–∫—ñ—Å—Ç–∫–∏', '‚öÉ', '–≤–º–∏—Ä–∞—é—Ç—å', '–≥—Ä–∞_–≤_–∫—ñ—Å—Ç–∫–∏', '–∫—É–±–∏–∫_–¥–ª—è_–≥—Ä–∏', '‚öÇ', '‚öÖ', '–ø–µ—Ä–µ–¥—á–∞—Å–Ω—É_—Å–º–µ—Ä—Ç—å', '‚öÑ', '—Å–º–µ—Ä—Ç—ñ', '–ø–æ–º–µ—Ä—Ç–∏', '–ø–µ—Ä–µ–¥—á–∞—Å–Ω–æ—ó_—Å–º–µ—Ä—Ç—ñ', '–∂–µ—Ä–µ–±', '–∑–∞–≥–∏–Ω–µ', '–∑–∞–≤–∞–Ω—Ç–∞–∂–µ–Ω–∏—Ö_–∫—ñ—Å—Ç–∫–∏', '–≥—Ä–∞–ª—å–Ω—ñ_–∫–æ—Å—Ç—ñ', '–±—ñ–æ–ª–æ–≥—ñ—á–Ω–∞_—Å–º–µ—Ä—Ç—å', 'die', '‚öÅ', '‚öÄ', '–ø–æ–º–µ—Ä']
dig	–∫–æ–ø–∞—Ç–∏	Match	['–∫–æ–ø–∞ÃÅ—Ç–∏', '–ø–µ—Ä–µ–∫–∏–¥—É–≤–∞—Ç–∏', '—Ä–∏ÃÅ—Ç–∏', 'dig', '—Ä–∏—Ç—Ç—è', '—Ä–∏—Ç–∏', '–∑—Ä–æ–∑—É–º—ñ—Ç–∏', '–∫–æ–ø–∞—Ç–∏', '—Ä–æ–∑—É–º—ñÃÅ—Ç–∏', '–Ω–∞—Å–º—ñ—à–∫–∞', '–∑—Ä–æ–∑—É–º—ñÃÅ—Ç–∏', '–∞—Ä—Ö–µ–æ–ª–æ–≥—ñ—á–Ω–∏—Ö_—Ä–æ–∑–∫–æ–ø–æ–∫', 'collective_soul']
dirty	–±—Ä—É–¥–Ω–∏–π	Match	['–∫–µ—à–∞_l1', '–∑–µ–º–ª—èÃÅ', '–∫–µ—à–ø–∞–º—è—Ç—å', 'dirrty', '–∑–≤–æ—Ä–æ—Ç–Ω–æ–≥–æ_–∑–∞–ø–∏—Å—É', '–∑–∞–ø–∏—Å—É_—á–µ—Ä–µ–∑', '–∫–µ—à_–ø—Ä–æ—Ü–µ—Å–æ—Ä–∞', '–±—Ä—É–¥', '–∫–µ—à–ø–∞–º—è—Ç—ñ_l3', '–±—Ä—É–¥–Ω–∏–π', 'dirty', '–∫—î—à', '–∑–∞–±—Ä—É–¥–Ω–µ–Ω–∏—Ö', '–±—Ä—É–¥–Ω–∞', '–∫–µ—à_–¥–∞–Ω–∏—Ö', '–∫–µ—à', '–∫–µ—à_—ñ–Ω—Å—Ç—Ä—É–∫—Ü—ñ–π', '–±—Ä—ÉÃÅ–¥–Ω–∏–π', '–∫–µ—à—É–≤–∞–Ω–Ω—è', 'underworld', '“ë—Ä—É–Ω—Ç', '–±—Ä—É–¥—É', '–≥—Ä—É–Ω—Ç–∏', '“ë—Ä—É–Ω—Ç–æ–≤–∏–π_–ø–æ–∫—Ä–∏–≤', '–±—Ä—É–¥–Ω—ñ', '–∫–µ—à–ø–∞–º—è—Ç—ñ', '“ë—Ä—É–Ω—Ç–∏', '–≥—Ä—É–Ω—Ç', '–±—Ä—É–¥–Ω–æ', '–∑–µ–º–ª—è']
dog	—Å–æ–±–∞–∫–∞	Match	['—Ö–æ—Ç–¥–æ“ë', '—Å–æ–±–∞—á–µ_–º—è—Å–æ', '—Ä—ñ–∑–Ω–∏—Ü—è_–≥–∞—É—Å—ñ–∞–Ω—ñ–≤', 'firedog', '—Å–≤—ñ–π—Å—å–∫–∏–π_—Å–æ–±–∞–∫–∞', 'familiaris', '—Å—Ç–æ–ø–æ—Ä', '–ø—Å—è—á—ñ', '–ø–µ—Å', 'üêï', '–≤–æ–≤—á—ñ', '—Å–æ—Å–∏—Å–∫–∞', '–ø—Å–æ–≤—ñ', '—Å–æ–±–∞—á–∫–∞', '–ø–æ–≥–Ω–∞ÃÅ—Ç–∏', '–ø–µ—Å_—É_–≥–µ—Ä–∞–ª—å–¥–∏—Ü—ñ', '–ø–µ—Ä–µ—Å–ª—ñ–¥—É–≤–∞—Ç–∏', '—Å–æ–±–∞–∫', '–≤–æ–≤—á–∞–∫_familiaris', '–≥–∞–Ω—èÃÅ—Ç–∏', 'canis_familiaris', '–¥–æ–º–∞—à–Ω—ñ–π_—Å–æ–±–∞–∫–∞', '—Å—ñ–º—ó_canidae', '—Å–æ–±–∞–∫–∞_—Å–≤—ñ–π—Å—å–∫–∏–π', '–ø—Å–æ–≤–∏—Ö', '–≥–Ω–∞ÃÅ—Ç–∏', '–∫–æ–ø—á–µ–Ω—ñ_–∫–æ–≤–±–∞—Å–∫–∏', '—Å–æ–±–∞–∫–∞–∑–∞–ª—ñ–∑–æ', '—Å–æ–±–∞—á—ñ', '–∑–∞–ª—ñ–∑–Ω–∞_–ø—ñ–¥—Å—Ç–∞–≤–∫–∞_–¥–ª—è_–¥—Ä–æ–≤_—É_–∫–∞–º—ñ–Ω—ñ', '–ø–µ—Å_—Å–≤—ñ–π—Å—å–∫–∏–π', '—Ä–æ–¥–∏–Ω–∞_—Å–æ–±–∞—á—ñ', 'canidae', 'duck_hunt', '—Å–æ–±–∞–∫–∏', '–ª–∏—Ö–æ—Å–ª–æ–≤–∏—Ç–∏', 'canis_lupus_familiaris', '—Å–æ–±–∞–∫–∞', 'andiron', '—Å–æ–±–∞—á–∞—Ç–∏–Ω–∞', '–¥–æ–º–∞—à–Ω—ñ_—Å–æ–±–∞–∫–∏', '—Ä—ñ–∑–Ω–∏—Ü—è_–≥–∞—É—Å—Å—ñ–∞–Ω', '–Ω–∞—Å–º—ñ—Ö–∞—Ç–∏—Å—è', '—Å–æ–±–∞–∫–∞_–¥–æ–º–∞—à–Ω—ñ–π', '—Ö–æ—Ç–¥–æ–≥–∏', '–ø–æ–≥–∞–Ω—èÃÅ—Ç–∏', '—Ö–æ—Ç–¥–æ–≥']
drink	–Ω–∞–ø–æ—ó	Match	['–Ω–∞–ø–æ—ó', '–ø–∏—Ç–Ω–µ', '–ª—ñ–ª_–¥–∂–æ–Ω', 'lil_jon', '–ø–∏—Ç–∏', '–≤–∏ÃÅ–ø–∏—Ç–∏', '–ø–∏—Ç–Ω–æ—ó', '–ø–∏—è—Ü—Ç–≤–æ', '–∫–æ–≤—Ç–∞–Ω–Ω—è', '–ø–∏ÃÅ—Ç–∏', '–Ω–∞–ø—ñ–π', '–ø–æ—Ö–º—ñ–ª–ª—è']
dry	–≤–æ–ª–æ–≥–∏–π	Incorrect	['—Å—É—Ö–µ', '–±–∞–ª–∞–Ω—Å', '—Å—É—Ö–∞', '–¥—Ä—ñ', '—Å—É—Ö–∏–π', '—Å—É—Ö–æ', '–≤–∏—Å—É—à—ñ—Ç—å', '–≤—è–∂—É—á—É_–¥—ñ—é', '—Ñ—Ä—É–∫—Ç–∏', '—Å—É—Ö—ñ', '–±—É–∫–µ—Ç', '—Ç—ñ–ª–∞', 'dry', '–º—ñ–Ω–µ—Ä–∞–ª—å–Ω–∏—Ö', '–ø—Ä–æ–≥—ñ–±—ñ—Ü—ñ–æ–Ω—ñ—Å—Ç—Å–∫—ñ–π']
dull	—á–æ—Ä–Ω—É–≤–∞—Ç—ñ	Incorrect	['—Ç—É–ø–∏–π', '–ø–æ—Ö–º—É—Ä–∞', '—Ç—É–ø–∏ÃÅ–π', '–¥—É—Ä–Ω–∏ÃÅ–π']
dust	–ø–∏–ª—É	Match	['—Ñ–µ–Ω—Ü–∏–∫–ª–∏–¥–∏–Ω', '—á–æ—Ä–Ω–æ–≥–æ_—á–∞—é', '–ø–∏–ª—é–∫–∞', '—Å–º—ñ—Ç—Ç—è', '–ø–∏–ª—É', 'babylon_5', '–≤–∞–≤–∏–ª–æ–Ω_5', '–ø—Ä–∞—Ö', '–ø–∏–ª', '–ø–∏–ª_–∞—Ç–º–æ—Å—Ñ–µ—Ä–Ω–∏–π', '—Ñ–µ–Ω—Ü–∏–∫–ª–∏–¥–∏–Ω_–≥—ñ–¥—Ä–æ—Ö–ª–æ—Ä–∏–¥', '–±–∞–π—Ö–æ–≤–∏–π_—á–∞–π', '–ø–∏–ª–æ–≤–∏–π_—Ä–æ–∑–≤—è–∑–æ–∫', '–≤–∞–≤–∏–ª–æ–Ω5', 'fannings', 'pekoe', '–ø–µ–∫–æ', '–≤–∏—â–∏–π_—Å–æ—Ä—Ç_—á–æ—Ä–Ω–æ–≥–æ_—á–∞—é', 'angel_dust', '–ø–æ—Ä–æ—Ö–∏', '–∫—É—Ä—è–≤–∞', 'dust', '—â–µ–±—ñ–Ω—å', '–æ—Ä–∞–Ω–∂_–ø–µ–∫–æ']
ear	–≤—É—à–Ω—ñ	Incorrect	['–æ—Ä–≥–∞–Ω_—Å–ª—É—Ö—É', '–≤—É—à–Ω–æ—ó_—Ä–∞–∫–æ–≤–∏–Ω–∏', '—Å–ª—É—Ö—É', '–∫–æ–ª–æ—Å', 'üëÇ', '–∫–æ–ª–æ—Å—Å—è', '–≤—É—Ö–æ_—Ä–æ–∑–∫–ª–∞–¥–∞–Ω–Ω—è', '–≤–µ—Ä—à–∏–Ω–æ—é', '–∫–æ–ª–æ—Å–æ–∫', '–≤—É—à–Ω–∞ÃÅ_—Ä–∞ÃÅ–∫–æ–≤–∏–Ω–∞', '–≤—É—Ö–∞', '–≤—É—Ö–æ', '–∫–æÃÅ–ª–æ—Å', '–≤—É—à–Ω–∞_—Ä–∞–∫–æ–≤–∏–Ω–∞', '–ø—ñ—Ä—è', '–≤–µ—Ä—à–∏–Ω–∞', '–∑–∞–≤–∏—Ç–∫–∞', '–ª—é–¥—Å—å–∫–æ–≥–æ_–≤—É—Ö–∞']
earth	–ø–ª–∞–Ω–µ—Ç–æ—é	Incorrect	['brontitall', '–∞–º–µ—Ä–∏–∫–∞–Ω—Å—å–∫–∏–π_–≥–µ–æ–ª–æ–≥—ñ—á–Ω–∏–π_—ñ–Ω—Å—Ç–∏—Ç—É—Ç', '–∑–µ–º–ª—èÃÅ', 'saiyan', '—Å—É—à–∞', '—â—ñ–ª—å–Ω–∏–π_–≥—Ä—É–Ω—Ç', 'üåç', '—Ç—Ä–µ—Ç—è_–ø–ª–∞–Ω–µ—Ç–∞', '—Å–≤—ñ—Ç—É', 'golgafrincham', '—Å–≤—ñ—Ç', '–∑–µ–º–Ω–µ_–∑–∞–Ω–µ–ø–æ–∫–æ—î–Ω–Ω—è', 'dragon_ball', '–±–ª–∞–∫–∏—Ç–Ω–∞_–ø–ª–∞–Ω–µ—Ç–∞', '‚ôÅ', '‚äï', 'earth', '—Å—É—Ö–æ–¥—ñ–ª', '–∑–µ–º–ª—ñ', '–º–∏—Ä—Å—å–∫–æ—ó_–∑–∞–∫–ª–æ–ø–æ—Ç–∞–Ω–æ—Å—Ç—ñ', 'agi', 'lamuella', '–∑–µ–º–ª—é', 'dragonball', '–ø–ª–∞–Ω–µ—Ç–∞_–∑–µ–º–ª—è', '–ø–µ—Ä–ª–∏–Ω–∏_–¥—Ä–∞–∫–æ–Ω–∞', 'magrathea', '–∞–Ω–¥—Ä–æ–º–µ–¥–∞', 'krikkit', '–ø–µ—Ä–ª–∏–Ω–∞_–¥—Ä–∞–∫–æ–Ω–∞', 'üåé', '–∑–∞–∑–µ–º–ª–µ–Ω–Ω—è', 'andromeda', '–∞–≥—ñ', '—Å—É—à—ñ', 'milliways', '–≥–µ—è', 'the_american_geological_institute', '—Ç–µ—Ä—Ä–∞', '–∑–µ–º–ª–µ—é', 'ace_combat', '—Å–≤—ñ—Ç—ñ', '–∑–µ–º–Ω–∞_–∫—É–ª—è', 'üåè', '–∑–µ–º–ª—è']
eat	—ó—Å—Ç–∏	Match	['–≥–æ–¥—É–≤–∞ÃÅ—Ç–∏', '—ó–∂', '–∫–æ—Ä–º–∏ÃÅ—Ç–∏', '—Ö–∞—Ä—á—É–≤–∞ÃÅ—Ç–∏', 'mcl1', 'eat', '—ó–∂–∞', '—ó—Å—Ç–∏']
egg	—è–π—Ü—è	Match	['—Ç–µ—Å—Ç', '–ø–∞–ª–∏—á–Ω–∏–∫–∏', 'osi_–º–æ–¥–µ–ª—å', '–º–æ–¥–µ–ª—ñ_osi', '—Å—ñ–º—è–Ω—ñ_–º—ñ—Ö—É—Ä—Ü—ñ', '–µ–ª—ñ–ø—Å', '—Å—ñ–º—è–Ω—ñ_–∑–∞–ª–æ–∑–∏', 'osi', '—Å—ñ–º—è–Ω–∏–∫–∏', '—è–π—Ü–µ_–ø—Ç–∞—Ö–∞', '–æ–≤–∞–ª—å–Ω–∏–π', '—Å—ñ–º—è–Ω–∏xad–∫', '—è–π—Ü–µ–∫–ª—ñ—Ç–∏–Ω', '–ø—Ä–∏–º–∞—Ä–æ–≤—ñ', 'open_systems_interconnection', '—è–π—Ü—è', '—Å—ñ–º—è–Ω–∏–∫', '—è–π—Ü–µ–∫–ª—ñ—Ç–∏–Ω–∞', 'phasmoptera', '–æ–≤–∞ÃÅ–ª', 'ballock', '–µ–ª—ñ–ø—Ç–∏—á–Ω—ñ', '–ª–∏—Å—Ç–æ—Ç—ñ–ª–∏', 'egg', 'open_systems_interconnection_reference_model', '–º–µ—Ä–µ–∂–µ–≤–∞_–º–æ–¥–µ–ª—å_osi', '–º–æ–¥–µ–ª—å_–≤–∑–∞—î–º–æ–¥—ñ—ó_–≤—ñ–¥–∫—Ä–∏—Ç–∏—Ö_—Å–∏—Å—Ç–µ–º', '—â–æ–±_phasmatodea', '—Å—ñ–º‚Äô—è–Ω–∏–∫–∏', '—è—î—á–∫–∞', '—Ä–∏–±–∞_—è–π—Ü—è', '–ø—Ç–∞—à–∏–Ω–µ_—è–π—Ü–µ', '–µ–≥–≥', '–µ–ª—ñ–ø—Å–∞', '–¥—É—Ä–Ω–∏—Ü—è', '–≤–∏—Ä–æ–±–Ω–∏—Ü—Ç–≤–∞_—è–π—Ü—è', 'phasmida', '—è–π—Ü–µ', 'phasmatodea', '—è—î—á–∫–∏', '—è—îÃÅ—á–∫–æ', '—â–æ–±_phasmida', '—è—î—á–∫–æ', '—è–π—Ü–µ_–ø—Ç–∞—Ö—ñ–≤_—Ç–∞_—Ä–µ–ø—Ç–∏–ª—ñ–π', '—è–π—Ü—è_–ø—Ç–∞—Ö—ñ–≤', '–æ–≤–∞–ª', '–º–æ–¥–µ–ª—å_osi', '—è–π—Ü–µ_–ø—Ç–∞—Ö—ñ–≤', '–∫—É—Ä—è—á–µ_—è–π—Ü–µ', '—è–π—Ü–µ–∫–ª—ñ—Ç–∏–Ω–∏', '–ø—Ç–∞—à–∏–Ω—ñ_—è–π—Ü—è', '–æ–æ—Ü–∏—Ç']
eye	–æ—á–µ–π	Match	['–∞–π', 'eye', '–æ—á–Ω–µ_—è–±–ª—É–∫–æ', '–æ–∫–æ_–±—É—Ä—ñ', '–±—Ä—É–Ω—å–∫–∏', '–æ–∫—É–ª—É—Å', 'üëÅ', '–æ—á—ñ', '–æ—á–µ–π', 'üëÄ', '–±—Ä—É–Ω—å–∫–∞', '—Ü–µ–Ω—Ç—Ä—ñ', '–æ–∫–æ', '–Ω–∏—Ä–∫–∏', '—Å–∫–ª–∞–¥–Ω—ñ_–æ—á—ñ', 'the_eye', '–æ–ø—Ç–∏—á–Ω–∏–π', 'eyewall', '–æ—á–Ω–æ–≥–æ', '–æ–∫–æ_—Ü–∏–∫–ª–æ–Ω—É']
fall	–ø–∞–¥–∞—é—Ç—å	Found close match: ['–ø–∞–¥–∞—Ç–∏', '–ø–∞ÃÅ–¥–∞—Ç–∏']	['–∑–Ω–∏–∂–µ–Ω–Ω—è', '–≥—Ä—ñ—Ö–æ–ø–∞–¥—ñ–Ω–Ω—è', '–æ—Å—ñ–Ω—å', '–≤–Ω–∏–∑_–ø–æ_—Å—Ö–∏–ª—É', '—É–ø–∞ÃÅ—Å—Ç–∏', '–ø—Ä–∏—Ö—ñ–¥_–Ω–æ—á—ñ', '—Å—É—Ç—ñ–Ω–∫–∏', 'fall', '—Å—É—Ç—ñ–Ω–∫–∞—Ö', 'natalia_lesz', 'the_fall', '–æÃÅ—Å—ñ–Ω—å', 'evenfall', '–≤–æ—Å–µ–Ω–∏', '–ø–∞–¥—ñ–Ω–Ω—è_–ª—é–¥–∏–Ω–∏', '–ø–∞–¥–∞—Ç–∏', 'believe', '—Å—Ö–∏–ª', '–ø—Ä–∏ÃÅ—Å–º–µ—Ä–∫', '–∞—Å—Ç—Ä–æ–Ω–æ–º—ñ—á–Ω–∏—Ö_—Å—É—Ç—ñ–Ω–∫—ñ–≤', 'gloam', '–Ω–∞–≤—ñ–≥–∞—Ü—ñ–π–Ω–∏—Ö_—Å—É—Ç—ñ–Ω–æ–∫', '—Å—ÉÃÅ—Ç—ñ–Ω–∫–∏', '—Å–ø–∞–¥', '—Å—É—Ç—ñ–Ω–æ–∫', '–ø–æ–∑–∞–º–µ–∂–∂—è', '–Ω–∞–≤—ñ–≥–∞—Ü—ñ–π–Ω–∏—Ö_—Å—É—Ç—ñ–Ω–∫—ñ–≤', '–ø–∞–¥—ñ–Ω–Ω—è', '–ø–∞ÃÅ–¥–∞—Ç–∏', '—Å—É—Ç—ñ–Ω—å', '—Ç—É—à–µ', '–∑–º–µ–Ω—à—É–≤–∞—Ç–∏—Å—è']
far	–¥–∞–ª–µ–∫–æ	Match	['–Ω–∞–±–∞–≥–∞—Ç–æ', '—ñ–Ω—Ç–µ—Ä–∞—Ö–∞–º–≤–µ', '–∞–æ—Ä', '–¥–∞–ª–µ–∫–æ', 'far', '–¥–∞–ª–µ–∫–∞', '–¥–∞–ª–µÃÅ–∫–æ', '–¥–∞–ª–µÃÅ–∫–∏–π', '–¥–∞–ª–µ–∫–∏–π', '–∞—Ä–º—ñ—è_–∑–≤—ñ–ª—å–Ω–µ–Ω–Ω—è_—Ä—É–∞–Ω–¥–∏', 'interahamwe', '–∫–æ–ª–∏—à–Ω—ñ–π_–∑–±—Ä–æ–π–Ω–∏—Ö_—Å–∏–ª']
fat	–∂–∏—Ä—É	Match	['–ª—ñ–ø—ñ–¥–∏', '–ø–æ–≤—ñ—Ç—Ä—è–Ω—ñ_—Å–∏–ª–∏_—á–∞–¥—É', '–∞—Ü–∏–ª–≥–ª—ñ—Ü–µ—Ä–æ–ª–∏', 'fat1', '–≤—ñ—Å—Ü–µ—Ä–∞–ª—å–Ω–æ–≥–æ_–∂–∏—Ä—É', '–∂–∏—Ä–æ–≤–∞_—Ç–∫–∞–Ω–∏–Ω–∞', '–ª—ñ–ø—ñ–¥–Ω–æ–≥–æ', '–∂–∏—Ä–æ–≤–æ—ó_—Ç–∫–∞–Ω–∏–Ω–∏', '—Ç—ñ–ª–∞', '–∂–∏—Ä–Ω–∞', '–∂–∏—Ä', '–∂–∏—Ä–æ–ø–æ–¥—ñ–±–Ω—ñ_—Ä–µ—á–æ–≤–∏–Ω–∏', '–±–∞–ª–∞–Ω—Å', '–∂–∏—Ä–æ–ø–æ–¥—ñ–±–Ω—ñ', '—Ç—Ä–∏–∞—Ü–∏–ª–≥–ª—ñ—Ü–µ—Ä–∏–¥', '–Ω–µ–π—Ç—Ä–∞–ª—å–Ω—ñ_–∂–∏—Ä–∏', '—Ç—Ä–∏–≥–ª—ñ—Ü–µ—Ä–∏–¥–∏', '—Ç–æ–≤—â—ñ', '–∂–∏—Ä–æ–≤—ñ_–∫–ª—ñ—Ç–∏–Ω–∏', '–∂–∏—Ä—É', '–±—É–∫–µ—Ç', '–æ–≥—Ä—è–¥–Ω—ñ—Å—Ç—å', '–ª—ñ–ø–æ–º–∞—Ç–æ–∑', '–∂–∏—Ä–Ω–∏–π', '–≤–≥–æ–¥–æ–≤–∞–Ω—ñ—Å—Ç—å', 'fat', '—Ç—Ä–∏–≥–ª—ñ—Ü–µ—Ä–∏–¥', 'fat16', '–≥–ª—ñ—Ü–µ—Ä–æ–ª—ñ–ø—ñ–¥', '–∂–∏—Ä–∏', '–∂–∏—Ä–æ–≤–æ—ó', '–ª—ñ–ø—ñ–¥', '—Ñ—Ä—É–∫—Ç–∏', '—Ç–æ–≤—â', 'fat_16', '–Ω–∞–¥–º—ñ—Ä–Ω–∞_–≤–∞–≥–∞', 'fat32', '–≤—è–∂—É—á—É_–¥—ñ—é', '–ª—ñ–ø—ñ–¥—ñ–≤', '–º—ñ–Ω–µ—Ä–∞–ª—å–Ω–∏—Ö', '–ª—ñ–ø–æ—ó–¥—ñ–≤']
father	–±–∞—Ç—å–∫–æ	Match	['–±–æ–≥', '—Ç–∞—Ç–æ', '–ø—ñ–¥–ø—Ä–∏—î–º–Ω–∏—Ü—å–∫–æ–≥–æ_–º–∏—Å–ª–µ–Ω–Ω—è', '–ø—ñ–¥–ø—Ä–∏—î–º–µ—Ü—å', '–ø–∞–Ω–æ—Ç–µ—Ü—å', '–æ—Ç–µÃÅ—Ü—å', '–±–æ–≥–∞–æ—Ç—Ü—è', '–±–æ–≥–æ—Ç–µ—Ü—å', '–æ—Ç–µ—Ü—å_—Ü–µ—Ä–∫–≤–∏', '–±–∞—Ç—å–∫—É', '—Å–≤—è—â–µ–Ω–∏–∫', '–Ω—è–Ω—å–æ', '—Ç–∞—Ç–∫–æ', '–Ω–∞—Ç—Ö–Ω–µ–Ω–Ω–∏–∫', '—Ç–∞ÃÅ—Ç–æ', '–±–∞—Ç—å–∫–æ', '–±–∞—Ç—å–∫—ñ–≤—Å—å–∫—ñ–π', '–∫–∞—Ç–æ–ª–∏—Ü—å–∫–∏–π_—Å–≤—è—â–µ–Ω–∏–∫', '—Å–µ—Ä—ñ–π–Ω–∏–π_–ø—ñ–¥–ø—Ä–∏—î–º–µ—Ü—å', '—Å–≤—è—Ç—ñ_–æ—Ç—Ü—ñ', 'father', '–±–æ–≥_–æ—Ç–µ—Ü—å', '–æ—Ç–µ—Ü—å', '–±–∞ÃÅ—Ç—å–∫–æ', '–±–æ–≥–æ–æ—Ç–µ—Ü—å', '–±–∞—Ç—å–∫–∞', '–ø—ñ–¥–ø—Ä–∏—î–º—Ü—ñ–≤', '–ø—ñ–¥–ø—Ä–∏—î–º–Ω–∏—Ü—å–∫–∞_–¥—ñ—è–ª—å–Ω—ñ—Å—Ç—å', '–Ω—è–Ω—å–∫–æ', 'the_gift', '–ø—ñ–¥–ø—Ä–∏—î–º–Ω–∏—Ü—Ç–≤–æ', '—Ä–æ–¥–∏—Ç–µ–ª—å', '–Ω–µ–Ω—å–æ', '–∫–∞—Ç–æ–ª–∏—Ü—å–∫—ñ_—Å–≤—è—â–µ–Ω–∏–∫–∏', '—Å–ø—ñ–≤–∑–∞—Å–Ω–æ–≤–Ω–∏–∫', '—Ç–∞—Ç—É—Å—å', '–∫–æ–º–µ—Ä—Ü—ñ–π–Ω–∞_–¥—ñ—è–ª—å–Ω—ñ—Å—Ç—å', '–ø—ñ–¥–ø—Ä–∏—î–º–Ω–∏—Ü—Ç–≤–∞', '–æ—Ç—Ü—ñ_—Ü–µ—Ä–∫–≤–∏', '–±–∞—Ç—å–∫–æ_—Ü–µ—Ä–∫–≤–∏']
fear	–Ω–µ–Ω–∞–≤–∏—Å—Ç—å	Incorrect	['–±–æ—èÃÅ—Ç–∏—Å—è', 'marillion', '—Å—Ç—Ä–∞—Ö—É', '–¥—É–º–∫–∞–º–∏_–Ω–∞–≤–∏–≤–æ—Ä—ñ—Ç', '—Å—Ç—Ä–∞—Ö–∏', 'inside_out', '–ø–µ—Ä–µ–ª—è–∫', '—Å—Ç—Ä–∞—Ö', '–ø—ñ—î—Ç–µ—Ç', 'fear', '–∑–∞–∫–ª–æ–ø–æ—Ç–∞–Ω—ñ—Å—Ç—å', '—Å—Ç—Ä–∞—Ö—ñ—Ç—Ç—è', '–±–æ—è—Ç–∏—Å—è', '–ø–æ—Å—Ç—Ä–∞—Ö']
feather	–∫—Ä–∏—é—á—ñ	Incorrect	['barbule', '–ø–µ—Ä–æÃÅ', '–æ–ø–µ—Ä–µ–Ω–Ω—è', '—è–∫15', '—è–∫17', '–ø—Ç–∞—à–∏–Ω–µ_–ø–µ—Ä–æ', '–ø–µ—Ä–∞', '–ø—ñ—Ä—è', '–ø—ñ—Ä‚Äô—è', 'filoplume', '–ø–µ—Ä–æ']
few	–∫—ñ–ª—å–∫–∞	Match	['–Ω–µ–±–∞–≥–∞—Ç–æ', '–∫—ñ–ª—å–∫–∞']
fight	–±—ñ–π	Match	['–ø—Ä–æ—Ç–∏', '–±–æ–π–æ–≤–æ—ó_–ø—ñ–¥–≥–æ—Ç–æ–≤–∫–∏', '–±–∏ÃÅ—Ç–≤–∞', '–±–∏—Ç–≤a', '–±—ñ–π', '–±–æ–π–æ–≤–∏—â–µ', '–±–æ–π', '–±–∏ÃÅ—Ç–∏—Å—è', '–∫–æ–Ω–∫—É—Ä–µ–Ω—Ç–æ—Å–ø—Ä–æ–º–æ–∂–Ω—ñ—Å—Ç—å', '–±–∏—Ç–≤–∞', '–±–æ—Ä–æ—Ç—å–±–∞', '–±—ñ–π–∫–∞', '—Å—É—Ç–∏—á–∫–∏', '–±–æ—Ä–æÃÅ—Ç–∏—Å—è', '–±–æ—Ä–æ—Ç–∏—Å—è', '–∫–æ–Ω—Ñ–ª—ñ–∫—Ç', '–∑–±—Ä–æ–π–Ω–æ—ó_–±–æ—Ä–æ—Ç—å–±–∏', '–≤–æ—é–≤–∞ÃÅ—Ç–∏', '—Ä–∞—Ç–æ–±–æ—Ä—Å—Ç–≤–æ', 'fight']
fingernail	–Ω—ñ–≥—Ç—ñ	Not found	[]
fire	–≤–æ–≥–æ–Ω—å	Match	['–ø–æ–∂–µ–∂—ñ', '—Å–ø–∞–ª–∏ÃÅ—Ç–∏', '–≤–æ–≥–Ω–µ–º', '–∑–≤—ñ–ª—å–Ω—èÃÅ—Ç–∏', 'emerson_lake__palmer', 'smoke_n_mirrors', 'white_noise', '–ø–æ–∂–µÃÅ–∂–∞', '–ª–µ–æ–Ω–∞_–ª—é—ó—Å', '–ø–∞–ª–∞—é—á–∏–π', 'heartbreak_on_hold', '–∑–≤—ñ–ª—å–Ω–∏ÃÅ—Ç–∏', 'kelis_was_here', '–∑–∞–≤–∑—è—Ç—Ç—è', 'fire', 'emerson_lake_and_palmer', 'anarchy', '–∑–≥–∞—Ä–∏—â—ñ', 'üî•', '–ø–æ–∂–µ–∂–∞', '–ª–µ–æ–Ω–∞_–ª—å—é—ó—Å', '–∑–≥–∞—Ä–∏—â–µ', 'firejericho', '—Å—Ç—Ä—ñ–ª—è—Ç–∏', 'fervidness', 'leona_lewis', '–≤–æ–≥–æ–Ω—å', '–ø–æ–∂–∞—Ä', 'tina_barrett', '–ø–æ–ª—É–º—è', '–ø–∞–ª–∏ÃÅ—Ç–∏', 'elp', '–ø–æÃÅ–ª—É–º—è', 'lets_cheers_to_this']
fish	—Ä–∏–±–∏	Match	['—Ä–∏–±–∫–∞', 'fish', 'sh3pxd2a', '–º–æ—Ä—Å—å–∫–∏—Ö_—Ä–∏–±', 'üêü', '—Ä–∏–±—É', 'go_fish', '—Ñ—ñ—à', 'üê†', '—Ä–∏–±', '—Ñ–ª—É–æ—Ä–µ—Å—Ü–µ–Ω—Ü—ñ—ó_–≤_–≥—ñ–±—Ä–∏–¥–∏–∑–∞—Ü—ñ—è', '–º–∞–ª—å–∫—ñ–≤', '—ñ—Ö—Ç—ñ–æ—Ñ–∞—É–Ω–∏', '—Ä–∏–±–∞', 'friendly_interactive_shell', 'pisces', 'pterygiophore', '‚ôì', '–º—è–∫–∏—Ö_–ø—Ä–æ–º–µ–Ω—ñ–≤', '–º–∞–ª—å–æ–∫', '—Ä–∏–±–µ—à–∫–∞', '—Ä–∏–±–∏', '—Ä–∏ÃÅ–±–∞', '—Ñ–ª—É–æ—Ä–µ—Å—Ü–µ–Ω—Ç–Ω–∞_–≥—ñ–±—Ä–∏–¥–∏–∑–∞—Ü—ñ—è_in_situ', '–µ–ª–≤–µ—Ä', 'phish', '—Ñ–ª—é–æ—Ä–µ—Å—Ü–µ–Ω—Ç–Ω–∞_–≥—ñ–±—Ä–∏–¥–∏–∑–∞—Ü—ñ—è_in_situ', '–∫–æ—Ä–º–∏_–¥–ª—è_—Ä–∏–±', '–¥–µ—Ä–µ–∫_–≤—ñ–ª—å—è–º_–¥—ñ–∫', '—Ñ–ª—É—é—Ä–µ—Å—Ü–µ–Ω—Ç–Ω–∞_–≥—ñ–±—Ä–∏–¥–∏–∑–∞—Ü—ñ—è_in_situ', '—Ä–∏–±–∏_—Ä–∏–±–∏']
five	–≤—ñ—Å—ñ–º	Not found	[]
float	–ø–µ—Ä–µ–≤–µ—Ä–Ω—É—Ç–∏	Incorrect	['—à—Ç—É–∫–∞—Ç—É—Ä–∞_–ø–æ–ø–ª–∞–≤–∫–æ–º', 'free_float', '–ø–ª–∞–≤–∞–ª—å–Ω–æ–≥–æ_–º—ñ—Ö—É—Ä–∞', '—Ä—É—Ö–æ–º–∞_–∫–æ–º–∞', '–º–æ—Ä–æ–∑–∏–≤–æ_–ø–æ–ø–ª–∞–≤–∫–æ–º', 'freefloat', '–ø–ª–∞–≤–∞—é—á–æ—é_—Ç–æ—á–∫–æ—é', '–¥—ÉÃÅ—Ç–∏', '–≤—ñÃÅ—è—Ç–∏', 'cascading_style_sheet', 'css', '—á–∏—Å–ª–æ_–∑_—Ä—É—Ö–æ–º–æ—é_–∫–æ–º–æ—é', '–ø–æ–Ω—Ç–æ–Ω', '–ø–æ–ø–ª–∞–≤–æ–∫', '–∑–∞–ø–∞—Å', 'cascading_style_sheets', '–∞—Ä–∏—Ñ–º–µ—Ç–∏–∫–∏_–∑_–ø–ª–∞–≤–∞—é—á–æ—é_—Ç–æ—á–∫–æ—é', '—á–∏—Å–ª–æ_–∑_–ø–ª–∞–≤–∞—é—á–æ—é_–∫–æ–º–æ—é', 'float', 'css_–º–æ–≤–∞', '—á–∏—Å–ª–æ_–∑_–ø–ª–∞–≤–∞—é—á–æ—é_–∫—Ä–∞–ø–∫–æ—é', 'public_float', '–º–æ—Ä–æ–∑–∏–≤–æ_—Å–æ–¥–∏', 'ponton', '–ø–ª–∞–≤–∞–ª—å–Ω–∏–π_–º—ñ—Ö—É—Ä', '–≤—ñ–ª—å–Ω–æ–º—É_–æ–±—ñ–≥—É', '—Ä–µ–∑–µ—Ä–≤', '–∫–∞—Å–∫–∞–¥–Ω—ñ_—Ç–∞–±–ª–∏—Ü—ñ_—Å—Ç–∏–ª—ñ–≤', '–ø–æ–ø–ª–∞–≤–∫–æ–≤–æ—é_–ª–æ–≤—É', '–≤–∏–±—É—Ö–æ–≤–æ—ó_–¥–µ–∫–æ–º–ø—Ä–µ—Å—ñ—ó', '–Ω–µ–∫–æ–Ω—Ç—Ä–æ–ª—å–æ–≤–∞–Ω–æ–≥–æ_–¥–µ–∫–æ–º–ø—Ä–µ—Å—ñ—ó', '—á–∏—Å–ª–æ_–∑_–ø–ª–∞–≤–∞—é—á–æ—é_—Ç–æ—á–∫–æ—é', '–ø–æ–ø–ª–∞–≤—Ü—ñ', 'bobfloat']
flow	–ø—Ä–æ—Ç—ñ–∫–∞–Ω–Ω—ñ	Found close match: ['–ø–æ—Ç—ñ–∫']	['—Ä—ñ–¥–∏–Ω–∏_dynamicist', '–≤–∏—Ç—Ä–∞—Ç–∞', '–º–µ—Ö–∞–Ω—ñ–∫–∞_—Ä—ñ–¥–∏–Ω_—Ç–∞_–≥–∞–∑—ñ–≤', '–º–µ—Ö–∞–Ω—ñ–∫–∏_—Ä—ñ–¥–∏–Ω–∏', '–º–µ–Ω—Å—Ç—Ä—É–∞—Ü—ñ—è', '–º–µ–Ω—Å—Ç—Ä—É–∞–ª—å–Ω–∞_–∫—Ä–æ–≤–æ—Ç–µ—á–∞', '–≥—ñ–¥—Ä–∞–≤–ª—ñ—á–Ω–æ–≥–æ_—Ç–∏—Å–∫—É', '–ø–æ—Ç–æ–∫–æ–≤–∞_–º–µ—Ä–µ–∂–∞', '—Å—Ç—ñ–π–∫–∏–π_–ø–æ—Ç—ñ–∫', '—à–ª—è—Ö—É_–∑–±—ñ–ª—å—à–µ–Ω–Ω—è', '–ø–æ—Ç—ñ–∫', '—Ä–µ–ø', '–ø–æ—Ç–æ–∫—É', '–ø–æ—Ç—ñ–∫_–≤–µ–∫—Ç–æ—Ä–∞', '–º–µ—Ä–µ–∂—ñ', '—Ä–µ–ø–µ—Ä', '–≤–∏—Ç—Ä–∞—Ç–∞_–æ–±—î–º–Ω–∞', 'grail', '—Ñ–ª–æ—É', '—Ä–µ–ø–≤–∏–∫–æ–Ω–∞–≤–µ—Ü—å', 'young_money_entertainment', 'gravity_recovery_and_interior_laboratory', '–≥—ñ–¥—Ä–æ–º–µ—Ö–∞–Ω—ñ–∫–∞', '—Ä–µ–ø–µ—Ä—ñ–≤', '–ø–æ—Ç—ñ–∫_–≤–µ–∫—Ç–æ—Ä–Ω–æ–≥–æ_–ø–æ–ª—è', '–≥—ñ–¥—Ä–æ–∞–µ—Ä–æ–º–µ—Ö–∞–Ω—ñ–∫–∞', '–º–µ—Ö–∞–Ω—ñ–∫–∞_—Ä—ñ–¥–∏–Ω', 'florent_mothe', 'flow', '–ø–æ—Ç–æ—á–Ω–∏–π', 'dynamicist_—Ä—ñ–¥–∏–Ω–∏', '–º—ñ—Å—è—á–Ω—ñ', '—à–≤–∏–¥–∫—ñ—Å—Ç—å_–ø–æ—Ç–æ–∫—É', 'emceeing', '–≤–∏—Ç—Ä–∞—Ç–∞_–æ–±‚Äô—î–º–Ω–∞', '–º–µ–Ω—Å—Ç—Ä—É–∞—Ü—ñ—ó', '–æ–±—î–º–Ω–∞_–≤–∏—Ç—Ä–∞—Ç–∞', '–º–µ–Ω—Å—Ç—Ä—É–∞ÃÅ—Ü—ñ—è', '–æ–±—î–º–Ω–æ—ó_–≤–∏—Ç—Ä–∞—Ç–∏', '–≥—ñ–¥—Ä–∞–≤–ª—ñ–∫–∏', '–≥—ñ–¥—Ä–∞–≤–ª—ñ–∫–∞', '–ø–æ—Ç—É–∂–Ω—ñ—Å—Ç—å_–ø–æ—Ç–æ–∫—É', '–º–µ—Ö–∞–Ω—ñ–∫–∞_—Ä—ñ–¥–∏–Ω_—ñ_–≥–∞–∑—ñ–≤', '–ø—Ä–æ—Ç–æ—Ä–µ–ø']
flower	–∫–≤—ñ—Ç–∫–æ–≤–∞	Found close match: ['–∫–≤—ñ—Ç–∫–æ–≤—ñ', '–∫–≤—ñ—Ç–∫–∞', '–∫–≤—ñÃÅ—Ç–∫–∞']	['relient_k', 'play', '—Ü–≤—ñ—Ç—ñ–Ω–Ω—è', 'gackt', '–Ω–∏—Ä–∫–∏', '—Ä–æ–∑–∫–≤—ñ—Ç', '‚úΩ', '–Ω–∞—Å—ñ–Ω–Ω—î–≤–∏–π_–∑–∞—á–∞—Ç–æ–∫', 'flower', '–∫–≤—ñ—Ç–∫–∞', '—Ç—Ä—É–±—á–∞—Å—Ç—ñ_–∫–≤—ñ—Ç–∫–∏', '–ª—ñ–π—á–∞—Å—Ç—ñ_–∫–≤—ñ—Ç–∫–∏', '–∫–≤—ñÃÅ—Ç–∫–∞', '–Ω–∞—Å—ñ–Ω–Ω—ñ_–∑–∞—á–∞—Ç–∫–∏', '‚ùÅ', '–±–µ–º–±—ñ', '–±–∞–º–±—ñ', '–∫–≤—ñ—Ç–∫–æ–≤—ñ', '‚úæ', '‚ùÄ', 'bambi', '‚úø', '–≤—ñ–Ω–æ—á–æ–∫', '–æ–¥–Ω–æ—Å—Ç–∞—Ç–µ–≤–∞_–∫–≤—ñ—Ç–∫–∞', '–∑–∞–≤—è–∑—É–≤–∞–Ω–Ω—è_–ø–ª–æ–¥—ñ–≤', '–∫–≤—ñ—Ç–∏', '—Ü–≤—ñ—Ç', '–∫–≤—ñ—Ç–∫–∏', 'epicuticular_–≤–æ—Å–∫—É']
fly	–∑–ª—ñ—Ç–∞—Ç–∏	Found close match: ['–ª—ñ—Ç–∞—Ç–∏']	['–º—ÉÃÅ—Ö–∞', '–º—É—Ö–∞', '–ª—å–æ—Ç—É', 'ciara', '–¥–≤–æ–∫—Ä–∏–ª—ñ', '—Å–∏–º–≤–æ–ª—ñ–∫–∞_–≤–µ–∫—Å–∏–ª–æ–ª–æ–≥—ñ—ó', '–≥—É–ª—å—Ñ–∏–∫', 'diptera', '—Ñ–ª–∞–π', 'rainfly', '–ª–µ—Ç–∏', '—à–∏—Ä—ñ–Ω–∫–∞', '–Ω–∞–º–µ—Ç–∏_–ª—å–æ—Ç—É', '–º—É—Ö', '–±–ª–µ—à–Ω—èÃÅ', 'fly', '–¥–≤–æ–∫—Ä–∏–ª–∏—Ö', '–ª—ñ—Ç–∞—Ç–∏', 'fly_–≤—ñ–¥–¥—ñ–ª', '–≤–µ—Å—å_–∞—Ä–∫—É—à', '–≤–µ—Å—å_–∫—É–ª—è', '–±–∞—Ç–µ—Ä—Ñ–ª—è–π', '–Ω–∞–º–µ—Ç–∏']
fog	—Ç—É–º–∞–Ω—ñ	Found close match: ['—Ç—É–º–∞–Ω', '—Ç—É–º–∞ÃÅ–Ω', '—Ç—É–º–∞–Ω_–∑–µ–º–ª—ñ']	['–º–≥–ª–∞', '—Ç—É–º–∞ÃÅ–Ω', '–º–æ—Ä–æ–∫', '—ñ–º–ª–∞ÃÅ', 'zfpm1', '—Ç—É–º–∞–Ω', '—Ç—É–º–∞–Ω_–∑–µ–º–ª—ñ', 'üåÅ']
foot	—Ñ—É—Ç—ñ–≤	Found close match: ['—Ñ—É—Ç']	['–º—è–∫—É–Ω', '—à–≤–µ–π–Ω–∞_–º–∞—à–∏–Ω–∞', '–≥—ñ–∫–∞', '–∫–ª—É–±–æ–∫', '–º–æ–ª—é—Å–∫', '—Ç–∏–ø_mollusca', '—Å—Ç–æ–ø–∞', 'mollusca', '–±—ñ–ª—è', '—ñ–Ω—Ñ–∞–Ω—Ç–µ—Ä—ñ—è', '–º–µ—Ç—Ä–∏—á–Ω—ñ_–æ–¥–∏–Ω–∏—Ü—ñ', 'pes', '–Ω–æ–≥–æ—é', '—Ñ—É–Ω–¥–∞–º–µ–Ω—Ç', '–Ω–æ–≥–∏', 'understructure', '–ø–∞–¥–∞', '—Å—Ç—É–ø–Ω—è', '–º—è–∫–æ—Ç—ñ–ª—ñ', '–ø—ñ—Ö–æ—Ç–∞', '–ø—ñ—Ö–æ—Ç–∏', '—Ç–≤–∞—Ä–∏–Ω–∞_–Ω–æ–≥–æ—é', '–Ω–æ–≥–∞', '–ø—ñ—Ö–æÃÅ—Ç–∞', '–º–æ–ª—é—Å–∫–∏', '–≤–∞–Ω—Ç–∏', '—à–≤–µ–π–Ω—ñ_–º–∞—à–∏–Ω–∏', '—à–≤–µ–π–Ω–∞_–º–∞—à–∏–Ω–∫–∞', '–ª–∏—Å—Ç', '—Ñ—É—Ç', '–º‚Äô—è–∫—É–Ω–∏', '–±–µ–∑—Ö—Ä–µ–±–µ—Ç–Ω–∏—Ö_–Ω—ñ–≥', '–ø—ñ—à–∫–∏', '–≥–∏–∫—É', '–º–µ—Ç—Ä–∏—á–Ω–∏—Ö_—Å—Ç–æ–ø', '–ø—ñ—Ö–æ—Ç–∏–Ω—Ü—ñ–≤', '–º–µ—Ç—Ä–∏—á–Ω–æ—ó_–Ω—ñ–≥', '–ø—ñ—Ö–æ—Ç–∏–Ω—Ü—ñ', '–ø–æ–≥–æ–¥–∞_–ª–∏—Å—Ç', 'ft', '–ª–∞–ø–∫–∞', '–Ω–æ–≥–∞_–ª—é–¥–∏–Ω–∏', '–º–æ–ª—é—Å–∫—ñ–≤', '–º—è–∫—É–Ω–∏', '—Ä—É—á–Ω–∏–π_–º–µ—Ö–∞–Ω—ñ–∑–º_–ø—Ä–∏–≤–æ–¥—É_—à–≤–µ–π–Ω–æ—ó_–º–∞—à–∏–Ω–∏', '—à–≤–µ–π–Ω–∏—Ö_–º–∞—à–∏–Ω', '—à–≤–∞—Ü—å–∫–∞_–º–∞—à–∏–Ω–∞']
forest	–ª—ñ—Å	Match	['—Ö–≤–æ–π–Ω—ñ_–ª—ñ—Å–∏', '–ª—ñ—Å—ñ', '–ø—ñ–¥–≥—ñ–Ω', '–ª—ñ—Å–æ–≤—ñ_–¥—ñ–ª—è–Ω–∫–∏', '–Ω–æ—Ç—ñ–Ω–≥–µ–º_—Ñ–æ—Ä–µ—Å—Ç', '–≤—ñ–¥–ø–∞–¥', '–∑—Ä—É–±', '–ª—ñ—Å–æ–≤–∞', '–≤–æ—Ä—Å—Ç', '–¥–µ—Ä–µ–≤–æ', '–ª—ñ—Å—É', '—Ä—ñ–¥–∫–æ–ª—ñ—Å—Å—è', '—Ñ–æ—Ä–µ—Å—Ç', '—É–∑–ª—ñ—Å—Å—è', '–ª—ñ—Å', '–ø—ñ–¥–ª—ñ—Å–æ–∫', '—Å–∫–ª–∞–¥–æ–≤—ñ_–µ–ª–µ–º–µ–Ω—Ç–∏_–ª—ñ—Å—É', '–Ω–æ—Ç—Ç—ñ–Ω“ë–µ–º_—Ñ–æ—Ä–µ—Å—Ç', '–ø—ñ–¥—Ä—ñ—Å—Ç', '—Å—Ç—ñ–Ω–∞_–¥–µ—Ä–µ–≤–æ—Å—Ç–∞–Ω—É', '–∂–∏–≤–µ_–Ω–∞–¥“ë—Ä—É–Ω—Ç–æ–≤–µ_–≤–∫—Ä–∏—Ç—Ç—è', '–ª—ñ—Å–∏', 'forest', '—Ñ–æ—Ä–µ', '–Ω–æ—Ç—Ç—ñ–Ω–≥–µ–º_—Ñ–æ—Ä–µ—Å—Ç', '–ª—ñ—Å–æ–≤–∏–π', '–ø—Ä–æ–≥–∞–ª–∏–Ω–∞']
four	—à—ñ—Å—Ç—å	Match	['‚ì∏', '—á–æ—Ç–∏—Ä–∏_–º—ñ—Å—Ü—è', '—á–æ—Ç–∏—Ä—å–æ—Ö', '‚ûç', '—á–æ—Ç–∏—Ä–∏', 'forth', '—Ñ—É—Ä', '‚ë∑', 'succeeder', '–∫–≤–∞—Ç–µ—Ä–Ω—ñ–æ–Ω–∏', '—á–µ–Ω–Ω–µ–ª_4', '‚Ö≥', '–∫–≤–∞—Ä—Ç–µ—Ä–Ω–æ—Å—Ç—å', 'four', '‚ùπ', '–∫–≤–∞—Ç–µ—Ä–Ω—ñ–æ–Ω—ñ–≤', '—Ç–µ—Ç—Ä–∞–∫—Å–∏—Å', '—á–µ—Ç–≤—ñ—Ä–∫–∞', '—à—ñ—Å—Ç—å', '‡Ø™', '–∫–≤–∞—Ç–µ—Ä–Ω—ñ–æ–Ω', '–≤—Å—Ç–∏–≥–∞—é—á–∏–π_—É—á–µ–Ω—å', '‚íã', 'quatern', '4', '—Ç–µ—Ç—Ä–∞–∫—Ç–∏—Å', '—Ç–µ—Ç—Ä–∞–¥–∞', 'little_joe', '–µ–Ω–Ω–µ–∞–≥—Ä–∞–º–∞', 'channel_4', '‚ûÉ', 'planetary']
freeze	–∑–∞–º–æ—Ä–æ–∂—É–≤–∞–Ω–Ω—è	Match	['todd_smith', '–º–æ—Ä–æ–∑—É', '–º–æ—Ä–æÃÅ–∑', 'freeez', '–∑–∞–º–µ—Ä–∑–∞–Ω–Ω—è', '–∑–∞–º–æ—Ä–æ–∂—É–≤–∞–Ω–Ω—è', '–∑–∞–≤–º–∏—Ä–∞—î', '–º–æ—Ä–æ–∑', '–∑–∞–≤–∏—Å–∞–Ω–Ω—è', 'freeze', 'jordin_sparks', '–∑–∞–º–µÃÅ—Ä–∑–Ω—É—Ç–∏', '–∑–∞–º–µ—Ä–∑–∞ÃÅ—Ç–∏', 'bloodline', '–ø–æ–≤—ñ—Å–∏—Ç–∏']
fruit	–ø–ª–æ–¥—ñ–≤	Found close match: ['–ø–ª–æ–¥–∏', '–ø–ª—ñ–¥']	['–±–∞–ª–∞–Ω—Å', '–ø–ª–æ–¥–∏', 'fruit', '—Ñ—Ä—É–∫—Ç–æ–≤—ñ', '–ø–ª—ñ–¥', '–≤—è–∂—É—á—É_–¥—ñ—é', '—Ñ—Ä—É–∫—Ç–∏', '–Ω–∞—Å—ñ–Ω–Ω—è_—Å—Ç—Ä—É—á–∫–∏', '—Å–∞–¥–æ–≤–∏–Ω–∞', '–±—É–∫–µ—Ç', '—Ç—ñ–ª–∞', '—Ñ—Ä—É–∫—Ç', '–º—ñ–Ω–µ—Ä–∞–ª—å–Ω–∏—Ö']
full	—Ç,–ø–æ–≤–Ω–∏–π	Found close match: ['–ø–æ–≤–Ω–∏–π', '–ø–æÃÅ–≤–Ω–∏–π', '–ø–æ–≤–Ω—è']	['üåù', '–ø–æ–≤–Ω–∏–π_–º—ñ—Å—è—Ü—å', '–ø–æ–≤–Ω–µ', '–ø–æ–≤–Ω–æ–ª—É–Ω–Ω—è', '–ø–æ–≤–Ω–∏–π–æ—Ñ–º—ñ—Å—è—Ü—å', '–ø–æ–≤–Ω—ñ—Å—Ç—é', '—Å–∏ÃÅ—Ç–∏–π', '–ø–æÃÅ–≤–Ω–∏–π', '–ø–æ–≤–Ω–∞', '–ø–æ–≤–Ω–æ—ó_—Ñ–∞–∑–∏_–º—ñ—Å—è—Ü—è', '–ø–æ–≤–Ω–∏–π', '–ø–æ–≤–Ω—è', 'üåï']
give	–Ω–∞–¥–∞—Ç–∏	Match	['–≤—ñ–¥–¥–∞–º', '–≤—Ç–∞—î–º–Ω–∏—á–µ–Ω–∏–π', '–ø—Ä–∏–¥—ñ–ª—èÃÅ—Ç–∏', 'pet_your_friends', '–¥–∞—Ä', '–ø–æ–¥–∞—Ä—É–≤–∞ÃÅ—Ç–∏', '—â–æ–±', '–ø—Ä–∏—Å–≤—è—á–µ–Ω–∏–π', '–¥–∞ÃÅ—Ç–∏', '–¥–∞—Ç–∏', '–ø—Ä–∏—Å–≤—èÃÅ—á—É–≤–∞—Ç–∏', '–ø—Ä—É–∂–Ω—ñ—Å—Ç—å', '–ø–æ—Å–≤—è—á–µ–Ω–∏–π', '–Ω–∞–¥–∞—Ç–∏', '–ø–æ–¥–∞—Ä—É–Ω–æ–∫', '–¥–∞—Ä—É–Ω–æ–∫', '–¥–∞–≤–∞ÃÅ—Ç–∏', '–¥–∞–≤–∞—Ç–∏', 'cold', '–ø—Ä–µ–∑–µ–Ω—Ç', '–¥–∞–π—Ç–µ', '–¥–∞—Ä—É–≤–∞ÃÅ—Ç–∏', '–ø–æ–¥–∞—Ä—É–Ω–∫–∏', '–ø—Ä–∏—Å–≤—è—Ç–∏—Ç–∏', '–ø—Ä–æ–≤–µ—Å—Ç–∏', 'the_giver']
good	–≥–∞—Ä–Ω–∏–π	Found close match: ['–≥–∞—Ä–Ω—ñ']	['–±–ª–∞–≥–∞', '—Ö–æ—Ä–æ—à—ñ', '—Ç–æ—Ä–≥—É–≤–∞—Ç–∏_—Ö–æ—Ä–æ—à–∏–º', 'good_music', '—Ç–æ–≤–∞—Ä', '–∑–Ω–∞ÃÅ—á–µ–Ω–Ω—è', '–ª—é–¥—Å—å–∫—ñ_—Ü—ñ–Ω–Ω–æ—Å—Ç—ñ', '–º–æ—Ä–∞–ª—å–Ω—ñ_—Ü—ñ–Ω–Ω–æ—Å—Ç—ñ', '–ª—é–¥—Å—å–∫–∏—Ö_—Ü—ñ–Ω–Ω–æ—Å—Ç–µ–π', '–¥–æ–±—Ä–∏–π', '—Ä–µ—Ç–µ–ª—å–Ω–æ', '—Ü—ñ–Ω–Ω—ñ—Å—Ç—å', 'good', '–º–æ—Ä–∞–ª—å–Ω—ñ_–≤–∞—Ä—Ç–æ—Å—Ç—ñ', '–µ–∫–æ–Ω–æ–º—ñ—á–Ω–∏—Ö_–±–ª–∞–≥', '–∑–Ω–∞—á–µ–Ω–Ω—è', '–¥–æ–±—Ä–∞_—ñ_–∑–ª–∞', '–µ—Ç–∏—á–Ω–∏—Ö_—Ü—ñ–Ω–Ω–æ—Å—Ç–µ–π', '–¥–æ–±—Ä–∞', '–≥–∞—Ä–Ω—ñ', '–±–ª–∞–≥–æ', '—Ü—ñ–Ω–Ω–æ—Å—Ç—ñ', '—Ç–æ–≤–∞—Ä—ñ–≤', '–¥–æ–±—Ä–æ', '–¥–æ–±—Ä–µ']
grass	—Ç—Ä–∞–≤–∏	Match	['g√ºnter_grass', 'nothing_can_stop_us', '“ë–∞–Ω–¥–∂–∞', 'sens', '–ø–∞—Å–æ–≤–∏—â–∞', '–Ω–∞–¥–∞–∫—Ç–∏–≤–Ω–∏–π_—ñ–Ω—Ñ–æ—Ä–º–∞—Ç–æ—Ä', '–≥—é–Ω—Ç–µ—Ä_–≤—ñ–ª—å–≥–µ–ª—å–º_—Ç—Ä–∞–≤–∏', '—Ç—Ä–∞–≤–æ—é_—Å—ñ–º—ó', '—Å–µ—Å—Å', '—Å—ñ–º—è_poaceae', '—Ç–æ–Ω–∫–æ–Ω–æ–≥–æ–≤—ñ', '—Ä–æ–¥–∏–Ω–∞_–∑–ª–∞–∫–æ–≤—ñ', '–∑–ª–∞–∫–æ–≤—ñ', 'grass_gis', '–∑–ª–∞–∫–∏', 'graminaceae', 'supergrass', 'sporobolus_caespitosus', '–º–∞—Ä–∏—Ö—É–∞–Ω–∏', '–∞–Ω–∞—à–∞', '–∫–æ–Ω–æ–ø–ª—ñ', 'skylarking', '—Å—ñ–º–µ–π—Å—Ç–≤–∞_–∑–ª–∞–∫—ñ–≤', '–≥—é–Ω—Ç–µ—Ä_–≥—Ä–∞—Å—Å', '–º–∞—Ä–∏—Ö—É–∞–Ω–∞', '–∑–ª–∞–∫–æ–≤—ñ_–∫—É–ª—å—Ç—É—Ä–∏', '–∑–ª–∞–∫', '–∑–µ–ª–µ–Ω–∞_–±–æ–≥–∏–Ω—è', '—Ñ—É—Ä–∞–∂', 'poaceae', '–∑–ª–∞–∫—É', '–ø—ñ–¥—Ä—ñ—Å—Ç', '—Å—Ç–æ—É–Ω–µ—Ä', '“ë—é–Ω—Ç–µ—Ä_–≤—ñ–ª—å–≥–µ–ª—å–º_“ë—Ä–∞—Å—Å', '—Å—ñ–º—è_graminaceae', 'gramineae', '–≥—Ä–∞—Å—Å_–≥—é–Ω—Ç–µ—Ä', '“ë—é–Ω—Ç–µ—Ä_“ë—Ä–∞—Å—Å', '–∫–æ–ª–æ—Å–∫–∏', 'mary_jane', '—Ç—Ä–∞–≤–∞', '—Ç—Ä–∞–≤–∏', '–≤–∞—Ä–ª–∞–º–æ–≤_–æ–ª–µ–∫—Å–∞–Ω–¥—Ä_—î–≥–æ—Ä–æ–≤–∏—á', '–º–∞—Ä—ñ—Ö—É–∞–Ω–∞', '—Ç—Ä–∞–≤']
green	–∑–µ–ª–µ–Ω—ñ	Match	['—Å—É–ø–µ—Ä_–∫–∏—Å–ª–æ—Ç–∏', 'agalev', '–µ–∫–æ–ª–æ–≥—ñ—á–Ω–æ_—á–∏—Å—Ç–∏–º–∏', '–∑–∞–≥–∞–ª—å–Ω–∏–π', '–µ–∫–æ–ª–æ–≥—ñ—á–Ω–æ—ó_–∞–∫—Ç–∏–≤–Ω–æ—Å—Ç—ñ', 'jade', '—Ç—ñ–ª–∞', '–≥–æ—Ä–æ—Ö—É_–∑–µ–ª–µ–Ω–∏—Ö', '–ª–∏—Å—Ç–æ–≤—ñ_–∑–µ–ª–µ–Ω—ñ_–æ–≤–æ—á—ñ', '–Ω–µ—Ñ—Ä–∏—Ç—É', '–±–∞–ª–∞–Ω—Å', '–∑–µ–ª–µ–Ω–∏–π', 'william_green', '—à–∞—Ä—Ç—Ä–µ–∑', '–ª–∏—Å—Ç—è_–æ–≤–æ—á—ñ–≤', '–Ω–µ–∑—Ä—ñ–ª—ñ—Å—Ç—å', '–±—É–∫–µ—Ç', '–º—ñ–Ω–µ—Ä–∞–ª—å–Ω–∏—Ö', '—Å–ø–µ—Ü—ñ–∞–ª—å–Ω–∞_k', '–∑–±–µ—Ä–µ–∂–µ–Ω–Ω—è_–Ω–∞–≤–∫–æ–ª–∏—à–Ω—å–æ–≥–æ_—Å–µ—Ä–µ–¥–æ–≤–∏—â–∞', '–∑–µ–ª–µ–Ω–∏—Ö', 'green', '—Ç–µ–º–Ω–æ–∑–µ–ª–µ–Ω–∏–π', '—Å—É–ø–µ—Ä_c', '–µ–∫–æ–ª–æ–≥—ñ—á–Ω—ñ_–∞–∫—Ç–∏–≤—ñ—Å—Ç–∏', '–∑–µ–ª–µ–Ω–∏—Ö_–ª–∏—Å—Ç–æ–≤–∏—Ö_–æ–≤–æ—á—ñ–≤', '—Ç–µ–º–Ω–æ–∑–µ–ª–µ–Ω–∏–π_–∫–æ–ª—ñ—Ä', '–∞–∫—Ç–∏–≤—ñ—Å—Ç–µ–∫–æ–ª–æ–≥', '–≤—ñ–ª—å—è–º_–≥—Ä—ñ–Ω', '—Ñ—Ä—É–∫—Ç–∏', '—Å–º–∞—Ä–∞–≥–¥–æ–≤–æ–∑–µ–ª–µ–Ω–∏–π', '–∑–µ–ª–µ–Ω—å', '–∑–µ–ª–µ–Ω—ñ', '–º–µ–¥—É_–æ–ª—ñ—ó', '–∑–µ–ª–µ–Ω–µ', '–∂–æ–≤—Ç—É–≤–∞—Ç–æ–∑–µ–ª–µ–Ω–∏–π', '–∑–µ–ª–µ–Ω–∏–π_–∫–æ–ª—ñ—Ä', 'vert', 'feldgrau', '00ff00', '–ª–∏—Å—Ç–æ–≤–∏—Ö_–æ–≤–æ—á—ñ–≤', 'green_river', '–ø–∞—Ä–∫', 'kelly_green', '–µ–∫–æ–ª–æ–≥–∏', '–µ–Ω–≤–∞–π—Ä–æ–Ω–º–µ–Ω—Ç–∞–ª—ñ–∑–º', '–µ–∫–æ–ª–æ–≥—ñ—á–Ω–∏—Ö_–ø—Ä–æ–±–ª–µ–º', '–∑–µ–ª–µ–Ω–∏—Ö_–æ–≤–æ—á—ñ–≤', '–∑–µ–ª–µÃÅ–Ω–∏–π', '–≤—è–∂—É—á—É_–¥—ñ—é', '–∑–µ–ª–µ–Ω—É–≤–∞—Ç–æ–∂–æ–≤—Ç–∏–π', '—ñ–Ω–≤–∞–π—Ä–æ–Ω–º–µ–Ω—Ç–∞–ª—ñ–∑–º', '–∂–æ–≤—Ç–æ–∑–µ–ª–µ–Ω–∏–π', '—Ä—ñ–≤–Ω–∞_–≥–∞–ª—è–≤–∏–Ω–∞', '–µ–∫–æ–ª–æ–≥—ñ—á–Ω–æ_—á–∏—Å—Ç–∏—Ö', '–∫—ñ—à–∫–∞_–≤–∞–ª—ñ—É–º', '–ø–æ–∫–ª–∞—Å—Ç–∏_–ø–æ–≤–µ—Ä—Ö–Ω—ñ']
guts	–ø–æ–º–µ—Ä—Ç–∏	Incorrect	['–æ—Ä–≥–∞–Ω—ñ–≤_—Ç—Ä–∞–≤–ª–µ–Ω–Ω—è', '—à–ª—É–Ω–∫–æ–≤–æ–∫–∏—à–∫–æ–≤—ñ', '–∫–∏—à–∫–∏', '“ë–∞—Ç—Å', '–≤–µ–ª–∏–∫–µ_–æ–±—î–¥–Ω–∞–Ω–Ω—è', '—Ç—Ä–∞–≤–Ω–∏–π_—Ç—Ä–∞–∫—Ç', '–∫–∏—à–∫–∞', '—Ç–µ–æ—Ä—ñ—ó_–≤–µ–ª–∏–∫–æ–≥–æ_–æ–±‚Äô—î–¥–Ω–∞–Ω–Ω—è', '—à–ª—É–Ω–∫–æ–≤–æ–∫–∏—à–∫–æ–≤–æ–≥–æ_—Ç—Ä–∞–∫—Ç—É', '—Å–º—ñ–ª–∏–≤—ñ—Å—Ç—å', 'guts', '–Ω—É—Ç—Ä–æ—â—ñ', '—Ç–µ–æ—Ä—ñ—ó_–≤–µ–ª–∏–∫–æ–≥–æ_–æ–±—î–¥–Ω–∞–Ω–Ω—è', '–∑—É—Ö–≤–∞–ª—ñ—Å—Ç—å', '–∫–∏—à–∫–æ–≤–∏–∫', '–∫–∏—à–µ—á–Ω–∏–∫', '–≥–∞—Ç—Å', '—à–ª—É–Ω–∫–æ–≤–æ–∫–∏—à–∫–æ–≤–∏–π_—Ç—Ä–∞–∫—Ç_–ª—é–¥–∏–Ω–∏', '—Å–º—ñ–ª–∏ÃÅ–≤—ñ—Å—Ç—å', '—à–ª—É–Ω–∫–æ–≤–æ–∫–∏—à–∫–æ–≤–æ–º—É_—Ç—Ä–∞–∫—Ç—ñ_–ª—é–¥–∏–Ω–∏', '–∫–∏—à–∫—ñ–≤–Ω–∏–∫', '—Ö–æ—Ä–æ–±—Ä—ñ—Å—Ç—å', '—Ç–µ–ª—å–±—É—Ö–∏', '–∫–∏—à–∫–æ–≤–Ω–∏–∫', '—Ö–æ—Ä–æÃÅ–±—Ä—ñ—Å—Ç—å', '–º—ÉÃÅ–∂–Ω—ñ—Å—Ç—å', '–≤–µ—Ä—Ö–Ω—ñ—Ö_–≤—ñ–¥–¥—ñ–ª—ñ–≤_—à–ª—É–Ω–∫–æ–≤–æ–∫–∏—à–∫–æ–≤–æ–≥–æ_—Ç—Ä–∞–∫—Ç—É', '–º—É–∂–Ω—ñ—Å—Ç—å', '—à–ª—É–Ω–∫–æ–≤–æ–∫–∏—à–∫–æ–≤–∏–π_—Ç—Ä–∞–∫—Ç', '–≤–Ω—É—Ç—Ä—ñ—à–Ω—ñ—Ö_–æ—Ä–≥–∞–Ω—ñ–≤', 'moxie', '–∫–∏—à–µ—á–Ω–∏–∫–∞', '–≤—ñ–¥–≤–∞ÃÅ–≥–∞']
hair	–≤–æ–ª–æ—Å—Å—è	Match	['–≤–æ–ª–æ—Å–∞—Ç–∏–π', '–≤–æ–ª–æ—Å–æ–∫', 'hair', '–≤–æ–ª–æ—Ö–∞—Ç–∏–º–∏', '–≤–æ–ª–æ—Å–∏–Ω–∫–∞', '–≤–æ–ª–æ—Å—Å—è_–Ω–∞_–≥–æ–ª–æ–≤—ñ', '–≤–æ–ª–æ—Å—è–Ω–∏—Ü—è', '—à–µ—Ä—Å—Ç—å', 'hairs—à–∏—Ä–æ—Ç–æ—é', '–≤–æ–ª–æ—Å—Å—è', '–≤–æ–ª–æ—Å—è–Ω–∏–π_–ø–æ–∫—Ä–∏–≤', '–≤–æ–ª–æÃÅ—Å—Å—è']
hand	—Ä—É–∫—É	Match	['–≥—Ä–∞–≤–µ—Ü—å_–≤_–±—Ä–∏–¥–∂', '–∫–∏—Å—Ç—å', '—Ä—É–∫—É', '–¥–æ–ª–æ–Ω—ñ', '–∫–∞—Ä—Ç–∏', 'üñë', '–±–∞—Ç—Ä–∞–∫–æ–º', '–ø–æ–¥–∞—Ä—É–≤–∞ÃÅ—Ç–∏', '–∫–∞—Ä—Ç–æ—á–Ω–∞_–≥—Ä–∞', '–∫–∞—Ä—Ç—è—Ä—Å—å–∫—ñ_—ñ–≥—Ä–∏', '‚úç', '–¥–∞ÃÅ—Ç–∏', '–∫–∞—Ä—Ç–∫–æ–≤–∞_–≥—Ä–∞', '–¥–æ–ª–æ–Ω–µ–≤–∞_–ø–æ–≤–µ—Ä—Ö–Ω—è', '—Ä—É–∫–∞ÃÅ', '—Ä—É–∫–∞', 'üñê', 'brakiri', '–∫–∞ÃÅ—Ä—Ç–∏', '—Ö–µ–Ω–¥', '–Ω–∞–π–Ω—è–≤_–ª—é–¥–∏–Ω—É', '–¥–∞–≤–∞ÃÅ—Ç–∏', 'manus', '–ø–æ—á–µ—Ä–∫', 'hand', 'system_of_a_down', '–∫–∞—Ä—Ç–æ—á–Ω—ñ_—ñ–≥—Ä–∏', '–≥—Ä–∞_–≤_–∫–∞—Ä—Ç–∏', '–¥–æ–ª–æ–Ω—å', 'cordella', '–¥—Ä–∞–∑—ñ', '—Ä—É–∫–∏', '–º–∞–Ω—É—Å', '—Å—Ü–µ–Ω–∞—Ä—ñ—é', '–ø—Ä–∞–≤–∏—Ü—è', '—Ä—É–∫–∞—Ö', '–¥—ñ–ª–≥–∞—Ä–∞–º—ñ', '–¥–∞—Ä—É–≤–∞ÃÅ—Ç–∏', '–∫–∞—Ä—Ç–∫–æ–≤—ñ_—ñ–≥—Ä–∏', '—Ä—É–∫–∞_–¥–æ–ø–æ–º–æ–≥–∏', '–∫–∞—Ä—Ç—è—Ä—Å—å–∫–∞_–≥—Ä–∞', '–¥–æ–ª–æ–Ω—è']
he	–≤—ñ–Ω	Not found	[]
head	–≥–æ–ª–æ–≤–∞	Match	['–∑–∞–≤—É—á', 'http', 'ratio', '–ø—Ä–æ–≤—ñ–¥–Ω–∏–∫–æÃÅ–º', '–≥–ª–∞–≤–∞', '–ª—é–¥—Å—å–∫–æ–≥–æ_—Ä–æ–∑—É–º—É', '–≤—Ç—Ä–∞—Ç–∏_–Ω–∞–ø–æ—Ä—É', '–≥—ñ–∫–∞', '–∫–ª—É–±–æ–∫', '–Ω–∞–ø—ñ—Ä', 'head', '–≤–æ–∂–¥—å_–ø–ª–µ–º–µ–Ω—ñ', '–ø–µ—Ä–µ–º–æ–∂–µ—Ü—å', '—Ç—è–º–∞', 'http11', 'dirty_mind', '–Ω–æ–≤–∏–Ω–∏_—Å—Ç–∞—Ç—Ç—ñ', '–ø—É–±–ª—ñ—Ü–∏—Å—Ç–∏—á–Ω–∏–π_—Å—Ç–∏–ª—å', '–ø—Ä–∏–≤–µ—Å—Ç–∏', '–≥–æ–ª–æ–≤–∫–∞_—á–∏—Ç–∞–Ω–Ω—è__–∑–∞–ø–∏—Å—É', '–≤–µ—Å—Ç–∏ÃÅ', '–ø—Ä–æ—Ç–æ–∫–æ–ª_–ø–µ—Ä–µ–¥–∞—á—ñ_–≥—ñ–ø–µ—Ä—Ç–µ–∫—Å—Ç—É', '–≤–∏—Ç—ñ–∫', '—à–∫–æ–ª–∏', '–¥–∏—Ä–µ–∫—Ç–æ—Ä–∞', '–¥–∏—Ä–µ–∫—Ç—Ä–∏—Å–∞', '–≤–æ–∂–¥—å', '–±—ÉÃÅ—Ç–∏', '–≥–æ–ª–æ–≤—É', '–Ω–∞–ø—ñ—Ä_–≤–æ–¥–∏', '–Ω–æ–≤–∏–Ω–∞', '–≥–æ–ª–æ–≤–Ω–∏–π', '–ø—Ä–∏–≤–µ—Å—Ç–∏_—ñ—Å—Ç–æ—Ä—ñ—é', '–ø–∏—Ç–∞–Ω–Ω—è', '—Å—Ç–∞—Ç—Ç—è', '–≤–µ—Å—Ç–∏', 'hyper_text_tranfer_protocol', '–≥–æ–ª–æ–≤–∞', '–¥–∏—Ä–µ–∫—Ç–æ—Ä–æ–º', 'pseudanthium', 'brian_welch', '–ø—É–±–ª—ñ—Ü–∏—Å—Ç–∏—á–Ω–∏–π_—Å—Ç–∏–ª—å_–º–æ–≤–ª–µ–Ω–Ω—è', '–≤–æ–∂–¥—è', '–≤–∞–Ω—Ç–∏', '–≤—á–∏—Ç–µ–ª—å', '–ø—Å–∏—Ö—ñ–∫–∞', '–æ—Ä–∞–ª—å–Ω–∏–π_—Å–µ–∫—Å', '–ª–∏—Å—Ç', '–±—Ä–∞—è–Ω_–≤–µ–ª—á', '–¥–∏—Ä–µ–∫—Ç–æ—Ä_—à–∫–æ–ª–∏', '–∞–Ω–∞–ª—ñ—Ç–∏—á–Ω—ñ_–∑–¥—ñ–±–Ω–æ—Å—Ç—ñ', '–ª—ñ–¥–µ—Ä', '—Å—Ç–∞—Ç—Ç—ñ', '–≥–∏–∫—É', '–≥–æ–ª–æ–≤–Ω–æ–≥–æ_–∫–ª–∞–Ω—É', '–ø–æ–≥–æ–¥–∞_–ª–∏—Å—Ç', '–ø—Ä–æ–≤–æ–¥–∏ÃÅ—Ç–∏', '–ø—Å–∏—Ö—ñ—á–Ω–æ–≥–æ_–∑–º—ñ—Å—Ç—É', '–±–æ—Å–∞_–º–∞—Ñ—ñ—ó', '–±–∞—Ä–∞–±–∞–Ω–Ω–∞_–ø–µ—Ä–µ—Ç–∏–Ω–∫–∞', '–≥–æ–ª—ñ–≤–∫–∞', '–ª—ñ–¥–µ—Ä–æ–º', '–±–∞—Ä–∞–±–∞–Ω–∞', '–±–∞—à–∫–∞', '–≥–∞–∑–µ—Ç–Ω–æ—ó_—Å—Ç–∞—Ç—Ç—ñ', 'hypertext_transfer_protocol', '—Ä–æ–∑—É–º', '–º–∏—Å', '–≥—ñ–¥—Ä–∞–≤–ª—ñ—á–Ω–æ–≥–æ_–≥—Ä–∞–¥—ñ—î–Ω—Ç–∞', '–¥–∏—Ä–µ–∫—Ç–æ—Ä', '–±–∞—Ä–∞–±–∞–Ω', '–≤–æ–∂–¥—ñ–≤', 'nous']
hear	–≤–∏—Å–ª—É—Ö–∞—Ç–∏	Found close match: ['—Å–ª—É—Ö–∞—Ç–∏', '—Å–ª—ÉÃÅ—Ö–∞—Ç–∏', '—Å–ª—É—Ö']	['–ø–æ—á—É—Ç–∏', '—Å–ª—É—Ö—É', '–º—ñ–∂–Ω–∞—Ä–æ–¥–Ω–∏–π_–∞–µ—Ä–æ–ø–æ—Ä—Ç_–µ–ª—å–∞—Ä—ñ—à', '–µ–ª—å–∞—Ä—ñ—à', '–≤–∏—è–≤–∏—Ç–∏', '—á—É—Ç–∏', '–¥—ñ–∑–Ω–∞—Ç–∏—Å—è', '—Å–ª—É—Ö', '–ª—é–¥—Å—å–∫–æ–≥–æ_—Å–ª—É—Ö—É', '—Å–ª—É—Ö–æ–≤–∞_—Å–µ–Ω—Å–æ—Ä–Ω–∞_—Å–∏—Å—Ç–µ–º–∞', '—Å–ª—É—Ö–∞—Ç–∏', '—Å–ª—ÉÃÅ—Ö–∞—Ç–∏', '—Å–ª—É—Ö–æ–≤—ñ_–ø–æ—á—É—Ç—Ç—è', '—á—ÉÃÅ—Ç–∏', '—á—É—î–º–æ', '—á—É—é', '—Å–ª—É—Ö–æ–≤–∞_–º–æ–¥–∞–ª—å–Ω–æ—Å—Ç—ñ', '—Å–ª—É—Ö–æ–≤–∏–π']
heart	—Å–µ—Ä—Ü—è	Match	['mindless_self_indulgence', 'alexz_johnson', '–Ω—ñ–∂–Ω—ñ—Å—Ç—å', '–ª—é–±–æ–≤', '—Ü–µ–Ω—Ç—Ä—ñ', '—Å–µ—Ä—Ü—è', 'heart', '—Å—É—Ç–Ω—ñ—Å—Ç—å', '—Å–µ—Ä—Ü–µ', '—Å–µ—Ä—Ü–µ_–ª—é–¥–∏–Ω–∏', '—Ö–∞—Ä–∞–∫—Ç–µ—Ä', '—Ñ—ñ–ª—ñ—è', '–ª—ñ–≤–∏—Ö_–≤—ñ–¥–¥—ñ–ª—ñ–≤_—Å–µ—Ä—Ü—è', '—Å—É—Ç—å', '–ø–æ–≤—Å—è–∫–¥–µ–Ω–Ω–∞_—Ä–æ–±–æ—Ç–∞', '–∞–ª–µ–∫—Å_–¥–∂–æ–Ω—Å–æ–Ω', '–ø–µ—Å—Ç–æ—â—ñ', '—Å–µ—Ä—Ü–µ_—ñ_–¥—É—à–∞']
heavy	–≤–∞–∂–∫–∏–π	Match	['–¥–µ—Ä–∂–∞–≤–∞_–ø—Ä–æ—Ç–∏_radric_–¥–µ–≤—ñ—Å', '—Ç—ñ–ª–∞', '–æ—Ö–æ—Ä–æ–Ω—Ü—ñ–≤', '–±–∞–ª–∞–Ω—Å', '–±–æ–¥—ñ–≥–∞—Ä–¥', '—Ç—ñ–ª–æ–æ—Ö–æ—Ä–æ–Ω–µ—Ü—å', 'team_fortress_2', '–±—É–∫–µ—Ç', '—Å–∏–ª—å–Ω–∏–π', '–≤–∞–∂–∫–∏–π', '–∑–∞–∫–æ–Ω–∏_–º–∞—Ñ—ñ—ó', 'heavycom', '–æ—Ö–æ—Ä–æ–Ω–µ—Ü—å', '–º–∞—Ç–µ—Ä–∏–Ω—Å—Ç–≤–æ', '–¥–æ–∫—Ç–æ—Ä_—Ö–∞—É—Å', '–º–µ–¥–æ–≤–∏–π_–º—ñ—Å—è—Ü—å', '—Ç—ñ–ª–æ–æ—Ö–æ—Ä–æÃÅ–Ω–µ—Ü—å', '–∫–æ—Ö–∞–Ω–Ω—è_–∑–ª–µ', '—Ñ—Ä—É–∫—Ç–∏', 'the_state_vs_radric_davis', '–º–µ—Ç–æ–¥_—Å–æ–∫—Ä–∞—Ç–∞', '–≤–∞–∂–∫–æ—ó', 'heavy', '–≤–∞–∂–∫–∏ÃÅ–π', '–±—Ä–∏—Ç–≤–∞_–æ–∫–∫–∞–º–∞', '–±—É–¥—å_—Ç–∏_–ø—Ä–æ–∫–ª—è—Ç–∏–π_—è–∫—â–æ_–∑—Ä–æ–±–∏—à_—Ü–µ', '—á–µ—Å–Ω—ñ—Å—Ç—å', '–≤—è–∂—É—á—É_–¥—ñ—é', '–¥—ñ—Ç–∫–∏', '–º—ñ–Ω–µ—Ä–∞–ª—å–Ω–∏—Ö']
here	—Ä–æ–∑—É–º—ñ—é	Incorrect	['–≥–µ—Ä–∞', '—Ç—É—Ç', 'h√™ra', 'here', '—Å—é–¥–∏ÃÅ', '—Å—é–¥–∏']
hit	—Ö—ñ—Ç	Match	['–¥–æ—Å—è–≥—Ç–∏', 'hit', '–∑–∞–±–∏—Ç–∏', '–≤–¥–∞—Ä–∏—Ç–∏', '—É–¥–∞—Ä', '–∑—ñ—Ç–∫–Ω–µ–Ω—å', '–≤–ª—É—á–∏—Ç–∏', 'hƒ´t', '–¥–æ—Å—è–≥–∞—é—Ç—å', '–±–∞–∑–∞_—Ö—ñ—Ç', '–±–∏ÃÅ—Ç–∏', '–≤–¥–∞ÃÅ—Ä–∏—Ç–∏', '–≤–¥–∞—Ä—è—Ç–∏', '—Ö—ñ—Ç', '–±–∏—Ç–∏', '–∑—ñ—Ç–∫–Ω–µ–Ω–Ω—è', '–∑–∞—á–µ–ø–∏–≤', '—É–¥–∞—Ä—É', '–≤–¥–∞—Ä–∏–≤']
hold	—Ç—Ä–∏–º–∞—Ç–∏	Match	['—Ñ–µ—Ä–º–∞—Ç–∞', '–±–æ—Ä–æ—Ç—å–±–∞_—Ç—Ä–∏–º–∞—Ç–∏', '–∑–∞—Ç—Ä–∏–º–∞–Ω–Ω—è', '–º–∞ÃÅ—Ç–∏', '—Ç—Ä–∏–º–∞ÃÅ—Ç–∏', '–ø–æ–≥–æÃÅ–¥–∏—Ç–∏—Å—è', '—Ä—ÉÃÅ—á–∫–∞', '–≤–∞–Ω—Ç–∞–∂–Ω–æ–≥–æ_–ø—Ä–æ—Å—Ç–æ—Ä—É', '—Ä–æ–∑—Ä–∏–≤_—É_—á–∞—Å—ñ', '–¥–∞—Ç–∏', '–∑–±–µ—Ä—ñ–≥–∞ÃÅ—Ç–∏', '–∑–≥–æÃÅ–¥–∏—Ç–∏—Å—è', '—Ä—É–∫–æ—èÃÅ—Ç–∫–∞', '—Ñ–µ—Ä–º–∞—Ç', '–∑–∞—Ç—Ä–∏–º—É–≤–∞—Ç–∏', 'katame–≤–∞–∑–∞', '—É—Ç—Ä–∏ÃÅ–º—É–≤–∞—Ç–∏', '–∫–æ–Ω—Ç—Ä–æ–ª—é–≤–∞—Ç–∏', '–∑–æ–Ω–∞_–∑–±–µ—Ä—ñ–≥–∞–Ω–Ω—è', '–ø–æ–≥–æÃÅ–¥–∂—É–≤–∞—Ç–∏—Å—è', 'headlock', '–¥–µ—Ä–∂–∞–∫', '—Ç—Ä–∏–º–∞–π', '–º—ñ—Å—Ç–∏—Ç–∏', '–ø—ñ–¥—Ç—Ä–∏–º—É—î', '—Ä—É–∫—ñ–≤—è', '–≤–∞–Ω—Ç–∞–∂–Ω–æ–º—É_–≤—ñ–¥—Å—ñ–∫—É', '–æ–±—Ä–æ–±–ª—è—Ç–∏', '–∑–∞—Ç—Ä–∏–º–∞—Ç–∏', '–¥–µ—Ä–∂–∞ÃÅ—Ç–∏', '—Ç—Ä–∏–º–∞—Ç–∏', '–≤–∞–Ω—Ç–∞–∂–Ω–∞_–ø–∞–ª—É–±–∞', '—Ç—Ä—é–º', '–ø—ñ–¥—Ç—Ä–∏–º—É–≤–∞—Ç–∏', '–ø—Ä–æ–≤–µ—Å—Ç–∏', '–∑–≥–æÃÅ–¥–∂—É–≤–∞—Ç–∏—Å—è', '–ø—ñ–¥—Ç—Ä–∏–º–∫–∏', '—Ä—É–∫–æ—è—Ç–∫–∞', '–∫—ñ–≥—Ç—ñ']
horn	—Ñ–ª–µ–π—Ç–∞	Incorrect	['—Ä—É–ø–æ—Ä–Ω–∞_–∞–Ω—Ç–µ–Ω–∞', '–¥–≤–∏–≥—É–Ω_—Ä–æ–≥–∏', '–≤–∞–ª—Ç–æ—Ä–Ω—ñ—Å—Ç', '–≥–∞—ó–Ω–≥–æ—Ñ–µ–Ω', '–≤–µ–ª–æ—Å–∏–ø–µ–¥_—Ä—ñ–≥', '—Ç—Ä—É–±–∞—á', '—Å–∏—Ä–µÃÅ–Ω–∞', '—Ä–æ–≥–∏', '–∞–≤—Ç–æ–º–æ–±—ñ–ª—å_—Ä–æ–≥–∏', '—Ç—Ä—É–±–∞', '–¥–∂–∞–∑–æ–≤–∏–π_—Å—É—Ä–º–∞—á', 'horn', '–ª—É–∫—É_—Å—ñ–¥–ª–∞', '—Ç—Ä—É–±–∏', '–∫–æ—Ä–Ω–µ—Ç', '–≥–æ—Ä–Ω', '–≤–µ–ª–æ—Å–∏–ø–µ–¥_—Ä–æ–≥–∏', '—Å—É—Ä–º–∞—á—ñ–≤', '–≤–∞–ª—Ç–æ—Ä–Ω–∏', '—Ä—É–ø–æ—Ä', '–¥—Ä–∏–º–±–∞', '–º–∏—Å–ª–∏–≤—Å—å–∫–∏–π_—Ä—ñ–≥', '–≤–∞–ª—Ç–æ—Ä–Ω–∞', 'gaienhofen', '—Ä—ñ–≥', '—Ñ—Ä–∞–Ω—Ü—É–∑—å–∫–∏—Ö_—Ä–æ–≥–∏', '–∞–≤—Ç–æ–º–æ–±—ñ–ª—å–Ω–∏–π_–≥—É–¥–æ–∫']
how	–Ω–∞—Å–∫—ñ–ª—å–∫–∏	Incorrect	['–ø–∏—Ç–∞–ª—å–Ω–µ_—Å–ª–æ–≤–æ', '–ø–∏—Ç–∞–ª—å–Ω–∏–π_–∑–∞–π–º–µ–Ω–Ω–∏–∫', 'hands_all_over', '—è–∫']
hunt	–ø–æ–ª—é–≤–∞–Ω–Ω—è	Match	['—Ä—ñ—á–∞—Ä–¥_–º–æ—Ä—Ä—ñ—Å_—Ö–∞–Ω—Ç', '–º–∏—Å–ª–∏–≤—Ü—ñ–≤', '–ø–æ–ª—é–≤–∞ÃÅ—Ç–∏', '–ª–æ–≤–∏', '–º–∏—Å–ª–∏–≤–µ—Ü—å', '–ø–æ–ª—é–≤–∞–Ω–Ω—è', '–ø–æÃÅ—à—É–∫', '–≤—ñ–ª—å—è–º_—Ö–æ–ª–º–∞–Ω_—Ö–∞–Ω—Ç', '–¥–∂–µ–π–º—Å_–≥–µ–Ω—Ä—ñ_–ª—ñ_—Ö–∞–Ω—Ç', '–ø–æ–ª—é–≤–∞–Ω–Ω—è_–ø–µ—Ä–µ–ø–µ–ª', '–ø–æ–ª—é–≤–∞—Ç–∏', 'hunt', 'william_holman_hunt', '–ø–æ–ª—é–≤–∞–Ω–Ω—è_–∫–ª—É–±', '–ª—ñ_—Ö–∞–Ω—Ç', '—Ö–æ–ª–º–∞–Ω_—Ö–∞–Ω—Ç', '–ø–æ–ª—é–≤–∞ÃÅ–Ω–Ω—è', 'william_henry_hunt']
husband	—á–æ–ª–æ–≤—ñ–∫–∞	Match	['–∞–ø–æ–ª–ª–æ–Ω', '—á–æ–ª–æ–≤—ñ–∫–∞', '—Å—É–ø—Ä—ÉÃÅ–≥', '—Å—É–ø—Ä—ÉÃÅ–≥–∞', '–º—É–∂–µ–Ω–µ–∫', '–¥—Ä—É–∂–∏–Ω–∞', '–º—É–∂', '–æ–¥—Ä—É–∂–µ–Ω–∏–π_—á–æ–ª–æ–≤—ñ–∫', '—á–æ–ª–æ–≤—ñÃÅ–∫', '—á–æ–ª–æ–≤—ñ–∫', '–ø–∞—Ä—Ç–Ω–µ—Ä–∞', '–Ω–∞–π–¥–æ—Ä–æ–∂—á–∞_–ø–æ–ª–æ–≤–∏–Ω–∞']
i	–¥—É–º–∞—é	Not found	[]
ice	–ª—å–æ–¥–æ–≤–∞	Found close match: ['–ª—å–æ–¥—É', '–ª—å–æ–¥–æ–≤–∏–π_–∫–∞—Ç–æ–∫']	['–ª—ñ–¥', '—à—Ç—É—á–Ω–æ–º—É_–ª—å–æ–¥—É', '–∞–π—Å', 'casp1', 'dextromethamphetamine', '–¥–≤—Å', 'intercityexpress', '–≥–ª–∞–∑—É—Ä', '–∫–æ–Ω–¥–∏—Ç–µ—Ä—Å—å–∫–∞_–≥–ª–∞–∑—É—Ä', '–∫—Ä–∏–≥–∞', '–ø–µ—Ä–≤—ñ—Ç–∏–Ω', '–º–µ—Ç–∞–º—Ñ–µ—Ç–∞–º—ñ–Ω–∏', 'desoxyn', '–µ–º—ñ—Ä–µ–π—Ç—Å', 'ice_la_fox', '–∫—É–ª—ñ–Ω–∞—Ä–Ω–∞_–≥–ª–∞–∑—É—Ä', '–ª—å–æ–¥–æ–≤–∏–π_–∫–∞—Ç–æ–∫', '–≥—ñ–¥—Ä–æ—Ö–ª–æ—Ä–∏–¥—É_–º–µ—Ç–∞–º—Ñ–µ—Ç–∞–º—ñ–Ω—É', '–º–µ—Ç', 'ces2', '–¥–≤–∏–≥—É–Ω_–≤–Ω—É—Ç—Ä—ñ—à–Ω—å–æ–≥–æ_–∑–≥–æ—Ä–∞–Ω–Ω—è', '—ñ–Ω—Å—Ç–∏—Ç—É—Ç_costarricense_–¥–µ_electricidad', 'in_case_of_emergency', '–ø—Ä–∏–±–∏—Ä–∞–Ω–Ω—è_–ª—å–æ–¥—É', '–¥–≤–∏–≥—É–Ω_–∞–≤—Ç–æ–º–æ–±—ñ–ª—è', 'emirates', '–∫–æ–≤–∑–∞–Ω–∫–∞', '—Å—è–±—É', '—ñ–Ω—Ç–µ—Ä—Å—ñ—Ç—ñ_–µ–∫—Å–ø—Ä–µ—Å', 'ice', '–∫—Ä–∏—Å—Ç–∞–ª—ñ—á–Ω–∏–π_–º–µ—Ç–∞–º—Ñ–µ—Ç–∞–º—ñ–Ω', '–¥–≤–∑', '—É_–≤–∏–ø–∞–¥–∫—É_–Ω–∞–¥–∑–≤–∏—á–∞–π–Ω–æ—ó_—Å–∏—Ç—É–∞—Ü—ñ—ó', 'c10h15n', 'methedrine', '—ñ–Ω—Ç–µ—Ä—Å–∏—Ç—ñ_–µ–∫—Å–ø—Ä–µ—Å', 'deoxyephedrine', '–¥–≤–∏–≥—É–Ω_–≤–Ω—É—Ç—Ä—ñ—à–Ω—å–æ–≥–æ_–∑–≥–æ—Ä—è–Ω–Ω—è', '–º–µ—Ç–∞–º—Ñ–µ—Ç–∞–º—ñ–Ω—É', '–ª—å–æ–¥—É', 'emirates_airline', '–∫–∞—Ç–æ–∫', '–º–µ—Ç–∞–º—Ñ–µ—Ç–∞–º—ñ–Ω']
if	—è–∫—â–æ	Not found	[]
in	—É	Not found	[]
kill	–≤–±–∏—Ç–∏	Match	['–≤–±–∏–≤–∞ÃÅ—Ç–∏_—É–±–∏–≤–∞ÃÅ—Ç–∏', '–ø—Ä–∏–ø–∏–Ω–µ–Ω–Ω—è', '–≤–±–∏–≤—Å—Ç–≤–æ', '—Å–º–µ—Ä—Ç—ñ', '–∫–æ–Ω—á–∏–Ω–∞', '–±—ñ–æ–ª–æ–≥—ñ—á–Ω–∞_—Å–º–µ—Ä—Ç—å', '–≤–±–∏—Ç–∏', '–≤–±–∏ÃÅ—Ç–∏_—É–±–∏ÃÅ—Ç–∏', '–ø–µ—Ä–µ–¥—á–∞—Å–Ω–æ—ó_—Å–º–µ—Ä—Ç—ñ', '–≤–±–∏–≤—Å—Ç–≤–∞', '–ø–æ–∫–ª–∞—Å—Ç–∏_–¥–æ_—Å–º–µ—Ä—Ç—ñ', '–ø–µ—Ä–µ–¥—á–∞—Å–Ω—É_—Å–º–µ—Ä—Ç—å', '–ø–æ–º–µ—Ä', '—Å–º–µ—Ä—Ç—å', 'the_kill', 'kill']
knee	—Ç—Ä–∞–≤–º—É	Incorrect	['–∫–æ–ª—ñ–Ω–æ–º', '–∫–æ–ª—ñ–Ω–Ω–æ–º—É_—Å—É–≥–ª–æ–±—ñ', '–∫–æ–ª—ñ–Ω–æ', '–∫–æ–ª—ñÃÅ–Ω–æ', '–¥—É—à–∏—Ç–∏', '–∫–æ–ª—ñ–Ω–Ω–æ–≥–æ_—Å—É–≥–ª–æ–±–∞', '–ª—é–¥–∏–Ω–∏_–∫–æ–ª—ñ–Ω–∞', '—É–¥–∞—Ä_–∫–æ–ª—ñ–Ω–æ–º', '—Å—É–≥–ª–æ–±—ñ_—Ä–æ–¥—É', '–∫–æ–ª—ñ–Ω–Ω–∏–π_—Å—É–≥–ª–æ–±', '–∫–æ–ª—ñ–Ω–∞']
know	–∑–Ω–∞—Ç–∏	Match	['–∫–æ–≥–Ω—ñ—Ç–∏–≤–Ω—ñ_–∑–¥—ñ–±–Ω–æ—Å—Ç—ñ', '–∑–Ω–∞—é', '–≤–∏–∑–Ω–∞—Ç–∏', '—ó–±–∞ÃÅ—Ç–∏', '–∫–æ–≥–Ω—ñ—Ç–∏–≤–Ω—ñ—Å—Ç—å', '–∑–Ω–∞–Ω–Ω—èÃÅ', 'noesis', '—ó–±–∞ÃÅ—Ç–∏—Å—è', '–∑–Ω–∞–Ω–Ω—è', '–∑–Ω–∞—Ç–∏', '–≤–∏–ø—Ä–æ–±—É–≤–∞—Ç–∏', 'know', '–∑–Ω–∞–π–æ–º–∞', '–∫–æ–≥–Ω—ñ—Ç–∏–≤–Ω–æ—ó_–æ–±—Ä–æ–±–∫–∏', '–∑–Ω–∞ÃÅ—Ç–∏', '–ø—ñ–∑–Ω–∞–Ω–Ω—è']
lake	–æ–∑–µ—Ä–∞	Match	['–æ–∑–µ—Ä–Ω—ñ—Å—Ç—å', 'lake', '–ø—ñ–≥–º–µ–Ω—Ç–∏', '–æ–∑–µ—Ä–æ', '—à–∏–±–∞–π–≥–æ–ª–æ–≤–∏', '–∑–∞–≥–∞—Ç–Ω–µ_–æ–∑–µ—Ä–æ', '–ø—ñ–≥–º–µ–Ω—Ç', '–µ—Ñ–µ–º–µ—Ä–Ω—ñ_–æ–∑–µ—Ä–∞', '–ø–µ—Ä–µ—Ä–∏–≤—á–∞—Å—Ç–æ—é_–æ–∑–µ—Ä–∞', '–ø—Ä–∏—Ä–æ–¥–Ω–∏–º_–æ–∑–µ—Ä–æ–º', '–æ–∑–µ—Ä–∞']
laugh	—Å–º—ñ—è—Ç–∏—Å—è	Match	['–∂–∞—Ä—Ç–∏', '–∂–∞—Ä—Ç–æ–º', '—Å–º—ñ—Ö', '–∂–∞—Ä—Ç', '—Å–º—ñ—à–∫–∏', '—Å–º—ñ—è—Ç–∏—Å—è', '—Ä–µÃÅ–≥—ñ—Ç']
leaf	–ª–∏—Å—Ç—è	Match	['–ø—Ä–æ—Å—Ç—ñ_–ª–∏—Å—Ç–∫–∏', '–ø—Ä–∞–≤–∞_—Å—Ç–æ—Ä—ñ–Ω–∫–∞', '–ª–∏—Ü—å–æ–≤—ñ–π_—ñ_–∑–≤–æ—Ä–æ—Ç–Ω—ñ–π', '–±–∞–∑–∞–ª—å–Ω–∏—Ö_–ª–∏—Å—Ç–∫—ñ–≤', '—Ñ–æ–ª—ñ–∞–Ω—Ç–∏', '—Å–µ—Ä–µ–¥–Ω—å–æ—ó_–∂–∏–ª–∫–∏', 'paullinia_pterophylla', '–ª–∏—Ü—å–æ–≤—ñ–π', '–ª–∏—Å—Ç–∫–∏', '–¥–µ—Ä–µ–≤–æ', '–ø–∞–∑—É—Å—ñ_–ª–∏—Å—Ç–∫–∞', '—Ñ–æ–ª—ñ–æ', '—Å–∫–ª–∞–¥–Ω—ñ_–ª–∏—Å—Ç–∫–∏', '–ª—ñ—Å', '–ª–∏—Å—Ç–æ–∫', '–≥–æ—Ä–æ–¥—á–∞—Ç–æ', '–æ–ø—É—à–µ–Ω—ñ', '–ª–∏—Å—Ç—è', 'leaf', '–ª–∏—Å—Ç', '—Ä–µ–∫—Ç–æ', '—Ñ–æ–ª—ñ–∞–Ω—Ç', 'nissan_leaf', '–ø–∞–∑—É—Ö–∞—Ö', '–∞–±–∞–∫—Å—ñ–∞–ª—å–Ω–æ–π', '–∞–¥–∞–∫—Å—ñ–∞–ª—å–Ω–æ–π', '–Ω—ñ—Å—Å–∞–Ω_–ª—ñ—Ñ', '–º–µ–∑–æ—Ñ—ñ–ª', '—Ä–∞—Ö—ñ—Å']
left	–∑–ª—ñ–≤–∞	Match	['–∫–æ–ª–µ–∫—Ç–∏–≤—ñ—Å—Ç', '–ª—ñ–≤–æ—Ä—É—á', '–ª—ñ–≤–µ_–∫—Ä–∏–ª–æ', '–ª—ñ–≤–∏–π', '–ª—ñ–≤—ñ_–ø–æ–ª—ñ—Ç–∏–∫–∏', '–ª—ñ–≤–∏—Ü—è', '–ª—ñ–≤–æ–≥–æ_–∫—Ä–∏–ª–∞_–ø–æ–ª—ñ—Ç–∏–∫–∏', '–ª—ñ–≤–∏–∑–Ω–∞', '–ª—ñ–≤–µ', '–ª—ñ–≤–æ—é_—Ä—É–∫–æ—é', '–ª—ñ–≤–∞_–ø–æ–ª—ñ—Ç–∏–∫–∞', '–ª—ñ–≤–∞_–ø–∞—Ä—Ç—ñ—è', '–ª—ñ–≤–∏—Ö', '–ª—ñ–≤–∏–∑–Ω–∏', 'venstre', '–ª—ñ–≤—ñ_–ø–∞—Ä—Ç—ñ—ó', '–∑–ª—ñ–≤–∞', '–≤–µ–Ω—Å—Ç—Ä–µ', '–ø—Ä–∏—Ö–∏–ª—å–Ω–∏–∫_–ª—ñ–≤–æ—ó_–ø–∞—Ä—Ç—ñ—ó', '–ª—ñ–≤—ñ', 'esquerra_republicana_de_catalunya', '–ª—ñ–≤–∞', '–ª—ñÃÅ–≤–∏–π', '—Ä–µ—Å–ø—É–±–ª—ñ–∫–∞–Ω—Å—å–∫–∞_–ª—ñ–≤–∏—Ü—è_–∫–∞—Ç–∞–ª–æ–Ω—ñ—ó', '–≤—ñ–¥–Ω–æ—Å–Ω–∏–π_–Ω–∞–ø—Ä—è–º–æ–∫', '–ª—ñ–≤–∞_–æ–ø–æ–∑–∏—Ü—ñ—è_–≤_—Ä–∫–ø']
leg	–Ω–æ–≥–∏	Match	['–Ω–æ–∑—ñ', '–Ω–æ–≥–∞', '–Ω–æ–≥—É', '–¥–µ—Ä–µ–≤—è–Ω–∞_–Ω–æ–≥–∞', '–¥–≤–æ–Ω–æ–≥–∏—Ö', '–ª—é–¥—Å—å–∫–∏—Ö_–Ω—ñ–≥', '–¥–≤—ñ_–Ω–æ–≥–∏', '–≥–æ–º—ñ–ª–∫–∏', '–Ω–æ–≥–∞_–ª—é–¥–∏–Ω–∏', '–Ω—ñ–∂–∫—É', '–¥–≤–æ–Ω–æ–≥–∏—Ö_–∫—Ä–∞–≤–∞—Ç–∫—É', '—Ä–æ–∑–≥–∞–ª—É–∂–µ–Ω–Ω—è', '–¥–µ—Ä–µ–≤—è–Ω–æ—é_–Ω–æ–≥–æ—é', '–Ω–æ–≥–∏', '–∫–∞—Ç–µ—Ç', '–Ω–∏–∂–Ω—ñ—Ö_–∫—ñ–Ω—Ü—ñ–≤–æ–∫', '–Ω–æ–≥–∞ÃÅ']
lie	–ª–µ–∂–∞—Ç—å	Match	['–ª—è–≥—Ç–∏ÃÅ', '—Ç—Ä—é–≥–≤–µ_–≥–∞–ª—å–≤–¥–∞–Ω_–ª—ñ', '–æ—à—É–∫–∞–Ω—Å—Ç–≤–æ', 'absolute_first_album', '–±—Ä–µ—à—É—Ç—å', 'awake', '–ª–µ–∂–∞ÃÅ—Ç–∏', '—Ç—Ä—é–≥–≤–µ_–ª—ñ_halvden', '–±—Ä–µ—Ö–Ω—èÃÅ', '–±—Ä–µ—Ö–Ω—è', '–Ω–µ–ø—Ä–∞–≤–∏–ª—å–Ω–µ_–ø–µ—Ä–µ–¥–ª–µ–∂–∞–Ω–Ω—è', '–æ–±–¥—É—Ä—é–≤–∞–Ω–Ω—è', '–æ–±–º–∞–Ω–Ω–∏–∫', '–ª–µ–∂–∞—Ç—å', '–ª—è–≥—Ç–∏', '–±—Ä–µ—Ö—É–Ω', '–Ω–µ–ø—Ä–∞–≤–¥–∞', '—Ç—Ä—é–≥–≤–µ_—Ö–∞–ª—å–≤–¥–∞–Ω_–ª—ñ', '–æ–±–º–∞–Ω', '—Ö–∏–±–Ω–æ—Å—Ç—ñ', 'lie', '–ª–∂–∞', '–æ–ª–∂–∞', '–ª—è–≥–∞—Ç–∏', 'trygve_lie', 'the_lie', '–±—Ä–µ—Ö–∞—á', '–æ–º–∞–Ω–∞', '—Ç—Ä—é–≥–≤–µ_–ª—ñ', '–Ω–µ–ø—Ä–∞ÃÅ–≤–¥–∞']
live	–∂–∏—Ç–∏	Match	['–∂–∏—Ç—Ç—è', '–ø—Ä–æ–∂–∏–≤–∞ÃÅ—Ç–∏', '–∂–∏–≤—É', '–¥–∂–µ–Ω–Ω—ñ—Ñ–µ—Ä', '–∂–∏ÃÅ—Ç–∏', '—Å—Ç–≤–æ—Ä—ñ–Ω–Ω—è', '—Ç—Ä–∞–Ω—Å–ª—è—Ü—ñ—è', 'guano_apes_‚Äî_live', 'guano_apes__live', 'built_to_spill', '–¥–∂–µ–Ω–Ω—ñ—Ñ–µ—Ä_–ª–æ–ø–µ–∑', 'vitae', '–∂–∏–≤–∏–π_–æ—Ä–≥–∞–Ω—ñ–∑–º', 'live_at_the_marquee', '–≤–∏–∂–∏—Ç–∏', '–∫–æ–Ω—Ü–µ—Ä—Ç', 'jennifer_lopez', '–∂–∏—Ç–∏', 'live', '–¥–∂–µ–Ω–Ω—ñ—Ñ–µ—Ä_–ª–æ–ø–µ—Å', 'eobionti', 'rem_live', 'simian_mobile_disco', '–∂–∏–≤–∞_—ñ—Å—Ç–æ—Ç–∞', '–≤–∏–∂–∏–≤–∞ÃÅ—Ç–∏', '—Ç—É—Ä–Ω–µ', '–≤–∏–ø—Ä–æ–±—É–≤–∞—Ç–∏', '–º–µÃÅ—à–∫–∞—Ç–∏', 'live_at_the_isle_of_wight_festival_1970', '–∫–æ–Ω—Ü–µ—Ä—Ç–Ω–∏–π_—Ç—É—Ä', '–ª–æ–ø–µ–∑_–¥–∂–µ–Ω–Ω—ñ—Ñ–µ—Ä', '–Ω–∞–∂–∏–≤–æ', 'pigmy_love_circus']
liver	–ø–µ—á—ñ–Ω–∫–∏	Match	['—è–ª–æ–≤–∏—á—É_–ø–µ—á—ñ–Ω–∫—É', '–ø–µ—á—ñ–Ω–∫–∏', '–ø–µ—á—ñ–Ω–∫–∞', '–ø–µ—á—ñ–Ω—Ü—ñ', '–ª—ñ–≤–µ—Ä']
long	–¥–æ–≤–≥—ñ	Match	['longa', '–¥–æ–≤–≥–∞_–ø–æ–∑–∏—Ü—ñ—è', '—Ö–∞–π', '–ª–æ–Ω', '–¥–æ–≤–≥—ñ', 'bloody_roar', '–ª–æ–Ω–≥–∞', 'long', 'william_henry_long', '–¥–æ–≤–≥–∏–π_–ø—Ä–æ–¥–∞–∂', '–¥–æÃÅ–≤–≥–∏–π', '–¥–æ–≤–≥–∏–π', '–ª–æ–Ω–≥', '–¥–æ–≤–≥–∞']
louse	–∫–æ–º–∞—Ö–∞	Incorrect	['—Ç–ª—è', '–ø—Ç–∞—Ö_–≤–æ—à–∞', '–≤–æ—à–µ–π', '–±—Ä—É–¥_–º—è—á–µ–º', '—á–ª–µ–Ω–∏—Å—Ç–æ–Ω–æ–≥—ñ', 'phthiraptera', '—á–ª–µ–Ω–∏—Å—Ç–æ–Ω–æÃÅ–≥–µ', '—á–ª–µ–Ω–∏—Å—Ç–æ–Ω–æ–≥–∏—Ö', '–≤–æ—à–∞', '—É–∫—É—Å–∏_–≤–æ—à–µ–π', 'arthropoda', '–≤–æ—à—ñ', '—Å–º–æ–∫—Ç–∞—Ç–∏_–≤–æ—à–µ–π', 'arthropod']
man	–ª—é–¥–∏–Ω–∞	Match	['–≤—ñ–π—Å—å–∫–æ–≤–æ—Å–ª—É–∂–±–æÃÅ–≤–µ—Ü—å', 'relient_k', 'atanat√°ri', '‚ôÇ', '–≤—Å–µ—Å–≤—ñ—Ç', '–≤—ñ–π—Å—å–∫–æ–≤–æ—Å–ª—É–∂–±–æ–≤–µ—Ü—å', '—Å—Ç–∞—Ç–µ–≤–æ—ó_–∑—Ä—ñ–ª–æ—Å—Ç—ñ', '—á–æ–ª–æ–≤—ñ–∫', '—Å–≤—ñ—Ç—É', '—Å–≤—ñ—Ç', '–∫–∞–º–µ—Ä–¥–∏–Ω–µ—Ä–∞', '—á–æ–ª–æ–≤—ñ–∫—ñ–≤', '–≤—ñ–π—Å—å–∫–æ–≤–∏ÃÅ–∫', '—Ü–∏–≤—ñ–ª—ñ–∑–∞—Ü—ñ—è', '–ª—éÃÅ–¥—Å—Ç–≤–æ', '–º–µ–Ω', '–∞–¥–º—ñ–Ω—ñ—Å—Ç—Ä–∞—Ç–∏–≤–Ω–∏–π_–ø–æ–¥—ñ–ª_–æ—Å—Ç—Ä–æ–≤—É_–º–µ–Ω', 'man_se', '—á–æ–ª–æ–≤—ñÃÅ–∫', 'homo_sapiens', '–≤_—Å–≤—ñ—Ç—ñ', '–ª—é–¥—Å—å–∫—ñ_—ñ—Å—Ç–æ—Ç–∏', '–ª—é–¥—Å—å–∫–∏–π_—Ä—ñ–¥', '–ª—é–¥—Å—å–∫—ñ–π_—ñ—Å—Ç–æ—Ç—ñ', 'man_ag', '–ª—é–¥–∏_—Å–µ—Ä–µ–¥–∑–µ–º—è', 'dunlending', '–ª—é–¥–∏–Ω–∞_—Ä–æ–∑—É–º–Ω–∞', '—Å—Ç–∞—Ç–µ–≤–µ_–¥–æ–∑—Ä—ñ–≤–∞–Ω–Ω—è', '–ª—é–¥–∏', '–ø–µ—Ä—Å–æ–Ω–∞', 'homo', '–ª—é–¥—Å—Ç–≤–æ', '–ª—é–¥–∏–Ω–∞', '–∞–¥–º—ñ–Ω—ñ—Å—Ç—Ä–∞—Ç–∏–≤–Ω–∏–π_–ø–æ–¥—ñ–ª_–æ—Å—Ç—Ä–æ–≤–∞_–º–µ–Ω', '–º—É–∂', '—Å–æ–ª–¥–∞—Ç', '–æ—Å—Ç—Ä—ñ–≤_–º–µ–Ω', 'manfred_gnadinger', '–∫–∞–º–µ—Ä–¥–∏–Ω–µ—Ä', '—á–æ–ª–æ–≤—è–≥–∞', '–ª—é–¥—Å—Ç–≤–∞', '–¥–æ—Ä–æ—Å–ª–∏–π_—Å–∞–º–µ—Ü—å', '–º—É–∂–∏–∫', '–æ—Å–æ–±–∏—Å—Ç—ñ—Å—Ç—å', 'cornelis_de_man', '–≤—ñ–π—Å—å–∫–æ–≤–∏–π', '–ª–∞–∫–µ–π', 'world', 'man', '–º–∞–Ω', '–≤—ñ–π—Å—å–∫–æ–≤–∏–∫', '–º—É–∂—á–∏–Ω–∞', '—á–æ–ª–æ–≤—ñ–∫–∏', '–æ—Å–æ–±–∞', '–ª—é–¥–∏–Ω–∏', '–ª—é–¥—Å—å–∫–æ—ó_—Ä–∞—Å–∏', '—Ä—ñ–¥_–ª—é–¥—Å—å–∫–∏–π', '–≤—ñ–π—Å—å–∫–æ–≤–æ—Å–ª—É–∂–±–æ–≤—Ü—ñ', 'dunlendings', '–∑–µ–º–ª—è']
many	–±–∞–≥–∞—Ç–æ	Match	['–º–∞–Ω—ñ', '–±–∞–≥–∞—Ç—å–æ—Ö', 'many', '–±–∞–≥–∞—Ç–æ']
meat	—è—Å–æ	Found close match: ['–º—è—Å–æ', '–º‚Äô—è—Å–æ', '–º—èÃÅ—Å–æ']	['–∫–æ–≤–±–∞—Å—É', '–º—è—Å–Ω—ñ_–ø—Ä–æ–¥—É–∫—Ç–∏', '–º‚Äô—è—Å–æ', '—Å—É—Ç–Ω—ñ—Å—Ç—å', 'meat', 'shawn_stasiak', '–º—è—Å–æ', '—Å—É—Ç—å', '–ø–æ–≤—Å—è–∫–¥–µ–Ω–Ω–∞_—Ä–æ–±–æ—Ç–∞', '–º—èÃÅ—Å–æ', '–æ–±—Ä–æ–±–ª–µ–Ω–æ–≥–æ_–º—è—Å–∞', '–º—è—Å–æ–∫–æ–º–±—ñ–Ω–∞—Ç', '—Å–µ—Ä—Ü–µ_—ñ_–¥—É—à–∞', 'we_will_rock_you']
moon	–º—ñ—Å—è—Ü—è	Match	['—Å–∞–Ω_–º–µ–Ω_–º—É–Ω–∞', '–º—ñ—Å—è—á–Ω–µ_—Å–≤—ñ—Ç–ª–æ', '–º—É–Ω_—Å–æ–Ω_–º—å–æ–Ω', '—Å–∞—Ç–µ–ª—ñÃÅ—Ç', '—Å–æ–Ω—Ü–µ', '–ø—Ä–∏—Ä–æ–¥–Ω–∏–π_—Å—É–ø—É—Ç–Ω–∏–∫', 'üåú', '–º—ñÃÅ—Å—è—á–Ω–µ_—Å–≤—ñ—Ç–ª–æÃÅ', '–º–∞—Ä—Å', 'moon', 'Î¨∏', '–º—É–Ω', '–º—ñÃÅ—Å—è—Ü—å', '—Å—É–ø—ÉÃÅ—Ç–Ω–∏–∫', 'sun_myung_moon', '–∑–Ω–∞–∫_—Å–æ–Ω—Ü—è', 'üåõ', '‚òæ', 'üåô', '–º—ñ—Å—è—á–Ω–∏–π_–º—ñ—Å—è—Ü—å', '–ø—Ä–∏—Ä–æ–¥–Ω—ñ_—Å—É–ø—É—Ç–Ω–∏–∫–∏', '–º—ñ—Å—è—á–Ω–æ–º—É_—Å–≤—ñ—Ç–ª—ñ', '—Å–∏–Ω–æ–¥–∏—á–Ω–∏–π_–º—ñ—Å—è—Ü—å', '—Å–æ–Ω—Ü—è', '–≤–µ–Ω–µ—Ä–∞', '–º–µ—Ä–∫—É—Ä—ñ–π', '—Å—É–ø—É—Ç–Ω–∏–∫', '–¥—Ä–∞–∫–æ–Ω—ñ–≤_–º—ñ—Å—è—Ü—å', '–º—ñ—Å—è—á–Ω–æ–≥–æ_–º—ñ—Å—è—Ü—è', '–º—ñ—Å—è—á–Ω–∏–π', '–º–∞—Å–∞_–º—ñ—Å—è—Ü—è', '–º—ñ—Å—è—á–Ω—ñ', 'ky√¥ko_fukada', '–ª—É–Ω–∞—Ü—ñ—è', '–º—ñ—Å—è—Ü—è', '–ø—Ä–∏—Ä–æ–¥–Ω—ñ–π_—Å—É–ø—É—Ç–Ω–∏–∫', '–º—ñ—Å—è—Ü—å', '—é–ø—ñ—Ç–µ—Ä', '–ø—Ä–∏—Ä–æ–¥–Ω–∏—Ö_—Å—É–ø—É—Ç–Ω–∏–∫—ñ–≤', '‚òΩ']
mother	–ø—Ä–∞–±–∞–±—É—Å—è	Incorrect	['–±–æ–≥–∏–Ω—è–º–∞—Ç–∏', '–º–∞–º—Ü—è', '–º–∞—Ç–µ—Ä—ñ–≤', '—Ç–∏—Ö–æ–Ω_–º–∏–∫–æ–ª–∞–π–æ–≤–∏—á_—Ö—Ä—î–Ω–Ω–∏–∫–æ–≤', 'sisters_of_avalon', 'mother', '–Ω–µ–Ω—è', '—á–µ—Ä–Ω–∏—Ü—å', '—Ö—Ä—î–Ω–Ω–∏–∫–æ–≤_—Ç–∏—Ö–æ–Ω_–º–∏–∫–æ–ª–∞–π–æ–≤–∏—á', 'synchronicity', '–º–∞—Ç–µ—Ä—ñ–∑–µ–º–ª—ñ', '–∂—ñ–Ω–æ—á–∏–π_–±–∞—Ç—å–∫–æ', '–º–∞—Ç–∏', 'a_chorus_line', 'chorus_line', '–±–æ–≥–∏–Ω—ñ–º–∞—Ç–µ—Ä—ñ', '–Ω–∞—Ä–æ–¥–∂–µ–Ω–Ω—è_–º–∞—Ç–∏', '–º–∞—Ç–µ—Ä–∏–Ω—Å—Ç–≤–æ', '–º–∞—Ç—É—Å—è', '–º–∞—Ç—ñ—Ä', '—Ö—Ä—î–Ω–Ω—ñ–∫–æ–≤_—Ç–∏—Ö–æ–Ω_–º–∏–∫–æ–ª–∞–π–æ–≤–∏—á', '—Ç_—Ö—Ä—î–Ω–Ω–∏–∫–æ–≤', '–º–∞—Ç—ñ–Ω–∫–∞', '—Ö—Ä—î–Ω–Ω–∏–∫–æ–≤', '–±–æ–≥–∏–Ω—è__–º–∞—Ç–∏', '—Ç–∏—Ö–æ–Ω_—Ö—Ä—î–Ω–Ω—ñ–∫–æ–≤', '–º–∞—Ç–µ—Ä—ñ', '—Ö—Ä–µ–Ω–Ω—ñ–∫–æ–≤_—Ç–∏—Ö–æ–Ω_–º–∏–∫–æ–ª–∞–π–æ–≤–∏—á', '—Ç–∏—Ö–æ–Ω_—Ö—Ä—î–Ω–Ω–∏–∫–æ–≤', '–Ω–µ–Ω—å–∫–∞', '–º–∞–º—É–Ω—è', '—Ö—Ä—î–Ω–Ω–∏–∫–æ–≤_—Ç–∏—Ö–æ–Ω', '–º–∞–º–∞', '—Å–µ—Å—Ç—Ä–∞ÃÅ', '—Ç–∏—Ö–æ–Ω_—Ö—Ä–µ–Ω–Ω—ñ–∫–æ–≤']
mountain	–≥—ñ—Ä—Å—å–∫–∏–π	Match	['–≥–æ—Ä–∞ÃÅ', '–≥–æ—Ä–∞', '–±–µ–∑–ª—ñ—á', '–≥–æ—Ä–∏', '–±–∞–≥–∞—Ç–æ', '–º–∞–∫–ª', '–º–∏—Ö–∞–π–ª–∏—á–µ–Ω–∫–æ', '–≥–∞—Ä–Ω–∞_—É–≥–æ–¥–∞', '–≥—ñ—Ä—Å—å–∫—ñ_—Å–ø–æ—Ä—É–¥–∏', '–≥—ñ—Ä—Å—å–∫–∏–π', '–∑–æ–≤—Å—ñ–º_–Ω–µ–±–∞–≥–∞—Ç–æ', 'mountain', '–ø–∞—Å—Å–µ–ª', '–∫—Ä—É–≥–ª–µ–Ω—å–∫—É_—Å—É–º—É', '241', '–≥—ñ—Ä—Å—å–∫–∞', '—Å–∞—Ö—Ç—É', '482']
mouth	–≥–∏—Ä–ª–æ	Match	['–≥–æ–≤–æ—Ä–∏—Ç–∏', '—É—Å–Ω—ñ–π_—Ç—Ä—ñ—â–∏–Ω–∞', '–ø–æ—Ä–æ–∂–Ω–∏–Ω–∞_—Ä–æ—Ç–∞', '—Ä—ñ—á–∫–æ–≤–µ_–≥–∏—Ä–ª–æ', '–≥–∏ÃÅ—Ä–ª–æ', '—Ä–æ—Ç–æ–≤–∏–π_–∞–ø–∞—Ä–∞—Ç_–∫–æ–º–∞—Ö', '–∑—É—Ö–≤–∞–ª—É_–≤—ñ–¥–ø–æ–≤—ñ–¥—å', '—Ä–æ—Ç', '–≥–∏—Ä–ª–æ_—Ä—ñ–∫–∏', '—Ä–æ—Ç–æ–≤–∞_–ø–æ—Ä–æ–∂–Ω–∏–Ω–∞', '–ø–æ—Ä–æ–∂–Ω–∏–Ω—É_—Ä–æ—Ç–∞', '—ÉÃÅ—Å—Ç—è', '—Ä–æ—Ç–æ–≤—ñ_–∞–ø–∞—Ä–∞—Ç–∏_–∫–æ–º–∞—Ö', '—Å–ø–µ—Ä–µ—á–∞—Ç–∏—Å—è', '–µ—Å—Ç—É–∞ÃÅ—Ä—ñ–π', '–≥—É–±–∏', '–≥–∏—Ä–ª–æ_—Ä—ñ—á–∫–∏', '–ø–æ–≤–µ—Ä–Ω—É—Ç–∏—Å—è_–≥–æ–≤–æ—Ä–∏—Ç–∏', '–≥–∏—Ä–ª–æ', 'sassing', '—Ä–∏–º–º–∞_oris', '—Ä–æ—Ç–∞', '—Ä–æ—Ç–æ–≤–∏–π_–æ—Ç–≤—ñ—Ä', '–≤–µ—Ä—à–∏–Ω–æ—é', '–ø–µ—Ä—ñ–æ—Ä–∞–ª—å–Ω–∏–π', '–≤–µ—Ä—à–∏–Ω–∞']
name	–Ω–∞–∑–≤–∏	Match	['—ñ–º—è_–∞–±–æ_–Ω–∞–∑–≤–∞', 'proper_noun', '—Ä–µ–ø—É—Ç–∞ÃÅ—Ü—ñ—è', '—Ñ—ñ–≥—É—Ä–æ—é', '–Ω–∞–∑–≤–∞_–≤–ª–∞—Å–Ω–∞', '—Ä–æ–¥—É', '–∑–≥–∞–¥—É–≤–∞—Ç–∏', '–∑–≥–∞–¥–∞—Ç–∏', '—ñ–º–µ–Ω–∞', 'id', '–Ω–∞ÃÅ–∑–≤–∞', '–Ω–∞–≤–µ—Å—Ç–∏', '–≤–ª–∞—Å–Ω–∞_–Ω–∞–∑–≤–∞', '–≥—Ä–æ–º–∞–¥—Å—å–∫–∏–π_–¥—ñ—è—á', '—ñ–º—è', '—ñÃÅ–º—è', '–æ–Ω—ñ–º–∏', '–Ω–æ–º—ñ–Ω–∞–ª—å–Ω–∞_—Ñ—Ä–∞–∑—É', '–Ω–æ–º—ñ–Ω–∞–ª—å–Ω–∏–π', '–Ω–∞–∑–≤–∞__—ñ–º—è_', '—ñ–º–µ–Ω–Ω–∞', '—ñ–¥–µ–Ω—Ç–∏—Ñ—ñ–∫–∞—Ç–æ—Ä–∏', 'gens', '—ñ–¥–µ–Ω—Ç–∏—Ñ—ñ–∫–∞—Ç–æ—Ä', '—ñ–º—è_–≤–ª–∞—Å–Ω–µ', '–ø–æ—Å–∏–ª–∞—Ç–∏—Å—è', '–≤–ª–∞—Å–Ω—ñ_–Ω–∞–∑–≤–∏', '—Ä—ñ–¥', '–Ω–∞–∑–≤–∏', '—ñ–º–µ–Ω–Ω–∞_–≥—Ä—É–ø–∞', '—ñ–º‚Äô—è', '–Ω–∞–∑–≤–∞']
narrow	–≤—É–∑—å–∫–∏–π	Match	['–≤—É–∑—å–∫—ñ', 'soapskin', '–≤—É–∑—å–∫–∏–π']
near	–ø–æ–±–ª–∏–∑—É	Match	['—Å–ª–∏–≤–µÃÅ', '–±–ª–∏ÃÅ–∂–Ω—ñ–π', '–±—ñ–ª—è', 'near', '—Å–ª–∏–≤–µ', '–º–∞ÃÅ–π–∂–µ', '–º–∞–π–∂–µ', 'near_shoemaker', '–ø–æ—Ä—É—á', '–ø–æ—Ä—è–¥', '–±–ª–∏–∑—å–∫–æ', '–±–ª–∏ÃÅ–∑—å–∫–∏–π', '–ø–æ–±–ª–∏–∑—É']
neck	—à–∏—ó	Match	['—à–∏—é', '—à–∏ÃÅ—è', '—à–∏—è', '–Ω—ñ–∫—Å–∏', '–≤—ñ–¥–∫—Ä–∏—Ç—Ç—è_—à–∏—ó', '–ø–æ—Ç–∏–ª–∏—á–Ω–æ—ó', '—à–∏—ó']
new	–Ω–æ–≤–∏–π	Match	['–Ω–æÃÅ–≤–∏–π', 'delete', '–Ω–æ–≤–∞', '–Ω–æ–≤–∏–π', '–Ω–æ–≤—ñ', '–Ω–æ–≤–µ', '—Å—Ç–≤–æ—Ä–∏—Ç–∏', 'new']
night	–Ω—ñ—á	Match	['nyx', 'nox', '–≤—ñ–∑–µ–ª—å', '–Ω–æ—á—ñ', '–µ–ª—ñ–µ–∑–µ—Ä_–≤—ñ–∑–µ–ª—å', '–Ω—ñ—á–Ω–∏–π_—á–∞—Å', '—Ç–µ–º–Ω–∞_–ø–æ—Ä–∞_–¥–æ–±–∏', '–Ω—é–∫—Ç–∞', '–Ω—ñ–∫—Å', 'night', 'elie_wiesel', '–ø—ñÃÅ–≤–Ω—ñ—á', '–µ–ª—ñ_–≤—ñ–∑–µ–ª—å', '–Ω—ñ—á', '–Ω–æ—Ç—Ç']
nose	–ø—ñ–¥–±–æ—Ä—ñ–¥–¥—è	Incorrect	['—Å–æ–ø–ª–∞', '–ø–∞—Ö–æ—â—ñ', 'üëÉ', '–∞—Ä–æ–º–∞—Ç', '—Å–æ–ø–ª–æ', '–æ—Ä–≥–∞–Ω_–Ω—é—Ö—É', '–∞—Ä–æ–º–∞—Ç–∏—á–Ω–∏—Ö_—Å–ø–æ–ª—É–∫', '–º–∞–≥–Ω—ñ—Ç–Ω–æ–≥–æ_—Å–æ–ø–ª–∞', '–∞—Ä–æ–º–∞—Ç–∏', '–Ω–æ—Å–µ', '–±—É–∫–µ—Ç', '–∫—Ä–æ–≤—ñ', '–Ω–æ—Å–µ_–æ—Å–∞–∫–∞', '–Ω—ñ—Å', '–ª—é–¥—Å—å–∫–æ–≥–æ_–Ω–æ—Å–∞']
not	–Ω–µ	Match	['alg3', '–ª–æ–≥—ñ—á–Ω–µ_–∑–∞–ø–µ—Ä–µ—á–µ–Ω–Ω—è', '–Ω–µ', 'nr4a2', '¬¨', '–ª–æ–≥—ñ—á–Ω–∏–π_–≤–µ–Ω—Ç–∏–ª—å', '—Ü–∏—Ñ—Ä–æ–≤–∞_—ñ–Ω—Ç–µ–≥—Ä–∞–ª—å–Ω–∞_—Å—Ö–µ–º–∞', '–ª–æ–≥—ñ—á–Ω–æ–≥–æ_–∑–∞–ø–µ—Ä–µ—á–µ–Ω–Ω—è', '–∑–∞–ø–µ—Ä–µ—á–µ–Ω–Ω—è', 'not']
old	—Å—Ç–∞—Ä–µ	Match	['—Å—Ç–∞—Ä–µ', '—Å—Ç–∞—Ä–∏–º', '—Å—Ç–∞—Ä–∏–π', '—Å—Ç–∞—Ä–∞', 'old', '—Å—Ç–∞—Ä—ñ']
one	–≤—ñ—Å—ñ–º	Incorrect	['‡Øß', '–ø–∫–∏', 'vampire_weekend', '–≤–∞–Ω_–±—é—Ä–µ–Ω_–∞—Ä–º—ñ–Ω', 'planetshakers', 'one', '—à–µ—Å—Ç–∏–∫—Ä–∞—Ç–Ω–∏–π', '‚Ö∞', '‚íà', '–∫–æ—Ä—Ç–µ–∂', '‚ù∂', '1', 'succeeder', '–∫–æ—Ä—Ç–µ–∂—ñ–≤', '–æ–¥–∏–Ω–∏—Ü—ñ', '–ø—Ä–æ—Ç–∏—Å—Ç–æ—è–Ω–Ω—è', '‚ìµ', '—Ç—É–∑', '‚ë¥', '–æ–¥–Ω–∞', '–∞—Ä–º—ñ–Ω_–≤–∞–Ω_–±—é—Ä–µ–Ω', 'n–∫–∞', 'gps', 'still_not_getting_any', '–æ–¥–∏–Ω–∏—Ü—è', 'still_not_getting_any‚Ä¶', 'armin_van_buuren', '–≤—Å—Ç–∏–≥–∞—é—á–∏–π_—É—á–µ–Ω—å', '–º—ñ–π_–∫–æ—Ä–æ–ª—å', 'supposed_former_infatuation_junkie', '–æ–¥–∏–Ω', '‚ûä', 'the_one', 'vertical_man', '‚ûÄ', '–µ–Ω–Ω–µ–∞–≥—Ä–∞–º–∞', '–æ–¥–Ω–µ']
other	—ñ–Ω—à–∏—Ö	Match	['xenosaga', '—ñ–Ω—à—ñ', '—ñ–Ω—à–µ', '—ñ–Ω—à–∏—Ö', '—ñ–Ω—à–∏–π', '—ñ–Ω—à–∞']
play	–≥—Ä–∞—Ç–∏	Match	['play', '–ø—î—Å–∏', '–≥—Ä–∞', '–∞–∑–∞—Ä—Ç–Ω–∞_–≥—Ä–∞', '–ø—Ä–∏–Ω–µ—Å—Ç–∏', 'android_market', '–∞–∑–∞—Ä—Ç–Ω—ñ_—ñ–≥—Ä–∏', '—Ç–µ–∞—Ç—Ä–∞–ª—å–Ω—ñ_–ø—î—Å–∏', 'play_–º–∞—Ä–∫–µ—Ç', '–≥—Ä√°—Ç–∏—Å—è', '–≤—ñ–¥—Ç–≤–æ—Ä–∏—Ç–∏', '–≤—ñ–π—Å—å–∫–æ–≤–∞_–¥—Ä–∞–º–∞', '–≤–æ–ª—é', 'google_play_store', '–ø—î—Å–∞', '—Ç–µ–∞—Ç—Ä–∞–ª—å–Ω–∏—Ö_–ø–æ—Å—Ç–∞–Ω–æ–≤–æ–∫', '–≥—Ä–∞ÃÅ—Ç–∏', '–ø‚Äô—î—Å–∞', '—ñ—Å—Ç–æ—Ä–∏—á–Ω–∞_–¥—Ä–∞–º–∞', '—Å—Ç–∞–≤–∫–∏', '—Ñ—ñ–ª—å–º–¥—Ä–∞–º–∞', 'play_framework', 'google_play', '–≥—Ä–∞–π–ª–∏–≤—ñ—Å—Ç—å', '–ø—å–µ—Å–∞', '—Ñ–µ—Ö—Ç—É–≤–∞–Ω–Ω—è', '–±√°–≤–∏—Ç–∏—Å—è', '–≥—Ä–∞—Ç–∏', '–≥—Ä–∞–≤—Ü—ñ–≤', '–ø–µ—Ä—ñ–æ–¥_–≥—Ä–∏', '–¥—Ä–∞–º–∞—Ç–∏—á–Ω–æ—ó_–≥—Ä–∏', '–¥—Ä–∞–º–∏', '–¥—Ä–∞–º–∞', '–¥—Ä–∞–º–∞—Ç–∏—á–Ω–∏–π_—Ç–≤—ñ—Ä', '–≤–∏—Å—Ç–∞–≤–∞', 'play_store', '–º–µ—Ä–µ—Ö—Ç—ñ–Ω–Ω—è', '–≥—Ä–∞—î_–ø–µ—Ä—ñ–æ–¥—É', '—Å–ø–µ–∫—Ç–∞–∫–ª—å', '–ø–æ–ø—É—Å—Ç—É–≤–∞—Ç–∏', '–ø—î—Å—ñ', '–ø—Ä–æ–≥—Ä–∞—Ç–∏', 'google_play_market', '–≥—Ä–∞—Ç–∏—Å—è']
pull	–ø–æ—Ç—è–≥–Ω—É—Ç–∏	Incorrect	['–≤–∞—Ç–∏–Ω', '–Ω–æ–≥—É_–ø–æ–≥–ª—è–¥', '–Ω–∞—Ç—è–≥', 'pull', '–∑–≤–æ—Ä–æ—Ç–Ω–æ—ó_—Å—Ç—Ä—ñ–ª–æ–≤–∏–¥–Ω–æ—Å—Ç—ñ', '–≤–∏—Ä–∞–∑–Ω–æ', '–≤–æ–∑–∏–ª–∏']
push	—Ä–æ–∑–≤–µ—Ä–Ω—É—Ç–∏	Found close match: ['–ø—Ä–æ—Å—É–Ω—É—Ç–∏']	['push', '–Ω–∞—Ç–∏—Å–∫–Ω–∞_–∫–Ω–æ–ø–∫–∞', '–∫–Ω–æ–ø–∫–æ–≤–∏–π_–ø–µ—Ä–µ–º–∏–∫–∞—á', '–∫–Ω–æ–ø–∫–∞', '–∫–Ω–æ–ø–∫—É', '—à—Ç–æ–≤—Ö–∞—Ç–∏', 'confessions_on_a_dance_floor', '—Å–ø—Ä–∏—è—Ç–∏', '–Ω–∞—Ç–∏—Å–∫–∞–Ω–Ω—è–º', '–∫–Ω–æÃÅ–ø–∫–∞', '–ø–µ—Ä–µ–¥–∞—á—ñ', '–∫–Ω–æ–ø–∫–∏', 'black_and_white_america', '—Å–∫–∞—Ä–±', '–∫–Ω–æ–ø–∫–æ–≤–∏–π_–≤–∏–º–∏–∫–∞—á', '–ø–æ—à—Ç–æ–≤—Ö', '–ø—è—Ç–∏–π_–≤–∏–º—ñ—Ä', '–ø—Ä–æ—Å—É–Ω—É—Ç–∏', '–≤—Å—Ç–∞—é—Ç—å_—ñ_–π–¥—É—Ç—å', '–ø–µ—Ä–µ–º–∏–∫–∞—á', 'precious', '—Å—Ç–µ–∫']
rain	–¥–æ—â	Match	['in_blue', '—Ä–∞–π–Ω', 'heavy_rain', '–∑–ª–∏–≤–∏', '–∫—ñ–ª—å–∫—ñ—Å—Ç—å_–æ–ø–∞–¥—ñ–≤', '–æ–ø–∞–¥—ñ–≤', '–ø—Ä–æ–ª–∏–≤–Ω–∏–π', '–¥–æ—â–æ–≤–æ—ó_–≤–æ–¥–∏', 'rain', '–¥–æ—â–æ–≤–∞_–≤–æ–¥–∞', '–¥–æ—â']
red	—á–µ—Ä–≤–æ–Ω–∏–π	Match	['–±—ñ–ª—å—à–∏–π', '—á–µ—Ä–≤–æ–Ω—ñ–π', 'after_school', '–±—ñ–ª—å—à–æ–≤–∏—Ü—å–∫–æ—ó_–ø–∞—Ä—Ç—ñ—ó', '–±—ñ–ª—å—à–æ–≤–∏–∫—ñ–≤', 'red', '–±–æ–ª—å—à–µ–≤–∏–∫–∏', '–±—ñ–ª—å—à–æ–≤–∏–∫–∏', '—á–µ—Ä–≤–æ–Ω—ñ', '—á–µ—Ä–≤–æÃÅ–Ω–∏–π', '–±—ñ–ª—å—à–æ–≤–∏–∑–º—É', '—á–µ—Ä–≤–æ–Ω–∏–π_–∫–æ–ª—ñ—Ä', '—á–µ—Ä–≤–æ–Ω–∞', '—á–µ—Ä–≤–æ–Ω–∏–º_—á–æ—Ä–Ω–∏–ª–æ–º', 'dyrk3', 'angry_birds', 'red_river', '—Ä–µ–¥', 'ff0000', '—á–µ—Ä–≤–æ–Ω–µ', '–±—ñ–ª—å—à–æ–≤–∏–∫', 'anil_kapoor', '–±—ñ–ª—å—à–æ–≤–∏–∑–º', '—á–µ—Ä–≤–æ–Ω–∏–π', 'day__age', '–∑–ª—ñ_–ø—Ç–∞—à–∫–∏', 'ik', '–≤–µ–ª–∏–∫—ñ']
right	–ø—Ä–∞–≤–∏–π	Match	['–ø—Ä–∞–≤–∏–π', '–ø—Ä–∞–≤—ñ_–ø–æ–ª—ñ—Ç–∏–∫–∏', '–º–æ—Ä–∞–ª—å–Ω–æ—ó_—Ñ—ñ–ª–æ—Å–æ—Ñ—ñ—ó', '–∫–æ–Ω—Å–µ—Ä–≤–∞—Ç–∏–≤–Ω–∞_–ø–∞—Ä—Ç—ñ—è', '–º–æ—Ä–∞–ª—å–Ω–æ–≥–æ_—Ñ—ñ–ª–æ—Å–æ—Ñ–∞', '–µ—Ç–∏–∫–∏', '–ø—Ä–∞–≤–æ—é_—Ä—É–∫–æ—é', '–∫–æ–Ω—Å–µ—Ä–≤–∞—Ç–æ—Ä', '–ø—Ä–∞–≤–∞_–ø–∞—Ä—Ç—ñ—è', '–Ω–∞–ª–µ–∂–Ω–æ', '–Ω–∞—É–∫–∞_–ø—Ä–æ_–º–æ—Ä–∞–ª—å', '–ø—Ä–∞–≤–∞_—Å—Ç–æ—Ä–æ–Ω–∞', 'rightism', '–¥–µ—Å–Ω–∏—Ü—è', '–ø—Ä–æ_—ñ_–∑–ª–æ', '–ø—Ä—è–º–æ', '–Ω–∞–ª–µ–∂–Ω–∏–º_—á–∏–Ω–æ–º', '–Ω–µ–≤—ñ–¥—î–º–Ω—ñ_–ø—Ä–∞–≤–∞', '–µÃÅ—Ç–∏–∫–∞', '–ø—Ä–∞–≤–æ–≥–æ_–∫—Ä–∏–ª–∞', '–µ—Ç–∏—á–Ω–æ—ó_—Å–∏—Å—Ç–µ–º–∏', 'young_americans', '—Ñ—ñ–∑–∏—á–Ω–∏—Ö_—Ç–∞_—é—Ä–∏–¥–∏—á–Ω–∏—Ö_–ø—Ä–∞–≤', '–Ω–µ–≤—ñ–¥—î–º–Ω–µ_–ø—Ä–∞–≤–æ', '–ø—Ä–∞–≤—ñ–π_—Ä—É—Ü—ñ', '–ø—Ä–∞–≤–æ–º—ñ—Ä–Ω—ñ—Å—Ç—å', '–ø—Ä–∞–≤–æ', '–µ—Ç–∏—á–Ω—ñ_–≤—á–µ–Ω–Ω—è', '–ø—Ä–∞–≤–µ_–∫—Ä–∏–ª–æ', '–µ—Ç–∏–∫–∞', '–ø—Ä–∏—Ä–æ–¥–Ω–æ–≥–æ_–ø—Ä–∞–≤–∞', '–ø—Ä–∞–≤–æ–≤–∞_–¥—ñ—è–ª—å–Ω—ñ—Å—Ç—å', '–ø—Ä–∞–≤–∏–ª—å–Ω–∏–π', '–ø—Ä–∞ÃÅ–≤–æ', '–ø—Ä–∞–≤—ñ', '–≤–∏–ø—Ä–∞–≤–∏—Ç–∏', '–∑–∞–∫–æ–Ω–Ω–µ_–ø—Ä–∞–≤–æ', '–º–æ—Ä–∞–ª—å–Ω–∞_—Ñ—ñ–ª–æ—Å–æ—Ñ—ñ—è', '–ø—Ä–∞–≤–∏–ª—å–Ω–æ', '–ø—Ä–∞–≤–∏—Ö', '–µ—Ç–∏—á–Ω–æ—ó_—Ç–µ–æ—Ä—ñ—ó', '–ø–æ–ª—ñ—Ç–∏—á–Ω—ñ_–ø—Ä–∞–≤–∞', '–ø—Ä–∞–≤–æ–º—É', '–ø—Ä–∞–≤–∏—Ü—è', '–ø—Ä–∞–≤–æ—Ä—É—á', '–≤—ñ–¥–Ω–æ—Å–Ω–∏–π_–Ω–∞–ø—Ä—è–º–æ–∫', '—Ö—Ä–∏—Å—Ç–∏—è–Ω—Å—å–∫–∞_–µ—Ç–∏–∫–∞', '–µ—Ç–∏—á–Ω–∏—Ö_–ø–∏—Ç–∞–Ω—å', '–ª—ñ–≤—à–∞', '–ø—Ä–∞–≤–∞', '—Ö–µ–π—Ä–µ']
river	—Ä—ñ—á–∫–∏	Match	['—Ä—ñÃÅ—á–∫–∞', '—Å—Ç—Ä—É–º–æ–∫', '–µ–ª—Å–≤–æ—Ä—Ç', '–ø–æ—Ç—ñ–∫', 'river', '—Ñ—ñ—à', '–≤–æ–¥–Ω–∞_–∞—Ä—Ç–µ—Ä—ñ—è', '–≤–æ–¥–æ—Ç—ñ–∫', '—Ä—ñ—á–∫–∞', 'watermark', '—Ä—É—á–∞–π', '—Ä—ñ–∫–∞ÃÅ', 'revival', 'ruisseau', '—Ä—ñ–∫–∏', '—Å—Ç—Ä—É–º–∫–∏', '–≤–æ–¥–æ—Ç–æ–∫—É', '–≤–æ–¥–æ—Ç–æ–∫–∏', 'sestao_river_club', '—Ä—ñ–∫–∞', '–ø–µ—Ä–µ—Ä–∏–≤—á–∞—Å—Ç–∏–π_–ø–æ—Ç—ñ–∫', '—Ä—ñ—á–∫–∏', '—Ä—ñ—á–∫–æ–≤–∏—Ö']
road	–¥–æ—Ä–æ–≥–∞	Match	['the_road', '–∑–∞–ª—ñ–∑–Ω–∏—Ü—è', '–¥–æ—Ä–æ–≥–∞_–≥—Ä–∏', '–≤–∏—ó–∑–Ω–æ–º—É_–º–∞—Ç—á—ñ', '—à–ª—è—Ö_–¥–æ—Ä–æ–≥–∞', '–∑–∞–ª—ñ–∑–Ω–∏—á–Ω–∏–π_–º–∞—Ä—à—Ä—É—Ç', '–¥–∞–º–±', '–¥–æ—Ä–æ–∂–Ω—ñ', '–Ω–∞–ø—Ä—è–º–æ–∫', '–¥–æ—Ä–æ–≥–∞', '—à–ª—è—Ö', '–¥–æ—Ä–æ–∑—ñ', '–º–∞—Ä—à—Ä—É—Ç', 'new']
root	–∫–æ—Ä–µ–Ω—è	Found close match: ['–∫–æ—Ä–µ–Ω—ñ', '–∫–æ—Ä—ñ–Ω–Ω—è', '—É–∫–æ—Ä—ñ–Ω–µ–Ω–Ω—è']	['–∑–µ—Ä–æÃÅ', '–∫–æ—Ä—ñ–Ω—å', '–∫–æ—Ä—ñ–Ω—å_—Å–ª–æ–≤–∞', '–Ω–æ–ª—å', '–µ—Ç—ñ–º–æ–Ω', '–∫–æ—Ä–µ–Ω—ñ', '–∫–æ–Ω–æ—Ö–∏', '—Ç–æ–Ω–∞–ª—å–Ω–æ–≥–æ_—Ü–µ–Ω—Ç—Ä—É', '–æ–±—á–∏—Å–ª–µ–Ω–Ω—è_–∫–æ—Ä–µ–Ω—è', '–ø—Ä–µ–¥–∫—ñ–≤', '–∫–æ—Ä—ñ–Ω—å_–Ω–∞—Ç—É—Ä–∞–ª—å–Ω–æ–≥–æ_—Å—Ç–µ–ø–µ–Ω—è', '–æ—Å–Ω–æ–≤–∞_—Å–ª–æ–≤–∞', '–∫–æ—Ä–µ–Ω–µ–≤–æ—ó_–¥–æ—Å—Ç—É–ø', '–ø—Ä–µ–¥–∫–∏', '—Å—Ç–æ–≤–±—É—Ä–æ–≤–∏—Ö', '0', '–∫–æ—Ä—ñ–Ω–Ω—è', '–º—É–∑–∏—á–Ω—ñ_—ñ–Ω—Ç–µ—Ä–≤–∞–ª–∏', '–≤–æ–ª–æ—Å—è–Ω–∏–π_–ø–æ–∫—Ä–∏–≤', '–¥–µ—Ä–µ–≤–æ', '–¥–∂–µ—Ä–µ–ª–æ–º', '–ø–æ—Ö–æ–¥–∂–µ–Ω–Ω—è', '–≤–æ–ª–æÃÅ—Å—Å—è', '—Ä–∞–¥–∏–∫–∞–ª', '–∫—Ä–∞—ó–Ω–∞_–≤–æ–≥–Ω—é', '—É–∫–æ—Ä—ñ–Ω–µ–Ω–Ω—è', '–ø—Ä–∞—â—É—Ä–∫–∞', '–º—É–∑–∏—á–Ω–∏—Ö_—ñ–Ω—Ç–µ—Ä–≤–∞–ª—ñ–≤', '–∫–æÃÅ—Ä—ñ–Ω—å', '–∫–æ—Ä–µ–Ω–µ–≤–∞_—Å–∏—Å—Ç–µ–º–∞', '–≤–æ–ª–æ—Ö–∞—Ç–∏–º–∏', '–≤–æ–ª–æ—Å–∏–Ω–∫–∞', '–≤–æ–ª–æ—Å—Å—è_–Ω–∞_–≥–æ–ª–æ–≤—ñ', '–∫–æ—Ä–µ–Ω—ñ_—Ñ—É–Ω–∫—Ü—ñ—ó', '–ª—ñ—Å', '–∫–æ—Ä–µ–Ω—ñ_–º–Ω–æ–≥–æ—á–ª–µ–Ω–∞', '–∫–æ—Ä–µ–Ω—è_–∑—É–±–∞', '–∞—Ä–∏—Ñ–º–µ—Ç–∏—á–Ω–∏–π_–∫–æ—Ä—ñ–Ω—å', '–≤–æ–ª–æ—Å—Å—è', '–∫–æ—Ä–µ–Ω–µ–≤–æ—ó_–ø–æ–∑–∏—Ü—ñ—ó', '–æ—Å–Ω–æ–≤–Ω–∏–π_—Ç–æ–Ω', '–≤–∫–æ—Ä—ñ–Ω–µ–Ω–Ω—è', '–∫–æ—Ä–µ–Ω–µ–≤—ñ_–º–æ—Ä—Ñ–µ–º–∏', '–Ω—É–ª—å_—Ñ—É–Ω–∫—Ü—ñ—ó', '—Ç–æ–Ω—ñ–∫–∏_–∞–∫–æ—Ä–¥—É', '–≤–æ–ª–æ—Å–∞—Ç–∏–π', '–∫–æ—Ä—ñ–Ω—å_—Ñ—É–Ω–∫—Ü—ñ—ó', '–ø—Ä–∞—â—É—Ä', '–ø—Ä–µ–¥–æ–∫', '–ø—Ä–∏–¥–∞—Ç–∫–æ–≤—ñ_–∫–æ—Ä—ñ–Ω–Ω—è', 'su', '–∫–æ—Ä–µ–Ω–µ–≤–∞_–º–æ—Ä—Ñ–µ–º–∞', '–ø—Ä–µ–¥–∫–∞', '–º—É–∑–∏—á–Ω–∏–π_—ñ–Ω—Ç–µ—Ä–≤–∞–ª', '–Ω—É–ª—å', '—Å—É–ø–µ—Ä–∫–æ—Ä–∏—Å—Ç—É–≤–∞—á–∞', '—ñ–Ω—Ç–µ—Ä–≤–∞–ª', '—Ç–æ–Ω—ñ–∫–∞', 'root', '–∫–æ—Ä—ñ–Ω—å_–º–Ω–æ–≥–æ—á–ª–µ–Ω–∞', '—ñ–Ω—Ç–µ—Ä–≤–∞–ª_–º—É–∑–∏—á–Ω–∏–π']
rope	–º–æ—Ç—É–∑–∫–∞	Match	['–º–µ–∫—Å–∏–∫–∞–Ω—Å—å–∫–∏–π_–≤–∞–ª—ñ—É–º', '–º–æ—Ç—É–∑–∫—É', 'r2', '–º–æ—Ç—É–∑–∫–∏', '–ª–∏–Ω–≤–∞', '–º–æ—Ç—É–∑–∫–∞', '—Ç—Ä–æ—Å', '–Ω–∏—Ç–∫–∞', 'ropemaker', '–∑–∞–±—É–≤–∞–π_–º–µ–Ω–µ_–Ω–∞—Ä–∫–æ—Ç–∏–∫–∞–º–∏', '–≤—ñ—Ä—å–æ–≤–∫–∞', 'rophy', 'roofy', '–∑–∞–≤—è–∑–∫–∞', '–∫–∞–Ω–∞—Ç', 'rope']
rotten	–ø–æ–º—ñ–¥–æ—Ä¬ª	Incorrect	['–≥–Ω–∏–ª—ñ']
round	–ø—ñ–≤—Ñ—ñ–Ω–∞–ª—å–Ω–∏–π	Found close match: ['–º—ñ–Ω–µ—Ä–∞–ª—å–Ω–∏—Ö']	['–æ–¥–∏–Ω_–ø–æ—Å—Ç—Ä—ñ–ª', '–Ω–∞—Ö–∞–±–Ω–æ', 'prizefighting', '–∫–æ—Ä–ø—É—Å—É', 'bareknuckle_–±–æ–∫—Å—É', '–Ω–∞–±—ñ–π', '—Ç—ñ–ª–∞', '–º–æ–ª–æ–¥—à–æ–≥–æ_—Ä–æ–∑—Ä—è–¥—É', '–ø–∞—Ç—Ä–æ–Ω', '—Ä–∞—É–Ω–¥', '–∑–Ω–∞—á–∏–º–æ—é_—Ñ—ñ–≥—É—Ä–æ—é', '–±–∞–ª–∞–Ω—Å', '–≥–æ–ª—å—Ñ', '–∫—Ä—É–≥–ª–∏–π', '–∑–Ω–∞—á—É—â–∏—Ö_—Ü–∏—Ñ—Ä', '–±—É–∫–µ—Ç', '–≥—ñ–ª—å–∑–∏', '–∞–Ω–≥–ª—ñ–π—Å—å–∫–∏–π_–±–æ–∫—Å', '–∫—É–ª–∞—á–Ω—ñ_–±–æ—ó', '—Ä–∞—É–Ω–¥_–Ω–∞–ø–æ—ó–≤', '–∫—Ä—É–≥–ª–∞', '–±–æ–∫—Å–µ—Ä', '—Ñ—Ä—É–∫—Ç–∏', '–∞—Ä–∏—Ñ–º–µ—Ç–∏—á–Ω–æ—ó_—Ç–æ—á–Ω—ñ—Å—Ç—é', 'round', '–∫–æ–ª–æ_—â–æ–¥–µ–Ω–Ω–∏—Ö_–∑–∞–Ω—è—Ç—å', '–æ–¥–∏–Ω–∏—Ü—ñ_–±–æ—î–ø—Ä–∏–ø–∞—Å—ñ–≤', '—Ç–æ—á–Ω—ñ—Å—Ç—å', '–∫—É–ª–∞—á–Ω–∏–π_–±—ñ–π', '—É–Ω—ñ—Ç–∞—Ä–Ω–∏–π_–Ω–∞–±—ñ–π', '–≤—è–∂—É—á—É_–¥—ñ—é', '–±–æ–∫—Å', '–Ω–∞–π–±—ñ–ª—å—à_–∑–Ω–∞—á—É—â–∞_—Ü–∏—Ñ—Ä–∞', '—É–Ω—ñ—Ç–∞—Ä–Ω–∏–π_–ø–∞—Ç—Ä–æ–Ω', '–º—ñ–Ω–µ—Ä–∞–ª—å–Ω–∏—Ö', '–ø—Ä–∏–∑–æ–≤–∏–π_–±–æ—î—Ü—å', '–Ω–∞–±–æ—ó']
rub	–∫–ª–∞–¥—É—Ç—å	Not found	[]
salt	—Å—ñ–ª—å	Match	['–∫—É—Ö–æ–Ω–Ω–æ—ó_—Å–æ–ª—ñ', 'nacl', '—Ö–ª–æ—Ä–∏–¥_–Ω–∞—Ç—Ä—ñ—é', '—Å—ñ–ª—å', '—Å–æ–ª—ñ', 'salt', '–≤–∏—Ä–æ–±–Ω–∏—Ü—Ç–≤–æ_—Å–æ–ª—ñ', '–æ–±–º–µ–∂–µ–Ω–Ω—è_—Å—Ç—Ä–∞—Ç–µ–≥—ñ—á–Ω–∏—Ö_–Ω–∞—Å—Ç—É–ø–∞–ª—å–Ω–∏—Ö_–æ–∑–±—Ä–æ—î–Ω—å_–ø–µ—Ä–µ–≥–æ–≤–æ—Ä—ñ–≤', '—Å–æ–ª–µ–π', 'cheryl_james', 'henry_salt', '—Ö–ª–æ—Ä–∏—Å—Ç–∏–π_–Ω–∞—Ç—Ä—ñ–π', '–Ω–∞—Ç—Ä—ñ–π_—Ö–ª–æ—Ä–∏–¥', '–Ω–∞—Ç—Ä—ñ—é_—Ö–ª–æ—Ä–∏–¥', '—ñ–æ–Ω–Ω–æ—ó_—Å–æ–ª—ñ', '–∫—É—Ö–æ–Ω–Ω–∞_—Å—ñ–ª—å', '—Å—ñ–ª—å–Ω–∏—á–∫–∞', '–¥–æ–≥–æ–≤—ñ—Ä_–æ—Å–≤2', '–¥–æ–≥–æ–≤—ñ—Ä_–ø—Ä–æ_–æ–±–º–µ–∂–µ–Ω–Ω—è_—Å—Ç—Ä–∞—Ç–µ–≥—ñ—á–Ω–∏—Ö_–Ω–∞—Å—Ç—É–ø–∞–ª—å–Ω–∏—Ö_–æ–∑–±—Ä–æ—î–Ω—å', '–¥–æ–≥–æ–≤—ñ—Ä_–º—ñ–∂_—Å—Ä—Å—Ä_—ñ_—Å—à–∞_–ø—Ä–æ_–æ–±–º–µ–∂–µ–Ω–Ω—è_—Å—Ç—Ä–∞—Ç–µ–≥—ñ—á–Ω–∏—Ö_–Ω–∞—Å—Ç—É–ø–∞–ª—å–Ω–∏—Ö_–æ–∑–±—Ä–æ—î–Ω—å', '—Å–æ–ª—Ç', 'saltnpepa', '—Å—ñ–ª—å–Ω–∏—á–∫—É', '–∫—É—Ö–æ–≤–∞—Ä—Å—å–∫–∞_—Å—ñ–ª—å', '—Å–æ–ª—ñ_–∫–∞–ª—ñ—é', '—Ö–∞—Ä—á–æ–≤–∞_—Å—ñ–ª—å', '–æ—Å–≤2', '—Å—Ç–æ–ª–æ–≤–∞_—Å—ñ–ª—å', '–ø–µ—Ä–µ–º–æ–≤–∏–Ω–∏_–ø—Ä–æ_–æ–±–º–µ–∂–µ–Ω–Ω—è_—Å—Ç—Ä–∞—Ç–µ–≥—ñ—á–Ω–∏—Ö_–æ–∑–±—Ä–æ—î–Ω—å']
sand	–ø—ñ—Å–æ–∫	Match	['–º–æ–Ω–æ–º—ñ–Ω–µ—Ä–∞–ª—å–Ω–∏–π_–ø—ñ—Å–æ–∫', '–∑–∞–Ω–¥–∞–º–º–∞–π–Ω', '–ø—ñ—Å–æ–∫', '–∫–∏—à–∫–∏', 'sand', '–±–∞—Ä–æ–Ω–µ—Å–∞_–¥—é–¥–µ–≤–∞–Ω–∞', '–∑–∞–Ω–¥–Ω–∞–º–∞–π–Ω—ñ', '–∂–æ—Ä–∂_—Å–∞–Ω–¥', '—à–µ–Ω–µ–Ω–±–µ—Ä–≥–∫—é–±–µ–ª—å–±–µ—Ä–≥', '—Å–∞–Ω–¥', 'sand_am_main', 'amandine_aurore_–ª—é—Å—ñ_–¥—é–ø–µ–Ω', 'moxie', 'sch√∂nenbergk√ºbelberg', '–∑—É—Ö–≤–∞–ª—ñ—Å—Ç—å', '—Å–∞–Ω–¥_–∂–æ—Ä–∂', '–∂–æ—Ä–∂_–∑–∞–Ω–¥']
say	—Å–∫–∞–∑–∞—Ç–∏	Match	['–∂–∞–Ω–±–∞—Ç—ñ—Å—Ç_—Å–µ–π', 'in_blue', '–∂–∞–Ω_–±–∞—Ç–∏—Å—Ç_—Å–µ–π', 'thomas_say', 'jeanbaptiste_say', '—Å–∫–∞–∂—É—Ç—å', 'say', '–æ—Å–µ–π–∫—ñ—Å', '–ø—Ä–∏–ø—É—Å—Ç–∏–º–æ', 'osakis', '–≥–æ–≤–æ—Ä–∏ÃÅ—Ç–∏', '–∫–∞–∑–∞ÃÅ—Ç–∏', '—Å–∫–∞–∑–∞—Ç–∏', '–∑–∞—è–≤–∏—Ç–∏', '—Å–∫–∞–∑–∞ÃÅ—Ç–∏', '–∫–∞–∂–µ—à', '–∫–∞–∂—É']
scratch	–≤–∏—Ç–∏—Ä–∞—Ç–∏	Incorrect	['—É—â—ñ–ª—å–Ω–µ–Ω–Ω—è', '—Å–∞–¥–Ω–∞', '–∫–∞—Å—Ç—Ä–æ–≤–∞–Ω–∏–π', '–µ—Ä–∞—Ç–∏–≤', '—Å—Ç–∏—Ä–∞–Ω–Ω—è', 'dinero', '—à–µ–∫–µ–ª—ñ–≤', 'handicap', '–º–µ—Ä–∑–µ–Ω–Ω–∏–π_–º–µ—Ç–∞–ª', '–Ω—É–ª—è', '–≤–∏—Ö—ñ–¥–Ω–∏–π_—Ä—É–±—ñ–∂', '—Å—Ç–∞–Ω_—à–∫—ñ—Ä–∏', '–∫–∞—Ä–∞–∫—É–ª—ñ', '—Å—ñ–º–æ–ª–µ–æ–Ω—ñ–≤', '–ø—É—Å—Ç—É–ª–∏', '–ø–ª—è–º', '–≥–æ–ª—å—Ñ_–≥–∞–Ω–¥–∏–∫–∞–ø—É', '–≥—Ä–æ—à–µ–Ω—è—Ç–∞', '—Å–∫—Ä–µ—Ç—á', '–º–æ–ª—é—Å–∫–∏', '–¥—Ä—è–ø–∞–Ω–∫–∞', '–¥–µ—Ä–º–∞—Ç–æ–∑—ñ–≤', 'cacography', '–ª—ñ—Ö–µ–Ω—ñ–∑–∞—Ü—ñ—è', '–¥–µ—Ä–º–∞—Ç–æ–∑', '–ø–æ–¥—Ä—è–ø–∏–Ω', 'peter_gabriel', 'scratch', '–ø–æ–¥—Ä—è–ø–∏–Ω_–ª—ñ–Ω—ñ—ó', '—É—Ä–∞–∂–µ–Ω–Ω—è_—à–∫—ñ—Ä–∏']
sea	–º–æ—Ä—è	Found close match: ['–º–æ—Ä–µ', '–º–æÃÅ—Ä–µ']	['–º—ñ—Å—è—á–Ω–∏—Ö_–º–æ—Ä—ñ–≤', '–º–æÃÅ—Ä–µ', '–ø–µ—Ä–µ–ª—ñ–∫_–º–æ—Ä—ñ–≤', 'slc25a1', '–æ–∫–µ–∞–Ω–∏', '—á–∞—Å—Ç–∏–Ω–∏_—Å–≤—ñ—Ç–æ–≤–æ–≥–æ_–æ–∫–µ–∞–Ω—É', '—Å–≤—ñ—Ç–æ–≤–∏–π_–æ–∫–µ–∞–Ω', '–º–æ—Ä–µ', 'sea', '–º—ñ—Å—è—á–Ω—ñ_–º–æ—Ä—è', '–æ–∫–µ–∞–Ω', '–º—ñ—Å—è—á–Ω–µ_–º–æ—Ä–µ']
see	–≥–ª—è–Ω—É—Ç–∏	Found close match: ['–ø–µ—Ä–µ–≥–ª—è–Ω—É—Ç–∏', '–æ–≥–ª—è–¥–∞ÃÅ—Ç–∏']	['–±–∞—á—É', '–≥—ñ–æ—Å—Ü—ñ–Ω', '—Ñ–æ—Ç–æ–ø—ñ—á–Ω–∏–π_–∑—ñ—Ä', '–∑–µ', '–≤–∏—è–≤–∏—Ç–∏', '–∑—É—Å—Ç—Ä—ñ—á–∞ÃÅ—Ç–∏', '—î–ø–∏—Å–∫–æ–ø–∞', '—Ä–æ–∑–≥–ª—è–¥–∞—Ç–∏', 'tycho', '—Å–∫–æ–ø–æ–ª–∞–º—ñ–Ω', '–ø–µ—Ä–µ–≥–ª—è–Ω—É—Ç–∏', '–ø–æ—á—É—Ç–∏', '–≤—ñ–¥–≤—ñ–¥–∞—Ç–∏', '–∑—É—Å—Ç—Ä—ñÃÅ—Ç–∏', '–¥—ñ–∑–Ω–∞—Ç–∏—Å—è', '–¥–∏–≤', '–ø–æ–¥–∏–≤–∏—Ç–∏—Å—è', '—Å–ø–æ–≥–ª—è–¥–∞–Ω–Ω—è', '—Å–ø–æ—Å—Ç–µ—Ä—ñ–≥–∞—Ç–∏', '–ø–æ–±–∞—á–∏—Ç–∏', 'see', '–∑–∞–±–µ–∑–ø–µ—á–∏—Ç–∏', '–±–∞—á–∏—Ç–µ', '–æ–≥–ª—è–¥–∞ÃÅ—Ç–∏', '–∑–æ—Ä–æ–≤–µ_—Å–ø—Ä–∏–π–Ω—è—Ç—Ç—è', '–¥–µ–Ω–Ω–∏–π_–∑—ñ—Ä', '–≤—ñ–¥–≤—ñÃÅ–¥–∞—Ç–∏', '–±–∞—á–∏—Ç–∏', '—Å–∫–æ—Ç–æ–ø—ñ—á–Ω–∏–π_–∑—ñ—Ä', '–≤—ñ–¥–≤—ñÃÅ–¥—É–≤–∞—Ç–∏', '–∑—ñ—Ä', '—Ä–æ–∑—É–º—ñÃÅ—Ç–∏', '–∞–µ—Ä–æ–Ω']
seed	–Ω–∞—Å—ñ–Ω–Ω—è	Match	['—Å—ñ–¥_–ø–æ–º—Å—Ç–∞_–ø–æ–≤—Å—Ç–∞–ª–æ–≥–æ', '–ø—ñ–≤—Ñ—ñ–Ω–∞–ª—ñ—Å—Ç', '–∂–æ–¥–Ω–æ–≥–æ_—Ç—É—Ä–Ω—ñ—Ä—É_–ª—ñ–∫–≤—ñ–¥–∞—Ü—ñ—ó', 'final_fantasy_viii', '–ø—ñ–≤—Ñ—ñ–Ω–∞–ª', 'sublime', '–æ–ª—ñ–º–ø—ñ–π—Å—å–∫–∞_—Å–∏—Å—Ç–µ–º–∞', '–Ω–∞—Å—ñ–Ω–Ω—è', '–Ω–∞—Å—ñ–Ω–∏–Ω–∞', '—Å—ñÃÅÃÅ–º—è', '—Ä–æ–∑—Å—ñ—é–≤–∞–Ω–Ω—è', '–ø–æ—Ç–æ–º—Å—Ç–≤–æ', '–ø—ñ–≤—Ñ—ñ–Ω–∞–ª—ñ', '–¥–∂–µ—Ä–µ–ª–æ–º', '–ø–æ—Å—ñ—è–Ω–∏—Ö_–≥—Ä–∞–≤—Ü—ñ–≤', '–æ–¥–Ω–æ–≥–æ_–≤—ñ–¥–±—ñ—Ä–∫–æ–≤–∏–π_—Ç—É—Ä–Ω—ñ—Ä', '–ø—Ä–∏—Ö–æ–¥–∏—Ç–∏', '–µ—è–∫—É–ª—èÃÅ—Ç', '–µ—è–∫—É–ª—è—Ç', '–µ—è–∫—É–ª—é–≤–∞—Ç–∏', '—á–≤–µ—Ä—Ç—å—Ñ—ñ–Ω–∞–ª', '—Å–ø–µ—Ä–º–∏', '–æ–¥–Ω—ñ–π_–ª—ñ–∫–≤—ñ–¥–∞—Ü—ñ—è', '—Ñ—ñ–Ω–∞–ª—É', '–Ω–∞—Å—ñ–Ω–Ω–æ—ó_—Ä—ñ–¥–∏–Ω–∏', '–Ω–∞—Å—ñ–Ω–∏ÃÅ–Ω–∞', 'santi', '—Å–ø–µ—Ä–º–∞', '–Ω–æ–∫–∞—É—Ç—Å–∏—Å—Ç–µ–º–∞', '–Ω–∞—Å—ñÃÅ–Ω–Ω—è', 'seed', '—Å–ø–µÃÅ—Ä–º–∞', '—Å—ñÃÅ–º—è']
sew	—à–∏—Ç–∏	Match	['–≤–∏—à–∏–≤–∫–∏', '—à–∏—Ç–∏', '—Ç–∏—Ö', '—à–∏—Ç—Ç—è']
sharp	–¥—É–≥–æ–ø–æ–¥—ñ–±–Ω–∏–π	Incorrect	['skinheads_against_racial_prejudice', 'spen', '–¥—ñ—î–∑', 'sharp_energy_solution_europe', '–≥–æ—Å—Ç—Ä—ñ', 'sharp_corporation', 'sharp', '‚ôØ', '–≥–æ—Å—Ç—Ä–∏–π']
short	–∫–æ—Ä–æ—Ç–∫–∏–π	Match	['–∫–æ—Ä–æ—Ç–∫–æ–≥–æ_–∑–∞–º–∏–∫–∞–Ω–Ω—è', '–∫–æ—Ä–æ—Ç–∫–µ_–∑–∞–º–∏–∫–∞–Ω–Ω—è', '–∫–æ—Ä–æ—Ç–∫–æ–º–µ—Ç—Ä–∞–∂–Ω–∏–π_—Ñ—ñ–ª—å–º', 'shortstop', '–∫–æ—Ä–æ—Ç–∫–∞', '–∫–æ—Ä–æ—Ç–∫—ñ', '—Ä—ñ–∑–∫–æ', '–∫–æ—Ä–æ—Ç–∫–æ–º–µ—Ç—Ä–∞–∂–Ω–µ_–∫—ñ–Ω–æ', '–ø—Ä–∏—è—Ç–µ–ª—ñ', '–∫–æ—Ä–æ—Ç–∫—ñ_–ø—Ä–æ–¥–∞–∂—ñ', '–∫–æ—Ä–æ—Ç–∫–∏–π_–ø—Ä–æ–¥–∞–∂', '–∑–Ω–µ–Ω–∞ÃÅ—Ü—å–∫–∞', '—Ä–∞–ø—Ç–æ–º', '–∫—ñ–Ω–æ_–∫–æ—Ä–æ—Ç–∫–æ–º–µ—Ç—Ä–∞–∂–Ω–µ', '–∫–æ—Ä–æ—Ç–∫—É_–ø–æ–∑–∏—Ü—ñ—é', 'short', '–∫–æ—Ä–æ—Ç–∫–æ–º–µ—Ç—Ä–∞–∂–Ω–∏–π', '–Ω–µ—Å–ø–æ–¥—ñ–≤–∞–Ω–æ', '—Ñ—ñ–ª—å–º_–∫–æ—Ä–æ—Ç–∫–æ–º–µ—Ç—Ä–∞–∂–Ω–∏–π', '–∫–æ—Ä–æ—Ç–∫–æ–º–µ—Ç—Ä–∞–∂–Ω–∏—Ö_–º—É–ª—å—Ç—Ñ—ñ–ª—å–º—ñ–≤', '–Ω–∏ÃÅ–∑—å–∫–∏–π', '–∫–æ—Ä–æ—Ç–∫–∞_–ø—Ä–æ–¥–∞–∂', '—Å–∫–æ—Ä–æ—á–µ–Ω–æ', '–∫–æ—Ä–æ—Ç–∫–∏–π', '–∫–æ—Ä–æ—Ç–∫–æ–º–µ—Ç—Ä–∞–∂–∫–∞', '–∫–æ—Ä–æ—Ç–∫–∏–π_–º–µ—Ç—Ä', '–∫–æ—Ä–æ—Ç–∫–µ', '–∫–æ—Ä–æ—Ç–∫–æ–º–µ—Ç—Ä–∞–∂–Ω—ñ_—Ñ—ñ–ª—å–º–∏', 'shortstops', '—Ä–∞–ø—Ç–æ–≤–æ']
sing	–∑–∞—Å–ø—ñ–≤–∞—Ç–∏	Match	['–≤–æ–∫–∞–ª—ñ—Å—Ç', '–∑–∞—Å–ø—ñ–≤–∞—Ç–∏', 'leisure', '—Å–ø—ñ–≤–∞ÃÅ—Ç–∏', '–≤–æ–∫–∞–ª—å–Ω–µ_–º–∏—Å—Ç–µ—Ü—Ç–≤–æ', '—Å–ø—ñ–≤–∞—Ç–∏', '–≤–æ–∫–∞–ª—ñ—Å—Ç—ñ–≤', '—Å–ø—ñ–≤–∞—é—Ç—å', '—Å–ø—ñ–≤–∏', '—Å–ø—ñ–≤–∞ÃÅ–Ω–Ω—è', '—á–∏—Å—Ç–∏–π_–≤–æ–∫–∞–ª', '—Å–ø—ñ–≤–∞—é', '–≤–æ–∫–∞–ª', '—Å–ø—ñ–≤–∞–π', '–∂—ñ–Ω–æ—á–∏–π_–≤–æ–∫–∞–ª', '–≤–æ–∫–∞–ª—ñ–∑–∞—Ü—ñ—ó', '–∑–∞—Å–ø—ñ–≤–∞ÃÅ—Ç–∏', '—Å–ø—ñ–≤', 'sing', '–ø–æ–ø—Å–ø—ñ–≤–∞–∫']
sit	—Å–∏–¥—ñ—Ç–∏	Match	['—Å–∏–¥—ñÃÅ—Ç–∏', 'sit1', '–ø–æ—Å–∞–¥–∏', '—ó–∑–¥–∏—Ç–∏', '—Å—ñÃÅ—Å—Ç–∏', '—Å–∏–¥—è—á–∏', '—Å–∏–¥—ñ—Ç–∏', '—Å—ñ—Å—Ç–∏']
skin	—à–∫—ñ—Ä–∏	Match	['day_for_night', '–∫–ª—ñ—Ç–∏–Ω_—à–∫—ñ—Ä–∏', 'almost_human', '—à–∫—ñ—Ä–∏', 'ray_of_light', '–¥—Ä—É–∫–æ–≤–∞–Ω–∏—Ö_–ø–ª–∞—Ç', '–∞–≤—Å—Ç—Ä–∞–ª—ñ–π—Å—å–∫–∏—Ö_–∞–±–æ—Ä–∏–≥–µ–Ω—ñ–≤_—Å–ø–æ—Ä—ñ–¥–Ω–µ–Ω–æ—Å—Ç—ñ', '–¥–æ–¥–∞—Ç–∏_–≤', '–¥—Ä—É–∫–æ–≤–∞–Ω–∞_–ø–ª–∞—Ç–∞', '–º–æ–Ω—Ç–∞–∂–Ω–∞_–ø–ª–∞—Ç–∞', '–ø—Ä–æ–º—ñ–Ω—å_—Å–≤—ñ—Ç–ª–∞', 'skin', '–±–æ–∂–µ–≤—ñ–ª—å–Ω—ñ', '—à–∫—ÉÃÅ—Ä–∞', '—à–∫i—Ä–∞', 'blender', '–≤—Å—Ç–∞–≤–Ω–æ—é', '—à–∫—ñ—Ä—è–Ω–∏–π_–ø–æ–∫—Ä–æ–≤', '–¥–µ—Ä–º–∞', 'printed_circuit_board', '—Ü–µ–¥—Ä–∞', '–¥—Ä—É–∫–æ–≤–∞–Ω–∞_—Å—Ö–µ–º–∞', '–ø–ª–∞–≥—ñ–Ω', '–≤—Ç—É–ª–æ–∫', '–Ω–∞–¥–±—É–¥–æ–≤–∏', '–º–∞–π–∂–µ_–ª—é–¥–∏–Ω–∞', '–æ–±–æ–ª–æ–Ω–∫–∏', '—à–∫—ñ—Ä–∞', '–ø–ª–∞“ë—ñ–Ω', '–æ–±–æ–ª–æ–Ω–∫–∞', '–ø—Å–∏—Ö—ñ–∞—Ç—Ä–∏—á–Ω–∞_–ª—ñ–∫–∞—Ä–Ω—è', '—Å–∫—ñ–Ω–∏', '—Å—Ö–µ–º–∞_–∫–∞—Ä—Ç–∏', 'r_kelly', '–∫—É—Ç—ñ—Å', 'plugin', '—à–∫—ñ—Ä–Ω–∏–π_–ø–æ–∫—Ä–∏–≤']
sky	–Ω–µ–±–∞	Found close match: ['–Ω–µ–±–æ', '–Ω–µ–±–æ–º', '–Ω–µÃÅ–±–æ']	['sky_airlines', '–∞—Ç–º–æ—Å—Ñ–µ—Ä–∞_–∑–µ–º–ª—ñ', '–±–ª–∞–∫–∏—Ç–Ω–∏–π', '00ccff', '–∑–µ–º–Ω–∞_–∞—Ç–º–æ—Å—Ñ–µ—Ä–∞', 'cerulean', '–±–ª–∞–∫–∏—Ç–Ω–∞_–±–∞—Ä–≤–∞', '–≤—ñ–Ω–∫—Å', 'credo', 'sky', '–±–ª–∞–∫–∏—Ç–Ω–∏–π_–∫–æ–ª—ñ—Ä', 'stacey_king', 'lazuline', '—Ç–≤–µ—Ä–¥—ñ–Ω—å', '–∞—Ç–º–æ—Å—Ñ–µ—Ä–∏_–∑–µ–º–ª—ñ', 'team_sky', '–ø–æ–≤—ñ—Ç—Ä—è', '–Ω–µ–±–æ', '–≥–µ—Ç–µ—Ä–æ—Å—Ñ–µ—Ä—É', '–Ω–µÃÅ–±–æ', 'tyro3', '–Ω–µ–±–æ–º', '–ª–∞–∑—É—Ä–æ–≤–∏–π', 'winx_club', '–∫–ª—É–±_–≤—ñ–Ω–∫—Å_—à–∫–æ–ª–∞_—á–∞—Ä—ñ–≤–Ω–∏—Ü—å', '–Ω–µ–±–æ–∑–≤—ñ–¥', 'thatgamecompany']
sleep	—Å–Ω—É	Match	['—Å–Ω—É', '–ø–æ–≤—ñ–ª—å–Ω–∏–π_—Å–æ–Ω', '–≤—ñ—á–Ω–∏–º_—Å–Ω–æ–º', '–∫–≤–∏—Ç–∞–Ω—Ü—ñ—è', '—Ä–µ–∂–∏–º—ñ_–æ—á—ñ–∫—É–≤–∞–Ω–Ω—è', '—Ñ–∞–∑–∞_–ø–æ–≤—ñ–ª—å–Ω–æ–≥–æ_—Å–Ω—É', '—Ñ–∞–∑–∞_—à–≤–∏–¥–∫–æ–≥–æ_—Å–Ω—É', '—Ñ–∞–∑–∏_—Å–Ω—É', '—Å–ø–∏—Ç—å', 'sopor', '–ø–∞—Ä–∞–¥–æ–∫—Å–∞–ª—å–Ω–∏–π_—Å–æ–Ω', '—Å–ø–ª—è—á–∏–π', '—Å–æ–Ω', '—à–≤–∏–¥–∫–∏–π_—Å–æ–Ω', '—Å–æ–ø–æ—Ä', '–≥—ñ–±–µ—Ä–Ω–∞—Ü—ñ—è', 'the_black_parade', '–≤—ñ—á–Ω–∏–π_—Å–ø–æ–∫—ñ–π', '—Å–ø–ª—è—á–æ–≥–æ', '—Å–ø–ª—è—á–∏–π_—Ä–µ–∂–∏–º', '—Å–ø–∞—Ç–∏', 'sleep']
small	–Ω–µ–≤–µ–ª–∏–∫–∏–π	Incorrect	['small', 'john_kunkel_small', '–º–∞–ª–µ–Ω—å–∫—ñ', '–º–∞–ª–∏–π', '–º–∞–ª—ñ', '–ø–æ–ø–µ—Ä–µ–∫']
smell	–∑–∞–ø–∞—Ö	Match	['–¥—É—Ö', '–Ω—é—Ö–æ–≤–æ—ó_–º–æ–¥–∞–ª—å–Ω–æ—Å—Ç—ñ', '–∑–∞–ø–∞—Ö—É', '–∑–∞–ø–∞—Ö–∏', '–Ω—é—Ö–æ–≤—ñ_–≤—ñ–¥—á—É—Ç—Ç—è', '–Ω—é—Ö–æ–≤—ñ_—Å–ø—Ä–∏–π–Ω—è—Ç—Ç—è', '–∑–∞–ø–∞—Ö', '–Ω—é—Ö', '–∞–∫—Å–µ—Å—É–∞—Ä_–Ω—é—Ö–æ–≤–æ—ó_—Å–∏—Å—Ç–µ–º–∏', '–ø–æ—á—É—Ç—Ç—è', '–Ω—é—Ö—É', '—Ç–æ–Ω', '–Ω–µ–ø—Ä–∏—î–º–Ω–∏–π_–∑–∞–ø–∞—Ö', '–Ω—é—Ö–æ–≤—ñ_–≤–ª–∞—Å–Ω–æ—Å—Ç—ñ']
smoke	–¥–∏–º—É	Found close match: ['–¥–∏–º', '–¥–∏–º—ñ—Ç–∏']	['sens', '–ø–∞–ª—ñÃÅ–Ω–Ω—è', '–∫—É—Ä—ñ–Ω–Ω—è', '—Å–∏–≥–∞—Ä–µ—Ç–∞', '–¥–∏–º', '–¥–∏–º—ñ—Ç–∏', '—Å–µ—Å—Å', 'fastball', '—Ü–∏–≥–∞ÃÅ—Ä–∫–∞', '–ø–∞–ø—ñ—Ä–æÃÅ—Å', 'white_noise', '–ø–∞–ª–∏—Ç–∏', '–∫—É—Ä–∏ÃÅ—Ç–∏', '–ø–∞–ø—ñ—Ä–æ—Å–∏', '–ø–∏—Ö—Ç–∞', '—Å–∏–≥–∞—Ä–µÃÅ—Ç–∞', '—Ç—é—Ç—é–Ω', '–º–∞—Ä–∏—Ö—É–∞–Ω–∞', 'nicotiana', '—Ç—é—Ç—éÃÅ–Ω', 'yin_yang_yo', '—Å–∏–≥–∞—Ä–µ—Ç—É', '–∑–µ–ª–µ–Ω–∞_–±–æ–≥–∏–Ω—è', '–ø–∞–ø—ñ—Ä–æ—Å–∞', '–º–∞–≥–Ω—ñ—Ç–æ–æ–ø—Ç–∏—á–Ω–∏—Ö_–µ—Ñ–µ–∫—Ç—É_–∫–µ—Ä—Ä–∞', '—Ç—Ä—É–Ω—É_–Ω—ñ–≥—Ç—ñ–≤', '—Ü–∏–≥–∞—Ä–∫–∏', '—Ü–∏–≥–∞—Ä–∫–∏__–º—ñ–∂–Ω–∞—Ä–æ–¥–Ω—ñ_–º–∞—Ä–∫–∏', '–∫—É—Ä—ñÃÅ–Ω–Ω—è', '—Å–∏–≥–∞—Ä–µ—Ç–∏', '–∫—É—Ä–∏—Ç–∏', '—Ä—É–ª–æ–Ω_—Ç—é—Ç—é–Ω—É', '—Ä–æ—Å–ª–∏–Ω–∏_—Ç—é—Ç—é–Ω—É', '–ø–∞–ø—ñ—Ä–æÃÅ—Å–∞', '–ø–∞–ª—é', 'mary_jane', '—Ü–∏–≥–∞—Ä–∫–∞', '–ø–∞–ª–∏ÃÅ—Ç–∏', 'smoke']
smooth	–≥–ª–∞–¥–∫—ñ	Found close match: ['–≥–ª–∞–¥–∫–∏–π']	['gerald_albright', '–±–∞–ª–∞–Ω—Å', '–≥–ª–∞–¥–∫–µ_—á–∏—Å–ª–æ', 'smooth', '–ø–ª–∞–≤–Ω–µ', '–ø–ª–∞–≤–Ω—ñ', '–≤—è–∂—É—á—É_–¥—ñ—é', '—Ñ—Ä—É–∫—Ç–∏', '–±—É–∫–µ—Ç', '—Ç—ñ–ª–∞', '–≥–ª–∞–¥–∫–∏–π', '–º—ñ–Ω–µ—Ä–∞–ª—å–Ω–∏—Ö', '–ø–ª–∞–≤–Ω–æ', '–∑–≥–ª–∞–¥–∂—É–≤–∞–Ω–Ω—è']
snake	–∫—Ä–æ–∫–æ–¥–∏–ª–∞	Incorrect	['–∑–º—ñ—è', '–∑–º—ñ—è_–ø—ñ–¥–∫–æ–ª–æ–¥–Ω–∞', '–∑–º—ñ—î–ø–æ–¥—ñ–±–Ω–æ—ó', 'bell_ah1_cobra', '—Å—É–∑—ñ—Ä—è_–≥—ñ–¥—Ä–∞', 'ah1_cobra', 'snake', '–∑–º—ñ—ó', 'solid_snake', '—Å–Ω–µ–π–∫', '–∫–æ–¥_–≥—Ä–µ—è', 'snake_jailbird', '—Å–Ω–µ–π–∫_–¥–∂–µ–π–ª–±–µ—Ä–¥', '–∑–º—ñ—è_—É_–≥–µ—Ä–∞–ª—å–¥–∏—Ü—ñ', '–≥—ñ–¥—Ä–∞', '–∑–º—ñ–π', 'snake_river', '—É—Ä–æ–±–æ—Ä–æ—Å', 'serpentes', '—Ö–µ–±—ñ']
snow	—Å–Ω—ñ–≥	Match	['‚ùÜ', '—Å–Ω—ñ–≥–æ–≤–æ–≥–æ_–ø–æ–∫—Ä–∏–≤—É', '¬´—Å–Ω—ñ–≥¬ª', '—Å–Ω—ñ–≥', '—à–Ω—è–≤–∞', '—Å–Ω—ñ–≥—É', '–∫—ñ—Å—Ç–∫–∏', '—Å–Ω–æ—É', '—Å–Ω—ñ–≥–æ–ø–∞–¥', 'snow', '—á–∞—Ä–ª—å–∑_–ø–µ—Ä—Å—ñ_—Å–Ω–æ—É', '—â—ñ–ª—å–Ω—ñ—Å—Ç—å_—Å–Ω—ñ–≥—É', '–≤–æ—ó–Ω–∏', '–Ω—ñ—Å_—Ü—É–∫–µ—Ä–∫–∏', 'ffmpeg', '‚ùÑ', '–º–æ–∫—Ä–∏–π_—Å–Ω—ñ–≥', '—Å–Ω—ñ–≥–æ–º', '–Ω–µ_–∑–æ–≤—Å—ñ–º_–±—ñ–ª–∏–π', '‚ùÖ', '–±–∞—Ä–æ–Ω_—Å–Ω—ñ–≥_–ª–µ—Å—Ç–µ—Ä', '–ø–æ—Ä–æ—à–∞', '—Å_–ø_—Å–Ω—ñ–≥', '—Å–Ω—ñ–≥–æ–ø–∞ÃÅ–¥']
some	–¥–µ—è–∫—ñ	Match	['–¥–µ—Ö—Ç–æ', '–∞–±–æ_–±–ª–∏–∑—å–∫–æ_—Ç–æ–≥–æ', '—è–∫–µ—Å—å', '—Ç—Ä–æ—Ö–∏', '–¥–µ—è–∫—ñ', '–º–∞ÃÅ–π–∂–µ', '–±–ª–∏–∑—å–∫–æ', '—è–∫–∏–π—Å—å', '–ø—Ä–∏–±–ª–∏ÃÅ–∑–Ω–æ', '–ø—Ä–∏–±–ª–∏–∑–Ω–æ', '–±—ñ–ª—å—à–º–µ–Ω—à']
spit	–ø–æ—Ä—ñ–∑–∞—Ç–∏	Incorrect	['—Å–ª–∏–Ω–∞', '—Å–ª—é–Ω–∞', '–∫–æ—Å–∞', '—Ö–∞—Ä–∫–æ—Ç–∏–Ω–Ω—è', '–ø—ñ—â–∞–Ω—ñ–π_–∫–æ—Å—ñ', 'spit', '—Ä–æ–∂–µ–Ω', '–≤—ñ–¥—Ö–∞—Ä–∫—É–≤–∞–Ω–Ω—è', '–ø–ª—é–≤–∞—Ç–∏', '–ø–ª—é–≤–∞ÃÅ—Ç–∏', '–ø–ª—é–≤–æ–∫', '–Ω–∞–ø–ª—é–≤–∞ÃÅ—Ç–∏', '–ø–ª—é–≤–∞–Ω–Ω—è', '–ø–ª—éÃÅ–Ω—É—Ç–∏', '—Å–ª–∏–Ω–∏', '–∫–æ—Å–∏', '—Å–ª–∏ÃÅ–Ω–∞', '–≥—Ä–∏–ª—å']
split	—Ä–æ–∑–¥—ñ–ª–µ–Ω–æ	Found close match: ['—Ä–æ–∑–¥—ñ–ª–µ–Ω–∞', '—Ä–æ–∑–¥—ñ–ª–µ–Ω–Ω—è', '—Ä–æ–∑–¥—ñ–ª–∏—Ç–∏']	['—Å–ø–ª—ñ—Ç_–∞–ª—å–±–æ–º', '–≥–µ—Ç–µ—Ä–æ–∑–∏–≥–æ—Ç–Ω–∏—Ö', '—Å–ø–ª—ñ—Ç–∫–æ–º–ø—ñ–ª—è—Ü—ñ—è', '—Ä–æ–∑–∫–æ–ª', '—Å–ø–ª—ñ—Ç–∞–ª—å–±–æ–º', '–¥—Ä–æ–±–∏—Ç–∏', 'birds_of_prey', '—Ä–æ–∑–¥—ñ–ª–∏—Ç–∏', 'split', '–≥–µ—Ç–µ—Ä–æ–∑–∏–≥–æ—Ç–Ω–æ—Å—Ç—ñ', '—Å–ø–ª—ñ—Ç_–∞–∫—Ü—ñ–π', '–≥–µ—Ç–µ—Ä–æ–∑–∏–≥–æ—Ç–∏', '–≥–æ–º–æ–∑–∏–≥–æ—Ç–∏', '—Ä–æ–∑–¥—ñ–ª–µ–Ω–Ω—è', '–≥–µ—Ç–µ—Ä–æ–∑–∏–≥–æ—Ç', '–≥–æ–º–æ–∑–∏–≥–æ—Ç–Ω–æ—Å—Ç—ñ', '12512_—Å–ø–ª—ñ—Ç', '–≥–µ—Ç–µ—Ä–æ–∑–∏–≥–æ—Ç–Ω–∏–π', '–≥–æ–º–æ–∑–∏–≥–æ—Ç–Ω–∏—Ö', '–≥–µ–º—ñ–∑—ñ–≥–æ—Ç–Ω–∏—Ö', '–≥–æ–º–æ–∑–∏–≥–æ—Ç', '–∑—ñ–≥–æ—Ç–Ω–æ—Å—Ç—å', '—Å–ø–ª—ñ—Ç', '–¥—Ä–æ–±–ª–µ–Ω–Ω—è', '—Ä–æ–∑–¥—ñ–ª–µ–Ω–∞', '—Å–ø–ª—ñ—Çlp', '—Å–ø–ª–∏—Ç', '—à–ø–∞–≥–∞—Ç', '—Ä–æ–∑–∫–æ–ª_–∞–ª—å–±–æ–º', '–≥–µ—Ç–µ—Ä–æ–∑–∏–≥–æ—Ç–Ω—ñ—Å—Ç—å', '–¥—Ä–æ–±–ª–µ–Ω–Ω—è_–∞–∫—Ü—ñ–π', '12512_split']
squeeze	–ø–µ—Ä–µ–≤–µ—Ä–Ω—É—Ç–∏	Not found	[]
stab	–ø–æ—Ä–∞–Ω–µ–Ω–æ–≥–æ	Incorrect	['—É–¥–∞—Ä_—Ä–æ–≥–æ–º', 'scream_2', '—Å–ø—Ä–æ–±–∞', '–Ω—ñ–∂_—Ç—è–≥–∏', '—Å—Ç–∞–±', '–∫—Ä–∏–∫_2']
stand	—Å—Ç–æ—è—Ç–∏	Match	['—Å—Ç–µ–Ω–¥', '–ø–∞—Ä—Ç–Ω–µ—Ä—Å—Ç–≤–∞', '—Å—Ç–æ—èÃÅ—Ç–∏', '—Ç–æÃÅ—á–∫–∞_–∑–æÃÅ—Ä—É', '–∑–æ—Ä—É', '–µ—Å—Ç—Ä–∞–¥–∞_–¥–ª—è_–æ—Ä–∫–µ—Å—Ç—Ä—É', '—Ç–æ—á–∫–∞_–∑–æ—Ä—É', '–±—É—Ä–∏–ª—å–Ω–∞_—Å–≤—ñ—á–∫–∞', '—Ñ—Ä—É–∫—Ç–æ–≤–∏–π_—Å–∞–¥', '—Å–∞–¥—ñ–≤', '—Å–∞–¥', '–≥–∞–π', '—Ñ—Ä—É–∫—Ç–æÃÅ–≤–∏–π_—Å–∞–¥', '—Ü—É–∫—Ä–æ–≤–æ—ó_–ø–ª–∞–Ω—Ç–∞—Ü—ñ—ó', '–ø–ª–∞–Ω—Ç–∞—Ü—ñ—ó_–±–∞–≤–æ–≤–Ω–∏', 'woodlet', '–∫–∞—É—á—É–∫–æ–≤—ñ–π_–ø–ª–∞–Ω—Ç–∞—Ü—ñ—ó', '–∫–∞–≤–æ–≤–æ—ó_–ø–ª–∞–Ω—Ç–∞—Ü—ñ—ó', '—Å—Ç–æ—è—Ç–∏', '–ø–ª–∞–Ω—Ç–∞—Ç–æ—Ä', '—Ç–æ—á–∫–∏_–∑–æ—Ä—É', '–ø–ª–∞–Ω—Ç–∞—Ü—ñ—è', '–ø—Ä–∏–ª–∞ÃÅ–≤–æ–∫', '–ø–ª–∞–Ω—Ç–∞—Ü—ñ—ó', 'susan_ashton', '–≤—ñ–¥–∫—Ä–∏—Ç–∏–π_–µ—Ç–∞–ø', '—Å—Ç–æ—ó–º–æ', '–ø—Ä–æ–¥–∞–∂—ñ–≤_—Å—Ç–µ–Ω–¥', '—Ü—É–∫—Ä–æ–≤–∏—Ö_–ø–ª–∞–Ω—Ç–∞—Ü—ñ–π', '–∑', 'orchardist', 'stand']
star	–∑—ñ—Ä–∫–∞	Match	['–∞—Å—Ç–µ—Ä–∏—Å–∫', '‚ú±', '–ø—Ä–∏—Ö–∏–ª—å–Ω–∏–∫', '‚ú∂', '–∑–Ω–∞–º–µ–Ω–∏—Ç–∏–π_—á–æ–ª–æ–≤—ñ–∫', '–Ω–µ–±–µ—Å–Ω–µ_—Å–≤—ñ—Ç–∏–ª–æ', 'estelle', '‚ú¨', '–≤–∏–∑–Ω–∞—á–µ–Ω–Ω—è_–≤—ñ–¥—Å—Ç–∞–Ω—ñ_–¥–æ_–∑—ñ—Ä', '—Å–º–æ–ª–∏', 'mavin', '–∑—ñ—Ä–∫–∞_–ø–æ–ª—ñ–≥–æ–Ω—É', '‚ùä', '‚ú≤', '—Ñ–∞—Ö—ñ–≤–µ—Ü—å', '‚ÅÇ', 'ilean_almaguer', '—Å–µ–ª–µ–±—Ä—ñ—Ç—ñ–∑', '–∑—Ä–æ—Å—Ç–∞–Ω–Ω—è_—á–∞—Å—Ç–∫–∏_–º–∞—Ç—Ä–∏—Ü—ñ', '—Å—Ç–µ—Ä–æ—ñ–¥–æ–≥–µ–Ω–Ω–∏—Ö_–≥–æ—Å—Ç—Ä–∏–π_—Ä–µ–≥—É–ª—è—Ç–æ—Ä–Ω–∏–π_–±—ñ–ª–æ–∫', '‚ú∞', '‚òÖ', '‚ú´', 'star_tv', '–ø—Ä–æ–≤—ñ–¥–Ω–æ—é_–∞–∫—Ç—Ä–∏—Å–æ—é', '—Å–≤—ñ—Ç–∏–ª–æ', '‚ú∫', '—Ç–æ–ø–æ–ª–æ–≥—ñ—è_–∑—ñ—Ä–∫–∞', '–∑—ñ—Ä–æ—á–∫–∞', '–º–∞–π—Å—Ç–µ—Ä–Ω–∏–π', '–∞–¥–µ–ø—Ç', '–∑—ñ—Ä–æ—á–∫–∏', 'gucy2c', '‚òÜ', '‚ùâ', 'targz', '–∑–Ω–∞–º–µ–Ω–∏—Ç–æ—Å—Ç—ñ', '‚ú≥', 'maven', '–∫–µ—Ñ–∞–ª—å', '–∑—ñÃÅ—Ä–∫–∞', '—Å–≤—ñ—Ç–∏–ª–∞', '—Å–≤–∏—Å—Ç', '–≤–∏–∑–Ω–∞–≤–µ—Ü—å', '—á–∞—Ä—ñ–≤–Ω–∏–∫', '–ø–æ—Å–ª—ñ–¥–æ–≤–Ω–∏–∫', '–∫—ñ–Ω–æ–∑—ñ—Ä–∫–æ—é', '–ø–æ–ø–∑—ñ—Ä–∫–∏', '—Ö–µ–¥–ª–∞–π–Ω–µ—Ä', '–∑–æ—Ä—ñ', '–∑—ñ—Ä–æ–∫', '–∑–æ—Ä—è–Ω—ñ', '–∫—ñ–Ω–æ–∑—ñ—Ä–∫–∞', '–∑–æ—Ä—è–Ω–∏–π', '–º–∞—Ç—Ä–∏—Ü—è_–±–∫–≥', 'star', '‚úº', '—Å—Ç–∞—Ä', 'xerox_star', '–∑–Ω–∞–º–µ–Ω–∏—Ç–æ—Å—Ç–µ–π', 'the_rise_and_fall_of_ziggy_stardust_and_the_spiders_from_mars', '‚ùã', '‚ú¥', '—Ç–æ–ø–æ–ª–æ–≥—ñ—ó_–∑—ñ—Ä–∫–∞', '–∑—ñ—Ä–∫–∏', '—Ç–µ–ª–µ–≤–µ–¥—É—á–∏–π', '‚ú™', '‚úµ', '—Ä–µ–≤–Ω–∏—Ç–µ–ª—å', '–ø—è—Ç–∏–∑—ñ—Ä–∫–æ–≤–∏–π_–≥–æ—Ç–µ–ª—å', '–ø—Ä–∏–±—ñ—á–Ω–∏–∫', '‚ú∑', '‚úª', '‚ùÉ', '–∑—ñ—Ä–∫–∞', '—Å—É–ø–µ—Ä–∑—ñ—Ä–∫–∞', '—à–∏—à–∫–∞', '‚úØ', '–∑–æ—Ä—è', 'tar']
stick	–ø–∞–ª—å—Ü–µ–º	Found close match: ['–ø–∞–ª–∏—Ü—é']	['–∞–º–µ—Ä–∏–∫–∞–Ω—Å—å–∫–∏–π_—Å—Ç–∞–Ω–¥–∞—Ä—Ç–Ω–∏–π_–∫–æ–¥_–¥–ª—è_–æ–±–º—ñ–Ω—É_—ñ–Ω—Ñ–æ—Ä–º–∞—Ü—ñ—î—é', '—Ç—Ä–æ—Å—Ç–∏–Ω—É', '–±—É—à–ª–∞—Ç', '–¥–∂–æ–π—Å—Ç–∏–∫', '–º–∫–ø–ø', 'ascii–∫–æ–¥–∏', '–¥—É–±–∏–Ω–∞', '—Å–∏–Ω—Ö—Ä–æ–Ω—ñ–∑–∞—Ç–æ—Ä–∞–º–∏', '–º–µ—Ö–∞–Ω—ñ—á–Ω–∞_–∫–æ—Ä–æ–±–∫–∞_–ø–µ—Ä–µ–º–∏–∫–∞–Ω–Ω—è_–ø–µ—Ä–µ–¥–∞—á', 'billystick', '–∫–æ—Å—è–∫', 'üïπ', '–ø–∞–ª–∫–∞_–≥—É–º–æ–≤–∞', '–ø–∞–ª–∏—Ü—é', '–ø–∞ÃÅ–ª–∏—Ü—è', '–∑–∞–ª–∏—à–∏—Ç–∏—Å—è', 'ascii–∫–æ–¥', '–∫–∏–π–æ–∫', '–¥–æ—Ç—Ä–∏–º—É—é—Ç—å—Å—è', '–∫–∏–π–∫–æ–º', '—Å–∏–Ω—Ö—Ä–æ–Ω—ñ–∑–∞—Ç–æ—Ä—ñ–≤', '–≤–∞–∂—ñ–ª—å_–ø–µ—Ä–µ–º–∏–∫–∞–Ω–Ω—è_–ø–µ—Ä–µ–¥–∞—á', 'ascii', 'clapstick', '–∫–∏–π–æ–∫_—è–∫–æ—ó_–ø–æ–ª—ñ—Ü–µ–π—Å—å–∫–∏–π_–æ–∑–±—Ä–æ—î–Ω–∏–π_–≤–Ω–æ—á—ñ', '–≥—É–º–æ–≤–∏–π_–∫–∏–π–æ–∫', '–≥—É–º–æ–≤–∞_–ø–∞–ª–∏—Ü—è', '–¥–∂–æ–π—Å—Ç—ñ–∫', '–∫–æ—Ä–æ—Ç–∫—ñ_–ø–µ—Ä–µ–º–∏–∫–∞–Ω–Ω—è', '–º–µ—Ö–∞–Ω—ñ—á–Ω–∞_–∫–æ—Ä–æ–±–∫–∞_–ø–µ—Ä–µ–¥–∞—á', '–º–∞—Ä–∏—Ö—É–∞–Ω–∏_—Å–∏–≥–∞—Ä–µ—Ç–∏', '—Ç—Ä–æ—Å—Ç–∏–Ω–∏', '—Ä—É—á–∫–∞_—É–ø—Ä–∞–≤–ª—ñ–Ω–Ω—è', '—Å—Ç–∞–Ω–¥–∞—Ä—Ç_–ø–µ—Ä–µ–¥–∞—á—ñ']
stone	–∫–∞–º—ñ–Ω—å	Match	['–Ω–∞–ø—ñ–≤–¥–æ—Ä–æ–≥–æ—Ü—ñ–Ω–Ω–µ_–∫–∞–º—ñ–Ω–Ω—è', '–∫–∞–º—ñ–Ω—å', '—Å–∞–º–æ—Ü–≤—ñ—Ç', '—Ä–æ–∫—É', '–æ–ª—ñ–≤–µ—Ä_—Å—Ç–æ—É–Ω', '–µ–Ω–¥–æ–∫–∞—Ä–ø—ñ—é', '–æ–ø–ª–æ–¥–µ–Ω—å', '–Ω–∞–≤–∫–æ–ª–æ–ø–ª—ñ–¥–¥—è', '—Ö–∞—Ä–ª–∞–Ω_–∫–∞–º—ñ–Ω—å', '–≥—ñ—Ä—Å—å–∫—ñ_–ø–æ—Ä–æ–¥–∏', '–≥—ñ—Ä—Å—å–∫–∞_–ø–æ—Ä–æ–¥–∞', '–ø–µ—Ä–∏–∫–∞—Ä–ø—ñ–π', '–ø—Ä–∏—Ä–æ–¥–Ω–∏–π_–∫–∞–º—ñ–Ω—å', '–∫–æ—à—Ç–æ–≤–Ω—ñ_–∫–∞–º–µ–Ω—ñ', '—Ä–æ–∫', 'picul', '–∫–æ—à—Ç–æ–≤–Ω–µ_–∫–∞–º—ñ–Ω–Ω—è', '–µ–¥–≤–∞—Ä–¥_–¥–∞—Ä—Ä–µ–ª–ª_–∫–∞–º—ñ–Ω—å', '—Ö–∞—Ä–ª–∞–Ω_—Ñ—ñ—Å–∫_–∫–∞–º—ñ–Ω—å', '–¥–æ—Ä–æ–≥–æ—Ü—ñ–Ω–Ω–∏–π_–∫–∞–º—ñ–Ω—å', '—ñ—Å–∏–¥–æ—Ä_—Ñ–∞–π–Ω—à—Ç–µ–π–Ω_–∫–∞–º—ñ–Ω—å', '–ø–æ—Ä–æÃÅ–¥–∞', '—ñ—Å–∫–∞–Ω–¥–µ—Ä', '–ø–æ—Ä–æ–¥–∞', '—Ö–∞—Ä–ª–∞–Ω_f_–∫–∞–º—ñ–Ω—å', '—Å–∫–µ–ª—å–Ω—ñ_–ø–æ—Ä–æ–¥–∏', 'lucy_stone', '—Å–∫–µ–ª—ñ', '–≥—ñ—Ä—Å—å–∫—ñ_–ø–æ—Ä—ñ–¥–∏', '—ñ_—Ñ_–∫–∞–º—ñ–Ω—å', '–∫–∞–º–µ–Ω—éÃÅ–∫–∞', '—Å—Ç–æ—É–Ω', 'stone', '–∫–æ—à—Ç–æ–≤–Ω–∏–π_–∫–∞–º—ñ–Ω—å', '–∏—Å–∫–∞–Ω–¥–µ—Ä', '–Ω–∞–ø—ñ–≤–∫–æ—à—Ç–æ–≤–Ω–∏—Ö_–∫–∞–º–µ–Ω—ñ–≤', '–Ω–∞–ø—ñ–≤–∫–æ—à—Ç–æ–≤–Ω–µ_–∫–∞–º—ñ–Ω–Ω—è', 'harlan_fiske_stone', '—ñ—Å–∫–∞–Ω–¥–µ—Ä–º', '–∫–∞ÃÅ–º—ñ–Ω—å', '–¥–æ—Ä–æ–≥–æ—Ü—ñ–Ω–Ω—ñ_–∫–∞–º–µ–Ω—ñ', '–¥–æ—Ä–æ–≥–æ—Ü—ñ–Ω–Ω–µ_–∫–∞–º—ñ–Ω–Ω—è', '–ª—é—Å—ñ_—Å—Ç–æ—É–Ω', '–∫–∞–º—ñ–Ω–µ—Ü—å', '–ø–µ—Ä–∏–∫–∞—Ä–ø']
straight	–≤–≥–æ—Ä—É	Incorrect	['–ø—Ä—è–º–∏–π', '–≥–µ—Ç–µ—Ä–æ—Å–µ–∫—Å—É–∞–ª—å–Ω—ñ—Å—Ç—å', '–≥–µ—Ç–µ—Ä–æ—Å–µ–∫—Å—É–∞–ª–∞–º–∏', '–≥–µ—Ç–µ—Ä–æ—Å–µ–∫—Å—É–∞–ª—å–Ω–∏–π', '–∫—Ä–æ—Å', '–≥–µ—Ç–µ—Ä–æ—Å–µ–∫—Å—É–∞–ª—å–Ω–∏—Ö_–ª—é–¥–∏–Ω–∞', '–≤—ñ–¥–≤–µ—Ä—Ç–∞', '–ø—Ä—è–º–∞_–ª—é–¥–∏–Ω–∞', '–≥–µ—Ç–µ—Ä–æ', '–Ω–∞_–ø—Ä—è–º—É', '—Ñ—ñ–Ω—ñ—à–Ω—É_–ø—Ä—è–º—É', '–ø—Ä—è–º–æ', 'heterosexualism', '–≥–µ—Ç–µ—Ä–æ—Å–µ–∫—Å—É–∞–ª—ñ–≤', '–ø—Ä—è–º–µ', '—á–µ—Å–Ω—ñ', '–ø—Ä—è–º—ñ', '–≥–µ—Ç–µ—Ä–æ—Å–µ–∫—Å—É–∞–ª—ñ–∑–º', '—Å—Ç—Ä—ñ—Ç', '–±–µ–∑–ø–æ—Å–µ—Ä–µ–¥–Ω—å–æ']
suck	—á–∏—Å—Ç–∏—Ç–∏	Not found	[]
sun	—Å–æ–Ω—Ü–µ	Match	['sun', '—Å–æ–Ω—Ü–µ', 'utu', '—Å–≤—ñ—Ç–Ω—ñ—Å—Ç—å_—Å–æ–Ω—Ü—è', '—Å—É–Ω_—Ö–≤–∞_–∫–≤–æ–Ω', '–º–∞—Ä—Å', 'üåû', '–ø—Ä–∏—Ä–æ–¥–Ω–æ–≥–æ_–æ—Å–≤—ñ—Ç–ª–µ–Ω–Ω—è', '–Ω–¥', '–Ω–µ–¥—ñ–ª—é', '—Å–æ–Ω—Ü—ñ', '–Ω–µ—Ä—É—Ö–æ–º–∏—Ö_–∑—ñ—Ä–æ–∫', '—Å–æ–Ω—Ü—é', '—Å–æ–Ω—è—á–Ω–æ–≥–æ_—Å–ø–µ–∫—Ç—Ä–∞', 'dominicus', '–∫—É–Ω', '–∑–Ω–∞–∫_—Å–æ–Ω—Ü—è', '—É—Ç—É', 'cun', '—Ä–∞–¥—ñ—É—Å_—Å–æ–Ω—Ü—è', 'sun_microsystems', '–≥–æ—Å–ø–æ–¥—å_–¥–µ–Ω—å', '–∞—Ç–º–æ—Å—Ñ–µ—Ä–∞_—Å–æ–Ω—Ü—è', 'utug', '—Å–æ–Ω—Ü—è', '–≤–µ–Ω–µ—Ä–∞', 'sonne', '–º–µ—Ä–∫—É—Ä—ñ–π', '–¥–µ–Ω—å_–≥–æ—Å–ø–æ–¥–Ω—ñ–π', '—Å–æ–Ω—è—á–Ω–∞_—Ä–∞–¥—ñ–∞—Ü—ñ—è', '—é–ø—ñ—Ç–µ—Ä', '—Å—É–Ω—å', '‚òº', '–º—ñ—Å—è—Ü—è', '—è—Å–∫—Ä–∞–≤—ñ—Å—Ç—å_—Å–æ–Ω—Ü—è', '—Å–∞–Ω', '—Å–∞–Ω_—Ö–≤–∞_–∫–≤–æ–Ω', 'sun_television', '—Å—É–Ω', '–ø—Ä—è–º–∞_—Å–æ–Ω—è—á–Ω–∞_—Ä–∞–¥—ñ–∞—Ü—ñ—è', '—Å–æÃÅ–Ω—Ü–µ', '–∑—ñ—Ä–∫–∞', '–º—ñ—Å—è—Ü—å', 'the_sun', '—Å–æ–Ω—è—á–Ω–µ_—Å–≤—ñ—Ç–ª–æ', '–Ω–µ–¥—ñ–ª—è', '‚òÄ']
swell	–ø—Ä–∏–ø–ª–∏–≤–∏	Not found	[]
swim	–ø—ñ—Ä–Ω–∞—Ç–∏	Incorrect	['–ø–ª–∏—Å—Ç–∏ÃÅ', 'swim', '–ø–ª–∞–≤–∞–Ω–Ω—è', 'ray_of_light', '–≤–æ–¥–Ω–æ—ó_–ª–æ–∫–æ–º–æ—Ü—ñ—ó', '—Å–ø–æ—Ä—Ç–∏–≤–Ω–µ_–ø–ª–∞–≤–∞–Ω–Ω—è', '–ø—Ä–æ–º—ñ–Ω—å_—Å–≤—ñ—Ç–ª–∞', '–ø–ª–∞ÃÅ–≤–∞—Ç–∏', '–ø–ª–∞–≤–∞—Ç–∏']
tail	—Ö–≤–æ—Å—Ç–∞	Found close match: ['—Ö–≤–æ—Å—Ç—ñ', '—Ö–≤—ñ—Å—Ç', '—Ö–≤–æ—Å—Ç–∏—Å—Ç—ñ–≤']	['—Ö–≤—ñ—Å—Ç', '–Ω–∏–≤–µ–ª–∏—Ü—è', '–±—É–ª–æ—á–∫–∏', '—É–º–æ–≤–∏_–¥–ª—è_–∞–Ω–∞—Ç–æ–º—ñ—á–Ω–æ–≥–æ_—Ä–æ–∑—Ç–∞—à—É–≤–∞–Ω–Ω—è', '—ñ–ø—Å–∏–ª–∞—Ç–µ—Ä–∞–ª—å–Ω–∏–π', '–ø—ñ–¥–æ—à–æ–≤–Ω–æ—ó', '—Ö–≤—ñ—Å—Ç_–∫–æ–º–µ—Ç–∏', 'tailender', '–∑–∞', '—Å—ñ–¥–Ω–∏—á–Ω–æ—ó_–æ–±–ª–∞—Å—Ç—ñ', '—Ö–≤–æ—Å—Ç–∏—Å—Ç—ñ–≤', '–º–∞–π–ª–∑_¬´—Ç–µ–π–ª–∑¬ª_–ø—Ä–∞—É–µ—Ä', '–ø—ñ—Å–ª—è_—á–∞—Å—Ç–∏–Ω–∏', '–¥–æ—Ä—Å–æ–≤–µ–Ω—Ç—Ä–∞–ª—å–Ω–æ–π', '–ø–∞–Ω—ñ—Å—Ç–∞—Ä–∞', '–±–æ–ª–≤–∞–Ω', '–∞–ø—ñ–∫–∞–ª—å–Ω–æ—ó', '–ø–æ–≥–Ω–∞ÃÅ—Ç–∏', 'tail', '–ø–µ—Ä–µ—Å–ª—ñ–¥—É–≤–∞—Ç–∏', '–≥–µ–ø–∞–∫–∞', '–∫–æ–æ—Ä–¥–∏–Ω–∞—Ç–∞–º', '–≥–∞–Ω—èÃÅ—Ç–∏', 'keister', '–≥—É–∑–Ω–æ', '—Å–ø–∏–Ω–Ω–∏–π', '—Å—Ä–µ–¥–Ω–µ–∫–ª—é—á–∏—á–Ω–æ–π_–ª—ñ–Ω—ñ—ó', '–∫–∞—É–¥–∞–ª—å–Ω–æ', '–≥–Ω–∞ÃÅ—Ç–∏', '–∑–∞–¥–Ω—ñ–π_–∫—ñ–Ω–µ—Ü—å', '—Å—ñ–¥–Ω–∏—Ü—è', '—Ç—å—Ö—É', '–≤–µ–Ω—Ç—Ä–æ–ª–∞—Ç–µ—Ä–∞–ª—å–Ω–æ–π', '–ø–æ–ø–∞', '–∑–∑–∞–¥—É', '—Ö–≤–æ—Å—Ç–æ–≤–µ_–æ–ø–µ—Ä–µ–Ω–Ω—è', 'derriere', '–∫–æ—Ä–º–∞', '—Ö–≤–æ—Å—Ç–æ–≤–æ–≥–æ_–æ–ø–µ—Ä–µ–Ω–Ω—è', 'tails', '—Ç–µ–π–ª–∑', '–¥—É–ø—Ü—è', 'tooshie', '–æ–ø–µ—Ä–µ–Ω–Ω—è', '–ø–µ—Ä–µ—Å–ª—ñ–¥—É–≤–∞—á', '–∫–æ–Ω—Ç—Ä–∞–ª–∞—Ç–µ—Ä–∞–ª—å–Ω–æ–π', '–≤—ñ–¥–∫—Ä–∏—Ç—Ç—è_–±–µ—Ç—Å–º–µ–Ω', '–∑–∞–¥–Ω—è', '–∞–Ω–∞—Ç–æ–º—ñ—á–Ω—ñ_—Ç–æ—á–∫–∏_–∑–æ—Ä—É_—Ä–æ–∑—Ç–∞—à—É–≤–∞–Ω–Ω—è', '—Å—ñ–¥–Ω–∏—Ü—ñ', '—Ö–≤–æ—Å—Ç—ñ', '–º–æ—Ä–≥–Ω—É–≤—à–∏_–ø–æ—Ä—è–¥–∫—É', '–ø–æ–≥–∞–Ω—èÃÅ—Ç–∏', '–¥–æ—Ä—Å–æ–ª–∞—Ç–µ—Ä–∞–ª—å–Ω—ñ–π']
that	—â–æ	Incorrect	['thaat', '—Ç–æ–π']
there	—ñ—Å–Ω—É—î	Incorrect	['—Ç—É–¥–∏ÃÅ', '—Ç—É–¥–∏', '—Ç–∞–º']
they	–≤–æ–Ω–∏	Match	['–∞—Ç–æ–º–Ω–∏–º_–Ω–æ–º–µ—Ä–æ–º_54', 'they', 'xe', '–≤–æ–Ω–∏', '–∫—Å–µ–Ω–æ–Ω']
thick	–∑–∞–≤—Ç–æ–≤—à–∫–∏	Incorrect	['–≥—É—Å—Ç–µ', '–∂–∏—Ä–Ω–∞', '—Ç–æÃÅ–≤—Å—Ç–∏–π', '—Ç–æ–≤—Å—Ç–∞', '—Å–µ—Ä–µ–¥', '—Ç–æ–≤—Å—Ç–∏–π']
thin	—Ç–æ–Ω–∫—ñ	Match	['—Ç–æ–Ω–∫–∏ÃÅ–π', '—Ç–æ–Ω–∫–∏–π', '—Ç–æ–Ω–∫–∞', '—Ç–æ–Ω–∫—ñ']
think	–¥—É–º–∞—é	Match	['think', '–¥—É–º–∞—é', '–¥—É–º–∞–π—Ç–µ', '–ø–æ–¥—É–º–∞–π', '–º–æ–∑–∫–æ–≤–∞_–¥—ñ—è–ª—å–Ω—ñ—Å—Ç—å', '—Ä–æ–∑—É–º–æ–≤–∏–π_–ø—Ä–æ—Ü–µ—Å', '–∑–≥–∞ÃÅ–¥—É–≤–∞—Ç–∏', '–º–∏ÃÅ—Å–ª–∏—Ç–∏', '–¥—ÉÃÅ–º–∞—Ç–∏', '–∑–≥–∞–¥–∞–π', '–¥—É–º–∫–∏', '–ø–∞–º—è—Ç–∞ÃÅ—Ç–∏', '–¥—É–º–∞—Ç–∏', '–æ–±–º—ñ—Ä–∫–æ–≤—É–≤–∞—Ç–∏', '–º–∏—Å–ª–µ–Ω–Ω—è', '–Ω–∞–º—ñ—Ä–∏—Ç–∏—Å—å_–ø–ª–∞–Ω—É–≤–∞—Ç–∏_–∑–±–∏—Ä–∞ÃÅ—Ç–∏—Å—è', '–ø–æ–¥—É–º–∞–π—Ç–µ', '–ø—Ä–æ—Ü–µ—Å_–º–∏—Å–ª–µ–Ω–Ω—è']
this	–≤—ñ–∫—ñ–ø–æ—Å–∏–ª–∞–Ω–Ω—è	Incorrect	['—Ç—ñ–Ω—ñ—Å', '—Ü—è', '—Ü–µ–π', '–≤–∫–∞–∑—ñ–≤–Ω–∏–∫_this', 'this', 'thinis', '—Ç—ñ']
three	—à—ñ—Å—Ç—å	Incorrect	['prong', '‚Ö≤', 'iii', 'santana_iii', '—Ç—Ä—ñ–π–∫–∞', '‚ûÇ', '—Ç—Ä–∏', 'seventeen_seconds', 'bob_sinclar', '3', 'succeeder', '—Ç—Ä–∏–≤—ñ—Ä—à', '–±–æ–±_—Å—ñ–Ω–∫–ª–µ—Ä', '–æ—Å—Ç—Ä—ñ–≤_–≤–∏–∂–∏–≤–∞–Ω–Ω—è', '‡Ø©', '–≤—Ç—Ä—å–æ—Ö', 'three', '‚ù∏', '—Ç—Ä—ñÃÅ–π–∫–∞', '–¥–≤—ñ–π–∫–∏_—Ç—É–∑–∞', '–≤—Å—Ç–∏–≥–∞—é—á–∏–π_—É—á–µ–Ω—å', '‚ë∂', 'ternion', '–ø–æ—Ç—Ä—ñ–π–Ω–∏–π', '—Ç–µ—Ä—Ü–µ—Ç', '—Ç—Ä—ñ–∞–¥–∞', '‚ì∑', '–µ–Ω–Ω–µ–∞–≥—Ä–∞–º–∞', '‚íä', '‚ûå']
throw	–≤–ª—É—á–∏—Ç–∏	Incorrect	['–ª–∞—Ç—É–Ω—ñ', '–∫–∏–¥–∞ÃÅ—Ç–∏', '–º—ñ–¥–Ω–∏–π_–¥—É—Ö–æ–≤–∏–π_–º—É–∑–∏—á–Ω–∏–π_—ñ–Ω—Å—Ç—Ä—É–º–µ–Ω—Ç', '–≤–∏–∫–∏–¥–∞—Ç–∏', '–º—ñ–¥–Ω—ñ_–¥—É—Ö–æ–≤—ñ_—ñ–Ω—Å—Ç—Ä—É–º–µ–Ω—Ç–∏', '–∫–∏–Ω—É—Ç–∏', '–¥–∞—Ç–∏', '–º–æ–ª–æ—Ç–∞', '–º—ñ–¥–Ω—ñ_—ñ–Ω—Å—Ç—Ä—É–º–µ–Ω—Ç–∏', '–∫–∞–º–µ—Ä–∞_—ñ–Ω—Å—É–ª—å—Ç—É', '–¥—É—Ö–æ–≤–∏—Ö_—ñ–Ω—Å—Ç—Ä—É–º–µ–Ω—Ç–∞—Ö', '—Å—Ç–∏—Å–Ω–µ–Ω–Ω—è', '–ø—Ä–æ–≤–µ—Å—Ç–∏', '–º—ñ–¥–Ω—ñ_–¥—É—Ö–æ–≤—ñ_–º—É–∑–∏—á–Ω—ñ_—ñ–Ω—Å—Ç—Ä—É–º–µ–Ω—Ç–∏', '–∫–∏–Ω—É—Ç–∏_–∂–æ–Ω–≥–ª—é–≤–∞–Ω–Ω—è']
tie	–¥–≤–æ–º–∞—Ç—á–µ–≤–æ–º—É	Incorrect	['crosstie', '–Ω—ñ—á–∏—è', '–≥–∞ÃÅ–ª—Å—Ç—É–∫', '–ø–ª–∏—Ç–∏_–¥–æ—Ä—ñ–∂–∫–∏', '–∑–∞–≤—è–∑—É–≤–∞—Ç–∏', '—à–ø–∞–ª–∞', '–∫—Ä–∞–≤–∞—Ç–∫–∏', '–∑–∞–ª—ñ–∑–Ω–∏—á–Ω–∏—Ö_—à–ø–∞–ª', '–∑–≤—èÃÅ–∑—É–≤–∞—Ç–∏', '–≥–∞–ª—Å—Ç—É–∫', 'linkup', '–∫—Ä–∞–≤–∞—Ç–∫–∞_–∑–∞–ª—ñ–∑–Ω–∏—Ü—ñ', '–∫—Ä–∞–≤–∞—Ç–∫—É', 'üëî', '–ø–æ–≤—è–∑–∞—Ç–∏_–ø—É—á–∫–æ–º', '–ø—Ä–∏–º—É—Å–æ–≤–∏–π_–∞—Å–æ—Ä—Ç–∏–º–µ–Ω—Ç', '—à–∏—ó_–∫—Ä–∞–≤–∞—Ç–∫—É', '–∫—Ä–∞–≤–∞—Ç–∫–∞', '–∫—Ä–∞–≤–∞ÃÅ—Ç–∫–∞']
tongue	—è–∑–∏–∫¬ª	Found close match: ['—è–∑–∏–∫', '—è–∑–∏–∫–∞']	['—è–∑–∏–∫_—è–ª–æ–≤–∏—á–∏–π', '–≥–æ–≤–æ—Ä—ñ–Ω–Ω—è_–º–æ–≤–∞–º–∏', '–ø—Ä–∏—Ä–æ–¥–Ω–∞_–º–æ–≤–∞', '–≥–ª–æ—Å—Å–æ–ª–∞–ª—ñ—è', '—è–∑–∏–∫', '–ø—Ä–∏—Ä–æ–¥–Ω—è_–º–æ–≤–∞', 'tongue', '–ª—ñ–Ω–≥–≤–∞', 'g—Ä–∏—Ä–æ–¥–Ω—è_–º–æ–≤–∞', '—è–ª–æ–≤–∏—á–∏–π_—è–∑–∏–∫', '—è–∑–∏–∫–∞', 'g—Ä–∏—Ä–æ–¥–Ω–∞_–º–æ–≤–∞', '–ø—Ä–∏—Ä–æ–¥–Ω–∏—Ö_–º–æ–≤', 'lengua', '–≥–ª–æ—Å–∞']
tooth	–∑—É–±–∏	Match	['–∑—É–±–∏_–ª—é–¥–∏–Ω–∏', '–∑—É–±–∞', '–∑—É–±–Ω–∞', '–∫–æ—Ä—ñ–Ω—å_–∑—É–±–∞', '–ª—é–¥—Å—å–∫—ñ_–∑—É–±–∏', '–∑—É–±–∏', '–∑—É–±']
tree	–¥–µ—Ä–µ–≤–æ	Match	['—Å–µ—Ä_–≥–µ—Ä–±–µ—Ä—Ç_beerbohm_–¥–µ—Ä–µ–≤–∞', '–¥–µ—Ä–µ–≤–æ–ø–æ–∫–ª–æ–Ω—Å—Ç–≤–æ', '—Å–≤—è—â–µ–Ω–Ω–∏–º_–¥–µ—Ä–µ–≤–æ–º', 'charlotte_bront√©', '–≥–µ—Ä–±–µ—Ä—Ç_–±—ñ—Ä–±–æ–º_—Ç—Ä—ñ', '–∫–æ—Ä–µ–Ω–µ–≤–∏–π_–≤—É–∑–æ–ª', '–≤–Ω—É—Ç—Ä—ñ—à–Ω—ñ—Ö_–≤—É–∑–ª—ñ–≤', '–¥–µ—Ä–µ–≤–æ', '–¥–µ—Ä–µ–≤', 'üå≥', '—à–∞—Ä–ª–æ—Ç—Ç–∞_–±—Ä–æ–Ω—Ç–µ', '–ª—ñ—Å', '–≤–Ω—É—Ç—Ä—ñ—à–Ω—å–æ–≥–æ_–≤—É–∑–ª–∞', '–¥—ñ–∞–≥—Ä–∞–º–∞_–¥–µ—Ä–µ–≤–∞', '—à–∞—Ä–ª–æ—Ç–∞_–±—Ä–æ–Ω—Ç–µ', '–∫—É–ª—å—Ç_–¥–µ—Ä–µ–≤–∞', '—è–ª–∏–Ω–∫–∏', '–∫–æ—Ä–µ–Ω–µ–≤–æ–≥–æ_–≤—É–∑–ª–∞', '–¥–µ—Ä–µ–≤–æ_—Ç–µ–æ—Ä–µ–º–∞_–∫—Ä—É—Å–∫–∞–ª–∞', '–¥–µ—Ä–µ–≤–∞', '–ø—ñ–¥–¥–µ—Ä–µ–≤–æ', 'herbert_beerbohm_tree', '–±—Ä–æ–Ω—Ç–µ_—à–∞—Ä–ª–æ—Ç–∞']
turn	–≤–ø—Ä–∞–≤–æ	Incorrect	['–≥—Ä—É–ø–µ—Ç–æ', '–ø–æ–≤–µ—Ä–Ω—É—Ç–∏', '—Ñ–æ—Ä—à–ª–∞“ë', 'acciaccatura', '—Ö—ñ–¥', '–ø—ñ—Ä—É–µ—Ç', '–ø–µ—Ä–µ–º–æ–∂–Ω–µ_–æ—á–∫–æ', '—Ñ—ñ—à', '“ë—Ä—É–ø–µ—Ç–æ', '–ø–æ–≤–µ—Ä–Ω—ÉÃÅ—Ç–∏', '–ø–æ–≤–µ—Ä—Ç–∞ÃÅ—Ç–∏', '–æ—Ä–Ω–∞–º–µ–Ω—Ç–æ–º', '—Ñ–æ—Ä—à–ª–∞–≥', 'perigon', '–æ—Ä–Ω–∞–º–µ–Ω—Ç–∏–∫–∞', '–æ–±–µ—Ä—Ç–∞—Ç–∏', '—Ö–æ—Ä–æ—à–∏–π_–ø–æ–≤–æ—Ä–æ—Ç', '–æ–±–µ—Ä—Ç', '–ø—Ä–∏–∫—Ä–∞—Å–∏', '—á–µ—Ä–≥–∞', '–ø–µ—Ä–µ—Ç–≤–æ—Ä–∏—Ç–∏', 'appoggiatura', '–≤–æ–ª—å—Ç–∞', '–∫—Ä—É–≥–ª–∏–π_–∫—É—Ç', '–º–∏–ª–æ—Å—Ç—ñ_–¥–æ_–≤—ñ–¥–æ–º–∞', '–ø–æ–≤–æ—Ä–æ—Ç', '–∫—Ä—É–≥–ª–∏–π_—á–µ—Ä–≥—É', '–ø–æ–≤–µ—Ä—Ç–∞—Ç–∏', '–æ—Ä–Ω–∞–º–µ–Ω—Ç', '–ø–æ–≤–æ—Ä–æ—Ç_–ø–æ–¥—ñ–π']
two	—à—ñ—Å—Ç—å	Incorrect	['two', '–¥–≤–æ—Ö', '–¥–≤–∞', 'ii', '‚ûã', 'succeeder', '‚ù∑', '‚Ö±', '–¥–≤—ñ–π–∫–∞', '‚ûÅ', '–¥–∏', '‚ì∂', '‚ëµ', '2', '–≤—Å—Ç–∏–≥–∞—é—á–∏–π_—É—á–µ–Ω—å', '–¥–≤—ñ', '–¥–≤–æ—î', 'Ÿ¢', '–µ–Ω–Ω–µ–∞–≥—Ä–∞–º–∞', '–¥—É–∂–∫–∏', '‚íâ']
vomit	–∫–æ–≤—Ç–∞—Ç–∏	Not found	[]
walk	–ø–æ–∫–∞—Ç–∞—Ç–∏—Å—è	Incorrect	['–Ω–µ–æ—Ä—ñ—î–Ω—Ç–æ–≤–∞–Ω—ñ_–≥—Ä–∞—Ñ', '–ø—Ä–æ–≥—É–ª—è–Ω–∫–∞', '–≥—Ä–∞—Ñ–∏', '–≥—Ä–∞—Ñ_–æ–±—î–∫—Ç—ñ–≤', '—Ö–æ–¥—å–±–∞', '–±–∞–∑–∏_–Ω–∞_–∫—É–ª—è—Ö', '—ó—Ö–∞—Ç–∏', '–ø—ñ—Ç–∏', '—Å–ª–æ–≤–Ω–∏–∫_—Ç–µ—Ä–º—ñ–Ω—ñ–≤_—Ç–µ–æ—Ä—ñ—ó_–≥—Ä–∞—Ñ—ñ–≤', 'walk', '–ø–æ—Ä—è–¥–∫—É', '—Ö–æ–¥–∞', '–∞–ª—é—Ä', '—Å—É—Å–ø—ñ–ª—å–Ω–µ_—Å—Ç–∞–Ω–æ–≤–∏—â–µ', '–ø—Ä–æ–≥—É–ª—è–Ω–∫–∞_–≤–∏—Å–æ—Ç–æ—é', '–æ—Ä—ñ—î–Ω—Ç–æ–≤–∞–Ω—ñ_—Ç–∞_–Ω–µ–æ—Ä—ñ—î–Ω—Ç–æ–≤–∞–Ω—ñ_–≥—Ä–∞—Ñ–∏', '—ñ—Ç–∏', '—ó–∑–¥–∏—Ç–∏', '–∫—Ä–∞—é', '–π—Ç–∏', '–±–∞–∑_–Ω–∞_–∫—É–ª—ñ', '–¥–æ—Ä—ñ–∂–∫–∞', '—Ö–æ–¥–∏—Ç–∏', '–∞–ª—é—Ä–∏', '–≥—Ä–∞—Ñ', '–º–∞—Ç–µ–º–∞—Ç–∏—á–Ω–∏–π_–≥—Ä–∞—Ñ', '–Ω–µ–æ—Ä—ñ—î–Ω—Ç–æ–≤–∞–Ω–∏–π_–≥—Ä–∞—Ñ']
warm	—Ç–µ–ø–ª–∏–º	Found close match: ['—Ç–µ–ø–ª—ñ', '—Ç–µ–ø–ª–æ', '—Ç–µ–ø–ª–∞']	['—Ç–µ–ø–ª–æ', '—Ç–µ–ø–ª—ñ', '—Ç–µ–ø–ª–∞']
wash	–º–∏—Ç—Ç—è	Match	['buried', '–∞—Ä—Ä–æ–π–æ', '–±–∞–ª–∫–∏', '–∫–∏—Ç–∞–π—Å—å–∫–æ—ó_–ø—Ä–∞–ª—å–Ω—ñ', '–º–∏—Ç—Ç—è', 'dry_wash', '–ø—Ä–∞–Ω–Ω—èÃÅ', 'the_wash', '–º–∏—Ç–∏', 'lavation', '–≤–∏–º–∏–≤–∞–Ω–Ω—è', '–∞–∫–≤–∞—Ä–µ–ª—å', '–ø—Ä–∞—Ç–∏', '–ø–æ—Ö–æ–≤–∞–ª–∏', 'unearthed', 'scan', '–ø—Ä–∞—á–∫–∏', '–º–æ—é—â–∏—Ö—Å—è', '–ø—Ä–∞–ª—å–Ω—è', 'lost_dogs', '–ø—Ä–∏–≤–ª–∞—Å–Ω–µ–Ω–Ω—è', '–±–∞–ª–∫–∞', '—Ç—Ä–∏–º–∞—Ç–∏—Å—è_–≤–ø—Ä–∏—Ç—É–ª_–¥–æ_–π–¥–µ_–ø–æ–ø–µ—Ä–µ–¥—É_–º–∞—à–∏–Ω—ñ', '–ø—Ä–∞–Ω–Ω—è']
water	–≤–æ–¥–∏	Match	['–±–∞–∑–æ–≤–∏–π_—Ç–∞—Ä–∏—Ñ_–Ω–∞_–ø–æ—Å–ª—É–≥–∏_–≤–æ–¥–æ–ø–æ—Å—Ç–∞—á–∞–Ω–Ω—è_—Ç–∞_–≤–æ–¥–æ–≤—ñ–¥–≤–µ–¥–µ–Ω–Ω—è', '—Ñ–µ–Ω—Ü–∏–∫–ª–∏–¥–∏–Ω', '–º–æ—á–∏—Ç–∏—Å—è', '–ø–∞–¥—ñ–Ω–Ω—è_–ø–∞—Ä–∫–∞–Ω', '–∫–æ–º—É–Ω–∞–ª—å–Ω–µ_–≤–æ–¥–æ–ø–æ—Å—Ç–∞—á–∞–Ω–Ω—è', '—Å–µ—á—ñ', '–ª—ñ–¥', '–≤–æ–¥–æ–π–º–∏', '—Ä—ñ–¥–∫–æ—ó_–≤–æ–¥–∏', '—Å–∏—Å—Ç–µ–º–∏_–≤–æ–¥–æ–ø–æ—Å—Ç–∞—á–∞–Ω–Ω—è', '–≤–æ–¥—è–Ω–µ', '–≤–æ–¥–æ–π–º–∏—â–µ', '–ø—Ä–æ–º–∏—Å–ª–æ–≤–∏—Ö_–≤–æ–¥', '—Å–µ—á–∞', '–∫—Ä–∏–≥–∞', 'water', 'h2o', '—Å–ª—å–æ–∑–∏ÃÅ—Ç–∏—Å—è', '–≤–æ–¥–æ–ø–æ—Å—Ç–∞—á–∞–Ω–Ω—è', '—Ñ–µ–Ω—Ü–∏–∫–ª–∏–¥–∏–Ω_–≥—ñ–¥—Ä–æ—Ö–ª–æ—Ä–∏–¥', 'weewee', '–≤–æ–¥–Ω–∏–π_–æ–±—î–∫—Ç', '–∫–ª–∏–Ω', 'blood_red_shoes', '–≤–æ–¥–æ–π–º–∞', '–ø—Ä–∏–±–∏—Ä–∞–Ω–Ω—è_–ª—å–æ–¥—É', '–±–∞–ª–∞–Ω—Å_–≤–æ–¥–æ—Å–ø–æ–∂–∏–≤–∞–Ω–Ω—è_—Ç–∞_–≤–æ–¥–æ–≤—ñ–¥–≤–µ–¥–µ–Ω–Ω—è', 'quoins', '–≤–æ–¥—è–Ω–∏–π', '–≤–æ–¥—è–Ω–∞_–ø–∞—Ä–∞', 'h‚ÇÇo', '–≤–æ–¥–∏', '–º—É–Ω—ñ—Ü–∏–ø–∞–ª—å–Ω–æ—ó_—Å–∏—Å—Ç–µ–º—ñ_–≤–æ–¥–æ–ø–æ—Å—Ç–∞—á–∞–Ω–Ω—è', '–≤–æ–¥–∞', '–¥–∂–µ—Ä–µ–ª–æ_–≤–æ–¥–∏', '–º—ñ—Å—Ü–µ–≤–µ_–≤–æ–¥–æ–ø–æ—Å—Ç–∞—á–∞–Ω–Ω—è', 'angel_dust', '–≤–æ–¥–Ω—ñ', '–º–æ–ª–µ–∫—É–ª–∏_–≤–æ–¥–∏', '—Å–µ—á–∞ÃÅ', '–≤–æ–¥–Ω—ñ_—Ä–µ—Å—É—Ä—Å–∏', '–ø–∏—Ç–Ω–µ_–≤–æ–¥–æ–ø–æ—Å—Ç–∞—á–∞–Ω–Ω—è', '–≤–æ–¥–∞ÃÅ', '–ª—å–æ–¥—É', '—Å–µ—á–µ—é', '–≤–æ–¥–Ω–∏–π_–ø—Ä–æ—Å—Ç—ñ—Ä', '–≤–æ–¥—è–Ω–æ—ó_–ø–∞—Ä–∏']
we	–¥—É–º–∞—î–º–æ	Not found	[]
wet	–ø–µ—Ä–µ–∑–≤–æ–ª–æ–∂–µ–Ω–Ω—è	Incorrect	['—Ñ–µ–Ω—Ü–∏–∫–ª–∏–¥–∏–Ω', 'angel_dust', 'wet', '—Ñ–µ–Ω—Ü–∏–∫–ª–∏–¥–∏–Ω_–≥—ñ–¥—Ä–æ—Ö–ª–æ—Ä–∏–¥', '–º–æ–∫—Ä–∏–π', '–≤–æ–ª–æÃÅ–≥–∏–π', '–º–æ–∫—Ä–∞', '–≤–æ–ª–æ–≥–∏', '–≤–æ–ª–æ–≥—ñ—Å—Ç—å', '–º–æÃÅ–∫—Ä–∏–π', '–≤–æ–ª–æ–≥–∏–π', '–∑–∞—Ö—ñ–¥–Ω–æ—î–≤—Ä–æ–ø–µ–π—Å—å–∫–∏–π_—á–∞—Å']
what	–∑—Ä–æ–∑—É–º—ñ–ª–æ	Incorrect	['—â–æ', '—è–∫–∞', '—á–∏–º']
when	–∫–æ–ª–∏	Match	['when', '–∫–æ–ª–∏', 'diamonds_for_breakfast']
where	–¥–µ	Match	['–∫—É–¥–∏', '–∑–≤—ñ–¥–∫–∏', 'where', '–¥–µ']
white	–±—ñ–ª—ñ	Match	['–∫–∞–≤–∫–∞–∑—å–∫–∞_—Ä–∞—Å–∞', '–±—ñ–ª–æÃÅ–∫', '–ø–∞—Ç—Ä—ñ–∫_–≤–∞–π—Ç', '–±—ñ–ª–∏–π', '–∫–æ–ª—ñ—Ä_—à–∫—ñ—Ä–∏', 'magic', '—î–≤—Ä–æ–ø–µ–æ—ó–¥–Ω–∞_—Ä–∞—Å–∞', '—è—î—á–Ω–∏–π_–±—ñ–ª–æ–∫', '–±—ñ–ª—ñ_–ª—é–¥–∏', '–µ–Ω–¥—Ä—é_–¥—ñ–∫—Å–æ–Ω_—É–∞–π—Ç', '–æ–≤–∞–ª—å–±—É–º—ñ–Ω', '—î–≤—Ä–æ–ø–µ–æ—ó–¥—ñ–≤', '–ª–∞—Ç–∏–Ω–æ–∞–º–µ—Ä–∏–∫–∞–Ω—Ü–µ–º', '–∫—ñ—Å—Ç–∫–∏', '—Ç—Ä–∏_–∫–æ–ª—å–æ—Ä–∏_–±—ñ–ª–∏–π', '—î–≤—Ä–æ–ø–µ–æ—ó–¥–∏', 'white_airways', '–º—ñ—Ä–æ—Ö–æ–¥—Ü–∞', '—Ç–µ–æ–¥–æ—Ä_–≥–∞—Ä–æ–ª—å–¥_–±—ñ–ª–∏–π', '–∂–∏—Ä–Ω–∏–π_—à—Ä–∏—Ñ—Ç', '–ø–∞—Ç—Ä—ñ–∫_—É–∞–π—Ç', '–∫–æ–ª—å–æ—Ä—É_—à–∫—ñ—Ä–∏', '–º—Ç–≥', '—î–≤—Ä–æ–ø–µ–æ—ó–¥–Ω–æ—ó', '–µ–¥–≤–∞—Ä–¥_–¥—É–≥–ª–∞—Å_—É–∞–π—Ç_–º–æ–ª–æ–¥—à–∏–π', '–µ–ª–≤—ñ–Ω_–±—Ä—É–∫—Å_–±—ñ–ª–∏–π', '—Ç_—Ö_—É–∞–π—Ç', '—ñ–Ω—à–∏—Ö_—Ä–∞—Å', '—á–æ—Ä–Ω–∏–π', '–±—ñ–ª—ñ', '–±—ñ–ª–∞_—Ä–∞—Å–∞', '—Ç–æ–Ω_—à–∫—ñ—Ä–∏', '–ø—ñ–≥–º–µ–Ω—Ç–∞—Ü—ñ—ó_—à–∫—ñ—Ä–∏', '–±—ñ–ª–∞', '–±—ñ–ª–µ', 'pieris', '–µ–Ω–¥—Ä—é_–¥_—É–∞–π—Ç', '–µ–¥–≤–∞—Ä–¥_—É–∞–π—Ç', 'stanford_white', '—î_–±_—É–∞–π—Ç', 'andrew_dickson_white', 'deckmaster', 'ffffff', '–±—ñ–ª–∫–∞', '–º–∞–≥—ñ—è_–∑–±—ñ—Ä', 'white_people', 'patrick_white', '–±—ñ–ª–∏–π_–∫–æ–ª—ñ—Ä', '–∫–æ–ª—ñ—Ä_—à–∫—ñ—Ä–∏_–ª—é–¥–∏–Ω–∏', '–±—ñ–ª–∏–π_—á–æ–ª–æ–≤—ñ–∫', '–ø–∞—Ç—Ä—ñ–∫_–≤—ñ–∫—Ç–æ—Ä_–º–∞—Ä—Ç—ñ–Ω–¥–µ–π–ª_–±—ñ–ª–∏–π', 'mtg', '–±—ñ–ª–∞_–±–∞—Ä–≤–∞', 'white_river', '–º–∞–≥—ñ—è', '—Ä–∞—Å–æ–≤–∏–π_—Å–∫–ª–∞–¥_—Å—à–∞', '—î–≤—Ä–æ–ø–µ–æ—ó–¥', '–Ω–µ_–∑–æ–≤—Å—ñ–º_–±—ñ–ª–∏–π', '–µ–¥–≤–∞—Ä–¥_–¥_—É–∞–π—Ç', 'magic_the_gathering', '–±—ñÃÅ–ª–∏–π', '–±—ñ–ª–æ—ó_—Ä–∞—Å–∏', '–±—ñ–ª–∏—Ö', '–≤–∞–π—Ç', '—î–≤—Ä–æ–ø–µ–æ—ó–¥–Ω–æ—ó_—Ä–∞—Å–∏']
who	–¥–æ—Å–≤—ñ–¥—á–µ–Ω–∏–π	Incorrect	['jim_neidhart', '–≤–æ–∑', '—Ö—Ç–æ', 'world_health_organization', 'who', '–∑–µ–π–Ω_–º–∞–ª—ñ–∫', '–≤—Å–µ—Å–≤—ñ—Ç–Ω—è_–æ—Ä–≥–∞–Ω—ñ–∑–∞—Ü—ñ—è_–æ—Ö–æ—Ä–æ–Ω–∏_–∑–¥–æ—Ä–æ–≤—è', '–≤—Å–µ—Å–≤—ñ—Ç–Ω—å–æ—ó_–æ—Ä–≥–∞–Ω—ñ–∑–∞—Ü—ñ—ó_–æ—Ö–æ—Ä–æ–Ω–∏_–∑–¥–æ—Ä–æ–≤—è', '–≤—Å–µ—Å–≤—ñ—Ç–Ω—è_–æ—Ä–≥–∞–Ω—ñ–∑–∞—Ü—ñ—è_–∑–¥–æ—Ä–æ–≤—è', 'the_who', '–≤–æ–æ–∑', '–≤—Å–µ—Å–≤—ñ—Ç–Ω—è_–æ—Ä–≥–∞–Ω—ñ–∑–∞—Ü—ñ—è_–æ—Ö–æ—Ä–æ–Ω–∏_–∑–¥–æ—Ä–æ–≤‚Äô—è', '—Å–≤—ñ—Ç–æ–≤–∞_–æ—Ä–≥–∞–Ω—ñ–∑–∞—Ü—ñ—è_–æ—Ö–æ—Ä–æ–Ω–∏_–∑–¥–æ—Ä–æ–≤—è', '—Å–æ–æ–∑']
wide	—à–∏—Ä–æ–∫–∏–π	Match	['—à–∏—Ä–æ–∫–∞', '—à–∏—Ä–æ–∫–∏–π', '—à–∏—Ä–æÃÅ–∫–∏–π']
wife	–¥—Ä—É–∂–∏–Ω–∞	Match	['–¥—Ä—É–∂–∏–Ω', '–¥—Ä—É–∂–∏–Ω–∞', '–∂–æ–Ω–∞', '–¥—Ä—É–∂–∏–Ω—ñ', '–∑–∞–º—ñ–∂–Ω—è_–∂—ñ–Ω–∫–∞']
wind	–≤—ñ—Ç—Ä—É	Match	['–ø–æ—Ä–∏–≤—É_–≤—ñ—Ç—Ä—É', '–Ω—ñ—Å–µ–Ω—ñ—Ç–Ω–∏—Ü—è', 'akeboshi', '–ø–æ—Ç—ñ–∫_–ø–æ–≤—ñ—Ç—Ä—è', 'malarky', '–¥—É—Ö–æ–≤–∏–π_—ñ–Ω—Å—Ç—Ä—É–º–µ–Ω—Ç', '–¥—É—Ö–æ–≤–∏–π_–º—É–∑–∏—á–Ω–∏–π_—ñ–Ω—Å—Ç—Ä—É–º–µ–Ω—Ç', '–ø–æ—Ä–æ–∂–Ω—ñ_—Å–ª–æ–≤–∞', '–ø–µ—Ä–¥–µ—Ç—å', '–¥—É—Ö–æ–≤—ñ_–º—É–∑–∏—á–Ω—ñ_—ñ–Ω—Å—Ç—Ä—É–º–µ–Ω—Ç–∏', '—Å—Ç—Ä—É–º_–ø–æ–≤—ñ—Ç—Ä—è', '–ø–æ—Ä–∏–≤–∏_–≤—ñ—Ç—Ä—É', '–¥—É—Ö–æ–≤–∏—Ö_—ñ–Ω—Å—Ç—Ä—É–º–µ–Ω—Ç—ñ–≤', '–ø–æ—Ä—É—à–µ–Ω–Ω—è_–≤—ñ—Ç—Ä—É', '–ø–µ—Ä–¥–µ–∂', '–¥—É—Ö–æ–≤—ñ', '–≤—ñ—Ç—Ä—É', '–ø–æ–≤—ñ—Ç—Ä—è', '–≤—ñ—Ç–µ—Ä', '–∑–¥—É—Ç—Ç—è', '–æ–±–º–æ—Ç–∫–∞', '–¥—É—Ö–æ–≤—ñ_—ñ–Ω—Å—Ç—Ä—É–º–µ–Ω—Ç–∏', '–ø–æ–≤—ñ—Ç—Ä—è–Ω–∏–π_–ø–æ—Ç—ñ–∫', '–≤—ñ—Ç—Ä—É_–¥–æ–ø–æ–º–æ–≥—É', '–≤—ñ—Ç—Ä–∏', 'wind', '–∫–æ–Ω—Ñ—ñ–¥–µ–Ω—Ü—ñ–π–Ω–∞_—ñ–Ω—Ñ–æ—Ä–º–∞—Ü—ñ—è', '—à–≤–∏–¥–∫—ñ—Å—Ç—å_–≤—ñ—Ç—Ä—É', '–æ–±–º–æ—Ç–∫–∏', '–≥–∞–∑—ñ–≤', '–∞–µ—Ä–æ—Ñ–æ–Ω', '—Å–∏–ª–∞_–≤—ñ—Ç—Ä—É']
wing	–∫—Ä–∏–ª–æ	Match	['–æ—Ö–æ—Ä–æ–Ω—Ü—è–≤–ø–µ—Ä–µ–¥', '–ø—Ç–∞—à–∏–Ω–æ–≥–æ_–ø–æ–ª—å–æ—Ç—É', '–ø—Ä–∏–±—É–¥–æ–≤–∞', 'hindwing', '—Ñ–ª—ñ–≥–µ–ª—å', '–≤_—Ü–µ–Ω—Ç—Ä—ñ', 'tighthead_–æ–ø–æ—Ä—É', '–∫—Ä–∏–ª–∞_–∫–æ–º–∞—Ö', '–∞–≤—ñ–∞–∫—Ä–∏–ª–æ', '–¥–æ–¥–∞—Ç–æ–∫', '—Ñ–ª–∞–Ω–≥', '–ø–æ–ª—å–æ—Ç—É_–∫–æ–º–∞—Ö', '–∫—Ä–∏–ª–æ', '–∫—Ä–∏–ª–æ_–∫–æ–º–∞—Ö', 'flyhalf', '–ø—ñ–¥—Ç—Ä–∏–º–∞—Ç–∏_–≤–ø–µ—Ä–µ–¥', '–∫—Ä–∏–ª–∞', '–∫—Ä–∏–ª–æ_–ø—Ç–∞—Ö—ñ–≤', '–ª—ñ–≤–∏–π_—Ñ–ª–∞–Ω–≥', '–∞–Ω—Ç–∏–∫—Ä–∏–ª–æ', '—Ñ–ª–∞–Ω–≥–æ–≤—ñ', '–ª—å–æ—Ç—É_–ø–æ–ª–æ–≤–∏–Ω–∞', '—Å–ø–æ–π–ª–µ—Ä', 'swingman', '–∑–∞_–∫—É–ª—ñ—Å–∞–º–∏', '–∑–∞_–º–µ–∂–∞–º–∏_—Ü–µ–Ω—Ç—Ä—É', '–ª—ñ—Ç–∞—Ç–∏', 'gone_again', '–ø–ª–∞–Ω–µ—Ä—ñ–≤', '–∫—Ä–∏–ª–æ_–∫–æ–º–∞—Ö–∏', '–∫–æ–ª–µ—Å–∞_–¥–æ–±—Ä–µ', '—Ñ–ª–∞–Ω–≥–æ–≤–∏–π_–º–∞–Ω–µ–≤—Ä', 'wing', '–º–∞–Ω–µ–∫–µ–Ω–∞_–ø–æ–ª–æ–≤–∏–Ω–æ—é', '–∫–æ–ª–µ—Å–∞', '—Å–≤—ñ–Ω–≥–º–µ–Ω', '–∫—Ä–∏–ª–æ–º']
wipe	–∑–Ω–∏—â–∏—Ç–∏	Found close match: ['–∑–≤—ñ–ª—å–Ω–∏—Ç–∏']	['–ø—Ä–æ—Ç–∏—Ä–∞—Ç–∏', '–ø—Ä–æ—Ç—Ä—ñ—Ç—å', '–∑–≤—ñ–ª—å–Ω–∏—Ç–∏', '–≤–∏—Ç–∏—Ä–∞—Ç–∏']
with	–∑	Not found	[]
woman	–∂—ñ–Ω–∫–∞	Match	['–∂—ñ–Ω–æ—á–∞_—Å—Ç–∞—Ç—å', '–∂–æ–Ω–∞ÃÅ', '–∂—ñ–Ω–∫–∞', '—Å—Ç–∞—Ç—å_—Å—Ç–≤–æ—Ä—ñ–Ω–Ω—è', '–∂—ñ–Ω–æ–∫', '—Å–∞–º–∏—Ü—è', '–ø—Ä–µ–∫—Ä–∞—Å–Ω–∞_—Å—Ç–∞—Ç—å', 'woman', '–¥–æ—Ä–æ—Å–ª–∞_—Å–∞–º–∫–∞', '—Å–∞–º–∫–∞', '—Å—Ç–∞—Ç—å_‚Äî_–∂—ñ–Ω–æ—á–∞', 'klaatu', '–∫–æ–±—ñ—Ç–∏', '–ø–æ–¥–µ–Ω–Ω–∞_–ø—Ä–∏–±–∏—Ä–∞–ª—å–Ω–∏—Ü—è', '—Å–∞–º–∏—Ü—ñ', '–∫–æ–±—ñ—Ç–∞', '–∂—ñÃÅ–Ω–∫–∞', '‚ôÄ', 'nancy_benoit', '–∂—ñ–Ω–∫–∏', '–ø—Ä–∏–±–∏—Ä–∞–ª—å–Ω–∏—Ü—è']
worm	—Ö—Ä–æ–±–∞–∫–∏	Match	['–º–µ—Ä–µ–∂–µ–≤–∏–π_—Ö—Ä–æ–±–∞–∫', '—á–µ—Ä–≤—è–∫', '–∫–æ–º–ø—é—Ç–µ—Ä–Ω—ñ_—Ö—Ä–æ–±–∞–∫–∏', '—Ö—Ä–æ–±–∞–∫_–∫–æ–º–ø—é—Ç–µ—Ä–Ω–∏–π', '–º–µ—Ä–µ–∂–µ–≤–∏–π_—á–µ—Ä–≤‚Äô—è–∫', '—á–µ—Ä–≤—è–∫_–∫–æ–º–ø—é—Ç–µ—Ä–Ω–∏–π', '–∫–æ–º–ø‚Äô—é—Ç–µ—Ä–Ω–∏–π_—á–µ—Ä–≤‚Äô—è–∫', '–∫–æ–º–ø‚Äô—é—Ç–µ—Ä–Ω–∏–π_—Ö—Ä–æ–±–∞–∫', '—á–µ—Ä–≤—è–∫–∏', '—Å—ñ—Ç—å–æ–≤–∏–π_—á–µ—Ä–≤—è–∫', '–∫–æ–º–ø—é—Ç–µ—Ä–Ω–∏–π_—Ö—Ä–æ–±–∞–∫', '—á–µ—Ä–≤–∏', '—Å—ñ—Ç–∫–æ–≤–∏–π_—Ö—Ä–æ–±–∞–∫', '—Ö—Ä–æ–±–∞–∫', 'worm', '—Å—ñ—Ç–∫–æ–≤–∏–π_—á–µ—Ä–≤—è–∫', '–º–µ—Ä–µ–∂–µ–≤–∏–π_—á–µ—Ä–≤—è–∫', '–±—Ä—É–¥_–º—è—á–µ–º', '—Å—ñ—Ç—å–æ–≤–∏–π_—Ö—Ä–æ–±–∞–∫', '—á–µ—Ä–≤', '—Ö—Ä–æ–±–∞–∫–∏']
year	—Ä—ñ–∫	Match	['—Ä—ñ–∫', '–∞–Ω–æ–º–∞–ª—ñ—Å—Ç–∏—á–Ω–∏–π_—Ä—ñ–∫', '—Å–æ–Ω—è—á–Ω–æ–≥–æ_—Ä–æ–∫—É', '–¥–æ–≤–≥–∏–π_—á–∞—Å', '–¥–≤–∞–Ω–∞–¥—Ü—è—Ç—å_–º—ñ—Å—è—Ü—ñ–≤', '–ø—Ä–æ—Ç—è–≥–æ–º_—á–∞—Å—É', '–∫–∞–ª–µ–Ω–¥–∞—Ä–Ω–∏–π_—Ä—ñ–∫', '—Ä', '—Ä–æ–∫—É', '—Ä—Ä', '–º–ª–Ω_—Ä–æ–∫—ñ–≤', '—Ç—Ä–æ–ø—ñ—á–Ω–∏–π_–ø–µ—Ä—ñ–æ–¥', '—Ç—Ä–æ–ø—ñ—á–Ω–∏–π_—Ä—ñ–∫', '—Ä–æ–∫–∏', '–Ω–µ–≤–∏—Å–æ–∫–æ—Å–Ω–∏–π_—Ä—ñ–∫', '—Ä–æ–∫—ñ–≤', '–≤—ñ–∫', '–∞—Å—Ç—Ä–æ–Ω–æ–º—ñ—á–Ω–∏–π_—Ä—ñ–∫', '—Å–æ–Ω—è—á–Ω–∏–π_—Ä—ñ–∫']
yellow	–∂–æ–≤—Ç–∏–π	Match	['hong_jinho', '–∂–æ–≤—Ç–µ', '–∂–æ–≤—Ç–∞_—Ä—ñ—á–∫–∞', '–∂–æ–≤—Ç–∏–∑–Ω–∞', 'eiko_shimamiya', '–∂–æ–≤—Ç—ñ', '–∂–æÃÅ–≤—Ç–∏–π', '–∂–æ–≤—Ç–∏–π_–∫–æ–ª—ñ—Ä', '—Ö—É–∞–Ω—Ö–µ', 'yellow', '–∂–æ–≤—Ç–∏–π', 'atlantic_crossing_2', '–∂–æ–≤—Ç–æ–≥–æ', 'ac2', '—Å–≤—ñ—Ç–ª–µ_–≤–æ–ª–æ—Å—Å—è', '—Ö–æ–Ω_–¥–∂–∏–Ω_—Ö–æ', 'ffff00', 'zebrahead']
you	–º–µ–Ω–µ	Incorrect	['—Ç–∏', 'no_control', '–µ–º—ñ_–ª—ñ', 'the_mail_on_sunday', '—Ç–µ–±–µ', '–≤–∏', '–ª—ñ_–µ–º—ñ', 'amy_lee', 'you', '–µ–º—ñ', '–≤–∏ÃÅ–∫–∞—Ç–∏', 'pablo_honey', '—Ç–≤—ñ–π', 'janne_da_arc', 'monster', '—Ç–æ–±–æ—é', 'fly', 'collective_soul', 'the_real_testament']
