all	kõik	Match	['kõik', 'villanova_dalbenga_clemente_panero_rahvusvaheline_lennujaam', 'universaalne_sulgemise', 'üldisuskvantor', 'albenga_lennujaam', 'villanova_dalbenga_clemente_panero_lennujaam', 'äge_lümfoidne_leukeemia', 'universaalteenuse_kvantitatiivne', 'täiesti', 'täielikult', 'universaalne_kvantor', 'all', 'ägeda_lümfoblastse_leukeemia', 'aeroporto_di_albenga']
and	ja	Match	['konjunktsioon', 'loogikalülituste', 'loogikaelement', 'loogika_circuit', 'loogikavärav', 'loogiline_koos', 'and', 'loogikalüli', 'loogika_väravad', 'ning', 'armed_and_dangerous', 'loogiline_värav', 'loogikaventiil', 'loogikalülituse', 'ja', 'diskreetse_loogika', 'loogiline_korrutamine']
animal	loomade	Match	['fauna', 'looma', 'loomariik', 'elukas', 'animal', 'epifauna', 'liikuv_olevus', 'wasp', 'animalia', 'tüübile', 'epifaunal', 'olend', 'loomade_paljunemine', 'infaunast', 'loomastik', 'metazoans', 'loomade', 'olend_tüüp', 'loomad', 'makrofauna', 'metazoa', 'far_east_movement', 'loomsed_organismid', 'loom', 'loomade_elu', 'reality_check']
ashes	surnuist	Incorrect	['post_mortem', 'tuhk', 'ashes']
at	piccadilly	Not found	[]
back	tagasi	Match	['vasaktagasi', 'väljaspool_keskus', 'äärekaitsja', 'kohe_tagasi', 'fullback', 'õisikutelg', 'back', 'tighthead_prop', '백', 'selgroolülid', 'kaitsja', 'sulerood', 'vabakaitsja', 'raamat_siduv', 'vasakule_tagasi', 'flyhalf', 'keskkaitsja', 'selg', 'kinnitada', 'tagasi', 'lülisamba', 'sees_keskel', 'seljatugi', 'keskustagasi', 'selgroog', 'selgroo', 'vasakkaitsja', 'õigustagasi', 'columna_vertebralis', 'keskus_tagasi', 'paremkaitsja']
bad	halb	Match	['kuri', 'halb', 'paha', 'big_audio_dynamite', 'royce_da_59', 'bad', 'bcl2ga_seotud_surma_edendaja', 'ryan_montgomery', 'kurjus', 'kurja', 'evilness', 'bad_world_tour', 'bcl2ga_seotud_surma_promootor']
bark	puukoort	Match	['il2', 'iljušin_il2', 'koore', 'haukuma', 'puukoor', 'bark', 'haukumine', 'puukoort', 'koor', 'periderm', 'parklaev', 'pursi']
because	sest	Match	['kuna', 'seepärast', 'because', 'sest']
belly	sabaots	Incorrect	['abdomens', 'vats', 'inimese_kõht', 'õllekõht', 'belly', 'kõhu', 'magu', 'kõht', 'venter']
big	suur	Match	['bjarke_ingels_group', 'tasakaalu', 'keha', 'big', 'suure', 'suur', 'stypsis', 'suured', 'kuiv', 'mineraalsust', 'puuviljad', 'puuja', 'norm_nixon']
bird	lind	Match	['sulgpall', 'linnud', 'sõrme', 'kiuslik', 'keskmise_sõrme_žest', 'lind', 'mikuni_shimokawa', 'yardbird_parker', 'aves', 'avafauna', 'linnustik', 'charlie_parker', 'keskmise_sõrme_näitamine', 'bird_parker', 'bird', 'linnu', 'bronx_cheer', 'pähhüüatus', 'charles_christopher_parker', 'razzing', 'linnuke', 'tüdruk']
bite	hammusta	Match	['hammusta', 'amps', 'hammustama', 'vürtsikas', 'putukahammustus', 'hammustamine', 'putuka_hammustus', 'putukapiste', 'mõrkjas', 'hammustada', 'terava', 'nõelamine', 'suupiste', 'chomp', 'eraldamine', 'hammustab', 'pikantne', 'kirbe', 'steven_hassan', 'bispetsiifilise_trakulise_engager', 'hammustus']
black	musta	Match	['must_naine', 'negriidid', 'pruunlane', 'teistest_rassidest', 'musta_aafrika', 'negriidne_rass', 'neegrid', 'final_fight_3', 'värvus', 'värvi_teaduse', 'murjaani', 'shirley_temple_black', 'neeger', 'black', 'mustanahalised', 'must_naiste', 'negroid', 'shirley_jane_temple', 'shirley_temple', 'must_mees', 'valge', 'must_kogukonnas', 'pigi_must_värvus', 'lightlessness', 'negroids', 'mustanahaline', 'värv', 'negriidne_põhirass', 'värvi', 'final_fight', 'taio_cruz', 'aasia', 'aafrika_päritolu', 'hispanic', 'planeswalker', 'negro', 'kari_kimmel', 'mustad', 'latino', 'musta', 'täielikus_pimeduses', 'inkiness', 'must_inimene', 'magic_the_gathering', 'värvid', 'must', 'joseph_black', 'must_aafrika', 'mustanahalisi']
blood	vere	Match	['geneetilise_pärandi', 'blood', 'vereliini', 'hematoloogiliste', 'elostelija', 'rakehell', 'bordeaux_vein', 'esivanemad', 'veri', 'bordeaux', 'vs', 'vere', 'vere_rida', 'persistence_of_time', 'bordeaux_veini', 'collective_soul', 'pärilikkus', 'sanguis', 'the_black_parade', 'verre', 'pärilik', 'hapnikurikast_verd', 'getting_away_with_murder']
blow	pikselöögist	Incorrect	['puhu', 'löök', 'puhanguti', 'tagasilöök', 'blow', 'nina_kristalliseerunud', 'kokaiin']
bone	luude	Match	['luud', 'elevandiluu', 'luu', 'kont', 'valkjas', 'def_jam_recordings', 'luude', 'luine', 'ossa', 'luude_kudede', 'bone']
breast	rinnanäärme	Match	['rinnad', 'valge_liha', 'titty', 'rinnavähi', 'rind', 'pectus', 'rinnavähk', 'büst', 'rindkere', 'rinnakorv', 'rinnanäärmevähk', 'rinnanäärme', 'tiss', 'rinnakartsinoom', 'rinnaga', 'the_breast', 'cancer_mammae']
breathe	hingata	Not found	[]
burn	põleda	Found close match: ['põletada', 'põlema', 'põle']	['fc_dallas', 'kolmanda_astme_põletus', 'oja', 'leek', 'vooluveekogu', 'burn', 'teise_astme_põletus', 'vahelduv_vool', 'tan', 'põle', 'ojad', 'tuli', 'tulekahjud', 'tulekahju', 'leegitsev', 'ruisseau', 'põletus', 'päikesepõletus', 'põlema', 'põleng', 'vooluveekogud', 'erüteem_solare', 'põleb', 'põletada_märk', 'põletada', 'päevitus']
child	lapse	Match	['laste', 'alaealine', 'lapse', 'tütred', 'tütar', 'nooruk', 'alaealiste', 'lapsed', 'lenfant', 'laps', 'eelpuberteedi', 'väike_kala']
cloud	pilve	Match	['pilv_teenust', 'kubisev', 'sülem', 'kiba', 'avalik_pilv', 'parv', 'pilve', 'pilvepõhise', 'pilvandmetöötlus', 'pilv', 'infrastruktuuri_teenuste', 'pilv_hosting', 'cloud_computing', 'pilv_infrastruktuuri', 'infrastruktuur_teenusena', 'pilved', 'cloud_strife', 'cloud', 'pilve_moodustumise', 'pilve_teenus', 'cloud_hosting', 'pilveraalindus', 'hübriidpilv', 'vidu', 'udu']
cold	külm	Match	['äge_nasofarüngiit', 'nasofarüngiit', 'külmad', 'äge_ninaneelupõletik', 'nicole_scherzinger', 'kok', 'tavaline_nohu', 'lihtne_külmetus', 'madalal_temperatuuril', 'külm', 'krooniline_obstruktiivne_kopsuhaigus', 'nicole_prescovia_elikolani_valiente_scherzinger', 'cold', 'craig_david', 'külma', 'ninaneelupõletik', 'nohu']
come	jõudsime	Found close match: ['jõuda']	['tule', 'hüüatama', 'cum', 'seemneline_vedeliku', 'seemnevedelik', 'sperma', 'seeme', 'saabuma', 'saabuvad', 'meenuma', 'jõuda', 'come', 'ejakulaat', 'tabas', 'tulema']
correct	õigesti	Found close match: ['õige', 'õigus']	['õigus', 'õige', 'korrektne', 'kohandada']
count	krahv	Match	['arvusüsteem', 'struktuurpäringukeel', 'krahvinna', 'kaaluda', 'numeratsiooni', 'lugema', 'countship', 'jarl', 'earls', 'loendamine', 'loend', 'earl', 'jaarlikunta', 'sql', 'arvusüsteemid', 'comital', 'numeratsioonisüsteem', 'comtesse', 'loeb', 'loendama', 'structured_query_language', 'krahv']
cut	vaheltlõiked	Incorrect	['lõigatud_liha', 'haava', 'lõika', 'rebendid', 'cut', 'primal_lõigatud', 'lõikus', 'haavates', 'ajakirjanduse_tsenseerimine', 'lõikama', 'pesapall_hoos', 'lõigatud_ja_täitke', 'kesk_única_dos_trabalhadores', 'tsenseerimine', 'lahtine_haav', 'tsensorid', 'külm_õlg', 'lõikamine', 'tsenseeritud', 'tsensuur', 'haavad', 'lõigatud', 'filmi_toimetamine', 'lühendama', 'haav', 'avatud_lõigatud', 'vähendama', 'vähendada']
day	päeva	Match	['päeva', 'clarence_shepard_päev_jr', 'ööpäev', 'ilmne_päikese_aeg', 'tähendab_päikese_päev', '24tunnise_intervalliga', 'päeva_pikkus', 'clarence_day', 'keskmine_päikese_päev', 'day', '24h', 'täht_päev', 'päikese_ajal', 'päikese_päev', 'clarence_päeva', 'päevasel', 'päev', '24_tunni_jooksul', 'päeval']
die	aufl	Incorrect	['täring', 'suremine', 'surm', 'vürfel', 'täringut', 'koolma', 'polyhedral_täringut', 'hingusele_minema', 'laaditud_täringut', 'surema', 'täringud', 'sure', 'surra', 'surma', 'suri', 'die', 'enneaegset_surma', 'suremus', 'stants']
dig	uuristada	Incorrect	['arheoloogilised_saidi', 'haarata', 'mõistma', 'kaeva', 'torkima', 'dig', 'kaevata', 'mõnitus', 'kaevamine', 'aru']
dirty	räpane	Match	['mustuse', 'dirrty', 'l1_vahemälu', 'kirjutadaback', 'pinnas', 'cpu_cache', 'mullad', 'dirty', 'vahemällusalvestus', 'protsessori_vahemälu', 'vahemälu_miss', 'vahemälu', 'underworld', 'l2_vahemälu', 'määrdunud', 'maa_assotsiatiivne', 'savi', 'must', 'l3_vahemälu', 'andmete_vahemälu', 'räpane', 'cpu_vahemälu', 'muld', 'puhverdatud', 'räpased', 'cache_miss', 'vahemälu_rida', 'keskprotsessori_vahemälu']
dog	koer	Match	['kutsu', 'koerraud', 'haakuv', 'koer', 'koerad', 'wienerwurst', 'familiaris', 'raud_sahtel', 'koerlased', 'kuuma_koera', 'koerlane', 'canis_familiaris', 'hot_dog', 'weenie', 'pawl', 'halupukk', 'canids', 'taga_ajama', 'kodukoer', 'kaabaklik', 'perekond_canidae', 'takistuseni', 'canidae', 'koera_liha', 'koera', 'duck_hunt', 'nuhruinen_eukko', 'canis_lupus_familiaris', 'viiner', 'hotdog', 'kodumaiste_koer']
drink	keeda	Incorrect	['crapulence', 'joogid', 'neelamine', 'juua', 'jook', 'tehnilise', 'jooki', 'pummeldamine', 'deglutition', 'jooma', 'joodav']
dry	niiske	Incorrect	['tasakaalu', 'keha', 'kuivada', 'kuivatama', 'kuivad', 'stypsis', 'kuiv', 'keeluvastase', 'dry', 'mineraalsust', 'puuviljad', 'puuja', 'kuivaks']
dull	roostepruun	Incorrect	['nüri', 'rumal', 'nõme', 'loll']
dust	pilvekiht	Incorrect	['fannings', 'praht', 'kiviprügi', 'tolmu', 'babylon_5', 'rusud', 'ingel_tolmu', 'fentsüklidiin_hydrochloride', 'dust', 'fentsüklidiin', 'orange_pekoe', 'pekoe', 'tolm']
ear	silmalaud	Incorrect	['auricula', 'kõrv', 'tipp', 'viljapea', 'inimese_kõrva', 'kõrvalestad', 'tähk', 'kõrva_lagunemine', 'kõrvalesta', 'kõrva', 'kõrvad', 'kündma', 'pinnae', 'kõrvalest']
earth	päikesesüsteemist	Incorrect	['brontitall', 'kuival_maal', 'maandamine', 'maapealsete', 'saiyan', 'potensiaaliühtlustus', 'helesinine_planeet', 'maale', 'maandus', 'maa_siseehitus', 'golgafrincham', 'dragon_ball', 'tugeval_alusel', 'maa', 'maakera', 'earth', 'andrómeda', 'lamuella', 'maailmas', 'maandama', 'maapind', 'maise_mure', 'planeet_maa', 'magrathea', 'krikkit', 'maa_mass', 'maandusega', 'milliways', 'ace_combat', 'maanduse']
eat	süüa	Match	['toitmine', 'sööma', 'söö', 'söömine', 'eat', 'söögituba', 'süüa']
egg	muna	Match	['mune', 'elliptilised', 'ootsüüt', 'ovum', 'osi_mudel', 'kala_muna', 'munandid', 'elliptiline', 'avatud_süsteemide_sidumise_arhitektuur', 'kana_muna', 'munarakud', 'testise', 'munarakkudega', 'ovaal', 'munatoodang', 'open_systems_interconnection', 'jama', 'osi_raammudel', 'ovaalne', 'ballock', 'lind_muna', 'orhis', 'munandite', 'egg', 'selleks_phasmida', 'munad', 'testis', 'muna', 'teste', 'osiraammudel', 'phasmida', 'munarakk', 'osibaasmudel', 'selleks_phasmatodea', 'phasmatodea', 'ellips', 'osimudel', 'munand']
eye	silm	Match	['silmad', 'eye', 'pungad', 'silmamuna', 'bud', 'ühend_silmad', 'pung', 'optika', 'silma', 'gemma', 'orkaani_silm', 'the_eye', 'oculi', 'eyewall', 'silm', 'oculus', 'optiline']
fall	langeda	Found close match: ['langeb', 'langusega']	['pin', 'langusega', 'sügisel', 'agu_koit', 'fall', 'väheneb', 'natalia_lesz', 'eha', 'the_fall', 'kuku', 'kukkumine', 'love_me_like_you_do', 'evenfall', 'aovalgus', 'sügis', 'agu', 'crépuscule', 'crepuscle', 'downslope', 'gloam', 'pattulangemine', 'kukkuma', 'fall_of_man', 'hämarik', 'langeb', 'videvik', 'gloaming', 'meremiili_videvik', 'astronoomiline_hämarik', 'vähendada']
far	kaugemalegi	Found close match: ['kaugele', 'kaugel']	['armee_jaoks_rwanda_vabastamise', 'far', 'endine_armed_forces', 'kaugele', 'palju', 'kaugel', 'alir', 'interahamwe']
fat	rasv	Match	['fat12', 'lipiidide', 'vistseraalse_rasva', 'rasvasus', 'lipiid', 'glycerolipid', 'rasv', 'lipiidid', 'mineraalsust', 'lipide', 'puuja', 'keha', 'stypsis', 'rasvkoes', 'kuiv', 'fat', 'fat16', 'failipaigutustabel', 'tasakaalu', 'rasvkude', 'file_plaan', 'ülekaaluline', 'lipoid', 'rasvkoe', 'fat32', 'puuviljad', 'keha_rasva', 'adiposis', 'file_allocation_table', 'rasvad', 'paks', 'täidlus', 'rasva', 'paksud']
father	isa	Match	['bioloogiline_isa', 'ettevõtlus', 'kiriku_isa', 'kaasasutaja', 'ettevõtjad', 'begetter', 'seerianumber_ettevõtja', 'ettevõtlikkust', 'katoliku_preester', 'isataim', 'preestriks', 'isa', 'ettevõtlust', 'father', 'preester', 'kirikuisa', 'kirik_isa', 'roomakatoliku_preester', 'the_gift', 'katoliku_preestriks', 'ettevõtja', 'isajumala', 'katoliku_preestrid']
fear	hirmust	Found close match: ['hirmu', 'hirmud', 'hirm']	['ehmatus', 'karta', 'marillion', 'kartus', 'aukartust', 'inside_out', 'muret', 'fear', 'hirmud', 'hirmu', 'kartma', 'hirm']
feather	hoosuled	Found close match: ['suled']	['barbule', 'feather', 'suled', 'hundsulestik', 'puhkesulestik', 'sulg', 'sulestik', 'featheri_jõgi', 'linnusuled', 'filoplume', 'linnusulg', 'eclipse_sulestik']
few	mõnikümmend	Incorrect	['kogus', 'vähe', 'vähesed']
fight	võitlemas	Found close match: ['võitlema', 'võitle', 'võitlus']	['võitlemine', 'võitlema', 'võidelda_koolitus', 'kokkupõrked', 'kaklema', 'lahing', 'konkurentsivõime', 'sõjaline_tegevus', 'relvastatud_võitluse', 'võitle', 'vastu', 'võitleb', 'võidelda', 'võitlus', 'fight']
fingernail	sõrmlaud	Not found	[]
fire	tulekahi	Found close match: ['tulekahju', 'tulekahjud', 'tuli']	['leek', 'tulekahju', 'fervidness', 'leona_lewis', 'camp_rock_2_the_final_jam', 'leegitsev', 'kahjutuli', 'heartbreak_on_hold', 'tina_barrett', 'firejericho', 'tuld', 'kelis_was_here', 'fire', 'fervency', 'lets_cheers_to_this', 'tule', 'anarchy', 'tuli', 'tulekahjud', 'põleng']
fish	kalad	Match	['fish', 'kalad', 'toidu_kala', 'derek_william_dick', 'pterygiophore', 'kalaks', 'kala', 'pisces', 'kalu', 'pehme_ray', 'praadida', 'phish', 'kalad_kalad', 'toit_kala', 'go_fish', 'elver', 'fingerling', 'kalastik', 'fluorestsents_in_situ_hübridisatsioon', 'merekalad']
five	kaheksa	Incorrect	['viis', 'sugarcult', 'little_phoebe', 'succeeder', '5', 'saavutaja', 'hollywood_undead', 'five', 'pentad', 'korvpallimeeskond', 'cinque']
float	rippuda	Incorrect	['murdarv', 'plahvatuslik_dekompressioon', 'ujukoma_aritmeetika', 'jäätise_sooda', 'css', 'ujukoma', 'pontoon_paat', 'ujukoma_arvu', 'ujupõis', 'ujupõie', 'astmelised_stiililehed', 'avaliku_float', 'pontoon', 'ujukite', 'float', 'hõljuvad', 'õhu_põit', 'ponton', 'krohvija_on_ujuki', 'swimbladder', 'ujukoma_numbrid', 'gaasi_põie', 'ujukomaarv', 'kontrollimatu_dekompressiooni', 'kaskaadlaadistik', 'õngekork', 'jäätise_float', 'bobfloat']
flow	voolava	Found close match: ['voolav', 'vool', 'voolu']	['pidev', 'hüdrauliliselt', 'vedeliku_voolu', 'menorröa', 'rap', 'voolu', 'vooluhulk', 'menstruatsioon', 'hüdraulilise_surve', 'vedeliku_dynamicist', 'voolav', 'kuupuhastus', 'vool', 'menorraagia', 'räppimine', 'hüdromehhaanika', 'vedelike_dünaamika', 'gravity_recovery_and_interior_laboratory', 'menstrueerima', 'young_money_entertainment', 'florent_mothe', 'flow', 'räppar', 'catamenia', 'vedeliku_füüsika', 'emceeing', 'voo', 'rap_kunstnik', 'võrgu', 'räpp', 'protorap', 'räpparite', 'hüdrauliline_rõhk', 'hüdromehaanika', 'voog', 'voolukiirus', 'hüdrauliline', 'hüdrodünaamiline', 'vedeliku_mehaanika', 'menses', 'voolu_võrku', 'koputamine', 'hüdraulika', 'täiendada_tee']
flower	õisik	Found close match: ['õis']	['play', 'relient_k', 'õied', 'lilled', 'õis', 'gackt', 'epicuticular_vaha', 'flower', 'õitsemine', 'flos', 'lilleke', 'õitseng', 'õitseaeg', 'õitsemise', 'lill', 'kasvuperioodi', 'bambi', 'taime_õis', 'pungad', 'puu_komplekt', 'kasvuperioodil', 'õie']
fly	lenda	Match	['ciara', 'lenda', 'kärbsed', 'lennata_palli', 'kärbes', 'ciara_harris', 'diptera', 'telk_lennukeelutsooni', 'lennata', 'ciara_princess_harris', 'rainfly', 'kärbes_kärbest', 'telk_klapp', 'lendama', 'liblikujumine', 'liblikas', 'fly', 'tõsi_kärbsed', 'sõita', 'ovivaate', 'dipterans', 'kahetiivalised', 'lennata_ees']
fog	udu	Match	['maa_udu', '10th_avenue_freakout', 'tumedus', 'udu', 'maapind_udu']
foot	jalg	Match	['jalg_pikkusühik', 'jalamil', 'kinni_maksma', 'vundament', 'meetrine_üksuse', 'meetrine_jalad', 'suu', 'mollusks', 'jalg', 'õmblusmasin', 'mollusca', 'jalaväe', 'pes', 'mainsheet', 'jalalaba', 'understructure', 'pada', 'värsijalg', 'jalaväelased', 'ilm_lehel', 'lõngakera', 'jalavägi', 'limune', 'jalaklann', 'loomade_suu', 'sihtasutus', 'surilina', 'hõimkond_mollusca', 'mollusk', 'jalga', 'foot', 'infanteeria', 'molluskid', 'meetrine_suu', 'jalaväerügement', 'selgrootute_suu', 'labajalg', 'inimese_jalg', 'limused', 'limus', 'õmblusmasinad']
forest	metsapuude	Found close match: ['metsad', 'metsa', 'metsas']	['metsad', 'parasvöötmelehtmets', 'laas', 'metsas', 'puu', 'okasmetsad', 'nottingham_forest', 'juurdunud_puu', 'vorst', 'metsamaa', 'timber', 'forest', 'metsa', 'mets', 'okaspuumets', 'wälder', 'nottingham_forest_fc']
four	kaks	Incorrect	['4', 'piiri', 'succeeder', 'tetractys', 'saavutaja', 'little_joe', 'kuus', 'quaternion', 'four', 'quaternity', 'nelja_koha', 'channel_4', 'neli', 'planetary', 'forth', 'nelik', 'quaternions', 'quatern']
freeze	külmu	Found close match: ['külm', 'külmutamine']	['tahkestumine', 'freeez', 'todd_smith', 'paigal', 'tahkestamine', 'tahkumine', 'külmutamine', 'freeze', 'külm', 'jordin_sparks', 'riputada', 'on', 'hall', 'bloodline']
fruit	luuviljad	Found close match: ['puuviljad', 'puuvilja', 'viljad']	['tasakaalu', 'keha', 'puuvili', 'fruit', 'puu', 'seemne_pod', 'vili', 'stypsis', 'kuiv', 'mineraalsust', 'seeme_pod', 'fructus', 'puuviljad', 'puuja', 'viljad', 'puuvilja']
full	täielik	Match	['täisofthemoon', 'täielik_kuu_faas', 'täiskuu', 'täielik', 'täielikult', 'täis']
give	anda	Match	['anna', 'esitleb', 'ohverdama', 'vetruvus', 'kingitused', 'anda', 'andma', 'toita', 'pet_your_friends', 'pühendada', 'cold', 'kingitus', 'the_giver', 'on']
good	hea	Match	['tubli', 'kaubad', 'tooted', 'hea', 'väärtus', 'põhjalikult', 'hästi', 'väärtushinnang', 'headus', 'good_music', 'libellé', 'good', 'eetilisi_väärtusi', 'kaupade', 'hea_ja_kurja', 'kaubanduse_hea', 'kaup', 'hüve']
grass	muru	Match	['graminoid', 'muru_pere', 'günter_grass', 'nothing_can_stop_us', 'sens', 'sööt', 'pere_poaceae', 'karjamaad', 'grass_gis', 'eatage', 'spikelets', 'supergrass', 'sporobolus_caespitosus', 'rohi', 'graminaceae', 'kõrreline', 'kanep', 'muru', 'skylarking', 'sess', 'pere_graminaceae', 'loomatoit', 'roheline_jumalanna', 'heintaimed', 'poaceae', 'stoner', 'gramineae', 'kõrrelised', 'mary_jane', 'marihuaana', 'perekond_kõrreliste', 'gunter_wilhelm_grass', 'kanepi']
green	roheline	Match	['kelly_roheline', 'rohelised', 'rohekaskollased', 'lehtköögiviljad_rohelised_köögiviljade', 'puttamisgriinil', 'parki', 'avavarad', 'paneb_pinna', 'keskkonna_aktivistid', 'aedvilja', 'jade', 'mineraalsust', 'super_c', 'roheline_liikumine', 'roheline_on', 'puuja', 'greeni_jõgi', 'jahimees_roheline', 'keha', 'brunswick_roheline', 'super_hape', 'püss_roheline', 'rohelised_lehtköögiviljad_taimsetest', 'tumeroheline', 'william_green', 'keskkonnaprobleeme', 'mesi_õli', 'ühisvara', 'keskkonnaaktivism', 'viridity', 'stypsis', 'kuiv', 'park', 'kollakasroheline', 'chartreuse', 'green', 'commons', 'läheb_roheline', 'leaf_vegetable', 'tasakaalu', 'ühine', 'ühisvarad', 'roheline_poliitika', 'rohekas', 'keskkonnasõbralik', 'keskkonnakaitsja_liikumine', 'kass_valium', 'aedvili', 'special_k', 'hernes', 'lehtköögiviljad', 'roheline_ideoloogia', 'feldgrau', 'vert', 'rohelised_köögiviljad', 'lehtköögiviljad_taimsetest', 'green_river', 'puuviljad', 'jade_roheline', 'köögivili', 'keskkonnateadus', 'keskkonnakaitsjad', 'pudel_roheline', 'keskkonnateadlikkust', 'ökoloogiliselt_sõbralik', 'roheline', 'smaragd', 'keskkonnasõbralikum', 'keskkonnateadvus']
guts	lihasööjad	Incorrect	['julgus', 'sool', 'soole', 'inimese_seedetrakti', 'sisikond', 'soolestik', 'sooled', 'intestina', 'kõht', 'soolestiku', 'julgust', 'guts', 'seedeorganite', 'braveness', 'seedekulgla', 'vaprus', 'courageousness', 'seedetrakti', 'intestinum', 'soole_valendik', 'seedimise_toru', 'soole_limaskesta', 'moxie', 'seedetrakti_ülaosast', 'seedetraktist']
hair	juuksekarva	Found close match: ['juuksed']	['hair', 'soeng', 'jõhvriie', 'hairsbreadth', 'juuksed', 'karvane', 'hairslaius', 'juustest', 'karvad']
hand	käega	Match	['labakäsi', 'käsitsikiri', 'skripti', 'kätes', 'drazi', 'kaardid', 'abikäsi', 'käekiri', 'trükikiri', 'kätt', 'käelaba', 'brakiri', 'käega', 'dilgar', 'käsi', 'käe', 'manus', 'hand', 'system_of_a_down', 'cordella', 'kaardimäng', 'andma', 'kaardimängud', 'renditud_küljest', 'palgatud_mees', 'bridžimängija']
he	ta	Not found	[]
head	abidirektor	Found close match: ['direktor', 'peadirektor', 'asedirektor']	['ajakirja_artikkel', 'head', 'headspring', 'artikkel', 'http', 'vaim', 'hüdraulilise_gradiendi', 'pea', 'vitu_lakkumine', 'koolidirektor', 'top_koer', 'pea_kapten', 'brian_welch', 'httppäring', 'cunnilictus', 'hüperteksti_edastusprotokoll', 'suhuvõtmine', 'cunnilinguus', 'maffiabossi', 'uudis', 'http11', 'peas', 'oraalseks', 'vaimse_sisu', 'suunama', 'hüdrauliline_pea', 'maanina', 'fellatio', 'hõimu_ülem', 'direktriss', 'cephalic', 'neem', 'mainsheet', 'asedirektor', 'chieftaincy', 'põhjustada_lugu', 'pseudanthium', 'peadirektor', 'peamine', 'ilm_lehel', 'juhatama', 'lõngakera', 'koolmeister', 'chieftainship', 'liider', 'cunnilingus', 'klanni_pealik', 'keelekas', 'suhupanemine', 'suuseks', 'juhataja', 'lugeda__kirjutada_pea', 'juht', 'õppealajuhataja', 'šoti_klanni_pealik', 'direktor', 'oraalne_vahekord', 'kuritegevuse_boss', 'surilina', 'nus', 'kuritegevuse_isand', 'nous', 'psüühika', 'koolieelse_lasteasutuse', 'inimmõistuse', 'hamba_peale_võtmine', 'pea_kaotus', 'dirty_mind', 'koolijuht', 'drumhead', 'drum_pea', 'hypertext_transfer_protocol', 'ajaleheartikli', 'küsimus', 'türaimeja', 'pealik', 'http_taotluse']
hear	kuulda	Not found	[]
heart	südame	Match	['inimese_südames', 'into', 'alexz_johnson', 'sisuliselt', 'süda', 'olemus', 'heart', 'südame_koja', 'süda_ja_hing', 'kiindumus', 'südant', 'südame_vasakust', 'philia', 'mindless_self_indulgence', 'südame', 'kiindumust', 'essentsid', 'asja_tuum']
heavy	rasked	Match	['tasakaalu', 'keha', 'state_vs_radric_davis', 'raske', 'ihukaitsjad', 'ihukaitsja', 'heavy', 'ihukaitse', 'puuviljad', 'stypsis', 'team_fortress_2', 'kuiv', 'mineraalsust', 'turvamees', 'heavycom', 'puuja', 'rasked']
here	yhe	Incorrect	['siia', 'siin', 'here', 'hera']
hit	hitti	Found close match: ['hit']	['tabanud', 'hit', 'suurendama', 'base_hit', 'lööb', 'saavutama', 'hīt', 'punktiarvet', 'kokkupõrge', 'löö', 'jõuda', 'streik', 'kokkupõrkeid', 'tabamus', 'skoor', 'tabas']
hold	kõigutada	Incorrect	['lastiteki', 'trümm', 'anda', 'hoia', 'küüsis', 'säilitada', 'vahi_all', 'ootele', 'toetada', 'katamewaza', 'ootetsoon', 'kontrollida', 'ootama', 'hoida', 'esitamise_omab', 'lastiruum', 'palmar_haarata', 'ajavahet', 'vaeva_ootel', 'maadlus_hoidke', 'käepide', 'kohtuvahi_all', 'kinni', 'pidama', 'haare', 'laadruum', 'viivitus', 'on', 'hoidma', 'laoruum', 'vahistamine', 'lastialal', 'laadungiruum', 'ootel', 'nõus', 'fermata', 'peahaardesse']
horn	vibrafon	Incorrect	['ruuporkiirgur', 'prantsuse_sarved', 'mootor_sarv', 'trompet', 'jalgratta_pasunat', 'metsasarv', 'kornet', 'sarv_antenn', 'trumpeters', 'trompetist', 'sarv', 'horn', 'jazz_trompetist', 'ruuporantenn', 'french_horn', 'auto_sarvest', 'parmupill', 'corno', 'gaienhofen', 'sadul_sarv', 'cornet']
how	kuidas	Match	['küsilause', 'kuidas', 'hands_all_over', 'küsiv_asesõna', 'how', 'küsiv_sõna']
hunt	hunt	Match	['jahipidamine', 'otsimine', 'james_henry_leigh_hunt', 'leigh_hunt', 'jaht', 'holman_hunti', 'william_henry_hunt', 'jahimehed', 'küttima', 'vutt_jaht', 'jahtima', 'richard_morris_hunt', 'hunt', 'overhunting', 'otsing', 'william_holman_hunti', 'otsida', 'unt', 'hunt_klubi', 'küttimine', 'william_holman_hunt']
husband	abikaasa	Match	['kaasake', 'partneri', 'abikaasa', 'teisepoole', 'abielumees', 'abikaasad', 'husband', 'mees', 'abikaasa_või_elukaaslane', 'abielus_inimene']
i	arvan	Not found	[]
ice	jäähoki	Found close match: ['jää']	['emirates_airlines', 'eriolukorras', 'sisepõlemismootoriga', 'kristall_move', 'dextromethamphetamine', 'uisustaadion', 'uisuplats', 'uisuväli', 'tritsuväli', 'ice_la_fox', 'desoxyn', 'sisepõlemismootorite', 'jää', 'temmleri_tablett', 'metamfetamiini', 'pervitiini', 'liuväli', 'move', 'metamfetamiini_vesinikkloriid', 'in_case_of_emergency', 'jääd', 'emirates', 'metamfetamiin', 'vabaõhuliuväli', 'jää_koristamine', 'auto_mootor', 'nmetüülamfetamiin', 'ice', 'kristall_metamfetamiini', 'pervitiin', 'c10h15n', 'institution_of_civil_engineers', 'instituto_costarricense_de_electricidad', 'pervitin', 'kuorrutus', 'sisepõlemismootori', 'methedrine', 'shabu', 'sisepõlemismootoriga_sõiduk', 'deoxyephedrine', 'glasuurima', 'tehisjää', 'emirates_airline', 'sisepõlemismootor']
if	siis	Not found	[]
in	.	Not found	[]
kill	tappa	Match	['tapma', 'suremine', 'surm', 'tapmine', 'pannes_surnuks', 'tappa', 'surma', 'suri', 'tapa', 'enneaegset_surma', 'suremus', 'the_kill', 'kill']
knee	jalaluu	Incorrect	['articulatio_perekonnast', 'põlvevigastuse', 'põlveliigese', 'inimese_põlve', 'genu', 'põlve_streik', 'põlveliigest', 'põlve', 'põlv', 'lämmatama']
know	teaks	Found close match: ['tea']	['sugu_tegema', 'teadma', 'noesis', 'keppima', 'nussima', 'panema', 'kognitiivne_töötlemine', 'seksima', 'kognitiivsed_võimed', 'kognitiivsed_protsessid', 'kognitiivset_funktsiooni', 'nikkuma', 'tundma', 'tea', 'kognitsioon', 'trukkima', 'oskama', 'tunnetus', 'cognitions', 'teadmine_teadmised', 'teadmine', 'teadmised', 'kogeda']
lake	kalajärv	Found close match: ['järv', 'vahelduva_järv', 'järve']	['looduslik_järv', 'järvik', 'magevee_järv', 'lake', 'mässajad', 'pigmendid', 'värvipigment', 'üürike_järv', 'pigment', 'lontsik', 'järved', 'järv', 'järve', 'vahelduva_järv', 'vahelduva_järve']
laugh	naerdes	Found close match: ['naerda', 'naer', 'naera']	['naera', 'narrima', 'jest', 'nali', 'naer', 'naljakas', 'nalja', 'naerma', 'naerda']
leaf	lehetupp	Found close match: ['leht', 'lehestik', 'lehed']	['leaf_marginaali', 'verso', 'lehed', 'puu', 'axils', 'karvane', 'lehtedele', 'lehed_mantel', 'crenate', 'lehed_marginaal', 'paullinia_pterophylla', 'lehestik', 'folio', 'lehed_axil', 'axil', 'leht', 'adaxial', 'juurdunud_puu', 'metsa', 'basaal_lehed', 'hõlmine_lehelaba', 'keskroole', 'rekto_ja_verso', 'rekto', 'esikülg', 'taimeleht', 'taime_leht', 'nissan_leaf', 'abaxial', 'ühend_lehed']
left	vasakule	Match	['liberaalne_partei', 'pahem', 'kollektivistliku', 'vasakpoolsus', 'vasaku_käe', 'esquerra_republicana_de_catalunya', 'pahempoolsus', 'venstre_taani_liberaalne_partei', 'vasakpoolne', 'venstre_danmarks_liberale_parti', 'venstre', 'vasak', 'vasakpoolsed', 'vasakule', 'vasakpoolsete', 'vasakult_ääremängija', 'vasakul', 'vasaktiib', 'vasakpoolsed_poliitikas', 'vasemmistolaisuutta']
leg	jalaluu	Found close match: ['jalale', 'jala', 'jalad']	['järelkasv', 'murtud_jalg', 'kahejalgne_lips', 'jalg', 'säär', 'puujalka', 'jalale', 'membra_inferia', 'kaatetid', 'vastaskaatet', 'kahejalgne', 'puujalg', 'pegleg', 'jala', 'kahe_jalaga_mängu', 'lähiskaatet', 'membrum_inferius', 'vähi', 'jalad', 'alajäse', 'alajäsemete', 'kaatet', 'kahe_jalaga', 'alajäseme', 'alajäsemed', 'inimese_jalg']
lie	hulknurga	Incorrect	['võltsitud_dokumentide', 'lebama', 'väär', 'absolute_first_album', 'the_lie', 'valelikkus', 'lie', 'trygve_halvdan_lie', 'malpresentation', 'peituvad', 'awake', 'lasuma', 'laotama', 'trygve_lie', 'valeta', 'valetamine', 'trygve_halvden_lie', 'lesima', 'vale']
live	live	Match	['kogeda', 'jennifer_muñiz', 'elus', 'ellu_jääda', 'kontsertreisil', 'live_kontsert', 'built_to_spill', 'j_lo', 'live_at_the_marquee', 'elan', 'jennifer_lopez', 'jennifer_lynn_lopez', 'live', 'jennifer_muniz', 'simian_mobile_disco', 'rem_live', 'elav_muusika', 'kontsert', 'elu', 'elama', 'jlo', 'elada', 'muusika_kontsert', 'pigmy_love_circus']
liver	vereringeelundite	Incorrect	['maks', 'veisemaks', 'jecur', 'maksa', 'hepar']
long	pikk	Match	['longa', 'pikad', 'pikka', 'bloody_roar', 'long', 'pikk', 'william_henry_long', 'kaua']
louse	ussilakk	Incorrect	['lind_liero', 'lülijalgne', 'artropoodid', 'liero', 'lülijalgsete', 'hammustamine_liero', 'taim_liero', 'täid', 'phthiraptera', 'mustuse_pall', 'imemiseks_liero', 'lülijalgsed', 'artropood', 'täi', 'arthropoda']
man	mees	Match	['inimene', 'manchesteri_lennujaam', 'relient_k', 'atanatári', 'inimestel', 'wen', 'toapoiss', 'mani_saar', 'maailm', 'härrasmeeste_härrasmees', 'pärisinimene', 'maschinenfabrik_augsburgnürnberg', 'maakera', 'man_se', 'homo_sapiens', 'mehel', 'mees', 'man_ag', 'inimkonna', 'dunlending', 'tegevväelane', 'homo_sapiens_sapiens', 'mees_lehekülge', 'homo', 'täiskasvanud_mees', 'maailmas', 'inimesed', 'nüüdisinimene', 'seksuaalsele_küpsemisele', 'mehed', 'sõjaväelased', 'inimkond', 'tarkinimene', 'manfred_gnadinger', 'inimese', 'suurlinnaala_võrgu', 'wan', 'mani', 'cornelis_de_man', 'inimliigi', 'sõjaväelane', 'man', 'toapoiss_de_chambre', 'suguküpsed', 'maailma', 'inimloomus', 'linnavõrk', 'meesterahvas', 'mees_lehekülgi', 'dunlendings', 'sõjalise_mees']
many	mitmedki	Incorrect	['palju', 'paljusid', 'paljud', 'many']
meat	liha	Match	['sisuliselt', 'liha', 'olemus', 'shawn_stasiak', 'liha_teaduse', 'süda_ja_hing', 'asja_tuum', 'töödeldud_liha', 'essentsid', 'we_will_rock_you']
moon	päikesetuul	Found close match: ['päike', 'päikese_märk']	['satelliit', 'sun', 'kuupaiste', 'sünoodiline_kuu', 'kuu', 'kaaslane', 'lunaarkuu', 'planeetide_kaaslased', 'moon', '문', 'veenus', 'mars', 'kuuvalgus', 'jupiter', 'sun_myung_moon', 'kuukuu', 'looduslik_satelliidid', 'looduslik_kaaslane', 'moon_tüüp', 'draconic_kuu', 'päike', 'tehiskaaslane', 'kyôko_fukada', 'planeedi_kaaslane', 'kuuvalgel', 'synodic_kuu', 'päikese_märk', 'lunation']
mother	ema	Match	['õde', 'maaema', 'tihhon_hrennikov', 'maa_ema', 'emataim', 'chorus_line', 'emajumalanna', 'synchronicity', 'sisters_of_avalon', 'sündi_ema', 'bioloogiline_ema', 'ema', 'nunn', 'mother', 'nunnad', 'emad', 'a_chorus_line', 'ema_jumalanna', 'kordeballett', 'emajumalannad']
mountain	mägedes	Found close match: ['mäed', 'mägine', 'mäe']	['muckle', 'sahtu', 'kaunis_tublisti', 'mägine', 'mäed', 'saatepartii', 'mickle', 'suur_rahasumma', 'lomp', 'palju', 'mountain', 'mäe', 'mägi', 'passel', '482']
mouth	suue	Match	['sassing', 'cavitas_oris', 'estuaar', 'tipp', 'suuõõne', 'backtalk', 'rima_oris', 'suue', 'suuõõs', 'suulise_mõra', 'suu', 'labium', 'sass', 'perioraalne', 'jõesuue', 'rääkida', 'lehtersuue', 'tagasi_rääkima', 'cavum_oris', 'suuõõnes']
name	nimi	Match	['tunnuste', 'viitama', 'nominaalne', 'pärisnime', 'id', 'nime', 'avaliku_elu_tegelane', 'pärisnimesid', 'käändsõna', 'tuua', 'nimisõna_fraas', 'prooprium', 'name', 'nimi', 'nominaalne_fraasi', 'mainima', 'nimisõnafraasid', 'tunnus', 'arvutinimi', 'gens', 'pärisnimi', 'nimetus', 'tegelane', 'nimisõnafraas']
narrow	kitsas	Match	['kitsas', 'kitsad']
near	lähedal	Match	['lähedal', 'peaaegu', 'near_shoemaker']
neck	ninamik	Incorrect	['kael', 'kuklakangestus', 'kaelus', 'kaela', 'kaela_avamist']
new	new	Match	['äsja', 'uued', 'new', 'uus']
night	õhtu	Match	['nyx', 'öine_aeg', 'nox', 'õhtu', 'südaöö', 'öö_saabumine', 'night', 'öö', 'elie_wiesel', 'ööd', 'kesköö', 'wiesel', 'öösel', 'öösinine', 'eliezer_wiesel', 'pimedus']
nose	ninasõõrmed	Incorrect	['nina', 'lõhnavus', 'inimese_nina', 'gore', 'düüs', 'kimp', 'ninna', 'aromaatne', 'maitsmisorganiga', 'otsik', 'lõhn', 'geomeetriline_düüs', 'magnet_otsik', 'pihustid']
not	mitte	Match	['loogikalülituste', 'loogikaelement', 'negatsioon', 'loogika_circuit', 'loogikavärav', 'loogiline_eitus', 'loogikalüli', 'loogika_väravad', 'ning', 'loogikalülituse', 'loogiline_värav', 'ei', 'loogikaventiil', 'eitus', 'diskreetse_loogika', 'mitte']
old	vana	Match	['vana_viinapuu', 'vanaks', 'vana', 'vanad']
one	üks	Match	['the_one', '1', 'äss', 'üks', 'vertical_man', 'saavutaja', 'succeeder', 'sextuple', 'korteež', 'vampire_weekend', 'tuples', 'planetshakers', 'järjestatud_ennik', 'one', 'armin_van_buuren', 'nkorteež', 'supposed_former_infatuation_junkie', 'korrutamise', 'ühe']
other	näiteks	Incorrect	['muu', 'muud']
play	mängi	Match	['play', 'lõtku', 'stageplay', 'mängima', 'mängimine', 'virvendama', 'jooksul_mängida', 'panustamise', 'teatrietendus', 'tuua', 'näitemäng', 'mängides_perioodi', 'vabad_käed', 'dramaatiline_mängida', 'mäng', 'google_play', 'näidendid', 'näitekirjandus', 'hullama', 'mängurid', 'teatrilavastuse', 'draamaprojektid', 'dramaturgia', 'lavastus', 'kepsutama', 'kihlveo', 'näidend', 'hasartmäng', 'mängida', 'mängi', 'draama', 'draamakirjandus', 'lõtk', 'dramaatika', 'vehklemine']
pull	keerata	Incorrect	['vastupidine_pühkima', 'köitma', 'lööv', 'pull', 'jalg_lühidalt', 'pull_tulistas', 'löömist', 'meelitada', 'vedamine', 'tõmba']
push	liigutada	Incorrect	['push', 'lükka', 'getupandgo', 'confessions_on_a_dance_floor', 'nuppu', 'pinu', 'pinumälu', 'black_and_white_america', 'tõukamine', 'virn', 'promoma', 'puttichai_kasetsin', 'nupp', 'edendama', 'suruda', 'precious', 'lifo', 'lüliti']
rain	vihmase	Found close match: ['vihma', 'vihmavee', 'vihmavesi']	['in_blue', 'heavy_rain', 'vihma', 'vihma_tormi', 'john_colton', 'padukas', 'pelting', 'vihm', 'vihmavee', 'vihmasadu', 'vihmavesi', 'rain']
red	punane	Match	['bolševismi', 'after_school', 'bolshie', 'bolševike_partei', 'bolševik', 'punane', 'red', 'bolshy', 'kadu', 'punane_värvus', 'angry_birds', 'red_river', 'enamlus', 'punane_tint', 'enamlane', 'enamlased', 'bolševism', 'kured_linnud', 'punane_värv', 'bolševikud', 'anil_kapoor', 'day__age', 'punased']
right	vasakule	Found close match: ['vasakukäeline']	['eetika', 'parempoolsus', 'paremakäelistele', 'õigus', 'õige_ja_vale', 'õigesti', 'loomulik_õigus', 'parempoolseks', 'hoyre', 'korralikult', 'seaduslik_õigus', 'rightism', 'rightfulness', 'moraalne_filosoof', 'moraalifilosoofia', 'høyre', 'paremal', 'parempoolne', 'young_americans', 'höyre', 'parem_tiib', 'poliitiline_õigus', 'käelisus', 'parempoolsete', 'ebaeetiline', 'parempoolsed', 'juriidiline_õigus', 'võõrandamatud_õigused', 'eetik', 'parempoolsete_poliitika', 'õigused', 'eetiline_süsteem', 'moraalfilosoofia', 'norra_konservatiivne_partei', 'paremäärmuslane', 'eetiline_teooria', 'eetilisi_küsimusi', 'võõrandamatu', 'võõrandamatu_õigus', 'paremale', 'paremakäeline', 'vasakukäeline', 'õige', 'füüsilised_ja_juriidilised_õigused']
river	jõe	Match	['vooluveekogud', 'vooluveekogu', 'jõed', 'vahelduv_vool', 'sestao_river_club', 'ojad', 'jõgi', 'jõe', 'ruisseau', 'jõgede', 'river', 'watermark', 'oja']
road	maantee	Match	['the_road', 'maantee_mäng', 'ära_mäng', 'ära_mängu', 'maantee', 'tee', 'road', 'teetammi', 'new']
root	⌜	Incorrect	['juured', 'juur', 'puu', 'juure', 'intervall', 'taimejuur', 'sõna_tüve', 'esivanem', 'karvane', 'radix', 'tonaalne_keskus', 'etymon', 'algus', 'tüvi', 'kõrguskaugus', 'esivanemad', 'nnda_juure', 'etümon', 'varre', 'nastme_juur', '0', 'akordi_põhikuju', 'muusikaline_järel', 'juhuslik_juured', 'juustest', 'juure_asendit', 'konohagakure', 'hambajuurt', 'esivanemate', 'nastme_juur_arvust_a', 'toonika', 'juure_märkus', 'juurdunud_puu', 'null', 'eelkäija', 'metsa', 'peakasutaja', 'karvad', 'üleneja', 'allikas', 'sõnatüvi', 'toonik_akord', 'nes_juur', 'päritolu', 'juurdumine', 'root_sõna', 'juuksed', 'toonik', 'intervalli_tähistus', 'root', 'muusikaline_intervall', 'juurkasutaja']
rope	nööri	Found close match: ['nöör']	['mehhiko_valium', 'r2', 'köis', 'ropemaker', 'köied', 'rophy', 'nöör', 'roofy', 'unusta_mind_narkootikumide', 'rope']
rotten	seeing	Incorrect	['mäda', 'mädanenud']
round	kaheksandikfinaali	Incorrect	['prizefighting', 'paljaste_rusikatega_võitlema', 'bareknuckle', 'märkimisväärne_arv', 'poks', 'korpuse', 'ümmargused', 'tähendusega_koht', 'iga_päev_ringi', 'tüvenumbriga', 'mineraalsust', 'puuja', 'keha', 'täpsus', 'märkimisväärne_number', 'tüvenumbrini', 'rusikavõitlus', 'aritmeetika_täpsusega', 'stypsis', 'kuiv', 'auhinna_võitlus', 'vooru_joogid', 'ühiku_laskemoona', 'kõige_olulisem_kohaline', 'olulisi_kohaline', 'voor', 'tasakaalu', 'poksija', 'round', 'üks_lask', 'padrun', 'puuviljad', 'ümmargune', 'auhind_võitleja', 'pugilism', 'ümmarguse', 'ringikujuline', 'golfi', 'ümar', 'kassett']
rub	nahka	Incorrect	['venemaa_rubla', 'vene_rubla', 'hõõruda', 'pühkima', 'rub']
salt	soolvesi	Found close match: ['sool', 'soola']	['soolatoos', 'sool', 'nacl', 'strateegiliste_relvade_piiramise_kõneluste', 'ioonide_soola', 'soola_tootmise', 'kaaliumsool', 'salt', 'soola', 'naatriumsool', 'soolata', 'cheryl_james', 'henry_salt', 'söögisool', 'saltcellar', 'lauasool', 'saltnpepa', 'maantee_sool', 'naatriumkloriid', 'keedusool', 'soolad']
sand	liivaaugu	Found close match: ['liiva', 'liiv']	['liiva', 'amandine_aurore_lucie_dupin', 'amandine_lucile_aurore_dupin', 'sand', 'paruness_dudevant', 'sand_am_main', 'liiv', 'psammiit', 'sisikond', 'moxie', 'schönenbergkübelberg', 'george_sand', 'amantine_lucile_aurore_dupin']
say	ütleksime	Found close match: ['ütles', 'ütlema', 'ütle']	['siena_ampugnano_lennujaam', 'aeroporto_di_siena', 'in_blue', 'jeanbaptiste_say', 'thomas_say', 'öelda', 'ütles', 'ütle', 'say', 'osakis', 'oletame', 'ütlema', 'aeroporto_di_sienaampugnano', 'riik', 'siena_lennujaam']
scratch	lihvida	Not found	[]
sea	mere	Match	['meri', 'ookean', 'ookeanid', 'kuu_mära', 'mere', 'ookeani', 'ookeanide', 'mered', 'sea', 'merekeskkond', 'maailmameri', 'kuu_maria']
see	kuskilt	Incorrect	['avastada', 'näha_linna', 'külastama', 'skopolamiin', 'kindlustada', 'teada', 'nägemine', 'tycho', 'vaata', 'nägemistajust', 'piiskoplik_vaata', 'vaatamas', 'visuaalse_taju', 'archiepiscopal_näha', 'vt', 'külastada', 'näed', 'kuulda', 'vaatama', 'see', 'õppida', 'nägemismeel', 'hüostsiin', 'nägema', 'vaadata', 'pidada', 'näha', 'tegelema']
seed	seemnetaimed	Found close match: ['seemned', 'seemne', 'seemnevedelik']	['cum', 'seemnevedelik', 'juhuslik_seeme', 'poolfinaalis', 'poolfinaal', 'lähteväärtus', 'poolfinalist', 'semen', 'sublime', 'elimineerimine', 'seemnetega_mängija', 'hüüatama', 'sperma', 'seeme', 'seemned', 'ühe_kõrvaldamiseks', 'elimineerimine_turniiri', 'ühe_elimination_tournament', 'tulema', 'seemneline_vedeliku', 'allikas', 'veerandfinaal', 'santi', 'veerandfinaali', 'seemne', 'seed', 'poolfinaali', 'final_fantasy_viii', 'ejakulaat']
sew	õmmelda	Match	['õmmelda', 'stitchery', 'õmmeldud', 'õmblema', 'õmblemine']
sharp	kõverdunud	Incorrect	['teravad', 'skinheads_against_racial_prejudice', 'adaven', 'terav', 'sharp_corporation', 'sharp', 'diees']
short	lühike	Match	['shortstop', 'lühikese_positsiooni', 'lühike', 'lühikesed', 'lühis', 'lühikese_peatuse', 'shorting', 'lühiühendus', 'lühifilmi', 'järsult', 'lühikeseks_müümine', 'short', 'lühike_positsioon', 'film_lühike', 'lühianimafilmi', 'ettemüük', 'lühike_teema', 'lühikeseks_müük', 'lühifilm', 'kahe_reeler', 'äkki', 'lühistama', 'lühikese_positsiooni_katmine', 'shortstops', 'lühikeseks_müügi', 'vajakveos', 'kaks_reeler', 'lühise']
sing	laulda	Match	['poplaulja', 'vokaal', 'laulge', 'puhast_vokaali', 'leisure', 'harmoonia_vokaal', 'laulja', 'laulmine', 'laulda', 'vokalistid', 'laulma', 'lauljad', 'vocalizing', 'laula', 'laulik', 'naisvokaaliga', 'sing']
sit	kõndida	Incorrect	['istu', 'istumine', 'sõita', 'istuma', 'istuda']
skin	nahk	Match	['day_for_night', 'trükkplaate', 'skinnable', 'almost_human', 'ray_of_light', 'vaimuhaiglas', 'pluginad', 'naha', 'psühhiaatriahaiglasse', 'skin', 'integumendi', 'blender', 'ringkonnakohtu_kaart', 'nahka', 'trükkplaadid', 'koor', 'pwb', 'hullumajas', 'cutis', 'trükkplaat', 'addin', 'pistikprogramm', 'integument', 'rüü', 'võimu_lennuk', 'lisandmoodul', 'hullumajja', 'vaimne_kodu', 'pcb_ehk_trükkplaat', 'naharakkude', 'austraalia_aborigeenide_sugulust', 'vöötkoodi_lugeja', 'nahk', 'r_kelly', 'robert_sylvester_kelly', 'plugin', 'trükkplaadi']
sky	taevas	Match	['sky_airlines', 'maa_atmosfääri', 'atmosfäär', 'õhkkond', 'sky', 'credo', 'taevas_sinine', 'taevasina', 'atmosfääri_maa', 'stacey_king', 'cerulean', 'lazuline', 'heterosphere', 'taevas', 'team_sky', 'winx_club', 'maa_atmosfäär', 'taevasinine', 'thatgamecompany']
sleep	söömishäire	Incorrect	['hibernate', 'magamine', 'magama', 'uni', 'hübriiduni', 'quietus', 'the_black_parade', 'magada', 'sopor', 'igavest_rahu', 'unerežiim', 'talveunest', 'maga', 'letargia', 'puhkeolekus', 'igavene_uni', 'ooterežiimis', 'sleep']
small	väike	Match	['small', 'john_kunkel_small', 'väikesed', 'väike', 'nimme']
smell	lõhnad	Match	['hais', 'ebameeldiv_lõhn', 'maitsmis', 'lõhnatu', 'maitsmis_taju', 'tunne', 'lõhnataju', 'maitsmis_tunne', 'haistmine', 'toon', 'haistmismeel', 'maitsmis_kinnisvara', 'maitsmis_modaalsus', 'lõhnaga', 'lõhn', 'lõhna', 'lõhnad']
smoke	põleda	Incorrect	['suitsu', 'moke', 'sens', 'kerri_efekt', 'pläru', 'tubakas', 'fastball', 'suitsema', 'sigaret', 'toss', 'sess', 'magnetooptiline_kerri_efekt', 'nicotiana', 'yin_yang_yo', 'smoke', 'cigaret', 'roheline_jumalanna', 'magneetooptilised_kerr_mõju', 'pabeross', 'tubakarulli', 'suitsutatud', 'suitsetamine', 'suits', 'suitsetama', 'suitsutamine', 'tubaka_taime', 'mary_jane', 'plotski', 'ving', 'marihuaana', 'suitsugaas', 'tobi', 'kirstu_naela', 'sigarett']
smooth	sile	Match	['gerald_albright', 'sile_arv', 'keha', 'tasakaalu', 'smooth', 'sile', 'siluda', 'mahe', 'sujuv', 'stypsis', 'kuiv', 'mineraalsust', 'puuviljad', 'puuja', 'tõrgeteta']
snake	kobra	Incorrect	['grey_kood', 'madu', 'maolised', 'maod', 'mao', 'gray_kood', 'graykood', 'snake', 'solid_snake', 'madu_rohus', 'snake_jailbird', 'ofiidid', 'hüdra', 'snake_river', 'maoline', 'serpentes']
snow	lumi	Match	['c_lk_snow', 'elevandiluu', 'charles_percy_snow', 'baron_snow_of_leicester', 'lumi', 'valkjas', 'snow', 'lumikatte', 'nina_kristalliseerunud', 'ffmpeg', 'lumesadu']
some	mitmedki	Incorrect	['umbes', 'rohkem_või_vähem', 'mõned', 'või_nii', 'umbkaudu']
spit	maasäär	Match	['sülitama', 'sülg', 'spit', 'sülitamine', 'liiva_sülitada', 'röga', 'pulk', 'sülitada', 'saliva', 'säär', 'maasäär']
split	jagatuna	Incorrect	['jagamine_lemma', 'stock_split', 'split', 'hemisügootsed', 'heterosügootse', 'seost_tühistama', 'homozygotes', 'heterosügootsuse', 'pooleks', 'heterozygotes', 'homosügoodid', 'homosügootne', 'lahku', 'sügootsust', 'lõhkeda', 'split_albumi', 'birds_of_prey', 'heterozygote', 'homosügootsuse']
squeeze	pingutada	Not found	[]
stab	tulistada	Not found	[]
stand	seise	Found close match: ['seisa', 'seista', 'seisma']	['puuderühm', 'istandused', 'lava', 'viljapuuaedade', 'suhkru_istandus', 'viljapuuaed', 'kummist_istandus', 'seisukohast', 'müügibokside', 'seisukohalt', 'kanda', 'firma', 'seisukoht', 'seisma', 'suhkru_istandused', 'salu', 'võtta', 'woodlet', 'kõlakoda', 'seisavad', 'seista', 'seisa', 'aed', 'viljapuuaia', 'istandus', 'susan_ashton', 'viljapuuaednik', 'kummist_istandik', 'kohvi_istandus', 'putka', 'puuvilla_istanduse', 'ettevõte', 'partnerlus', 'stand']
star	täht	Match	['vilunud', 'täht_hulknurk', 'star_topoloogiat', 'täht_graafik', 'estelle', 'mavin', 'ilean_almaguer', 'viuhti', 'tärn', 'steroidide_äge_reguleeriv_valk', 'kuulus_inimene', 'meedia_isiksus', 'tärnide', 'viie_tärni_hotellis', 'adept', 'peaosatäitja', 'mullet', 'tärni', 'staar', 'kuulsused', 'targz', 'maven', 'viisar', 'superstaar', 'täht', 'tähe', 'peaosas', 'filmitähte', 'kuulsus', 'peaosa', 'star', 'popstar', 'prominent', 'xerox_star', 'the_rise_and_fall_of_ziggy_stardust_and_the_spiders_from_mars', 'tähed', 'kasvuaktsia_maatriks', 'äss', 'filmistaare', 'tv_isikupära', 'tõrva', 'star_võrgustik', 'viietärnihotelli', 'tähtvõrk', 'filmitäht', 'täheke', 'peaesineja', 'tar']
stick	näppu	Incorrect	['joystick', 'külmutuskonteinerite', 'standard_edastamine', 'standard_edastamise', 'jalutuskepid', 'jalutuskepp', 'manuaalkäigukastiga', 'kontrolli_stick', 'sünkroniseeritud', 'billystick', 'stick_vahetustega', 'juhtkangi', 'kinni_nihe', 'nightstick', 'ameerika_informatsioonivahetuse_standardkood', 'ühine', 'lühike_käigukang', 'kinni', 'juhtkangid', 'sünkroniseerimissüsteem', 'marihuaana_sigaret', 'pulk', 'kepp', 'clapstick', 'spliff', 'ascii', 'politsei_kumminui', 'kumminui', 'juhtkang', 'pista', 'nui', 'american_standard_code_infovahetuse']
stone	kivist	Found close match: ['kivi', 'kivim', 'kivid']	['kivimid', 'harlan_fisk_stone', 'i_f_stone', 'oliver_stone', 'kivide', 'vääriskivi', 'väärisja_poolvääriskivid', 'vääriskivid', 'harlan_stone', 'mineraaliagregaat', 'picul', 'harlan_f_stone', 'kivi', 'edward_durell_stone', 'isidor_feinstein_stone', 'vääriskivide', 'kivim', 'lucy_stone', 'stone', 'kalliskivi', 'poolvääriskivid', 'poolvääriskivi', 'harlan_fiske_stone', 'endokarbist', 'kivid', 'juveele']
straight	sirgelt	Found close match: ['sirge']	['heteroseksuaalid', 'vastassooihar', 'heteroseksuaalne_inimene', 'kodus_sirge', 'sirge', 'rist', 'otse', 'heterosexualism', 'hetero', 'heteroseksuaalsus', 'kohe', 'heteroseksuaalne', 'rida', 'heteroseksuaalsuse', 'sirge_inimene', 'heteroaatomeid', 'heteroseksuaal', 'teisesooiharus']
suck	närida	Incorrect	['imemiseks', 'imema', 'ime']
sun	päikese	Found close match: ['päikest', 'päike', 'päikese_märk']	['päikest', 'sun', 'kuu', 'fikseeritud_tähte', 'päikest_võtta', 'loomulik_valgustus', 'utu', 'moon', 'päikese_spektrit', 'veenus', 'mars', 'päikesevalguse', 'seon', 'jupiter', 'kiintotähti', 'cun', 'sun_microsystems', 'pühapäev', 'utug', 'päike', 'päikesekiirgus', 'kinnistäht', 'päikesevalgus', 'päikesepaiste', 'issanda_päev', 'päikese_märk', 'sun_television', 'the_sun', 'dominicus']
swell	kuhjub	Not found	[]
swim	ujuda	Match	['ujuja', 'ujuda', 'ujumine', 'ujumise', 'ray_of_light', 'vee_liikuma', 'ujuma']
tail	sabaots	Match	['pära', 'shadower', 'proksimaalne', 'tipmine', 'löömist_korra', 'plantar', 'tailender', 'tagantjärele', 'sabaosa', 'midclavicular_rida', 'kõhu', 'tagumik', 'taga', 'kuklid', 'tail', 'dorsoventral', 'derrière', 'avamine_lööja', 'basaal', 'ahter', 'keister', 'tähtajad_anatoomiline_asukoht', 'pärast_osa', 'ventrolateral', 'saba_koost', 'kannikad', 'tush', 'tuharad', 'ahtri', 'hind_lõpuks', 'taga_ajama', 'distaalne', 'pepu', 'tuhara_piirkonda', 'anatoomikumis_vastavalt_asukohale', 'sabaender', 'istmik', 'kaudaalselt', 'samapoolne', 'aboral', 'tooshie', 'keskel_et', 'le_koordinaadid', 'külgmised', 'sabaots', 'dorsolateral', 'perse', 'kontralateraalse', 'tagaosas', 'saba']
that	et	Incorrect	['thaat', 'see', 'seda', 'that']
there	olemas	Incorrect	['seal']
they	nad	Match	['aatomi_nr_54', 'they', 'nad', 'xe', 'sooliselt_neutraalne_asesõna', 'soospetsiifilisi_asesõna', 'ksenoon']
thick	paksud	Match	['seas', 'paksud', 'paks']
thin	õhuke	Match	['peenike', 'peen', 'õhukesed', 'õhuke']
think	nojah	Incorrect	['think', 'mõtteid', 'mõtte_protsessi', 'mõtle', 'mõelge', 'mõtlemine', 'mise', 'ei', 'mäletama', 'ma', 'arvan_et', 'mõttekäigust', 'mõtlema', 'mõelda', 'arvan']
this	see	Match	['selle', 'thinis', 'sellele', 'this', 'see', 'seda']
three	kaks	Incorrect	['prong', 'ternion', 'three', 'succeeder', '3', 'saavutaja', 'kolmetine', 'paganace', 'iii', 'santana_iii', 'kolm', 'christophe_le_friant', 'tertsett', 'tercet', 'seventeen_seconds', 'trine', 'bob_sinclar', 'firehouse_3']
throw	visata	Match	['puhkpille', 'on', 'compression_insult', 'kujutama', 'vaskpillid', 'toss_maadelda', 'anda', 'cam_insult', 'puhkpilliõpetajad', 'vaskpuhkpill', 'vaskpuhkpillid', 'visata', 'viska', 'heitgaasi_insult', 'insult']
tie	penaltiseerias	Incorrect	['seostama', 'liiper', 'crosstie', 'lips_tala', 'raudtee_kupees', 'liitma', 'linkima', 'tala', 'kaela_lipsu', 'tiein', 'pidekaar', 'raudtee_lips', 'raudtee_sidemed', 'kaelaside', 'linkup', 'viik', 'lips', 'siduma', 'lipsud']
tongue	keeleluu	Found close match: ['keele', 'keel']	['keeltega_rääkimine', 'glossa', 'loomulik_keel', 'keel', 'lingua', 'tongue', 'veisekeel', 'keele', 'loomulikus_keeles', 'glossolaalia', 'loomuliku_keele', 'lengua']
tooth	õlavarreluu	Incorrect	['hamba', 'hammas', 'dentes', 'dens', 'hambad']
tree	puu	Match	['puu', 'vanem_sõlme', 'tree', 'juursõlme', 'püha_puu', 'charlotte_brontë', 'lehed_sõlme', 'sisetipp', 'leht', 'puud', 'juurdunud_puu', 'puit', 'currer_bell', 'metsa', 'alampuu', 'sapling', 'emasõlm', 'sir_herbert_beerbohm_tree', 'puu_andmestruktuur', 'herbert_beerbohm_tree', 'charlotte_bronte', 'interjööri_sõlme', 'kruskal_on_puu_teoreem', 'puudiagramm']
turn	niiöelda	Incorrect	['võidu_punkti', 'sündmuste_kulg', 'mäng_režiimis', 'acciaccatura', 'pööra', 'pööre', 'ornamendid', 'kujunduse_markeerijad', 'ratsionaalne_trigonomeetria', 'ümmargune_nurk', 'omakorda', 'perigon', 'volta', 'keera', 'armu_teadmiseks', 'heateo', 'mängu_mehaanikat', 'ornament', 'tagasi_pöörama', 'pöörduma', 'appoggiatura', 'piruett', 'pöörlema', 'mängu_mehhaanik', 'eellöök']
two	kaks	Match	['succeeder', 'two', 'saavutaja', 'kaks', '2', 'ii', 'traksidega']
vomit	kõhuvalu	Incorrect	['okse', 'barf', 'disgorgement', 'vomitive', 'puking', 'oksendab', 'oksendama', 'vomitus', 'regurgitatsioon', 'oksendamise', 'oksendamine', 'nauseant']
walk	kõndida	Match	['et', 'graafik', 'hobuse_kõnnak', 'kõnnak', 'allüür', 'eluala', 'samm', 'graafi_tipp', 'kõndida', 'kõnd', 'walk', 'kõnni', 'jalgtee', 'lihtgraaf', 'jalutuskäik', 'graaf', 'kõndimine', 'mobiliseerimiseni', 'paseo', 'alus_pallid', 'minema', 'kõnniteed', 'serva', 'alused_pallid', 'promenaadile', 'orienteerimata_graaf', 'allüürid']
warm	sooja	Match	['soojad', 'soe', 'sooja']
wash	mõdu	Incorrect	['kuiva_pesu', 'maetud', 'arroyo', 'the_wash', 'lavation', 'washables', 'pesunaine', 'slipstream', 'pesema', 'unearthed', 'pesta', 'pesu', 'pese', 'scan', 'pesta_joonistus', 'balka', 'õhukeeriste', 'lost_dogs', 'puhastumiseks', 'uurak', 'hiina_pesu']
water	vihmavee	Incorrect	['veeressurssid', 'veeressursid', 'veetorustike', 'vett', 'piss', 'water', 'tilk_tara', 'h2o', 'veevarud', 'jää', 'veekogud', 'veevõrgu', 'weewee', 'vedel_vesi', 'quoin', 'blood_red_shoes', 'ingel_tolmu', 'niisutama', 'veeauru', 'jää_koristamine', 'quoins', 'ühisveevärgi', 'jootma', 'fentsüklidiin_hydrochloride', 'vee_allikas', 'vee_molekuli', 'h₂o', 'fentsüklidiin', 'aur', 'linna_vee_süsteem', 'veevarustussüsteem', 'kusi', 'uriin', 'veekogude', 'veevarustus', 'veekogu', 'veevärk', 'vee_molekul', 'lämmastikväetised_jäätmete', 'vesi', 'veesüsteemi', 'nokitsema', 'veeaur']
we	olemegi	Not found	[]
wet	niiske	Found close match: ['niiskuse', 'niiskus']	['märjaks', 'märg', 'wet', 'märjad', 'fentsüklidiin_hydrochloride', 'fentsüklidiin', 'niiskuse', 'lääneeuroopa_aeg', 'ingel_tolmu', 'niiskus']
what	nojah	Incorrect	['mis', 'mida']
when	siis	Incorrect	['kui', 'millal', 'diamonds_for_breakfast']
where	kus	Match	['kuhu', 'kus']
white	valge	Match	['teistest_rassidest', 'nahatooni', 'inimese_naha_värvi', 'patrick_victor_martindale_white', 'white', 'white_airways', 'edward_d_valge', 'valkoihoinen', 'munavalged', 'nahavärvi', 'valged_inimesed', 'nahavärv', 'naha_pigmentatsioon', 'europiidid', 'valged', 'elevandiluu', 'ovoalbumiini', 'pieris', 'stanfordi_valge', 'valge_rass', 'valge_rassi', 'valkjas', 'e_b_valge', 'valge_inimene', 'hispanic', 't_h_valge', 'europiidne_rass', 'aasia', 'theodore_harold_valge', 'planeswalker', 'patrick_white', 'andrew_dickson_white', 'edward_douglas_valge_jr', 'andrew_d_valge', 'latino', 'munavalge', 'kaukaasia_rassi', 'albumiin', 'white_river', 'mustakoonulisi', 'magic_the_gathering', 'elwyn_brooks_white', 'edward_white', 'must', 'caucasoids', 'valkoihoinen_rassi', 'e_b_white', 'valge']
who	kes	Match	['kes', 'jim_neidhart', 'üto', 'keda', 'ülemaailmne_tervishoiuorganisatsioon', 'zain_javadd_malik', 'zain_malik', 'world_health_organization', 'maailma_tervishoiuorganisatsioon', 'who', 'zain_jawaad_malik', 'the_who', 'maailma_terviseorganisatsioon', 'ülemaailmne_tervishoiu_organisatsioon', 'maailma_terviseorganisatsiooni', 'mto', 'zayn_malik']
wide	lai	Match	['laiad', 'lai', 'laia']
wife	abikaasa	Incorrect	['naine', 'abielunaine', 'naised', 'naise']
wind	tuul	Match	['wiatr', 'õhuvoog', 'mähkimiseks', 'õhuvoolu', 'akeboshi', 'potentsiaalne_klient', 'malarky', 'tuul_abi', 'pieru', 'tuul', 'tühje_sõnu', 'farting', 'tuule_kaasabil', 'tuule', 'puhkpillid', 'tuul_puhanguti', 'müügivihje', 'elektromagnetiline_spiraal', 'õhk', 'peeretamine', 'malarkey', 'puhkpill', 'wind', 'konfidentsiaalne_informatsioon', 'flatus', 'tuuled', 'purustamine_tuul', 'puhkpillidele', 'pärispuhkpillid']
wing	tiiva	Match	['spoiler', 'väljaspool_keskus', 'hindwing', 'rataste_hästi', 'tighthead_prop', 'rünnata_küljepealt', 'tiivad', 'lisahoone', 'flyhalf', 'lavalt_maha', 'tiib', 'lennata', 'backstage', 'purilennukid', 'prop_edasi', 'lisa', 'swingman', 'näiva_poole', 'ratta_hästi', 'tiiva', 'putukate_lennu', 'kõrvalmeetmeid', 'gone_again', 'porikaitse', 'sees_keskel', 'wing', 'tiivale', 'tiibhoone']
wipe	hävida	Found close match: ['pühkida']	['pühkima', 'pühi', 'pühkida']
with	koos	Match	['koos']
woman	naine	Match	['woman', 'täiskasvanud_naine', 'siivooja', 'koristaja', 'nancy_benoit', 'klaatu', 'emane', 'passija', 'naine', 'harry_styles', 'naissugu', 'naistel', 'naise', 'õiglase_sugu']
worm	putukas	Incorrect	['ussviirus', 'uss', 'arvuti_uss', 'euroopa_lohe', 'worm', 'mustuse_pall', 'ussi', 'ühekordse_kirjutusega_ketas', 'ussid']
year	aasta	Match	['aastane_ajavahemik', 'aastat', 'aasta', 'troopiline_aasta', 'astronoomiline_aasta', 'ma', 'aastad', 'a', 'kalendriaasta', 'gregoriuse_aastal', 'pööripäevane_aasta', 'anomalistic_aasta', 'päikeseenergia_aasta', 'pikk_aeg', 'päikeseaasta', 'päikese_aasta', 'pikka_aega', 'keskmine_troopiline_aasta', 'ajastaig', 'vanus', 'aastas']
yellow	kollane	Match	['hong_jinho', 'hwang_ho', 'kollased', 'eiko_shimamiya', 'yellow_river', 'kollakas', 'huanghe', 'blondid_juuksed', 'yellow', 'kollase', 'huang_he', 'blond', 'kollasus', 'blondiin', 'huang_ta', 'kollane', 'kollane_jõgi', 'zebrahead']
you	teeksin	Incorrect	['no_control', 'sina', 'amy_lee', 'you', 'amy_lynn_lee', 'pablo_honey', 'janne_da_arc', 'monster', 'amy_hartzler', 'teietama', 'sind', 'fly', 'the_real_testament']
