all	alla	Match	['universell_kvantifierare', '∀', 'akut_lymoblastisk_leukemi', 'akut_lymfoblastisk_leukemi', 'universella_stängning', 'helt_och_hållet', 'universella_stängningen', 'all', 'akut_lymfatisk_leukemi', 'alla', 'allt', 'universella_kvantifierare', 'akut_lymfocytisk_leukemi', 'allkvantifikator', 'helt', 'bcr', 'universell_kvantifiering', 'fullständigt', 'allkvantor']
and	samt	Incorrect	['logisk_konjunktion', 'ock', 'logiska_grindar', 'and', 'diskret_logik', 'andgrind', 'armed_and_dangerous', 'logisk_grind', 'konjunktion', 'logiska_grinden', 'och', '∧', 'grind']
animal	djuren	Found close match: ['djur', 'djurrike', 'djurriket']	['fauna', 'animal_science', 'live_at_the_lyceum', 'faunan', 'animal', 'best', 'epifauna', 'wasp', 'djur', 'djurriket', 'animalia', 'epifaunal', 'animaliska', 'varelse', 'business_the_american_way', 'animera_vara', 'varelse_typ', 'djurens_reproduktion', 'metazoans', 'faunistisk', 'live_at_the_lyceum_london', 'animal_2005', 'djurart', 'makrofauna', 'road_warrior_animal', 'metazoa', 'far_east_movement', 'djurliv', 'flercelliga_djur', 'växt', 'infauna', 'mike_dupke', 'djurrike', 'animalisk', 'reality_check', 'djurvärld']
ashes	aska	Match	['the_perfect_element_part_i', 'post_mortem', 'aska', 'the_ashes', 'ashes']
at	vid	Not found	[]
back	tillbaka	Match	['kotorna', 'dorsum', 'stödja', 'bokbindning', 'sissybar', 'back', 'tighthead_prop', 'baksidan', '백', 'kotpelare', 'ryggrad', 'flyhalv', 'utanför_centrum', 'vänsterback', 'flyhalf', 'tillbaka', 'försvarare', 'tillbaks', 'högerback', '_stam', 'ytterback', 'framsida', 'backa_upp', 'pärm', 'centrum_halv', 'ryggraden', 'kotor', 'stöder', 'bakåt', 'mitten_insida', 'backa', 'thorakalkyfos', 'omslag', 'ryggstödet', 'baksida', 'mittback', 'mitt_bak', 'första_femåttonde', 'spole', 'columna_vertebralis', 'rygg', 'bindning']
bad	dåliga	Match	['bad_tour', 'skämd', 'royce_da_5_9', 'onda', 'dålig', 'rutten', 'dåligt', 'ond', 'extrem_ondska', 'big_audio_dynamite', 'det_onda', 'ondska', 'royce_da_59', 'dåliga', 'förstörd', 'elak', 'dålighet', 'bad', 'bad_world_tour']
bark	växtsaft	Incorrect	['tremastad_bark', 'binär_aritmetisk_reläkalkylator', 'korklister', 'iljusjin_il2', 'sjturmovik', 'korklist', 'barck', 'skälla', 'il2_sturmovik', 'iljushin_il2', 'bark', 'skall', 'korkpor', 'il2_sjturmovik', 'korkporer', 'barkskepp', 'barken', 'periderm', 'sturmovik', 'binär_automatisk_relä_kalkylator']
because	eftersom	Match	['därför_att', 'på_grund_av', 'because', 'eftersom']
belly	stjärten	Incorrect	['buk', 'magmusklerna', 'abdominal', 'bukmuskler', 'magar', 'buk_mage', 'bukta', 'kalaskula', 'magen', 'bukhålan', 'mage', 'belly', 'mänskliga_buken', 'bukhåla', 'buken']
big	big	Match	['bjarke_ingels_group', 'norm_nixon', 'mineralitet', 'balans', 'kropp', 'big', 'bouquet', 'stort', 'skrytsamt', 'stypsis', 'vuxen', 'stora', 'balansen', 'torra', 'stor', 'frukt']
bird	fåglar	Match	['fingret', 'fuck_off', 'fågelarter', 'fågelfaunan', 'övernattningsplatser', 'mikuni_shimokawa', 'fjäderboll', 'yardbird_parker', 'finger', 'piga', 'aves', 'fågeln', 'avafauna', 'badmintonboll', 'charlie_parker', 'jänta', 'bird_parker', 'slinka', 'kustfåglar', 'bird', 'fågel', 'kjoltyg', 'parker', 'roosting', 'bronx_cheer', 'tupp', 'parker_charlie', 'älskling', 'razzing', 'charles_christopher_parker', 'razz', 'fuck_you', 'boo', 'tjej', 'fåglars', 'fåglar']
bite	kräkas	Found close match: ['brännas']	['biter', 'munsbit', 'sticka', 'mellanmål', 'brännas', 'kryddig', 'fika', 'pikant', 'bispecifik_tcells_ingreppsanordning', 'snacks', 'avrop', 'bitande', 'chomp', 'stick', 'bit', 'sting', 'stickande', 'cep70', 'bits', 'bita', 'bitter', 'steven_hassan', 'insektsbett', 'þingeyri_airport', 'bett', 'nappar']
black	svarta	Match	['svarta_människor', 'kemet', 'sensation', 'vit_och_svart_i_schack', 'sensation_white', 'latinamerikan', 'cruz_taio', 'negern', 'färgskala', 'vanhedrande', 'final_fight_3', 'shirley_temple_black', 'vit', 'neger', 'kongoid', 'black', 'svartna', 'negroida', 'svart_i_schack', 'färg', 'neslig', 'negroid', 'rapp', 'vit_i_schack', 'med_mörk_hudfärg', 'negress', 'shirley_temple', 'sensation_black', 'black_lotus', 'neger_negress', 'totalt_mörker', 'lightlessness', 'negroids', 'svarta_folkgrupper', 'rhox', 'andra_races', 'skamlig', 'svarta_samhället', 'temple', 'final_fight', 'taio_cruz', 'svart_man', 'negroid_ras', 'svart_kvinna', 'färger', 'färg_vetenskap', 'färgerna', 'färglära', 'temple_shirley', 'black_cabo', 'colin_vearncombe', 'afrikansk_härkomst', 'svart', 'dominia', 'planeswalker', 'cruz', 'negro', 'kari_kimmel', 'magicthe_gathering', 'latino', 'haggar', 'svarta', 'mörker', 'svarta_afrikanska', 'vit_och_svart', 'inkiness', 'tonhöjd_svärtan', 'black_mount', 'svart_person', 'black_alabama', 'magic_the_gathering', 'negrer', 'färgperception', 'färgens_påverkan', 'skymflig', 'final_fight_tough', 'negrar', 'svarta_kvinnor', 'asiat', 'joseph_black']
blood	blod	Match	['blood', 'blodbana', 'blodmat', 'syresatt_blod', 'dead', 'humant_blod', 'rakehell', 'blodet', 'blodslinje', 'the_black_parade_the_bsides', 'bordeaux', 'blodledningen', 'roue', 'anor', 'bordeauxvin', 'vs', 'ärftlig', 'the_black_parade_the_bside', 'persistence_of_time', 'ärftlighet', 'blodtillförsel', 'bordeauxviner', 'hematologiska', 'biologiska_arv', 'blood_the_game', 'collective_soul', 'blodsystemet', 'genetiskt_arv', 'the_black_parade', 'biologiskt_arv', 'blod', 'bordeaux_vin', 'linje', 'getting_away_with_murder', 'hematopoetiska_systemet', 'hereditet', 'blodflöde']
blow	skaka	Incorrect	['kola', 'blåsa', 'snö', 'skryta', 'koks', 'förspilla', 'driva', 'gust', 'blow', 'hugg', 'motgång', 'by', 'skrävla', 'blås', 'näsa_godis', 'sväva', 'blåst', 'bakslag']
bone	skelettet	Incorrect	['bena', 'benvit', 'bendefekter', 'bone_caleta', 'elfenben', 'ben', 'off_white', 'bones', 'rörben', 'benvävnad', 'fae_myenne_ng', 'def_jam_recordings', 'knota', 'def_jam', 'def_jam_records', 'offwhite', 'snatterpinnar', 'bone', 'arnold_boonen']
breast	bröstcancer	Match	['vitt_kött', 'bröstkörtlar', 'kvinnobrösten', 'bröstkorg', 'nå_toppen', 'bröstkörtel', 'behag', 'titty', 'mjölkkörtlarna', 'pectus', 'bröstkorgen', 'patte', 'kvinnobröst', 'byster', 'bröstkörtlarna', 'the_breast', 'pattar', 'bringa', 'bröstcancer', 'bröst', 'thorax', 'barm', 'byst', 'tutte', 'tuttar', 'bröstet']
breathe	andas	Match	['1159', 'kristof_konrad', 'time', 'vila', 'breathe', 'dark_side_of_the_moon', 'the_dark_side_of_the_moon', 'andas', 'iempire', 'funeral_for_yesterday', 'a_class']
burn	bränna	Match	['fc_dallas', 'erytem_solare', 'andra_gradens_brännskada', 'bäck', 'bäckar', 'solbränna', 'brännas', 'brinna', 'burn', 'grad', 'bål', 'kanal', 'bränn', 'ström', 'brännsår', 'bränder', 'brännskada', 'flammande', 'tredje_gradens_brännskada', 'bränna', 'brand', 'eld', 'brännskador', 'brasa', 'låga', 'ruisseau', 'brännblåsa', 'bränner', 'flamma', 'dallas_burn', 'flodbädd', 'kauterisera', 'brännmärke', 'tredje_gradens_brännskador', 'vattendrag', 'kase', 'solbränd', 'intermittent_ström']
child	barnet	Match	['barnet', 'småbarn', 'barn', 'skolbarn', 'liten_fisk', 'myndling', 'döttrar', 'förpuberteten', 'child', 'barnen', 'minderåriga', 'unge', 'lenfant', 'dotter', 'omyndig', 'minderårig', 'underårig', 'mindre']
cloud	molnet	Found close match: ['molnen', 'moln', 'molntjänst']	['cloudtjänster', 'molntjänst', '☁', 'skyar', 'kiba', 'skymma', 'molntjänster', 'datormoln', 'infrastruktur_som_en_tjänst', 'svärm', 'hybridmoln', 'cloud_computing', 'offentligt_moln', 'kondensationsnivå', 'molnen', 'sky', 'cloud_strife', 'cloud', 'molninfrastruktur', 'molnklassificering', 'myllrande', 'upptornade_stackmoln', 'molnbaserad', 'moln', 'datamoln', 'molnbildning']
cold	kall	Match	['scherzinger_nicole', 'frigid', 'kallt', 'frusen', 'förkylningar', 'kol', 'förkylning', 'poison', 'john_gary', 'låg_temperatur', 'kylig', 'nasofaryngit', 'sval', 'kyla', 'rhinit', 'vanlig_förkylning', 'scherzinger', 'kallblodig', 'kronisk_obstruktiv_lungsjukdom', 'cold', 'craig_david', 'david_craig', 'kall', 'köld', 'nicole_scherzinger', 'förskylning', 'david', 'kroniskt_obstruktiv_lungsjukdom']
come	komma	Match	['cum', 'sädesceller', 'säd', 'nå', 'slog', 'sädesvätska', 'sperma', 'ejakulera', 'komma_fram_till', 'comè', 'kommit', 'comé', 'få', 'anlända', 'kommer', 'come', 'ejakulat', 'kom', 'komma_fram', 'göra', 'komma', 'sädesvätska_sperma_sagge']
correct	korrekt	Match	['rätt', 'rätta', 'tukta', 'korrekt', 'justera', 'korrekta', 'felfri', 'riktig', 'korrigera']
count	pfalzgreve	Found close match: ['greve']	['greve', 'uppräkning', 'räkna', 'countess', 'redundant_talsystem', 'roll', 'talsystem', 'överväga', 'earldomen', 'lista', 'jarl', 'räknas', 'earls', 'antal', 'redundanta_talsystem', 'talsystemet', 'edmond_dantès', 'edmond_dantes', 'väga', 'earl', 'greven_av_montecristo', 'spela_roll', 'le_comte_de_montecristo', 'greven_av_monte_cristo', 'sql', 'greven_av_monte_christo', 'comital', 'comtesse', 'structured_query_language', 'numrering', 'grevevärdighet']
cut	skära	Match	['foursome', 'fade', 'snurra', 'skär', 'vattenhinder', 'singel', 'chipp', 'brassie', 'nersving', 'golfscore', 'bogeyvärde', 'peg', 'bästboll', 'fore', 'rough', 'mark_under_arbete', 'slice', 'ruff', 'censur', 'censurerar', 'double_eagle', 'adressering', 'mulligan', 'scorekort', 'dubbelalbatross', 'film_redaktör', 'ut', 'onormala_markförhållanden', 'stänga', 'golfklubb', 'censur_av_internet', 'topp', 'nonchalering', 'slagspel', 'skada', 'hook', 'foregreen', 'assistant_head_greenkeeper', 'linksbanor', 'skära_av_kött', 'pegg', 'sår', 'head_greenkeeper', 'wedge', 'blessyr', 'giv', 'hinder', 'driving_range_för_golf', 'caddie', 'filmredigering', 'pay_and_play', 'golfterm', 'hoppa_över', 'passning', 'condor', 'central_unica_dos_trabalhadores', 'inspel', 'censurera', 'spår', 'klara_av', 'pitchslag', 'filmklippare', 'greenlagare', 'loft', 'singelhandicap', 'scratchvärde', 'korthålsgolfbana', 'tillfälligt_vatten', 'dogleg', 'green', 'censurerad', 'markör', 'liggsår', 'lie', 'linksbana', 'censuren', 'skärning', 'backspin', 'in', 'spä', 'hindrande_föremål', 'klippare', 'draw', 'pilsnerslag', 'censurerade', 'andel', 'sving', 'seasidebana', 'cut', 'slaggolf', 'sidovattenhinder', 'puttning', 'handicapindex', 'pilsnerboll', 'golftermer', 'grunda_klubban', 'pull', 'stans', 'dormy', 'niblick', 'vrida', 'klippt', 'censur_på_internet', 'presscensur', 'skära_ner', 'dimple', 'fairway', 'lista_över_golftermer', 'out_of_bounds', 'tee', 'baseball_sving', 'golfetikett', 'filmredigerare', 'öppen_skuren', 'klippa', 'dormie', 'löst_naturföremål', 'internetcensur', 'matchspel', 'dubbelbogey', 'droppning', 'adressera_bollen', 'närspel', 'duff', 'spelrätt', 'semiruff', 'schakt_och_fyllning', 'pliktslag', 'boll', 'genomsving', 'lokala_bestämmelser', 'skippa', 'filmklippning', 'nerdragning', 'greenfee', 'bounce', 'skadade', 'cold_shoulder', 'skogsbana', 'öppet_sår', 'score', 'svänga', 'flop', 'korthålsbana', 'vända', 'chip', 'minska', 'skära', 'klippa_ut', 'drive', 'golfpro', 'hål', 'förkorta', 'greenkeeper', 'skärsår', 'kupera', 'snitt', 'fyrboll']
day	dagen	Match	['dagen', 'clarence_shepard_day_jr', 'dag', 'tidsekvation', '24timmars_intervall', 'dygnscykel', 'sol_dag', 'day', 'sant_soldygn', '24_timmarsperiod', '24_timmar', 'dagar', 'dagslängd_och', 'siderisk_dag', 'dagtid', 'betyder_sol_dag', 'clarence_day', 'soltid', 'iltapäivä', 'medelsoldygn', 'skenbar_soltid', 'dygn', 'soldygn', 'day_cape', 'clarence_dag', 'dygnet', 'sideriska_dag']
die	die	Match	['dör', 't8', 'fyrsidig_tärning', 'polyedriska_tärningar', 'causa_mortis', 'tolvsidig_tärning', 'andou', 'avlida', 'daisuke_andou', 'tiosidig_tärning', 'bortgång', 'die_drôme', '⚃', 'arrachart_airport', 't10', 'tjugosidig_tärning', 't12', 'dai_andou', 'död', 'tärningsspel', 'döda', 't20', 'åttasidig_tärning', 'tärningsslag', '⚂', 'för_tidig_död', 'döden', '⚅', 'dö', '⚄', 'avslagen', 'rollspelstärningar', 'tärning', 'rollspelstärning', 'laddade_tärningar', 'kiselbricka', 'avlidet', 'ha_sönder', 'd20', 'avlidna', 'sexsidig_tärning', 'tärningar', 'dog', 't6', 'mikrochip', 'big', 'dödsfall', 'mikrochips', 'avliden', 'die', '⚁', '⚀', 'dice', 'andou_daisuke', 'ta_sönder']
dig	gräva	Match	['デチェン・シャングリラ空港', '廸慶香格里拉機場', 'utgrävning', 'gräv', 'stick', 'gibe', 'gräver', 'schakta', 'díqìng_xiānggélǐlā_jīchǎng', 'arkeologiska_platsen', 'andré_dignimont', '迪庆香格里拉机场', 'diqing_shangrila_airport', 'hugg', 'dig', 'gipp', 'gräva', 'förstå']
dirty	smutsiga	Match	['nedsmutsade', 'orena', 'cachad_kopia', 'minne_cache', 'dirrty', 'smutsig', 'cashad_sida', 'l1_cache', 'lerkärl', 'skita_ner', 'l2cache', 'smutsigt', 'mark', 'datacache', 'jordar', 'buffertminne', 'cache_linje', 'osnygg', 'jorden', 'dirty', 'fläcka', 'snuskig', 'cpucache', 'smutsen', 'smuts', 'smutsa_ner', 'cashad', 'solkig', 'l3cache', 'underworld', 'osnyggt', 'instruktionscache', 'ful', 'cache', 'fult', 'cacheminne', 'cache_miss', 'cachelagring', 'skitig', 'smutsiga', 'ojuste', 'oren', 'instruktion_cache', 'jord', 'grumlig']
dog	hund	Match	['vovve', 'hundvalpar', 'korv_och_bröd', 'familjen_canidae', 'antonio_angelo_del_sambro', 'hund', 'tik', 'varmkorvar', 'människans_bästa_vän', 'wienerkorv', 'knackkorv', 'familiaris', 'trist_kvinna', 'korv', 'hynda', 'tamhundar', 'tamhund', 'bröd_med_korv', 'canis_familiaris', 'hot_dog', 'nattkorv', 'hunddjur', 'tamhunden', 'weenie', 'hundar', 'hunden', 'skurk', 'förfölja', 'varmkorv', 'korv_med_bröd', 'spärr', 'eldhund', 'hundavel', 'hot_dogs', 'jaga', 'inhemska_hund', 'spärrhaken', 'canidae', 'duck_hunt', 'jycke', 'canis_lupus_familiaris', 'andiron', 'hotdog', 'hundhistoria', 'hundjärn', 'hundens_historia', 'frankfurter', 'hundkött', 'varm_korv', 'hundvalp']
drink	dricka	Match	['lil_jon__the_east_side_boyz', 'sväljning', 'skåla', 'supa', 'dricker', 'sprit', 'svälja', 'blurra', 'spad', 'sväljningsreflexen', 'crapulence', 'drycker', 'alkohol', 'drink', 'drick', 'dryck', 'lil_jon', 'fylleri', 'dricka', 'sväljer', 'drickbart', 'mette_tanzer', 'boozing', 'sväljningsreflex', 'deglutition']
dry	torrt	Match	['mineralitet', 'dry_loiret', 'kropp', 'balans', 'uppehåll', 'torr', 'torka', 'torrt', 'bouquet', 'förbudspolitiken', 'stypsis', 'dry', 'balansen', 'torra', 'frukt']
dull	klarröda	Incorrect	['dum', 'trist', 'omtöcknad', 'tråkig', 'stänga_av', 'oskarp', 'slö']
dust	solstrålningen	Incorrect	['fencyklidin_hydroklorid', 'bråte', 'fencyklidin', 'babylon_5', 'orange_pekoe', 'sprida_ut', 'damm', 'dammråtta', 'londo_mollari', 'wet', 'fannings', 'pekoe', 'apelsin_pekoe', 'angel_dust', 'dammkorn', 'spillror', 'skräp', 'debris', 'skrot', 'dust', 'stoft', 'beströ', 'damma', 'ängladamm']
ear	munnen	Incorrect	['ytteröra', 'hörselgång', 'boundzound', 'hörselgången', 'ax', 'mänskliga_örat', 'vertex', 'ytterörat', 'hörn', 'pinnae', 'trumhinna', 'brytpunkt', 'örat', 'trumhinneinflammation', 'axfjäll', 'plöja', 'öron', 'öronmussla', 'öronsjukdomar', 'öra_nedbrytning', 'vaxpropp', 'ploga', 'öra', 'det_mänskliga_örat', 'myringit']
earth	jorden	Match	['terra_firma', 'brontitall', 'jordad', 'världen', 'chaotix', 'knuckles', 'saiyan', 'mighty_the_armadillo', 'espio_the_chameleon', 'världsliga_bekymmer', 'amy_rose', 'metal_sonic', 'golgafrincham', 'tapion', 'miles_tails_prower', 'kamesennis_kampskola', 'songohan', 'monster_nummer_8', 'sonic_the_hedgehog', 'land', 'dragon_ball', 'pus', 'jordartsmetall', 'mark', 'cheese_the_chao', 'tellus', '♁', 'charmy_bee', 'jordning', '⊕', 'referensnivå', 'earth', 'chaos_emeralds', 'skyddsjordning', 'jorden', 'sol_3', 'skyddsjord', 'lamuella', 'cream_the_rabbit', 'dragonball', 'vector_the_crocodile', 'våran_planet', 'drakkulornas_hemlighet', 'mephiles', 'jordyta', 'magrathea', 'jordytan', 'backe', 'krikkit', 'miles_prower', 'jordklotet', 'fast_mark', 'landmassa', 'andromeda', 'marken', 'silver_the_hedgehog', 'vanilla_the_rabbit', 'jordiska_bekymmer', 'tornets_mästare', 'jordklot', 'jorda', 'tails_prower', 'rouge_the_bat', 'den_stora_turneringen', 'elektrisk_jord', 'jordledning', 'songokus_bror', 'terra', 'milliways', 'draken_shenlong', 'planeten_jorden', 'jordartsmetaller', 'torra_land', 'jorden_i_science_fiction', 'jormangnetism', 'ace_combat', 'jordens_yta', 'knuckles_the_echidna', 'jord', 'jordens', 'blaze_the_cat']
eat	äta	Match	['yo_gabba_gabba', 'äter', 'nära', 'mcl1', 'ät', 'ätande', 'ätlig', 'eat', 'äta', 'föda', 'gnaga', 'utfodring', 'mata']
egg	ägg	Match	['osireferensmodellen', 'delram', 'open_systems_interconnectionmodell', 'oocyt', 'pungkula', 'testikulär', 'setuptools', 'osimodellen', 'kokt_ägg', 'ovum', 'elliptisk', 'yumurta', 'egg_vorarlberg', 'dataram', 'fisk_ägg', 'äggcell', 'testiklarna', 'pungkulor', 'vandrande_pinne', 'äggproduktion', 'osimodeller', 'ballock', 'för_phasmatodea', 'skitsnack', 'balle', 'augustus_leopold_egg', 'egg', 'ellipsens_ekvation', 'osimodell', 'testis', 'elliptiska', 'ägg', 'egg_augustus', 'augustus_egg', 'teste', 'äggläggning', 'phasmida', 'kula', 'äggceller', 'phasmatodea', 'oval', 'ellips', 'för_phasmida', 'kyckling_ägg', 'fågel_ägg', 'ägget', 'testikel', 'testiklar', 'spökskräckor']
eye	ögat	Match	['eye', 'knoppfjäll', 'livets_hårda_skola', 'knopp', 'orkanens_öga', 'ögonen', 'sammansatta_ögon', 'ögat', 'european_youth_event', 'optiska', 'optik', 'åderhinna', 'öga', 'centrum', 'nålsöga', 'ögonvrå', 'ögonglob', 'the_eye', 'oculus', 'ögongloben', 'knoppar', 'mitten', 'ögon', 'åderhinnan', 'oxöga', 'higher_learning', 'åderhinan', 'oculi', 'eyewall', 'okuli', 'mitt']
fall	faller	Match	['pinne', 'nightfall', 'nautisk_skymning', 'sluttning', 'tussmörker', 'fallskador', 'falla', 'börd', 'fall', 'höstsäsongen', 'kvällning', 'höstarna', 'natalia_lesz', 'stjärnmörker', 'the_fall', 'höst', 'senhöst', 'love_me_like_you_do', 'evenfall', 'hösten', 'nedåtgående', 'crepuscle', 'höstsäsong', 'fallskada', 'gloam', 'gryning', 'kapitulation', 'faller', 'minska', 'höstar', 'efter', 'ramla', 'trilla', 'nautiska_skymningen', 'crepuscule', 'syndafallet', 'skymningen', 'syndafall', 'skymning', 'astronomiska_skymningen']
far	betydligt	Incorrect	['fjärran', 'tidigare_försvarsmakten', 'långt', 'far', 'interahamwemilisen', 'avlägsen', 'bort', 'armé_för_rwandas_befrielse', 'alir', 'exploateringstal', 'interahamwe']
fat	fett	Match	['fat12', 'balans', 'fat1', 'tjock', 'fetto', 'vfat', 'glycerolipid', 'adipös_vävnad', 'lipoider', 'balansen', 'lipide', 'frukt', 'lipid', 'filallokeringstabell', 'fettvävnad', 'fettväv', 'stypsis', 'korpulens', 'fett', 'fat', 'fat16', 'fet', 'fetter', 'rondör', 'kropp', 'göda', 'visceralt_fett', 'bouquet', 'överviktig', 'thailands_fotbollsförbund', 'fettvävnaden', 'lipoid', 'torra', 'fat32', 'adeps', 'mineralitet', 'övervikt', 'överviktsparadoxen', 'adiposis', 'kroppsfett', 'fetma', 'djurfett', 'file_allocation_table', 'fetthalt', 'lipider', 'tjockis']
father	far	Match	['fadern', 'begetter', 'kyrkofäderna', 'kyrkofäder', 'avla', 'fäder', 'kyrkofader', 'kyrkofadern', 'ökenfäderna', 'manlig_förälder', 'kristendomen_kyrkofäderna', 'romerskkatolsk_präst', 'father', 'företagare', 'katolska_präster', 'gud', 'gud_fadern', 'gud_fader', 'kyrkan_far', 'farsa', 'katolska_prästerskapet', 'fadergud', 'the_gift', 'präst', 'confident', 'far', 'biologiska_far', 'pappa', 'ökenfäder', 'fader', 'entreprenör', 'entreprenörskap', 'seriell_entreprenör', 'entreprenörsanda', 'katolsk_präst']
fear	rädsla	Match	['klinik', 'insidan_ut', 'akta_och_ära', 'bekymmer', 'fruktan', 'marillion', 'the_klinik', 'vördnad', 'rädsla', 'frukta', 'skräck_rädsla', 'rädslor', 'rädas', 'inside_out', 'vörda', 'oro', 'befara', 'fear', 'skräck', 'beundran']
feather	stjärtfjädrarna	Found close match: ['stjärttäckare', 'konturfjädrar', 'fjädrar']	['fjädrar', 'barbule', 'handpennor', 'bräm', 'ludd', 'fjäderdräkt', 'super_mario_kart', 'vingpenna', 'armtäckare', 'handpenna', 'stjärttäckare', 'fjäder', 'vingtäckare', 'konturfjädrar', 'vingpennor', 'täckare', 'filoplume', 'hovskägg', 'plymasch', 'eclipse_fjäderdräkt', 'jakovlev_jak15', 'handtäckare', 'handtäckarna', 'flygfjädrar', 'jak15', 'stjärtpenna', 'mariokart', 'vingtäckarna', 'bistråle', 'plym', 'övre_vingtäckare', 'armpenna', 'armpennor', 'fanstråle']
few	några	Incorrect	['fåtal', 'kvantitet', 'få']
fight	slåss	Match	['väpnad_strid', 'träffning', 'kämpa', 'renkonterslag', 'renkonterstrid', 'strid', 'slaget_vid', 'motsätta', 'skärmytslingar', 'engagemang', 'barslagsmål', 'brooke_candy', 'bekämpa_utbildning', 'slag', 'militära_engagemang', 'strida', 'fejd', 'konkurrenskraft', 'konflikt', 'slåss', 'handgemäng', 'kamp', 'slagsmål', 'fight']
fingernail	naglarna	Found close match: ['naglar', 'nageln', 'nagel']	['nageln', 'nagel', 'fingernagel', 'tånagel', 'naglar', 'lillfingernagel', 'spik']
fire	eld	Match	['brand_i_hemmet', 'entlediga', 'lewis_leona', 'chris_corchiani', 'brinna', 'emerson_lake__palmer', 'innerlighet', 'iver', 'avfyra', 'glöd', 'bål', 'kritik', 'heartbreak_on_hold', 'provocera', 'kelis_was_here', 'fire', 'bränder', 'emerson_lake_and_palmer', 'eldsvåda', 'anarchy', 'skjuta', 'flammande', 'avskeda', 'elden', 'bränna', 'brand', 'storbrand', 'eld', 'signalprovanstalten', 'eldstad', 'lewis', 'upplösa', 'brasa', 'öppna_eld', 'låga', 'firejericho', 'flamma', 'fervidness', 'leona_lewis', 'camp_rock_2_the_final_jam', 'tina_barrett', 'elp', 'kase', 'lets_cheers_to_this', 'sparka']
fish	fisk	Match	['lista_över_pokertermer', 'fiskarnas_stjärntecken', 'fish', 'mager_fisk', 'sh3pxd2a', 'marina_fiskar', 'fiskben', 'headsup', 'matfisk', 'main_event', 'pokerjargong', 'fisken', 'fiskyngel', 'finns_i_sjön', 'fisk', 'fiskar', 'go_fish', 'fesk', 'fiskarna_fiskar', 'all_in', 'pokeruttryck', 'mjölke', 'pokertermer', 'fiskkött', 'utdragning', 'allin', 'fiskarna', 'checka', 'fet_fisk', 'bad_beat', 'ichthyofauna', 'yngel', 'pisces', 'pterygiophore', 'fluorescens_in_situ_hybridisering', '♓', 'fiska', 'check', 'fluorescerande_in_situhybridisering', 'lista_över_pokeruttryck', 'dragfjäder', 'phish', 'longhanded', 'elver', 'fingerling', 'feta_fiskar']
five	fem	Match	['fem', 'channel_5', '5ive', 'sugarcult', 'succeeder', '5', 'basketlag', 'lilla_phoebe', 'charlie_scene', 'personlighetsenneagrammet', 'femma', 'hollywood_undead', 'ⅴ', 'five', 'basket_team', 'pentad', 'achiever', 'channel_five', 'aron_deuce_erlichman', 'cinque']
float	flytkraft	Found close match: ['flyta', 'flyter', 'flyttal']	['flottören', 'svävar', 'flyttal', 'free_float', 'bobber', 'flyttalslösning', 'flyter', 'flottör', 'gas_blåsa', 'flyttalsaritmetik', 'explosiv_dekompression', 'flyta', 'cascading_style_sheet', 'css', 'blåsa', 'pontoner', 'driva', 'floats', 'parad_flyta', 'cascading_style_sheets', 'flöte', 'stilmallar', 'float', 'offentlig_flyta', 'putsbräden_float', 'flyttalsnummer', 'simblåsa', 'ponton', 'glass_soda', 'tidsfönster', 'swimbladder', 'floatingpoint_aritmetik', 'bobfloat', 'glass_float', 'ponton_båt', 'sammanhängande_formatmallar', 'luftblåsa', 'flytlösning', 'maskinepsilon', 'stilmall', 'sväva', 'okontrollerad_dekompression']
flow	flöde	Match	['flytande_fysik', 'young_money', 'mens', 'volymetriska_flödet', 'hyudralisk', 'rinna', 'menstruationsblödningar', 'rappande', 'flyter', 'menstruera', 'menstruationen', 'rapmusik', 'hydrauliksystem', 'hydrauliskt', 'tendens', 'strömning', 'flow_festival', 'menstruation', 'rap', 'hydraultryck', 'hydralik', 'hydraulik', 'flöde', 'fluidmekanik', 'hydrodynamisk', 'ström', 'strömningsmekanik', 'hydrauliska', 'vattenbyggnad', 'fluiddynamik', 'räp', 'rap_artist', 'young_money_entertainment', 'gravity_recovery_and_interior_laboratory', 'hydraulsystem', 'ha_menstruation', 'florent_mothe', 'reglering', 'flow', 'strömningslära', 'catamenia', 'lingonveckan', 'emceeing', 'flödeshastighet', 'flödet', 'flödesdynamik', 'flytande_dynamicist', 'riktning', 'vattenbyggnadslära', 'protorap', 'flödesmekanik', 'rappa', 'hydraulisk', 'flöde_nätverk', 'rappare', 'hydrodynamiska', 'utöka_sökvägen', 'nätverk', 'rapping', 'vätskeflöde']
flower	blommor	Match	['relient_k', 'play', 'växtsäsongen', 'kronblad', 'gackt', 'storhetstid', 'hylleblad', 'blomster', 'bikrona', 'flower', 'yukihiro_chachamaru_fujimura', 'you_kurosaki', 'sepal', 'kalkblad', 'gackt_camui', 'blomblad', 'stampe', '❁', 'hylle', 'blomutveckling', 'tepal', 'foderblad', 'knoppar', 'blommor', 'blomfodret', '❀', 'vindblomma', 'bambi', 'blomma', 'kalk', 'camui', 'petal', 'juken', 'blomman', '✿', 'fakta_om_blommor', 'blomning', 'gacktjob', 'camui_gackt', 'epicuticular_vax']
fly	flyga	Match	['flyga_fram', 'ciara', 'vexillologisk_symbol', 'wanessa', 'flyg', 'flyga', 'fjärilssim', 'fly_vårgårda_kommun', 'yttertält', 'ciara_harris', 'fjärilsim', 'högboll', 'diptera', 'flyger', 'tältfly', 'fluga', 'fjäril_stroke', 'ciara_princess_harris', 'rainfly', 'flugan', 'the_fly', 'tvåvingar', 'fly_hammarland', 'fjäril', 'gylf', 'fly', 'flyes', 'tvåvinge', 'sanna_flugor', 'flugor', 'fiav', 'tält_flik', 'tvåvingade', 'dipterans']
fog	dimma	Match	['skymma', 'mist', 'fog', 'murk', 'the_fog', 'mark_dimma', 'töcken', '10th_avenue_freakout', 'zfpm1', 'dis', 'dimma']
foot	fot	Match	['fotfolket', 'phylum_mouusca', 'fotregemente', 'fötterna', 'mantel', 'fundament', 'infanterist', 'vant', 'fotklanen', 'fotfolk', 'tåvalken', 'pressarfot', 'mollusca', 'mänsklig_fot', 'väder_ark', 'pes', 'metrisk_fot', 'metriska_fot', 'djur_fot', 'hålfoten', 'proceleusmatiker', 'skot', 'skothornen', 'lik', 'kvadratfot', 'skothorn', 'ryggradslösa_fot', 'grund', 'horn', 'pada', 'hålfot', 'feet', 'underkonstruktion', 'ben', 'mollusker', 'tchibanga_airport', 'infanteriet', 'metrisk_enhet', 'symaskiner', 'en_fot', 'foot_clan', 'storskot', 'engelsk_fot', 'fötter', 'infanterister', 'blötdjur', 'foten', 'foot_ninja', 'infanteri', 'grundläggning', 'metriska_fötter', 'versfot', 'svensk_fot', 'mollusk', 'symaskin', 'foot', 'betala', 'ft', 'skota', 'husgrund', 'franska_synålar', 'fotsula', 'blötdjuren', 'infanter', 'skothornet', 'fot', 'akterlik', 'storskotet']
forest	skogen	Match	['rotat_träd', 'skogen', 'gemeente_vorst', 'skogsvegetation', 'forest_belgien', 'wälder', 'skogsdunge', 'kluster', 'tempererad_skog', 'timberland', 'skog', 'skogsmark', 'nottingham_forest', 'timmer', 'virke', 'trä', 'samling', 'rotade_träd', 'träd', 'örtrik_granskog', 'barrskog', 'commune_de_forest', 'uppspännande_träd', 'märkt_träd', 'la_fouarêt', 'skoglig', 'nottingham_forest_fc', 'trädbevuxen', 'skogar', 'tempererade_skogsmiljöer', 'barrskogar', 'skogs', 'vorst', 'forest', 'forest_mississippi']
four	fyra	Match	['➍', 'suburban_kids_with_biblical_names', 'forth', 'gränsen', 'succeeder', 'tetractys', 'kvaternion', 'fyra', 'ⅳ', 'sex', 'four', '❹', 'ℍ', 'quaternion', 'achiever', 'kvaternioner', 'quatern', '4', 'fyraplats', 'personlighetsenneagrammet', 'tetrad', 'little_joe', 'iv', 'channel_4', '➃', 'quaternity', 'planetary', 'four_isère']
freeze	fryser	Found close match: ['frys', 'frysa']	['frost', 'frysning', 'todd_smith', 'freeez', 'frysa_in', 'nike', 'anhalt', 'vkick', 'frysa', 'freeze', 'jordin_sparks', 'hänga', 'frys', 'baby_freeze', 'bloodline', 'freezes']
fruit	frukter	Match	['frukten', 'mineralitet', 'balans', 'fruit', 'kropp', 'fruktblad', 'frökapsel', 'bouquet', 'stypsis', 'frukter', 'balansen', 'torra', 'frukt']
full	full	Match	['full', 'fullmåne', 'fullt', 'fulla', 'fullt_månfas', 'fullständig', 'full_ofthemoon', 'helt', 'fullmånen', 'mätt']
give	ge	Match	['giva', 'ge', 'räcka', 'pet_your_friends', 'give', 'ägna', 'kollapsa', 'presenter', 'överlämna', 'bidra', 'hänge', 'svikt', 'ger', 'presentera', 'bidrar', 'gåva', 'håller', 'lämna_över', 'föda', 'cold', 'mata', 'gåvor', 'betala', 'offra', 'giv', 'ge_vika', 'har', 'skänka', 'the_giver']
good	bra	Match	['godhet', 'väl', 'good_music', 'handel_bra', 'handelsvaror', 'ekonomisk_bra', 'nytta', 'frisk', 'duktig', 'etiska_värderingar_och', 'råvaror', 'det_goda', 'good', 'hedervärd', 'duktiga', 'handelsvara', 'etiska_värden', 'bra', 'skicklig', 'vara', 'gott_och_ont', 'varor', 'grundligt', 'gott', 'värde', 'värdering', 'god', 'mänskliga_värden', 'gods', 'goda']
grass	trädrötter	Incorrect	['graminoid', 'günter_grass', 'ganjah', 'nothing_can_stop_us', 'braja', 'sens', 'grass', 'grass_gynter', 'marijuanaplanta', 'cannabis_bieffekter', 'marihuana', 'geographic_resources_analysis_support_system', 'familjen_graminaceae', 'grass_gis', 'eatage', 'spikelets', 'supergrass', 'sporobolus_caespitosus', 'graminaceae', 'familjen_poaceae', 'quinnab', 'familjen_gramineae', 'cannabis', 'naturgräs', 'skylarking', '420', 'sess', 'gräs', 'vilfa_caespitosa', 'gynter_grass', 'grön_gudinna', 'weed', 'hashish', 'jazztobak', 'poaceae', 'hascholja', 'smöga', 'stoner', 'hampaextrakt', 'haschpsykos', 'marijuana', 'gramineae', 'braj', 'mary_jane', 'knatch', 'gunter_grass', 'foder', 'bete', 'majja', 'ört', 'gräs_familj', 'gunter_wilhelm_grass', 'haschkaka', 'günther_grass', 'haschplantor']
green	grön	Match	['lättlurad', 'miljöpartist', 'balans', 'agalev', 'green_pico', 'miljöaktivist', 'grön', 'green_hade', 'gå_grönt', 'grön_politik', 'miljöaktivism', 'gröna_politik', 'grönska', 'jade', 'balansen', 'honung_olja', 'super_c', 'lummiga_grönsaker', 'frukt', 'gevär_gröna', 'william_green', 'green_cape', 'sätta_yta', 'viridity', 'brunswick_grön', 'miljövänlig', 'gröna_rörelsen', 'gröna_grönsaker', 'stypsis', 'katt_valium', 'grön_ideologi', 'kellygrön', 'grönt_uncountable', 'park', 'green', 'chartreuse', 'miljövänligare', 'commons', 'gemensam', 'lummiga_gröna_grönsaker', 'miljöskydd', 'ekologism', 'kropp', 'grönsak', 'grönaktig', 'mörkgrön', 'gulaktigt_grön', 'green_cabo', 'miljömedvetenhet', 'bouquet', 'putting_green', 'miljömedvetande', 'gröna_bladgrönsaker_grönsaker', 'special_k', 'grönt', 'buteljgrön', 'miljörörelsen', 'jade_grön', 'gröngult', 'torra', 'feldgrau', 'vert', 'miljöproblem', 'miljöaktivister', 'green_river', 'bladgrönsaker', 'mineralitet', 'grönsaker', 'gröna', 'greener', 'celadon', 'green_isla', 'supersyra', 'bladgrönsak', 'miljövänliga', 'gul_grön', 'omogen', 'parken', 'groen', 'smaragd', 'ärtgrön']
guts	käft	Incorrect	['matsmältningskanalen', 'enterisk', 'grand_unified_theory', 'gastrointestinal', 'tarm', 'gastrointestinala', 'grand_unification', 'guts', 'magtarmkanalen', 'tarmkanalen', 'mag_rör', 'tarmarna', 'inälvor', 'storförenad_teori', 'tapperhet', 'matsmältningsorgan', 'övre_magtarmkanalen', 'tarmen', 'fortitudo', 'tarmlumen', 'courageousness', 'tarmslemhinnan', 'matsmältningsorganen', 'tarmar', 'tarmkanal', 'storförenade_teorier', 'storförenande_teorin', 'mod', 'sand', 'grand_unification_theory', 'inälvsprodukter', 'moxie', 'gut']
hair	hår	Match	['kroppshår', 'kroppsbehåring', 'hair', 'hårvård', 'hårväxt', 'håret', 'hårstrå', 'tageltyg', 'sidecut', 'hairsbredd', 'hårsmån', 'hår', 'fjun', 'huvudet_hår', 'huvudhår', 'lanugohår', 'hårig', 'människohår']
hand	händerna	Match	['skrivstil', 'tvärfot', 'förhand', 'giva', 'ge', 'räcka', 'handflatan', 'händerna', 'handstil', 'handflata', 'drazi', 'renons', 'hjälpande_hand', 'dräng', 'lejd', 'handskrift', 'applåd', 'brakiris', 'dilgar', 'handtag', 'manus', 'talong', 'händer', 'lämna_över', 'palma_manus', 'stack', 'hand', 'system_of_a_down', 'capot', 'arbetare', 'tvärhand', 'cordella', 'kortspel', 'kortspelstermer', 'kort', 'handen', 'bro_spelare', 'hasard', 'giv', 'hand_lake']
he	han	Not found	[]
head	huvud	Match	['suga_kuk', 'skotska_klanen_chef', 'sinnet', 'skolmästare', 'huvudord', 'klan_chef', '69an', 'mental_innehåll', 'httpbegäran', 'pseudanthium', 'cunnilingus', 'sug_kuk', 'storskot', 'teabagging', 'topp', 'direktör', 'bornyr', 'cefaliska', 'skota', 'maffiaboss', 'capita', 'nous', 'hövdingedömet', 'nyhetsartikel', 'al_snow', 'http', 'headspring', 'trumskinn', 'vant', 'fransk_massage', 'trumma_huvudet', 'fråga', 'caput', 'främst', 'rubrik', 'chieftaincy', 'horn', 'hydraulisk_huvud', 'mot', 'cunnilingius', 'sinne', 'artikel', 'mänskliga_sinnet', 'skum', 'oralsex', 'guida', 'krona', 'skothornet', 'storskotet', 'hyper_text_transfer_protocol', 'maffiabossen', 'psyke', 'leda', 'dirty_mind', 'skollärare', 'fittslickning', 'nyhet', 'skot', 'först', 'skothornen', 'psyket', 'brott_herre', 'brian_welch', 'kuksugning', 'styra', 'huvud', 'fradga', 'huvuden', 'udde', 'hövding', 'hypertext_transfer_protocol', 'slicka_fitta', 'föreståndare', 'akterlik', 'chef', 'hydrauliska_gradienten', 'top_dog', 'rektor', 'head', 'huvudordet', 'frågan', 'leda_historia', 'head_nv', 'hövdingadöme', 'http11', 'väder_ark', 'fellatio', 'tidskriftsartikel', 'sextionian', 'huvudet', 'lik', 'skothorn', 'kuksugaren', 'munsex', 'tidningsartiklar', 'läs__skrivhuvudet', 'tidningsartikel', 'psykisk', 'stamhövdingen', 'blow_job', 'tidskriftsartiklar', 'ledare', '403_error']
hear	höra	Match	['akta', 'se_upp', 'hör', 'fonetisk', 'människans_hörsel', 'مطار_العريش_الدولي', 'upptäcka', 'hörseln', 'komma_ihåg', 'se', 'auditiv_modalitet', 'tänka', 'ge_akt', 'hörslen', 'höra', 'hörbarhetsområde', 'lyssna', 'hörsel', 'hörselomfång', 'hörbarhet', 'lära_sig', 'öronskydd', 'lyssna_på', 'el_arish_international_airport', 'se_till', 'hörselsinne', 'hörselförnimmelsen']
heart	hjärta	Match	['hjärter', 'essens', 'hjärtkammaren', 'heart', 'essentiell', 'vitier', 'hjärtats_uppbyggnad', 'jimmy_urine', 'låt_hjärtat_va_me', 'tillgivenhet', 'sinusarrest', 'steve_righ', '♡', 'little_jimmy_urine', 'hjärtats_kammare', '❥', 'centrum', 'philia', 'essenser', 'kärna', 'hjärtat', 'alexz_johnson', 'kärlek', 'hjärtan', 'barracuda', 'lynz', 'kurage', 'mänskliga_hjärtat', 'essentiella', 'hjärtats', 'mitten', '❤', 'kardiogen', 'hjärta', 'vitium_organicum_cordis', 'substans', 'kontenta', 'vitium', 'praktiska_detaljer', '♥', 'johnson_alexz', 'hjärtats_vänstra', 'väsen', 'hjärtkammare', 'johnson', 'människohjärta', 'mindless_self_indulgence', 'mitt', 'kammare', 'hjärta_och_själ']
heavy	tunga	Match	['balans', 'tung', 'tf2', 'staten_vs_radric_davis', 'livvakt', 'balansen', 'frukt', 'livvakter', 'tunga', 'stypsis', 'team_fortress_2', 'heavycom', 'jarate', 'kropp', 'bouquet', 'torra', 'heavy', 'mineralitet', 'tungt', 'nära_skydd', 'saxton_hale']
here	jag	Incorrect	['hit', 'här', 'nokia_maps', 'hera', 'heras', 'here']
hit	förstaplatsen	Incorrect	['poäng', 'base_hit', 'strejk', 'hīt', 'näta', 'nå', 'nyansera', 'slog', 'mörda', 'kollision', 'krock', 'mål', 'påkörd', 'komma_fram_till', 'elastisk_kollision', 'träffa', 'slå', 'uppnå', 'når', 'träffad', 'fornengelsk_grammatik', 'fornengelskans_grammatik', 'få', 'slå_ihjäl', 'stöt', 'anlända', 'bas_hit', 'dräpa', 'kollisioner', 'komma_fram', 'oelastisk_stöt', 'slå_emot', 'hit', 'elastisk_stöt', 'göra', 'besök', 'måla', 'träff']
hold	hålla	Match	['kvarhålla', 'gäller', 'ge', 'stödja', 'lastutrymmet', 'försvara', 'häkte', 'huvudlås', 'underkastelse_innehar', 'håll', 'kvarsittning', 'huvudlåset', 'anse', 'lastdäcket', 'lastrum', 'polisens_förvar', 'hålla', 'katamewaza', 'hålskepp', 'hold', 'fermat', 'häktning', 'kontrollera', 'instämma', 'stoppa', 'tidsfördröjning', 'vänta', 'fermat_som_musikalisk_term', 'anordna', 'ha', 'kopplingar', 'förskjutning', 'reservera', 'handtag', 'överensstämma', 'rymma', 'håller', 'boka', 'väntläge', 'understödja', 'bära', 'is', 'brottning_håller', 'bygel', 'lagringsområde', 'vara_överens_om', 'arrest', 'upprätthålla', 'öra', 'internering', 'grepp', 'innehålla', 'hålla_med', 'fermata', 'grappling_grepp', 'palmar_grepp', 'har', 'palmar_gripreflexen', 'rättslig_vårdnad', 'inneha', 'äga']
horn	horn	Match	['cykel_horn', 'horns_distrikt_östergötland', 'trumpetare', 'hornet', 'horns_distrikt', 'jazz_trumpetare', 'franska_horn', 'strut', 'bezirk_horn', 'kvicke', 'horn', 'horn_af_kanckas', 'tuta', 'motor_horn', 'horns_distrikt_västergötland', 'valthorn', 'fordon_horn', 'kornett', 'horn_kinda_kommun', 'trumpet', 'mungiga', 'horn_niederösterreich', 'hornantenn', 'horn_af_kankas', 'bil_horn', 'politischer_bezirk_horn', 'gaienhofen', 'horn_islote', 'horn_skövde_kommun', 'sadel_horn', 'jakt_horn', 'franskt_horn', 'horn_the']
how	hur	Match	['how', 'frågeord', 'frågande_ord', 'hur', 'hands_all_over', 'interrogativa_pronomen']
hunt	jakt	Match	['james_henry_leigh_hunt', 'leigh_hunt', 'william_henry_hunt', 'pilbågsjakt', 'sökning', 'fritidsjakt', 'jakten', 'jägare', 'hunt_mount', 'vaktel_jakt', 'jaga', 'jagar', 'richard_morris_hunt', 'hunt', 'efter', 'overhunting', 'hunt_club', 'holman_hunt', 'sökande', 'william_holman_hunt', 'holman_hunt_william', 'jakt']
husband	hustru	Incorrect	['gubbe', 'gift_man', 'partner', 'äkta_maka', 'bättre_halv', 'make', 'm_anderson', 'gift_person', 'man', 'äkta_make', 'maka', 'husband', 'chawla', 'l_clark', 'd_brown', 'mccool', 'apollo', 'ramon', 'maken', 'äkta_hälft']
i	jag	Not found	[]
ice	ishockeyn	Incorrect	['emirates_airlines', 'förbränningsmotor', 'isrink', 'konstgjord_is', 'bilmotor', 'skridskobana', 'casp1', 'förbränningsmotor_fordon', 'dextromethamphetamine', 'ice_32', 'intercityexpress', 'metamfetaminhydroklorid', 'methedrinal', 'kristall_metamfetamin', 'desoxyn', 'ice_la_fox', 'metamfetaminer', 'glasera', 'ces2', 'ufolaulu', 'meth', 'metamfetamin', 'inre_förbränning', 'in_case_of_emergency', 'intercity_express', 'emirates', 'isglass', 'rink', 'ice', '⛸', 'is', 'glasyr', 'glaserad', 'c10h15n', 'glass', 'crystal_meth', 'drivis', 'uterink', 'instituto_costarricense_de_electricidad', 'intercontinentalexchange', 'explosionsmotor', 'pervitin', 'methedrine', 'shabu', 'is_skörd', 'deoxyephedrine', 'förbränningsmotorer', 'emirates_airline', 'i_nödfall', 'utomhusrink', 'ishall']
if	ifall	Not found	[]
in	i	Not found	[]
kill	hämnas	Incorrect	['dör', 'causa_mortis', 'sätta_till_döds', 'avlida', 'kill_kildare', 'bortgång', 'mörda', 'död', 'döda', 'dräpande', 'för_tidig_död', 'döden', 'dö', 'assasinera', 'avlidet', 'dräpa', 'an_chill', 'avliva', 'avlidna', 'dog', 'dödsfall', 'avliden', 'dödande', 'the_kill', 'kill']
knee	armbågen	Incorrect	['knäleden', 'knäregionen', 'knäskada', 'knä_strejk', 'knä', 'knäregion', 'knäled', 'knäet', 'knän', 'regio_genus', 'kväva', 'mänskliga_knä', 'genu', 'articulatio_släktet']
know	vet	Match	['kognitiva_förmågor', 'kognitioner', 'knulla', 'kognitiv_bearbetning', 'noesis', 'ha_sex', 'vet', 'kunna', 'veta_om', 'lärd', 'kognitiv_funktion', 'deklarativa_kunskap', 'känna', 'kognitiv_förmåga', 'veta', 'fundamentism', 'lärdom', 'kunskap', 'kognitiva_processer', 'deklarativ_kunskap', 'ligga_med', 'procedural_kunskap', 'kognition', 'kognitiva', 'kognitiv', 'uppleva', 'know', 'vetande', 'känna_till']
lake	sjö	Match	['sötvatten_sjö', 'sjötyper', 'lake', 'naturliga_sjön', 'sjön', 'insjöar', 'insjö', 'färgpigment', 'pigment', 'fjällsjö', 'sjöar', 'intermittent_sjö', 'badsjö', 'sjö']
laugh	skratta	Match	['jape', 'skratt', 'lurifax', 'skämtsam', 'skratta', 'violaskämt', 'haha', 'grina', 'skämt', 'skrattar']
leaf	blad	Match	['verso_och_recto', 'verso', 'rotat_träd', 'kransställd', 'basala_blad', 'recto', 'axils', 'lövas', 'crenate', 'gälblad', 'skog', 'epidermis', 'paullinia_pterophylla', 'löv', 'folioband', 'folioformat', 'skiva', 'folio', 'folium', 'axil', 'rotade_träd', 'lövverk', 'träd', 'huvudnerv', 'klaff', 'adaxial', 'uppspännande_träd', 'märkt_träd', 'framsidan', 'foliant', 'blad_marginal', 'bladet_axil', 'mesofyll', 'bladverk', 'ludna', 'nissan_leaf', 'framsidan_och_baksidan', 'basal_blad', 'blad_slida', 'spricka_ut', 'abaxial', 'sammansatta_blad', 'nerv', 'blad']
left	lämnade	Incorrect	['vänsteroppositionen', 'vänsterkanten', 'vänstra', 'politiska_vänstern', 'kvar', 'venstre_norge', 'left', 'vänsterpartier', 'vänsterpolitik', 'vänstra_hand', 'vänsterism', 'venstre_danmark', 'vänsterorienterade', 'vänsterismen', 'vänsterlutande', 'politisk_vänster', 'vänsterparti', 'vänstern', 'venstre', 'vänster', 'vänsterytter', 'vänsterpolitiker', 'vänsterpolitiskt', 'esquerra_republicana_de_catalunya', 'kollektivistiska', 'vänsterregering']
leg	armbågen	Incorrect	['runda', 'etapp', 'tvålegged_match', 'omgång', 'katet', 'träben', 'benet', 'tvåbent_slips', 'brutet_ben', 'mänsklig_ben', 'ben', 'förgrening', 'uefamodellen', 'peg_leg', 'nedre_extremiteter', 'pegleg', 'två_ben', 'nedre_extremiteten', 'membrum_inferius', 'uefas_cupmodell', 'nedre_extremiteterna', 'närliggande_sida', 'membrum_inferiosis', 'crus']
lie	genomskåda	Incorrect	['lögn', 'absolute_first_album', 'prat', 'awake', 'malpresentation', 'falskhet', 'ligger', 'lögner', 'ljuga', 'breaking_heart', 'lie_trygve', 'osanning', 'lie', 'trygve_halvdan_lie', 'trygve_lie', 'libenge_airport', 'the_lie', 'ligga', 'ligger_i', 'trygve_halvden_lie', 'lägga_sig']
live	live	Match	['spelning', 'acdc_live', 'levande', 'ojani_noa', 'leva', 'scénshow', 'liv', 'bo', 'konserterade', 'built_to_spill', 'livets_villkor', 'jennifer_lópez', 'turné', 'konsertera', 'mott_the_hoople_live', 'konsert', 'the_smoking_popes', 'klinik', 'lopez', 'överleva', 'live_at_the_marquee', 'smoking_popes', 'live_ep', 'kyrkokonsert', 'jennifer_lopez', 'livekonsert', 'jennifer_lynn_lopez', 'konserter', 'live', 'biota', 'simian_mobile_disco', 'scenshow', 'rem_live', 'lever', 'lopez_jennifer', 'the_klinik', 'pågå', 'jlo', 'uppleva', 'konserten', 'livet', 'levande_musik', 'pigmy_love_circus']
liver	levern	Match	['levern', 'hepar', 'lever', 'nötlever']
long	lång	Match	['longa', 'hög', 'längta_efter', 'länge', 'långt', 'bloody_roar', 'säker', 'längta_tillbaka_till', 'långa', 'long', 'william_henry_long', 'längta', 'lång', 'longs_distrikt', 'långsmal', 'längta_till', 'long_somme']
louse	värddjuret	Found close match: ['leddjuren']	['smuts_boll', 'löss', 'gnet', 'artropoder', 'leddjur', 'bitande_lus', 'djurlöss', 'gnetter', 'suger_lus', 'hårlöss', 'phthiraptera', 'växt_lus', 'leddjuren', 'fågel_lus', 'lus', 'fågellöss', 'mallophaga', 'arthropoda']
man	mannen	Match	['relient_k', 'ellan_vannin', 'människoarter', 'män', 'mänskliga', 'världen', 'mannin', 'atanatári', 'metropolitan_area_network', 'homosapiens', 'the_man', 'den_moderna_människan', 'mänsklig', 'moderna_människan', 'världens', 'mannen', 'ringway_airport', 'wen', 'ön_man', 'i_världen', 'hankön', 'människo', 'tjänstepojke', 'maschinenfabrik_augsburgnürnberg_ag', 'tjänstepojkar', 'mänskliga_arten', 'humant', 'mänskliga_rasen', 'människa', 'man_se', 'homo_sapiens', 'militär', 'spelpjäs', 'karl', 'människan', 'manligt', 'betjänt', 'man_ag', 'människosläkt', 'dunlending', 'serviceman', 'betjäntpojkar', 'värld', 'tjänare', 'mansidor', 'journal_of_the_royal_anthropological_institute', 'homo_sapiens_sapiens', 'homo', 'batman', 'manchester_airport', 'isle_of_man', 'gentleman', 'könsmogna', 'man_elfenbenskusten', 'vuxen_man', 'människor', 'mänskligheten', 'militärperson', 'gentleman_gentleman', 'stadsnät', 'valet_de_chambre', 'människans', 'wan', 'manchester_international_airport', 'pojkarna', 'pjäs', 'tjänarpojke', 'betjäntpojk', 'betjäntpojke', 'mänsklighet', 'cornelis_de_man', 'maes_awyr_manceinion', 'manlig', 'man', 'betjänter', 'könsmognad', 'modern_människa', 'manfred_gnädinger', 'dunlendings']
many	flera	Incorrect	['many', 'många', 'mány']
meat	kött	Match	['essens', 'vitt_kött', 'kött_vetenskap', 'essentiell', 'kött', 'rött_kött', 'essenser', 'kärna', 'köttätande', 'shawn_stasiak', 'essentiella', 'bearbetat_kött', 'substans', 'we_will_rock_you', 'kontenta', 'rått_kött', 'praktiska_detaljer', 'väsen', 'kallt_kött', 'rött_köttvitt_kött', 'hjärta_och_själ']
moon	månen	Match	['månmånad', 'draconic_månad', 'månsken', 'moon', 'naturliga_satellit', 'satellit', 'mars', 'månvarv', 'jupiter', 'sun_myung_moon', 'naturliga_satelliter', '☾', 'soltecken', 'moon_sun_myong', 'solen', 'måne', 'tungelsken', 'naturlig_satellit', 'månmagi', 'sun_myong_moon', 'air', 'synodiska_månad', 'månskenet', 'kyôko_fukada', 'månen_typ', 'lista_över_airavsnitt', 'venus', 'månar', 'månljus', 'månen', '☽']
mother	mor	Match	['earthbound_beginnings', 'sisters_of_avalon', 'tikhon_chrennikov', 'mother', 'nunna', 'avla', 'mamma', 'synchronicity', 'mor', 'chrennikov', 'chorus_line', 'a_chorus_line', 'syster', 'tichon_chrennikov', 'klosterjungfru', 'modergudinna', 'moder', 'nunnor', 'moder_jord', 'mödrar', 'biologiska_mor', 'morsa', 'honförälder', 'chrennikov_tichon']
mountain	berg	Match	['dräpte', 'mycket', 'passel', 'muckle', 'berget', 'mickle', 'en_del', 'bergiga', 'parti', 'bra_affär', 'bergstopp', 'bergmassiv', 'nätt_summa', '482', 'sahtu', '⛰', 'ganska_liten', 'hel_del', 'berg', 'mängd', 'mountain']
mouth	mynningen	Found close match: ['mynning', 'åmynning', 'flodmynning']	['munhåla', 'tala', 'backtalk', 'muntlig_spricka', 'vertex', 'oral_protetik', 'hörn', 'sass', 'käften', 'brytpunkt', 'tillbaka_prata', 'prata', 'munhålan', 'munnen', 'estuarium', 'cavum_oris', 'käft', 'sassing', 'mun', 'åmynning', 'rima_oris', 'flodmynning', 'labium', 'perioral', 'mynning']
name	namnet	Match	['nämna', 'citera', 'nominal_ordklass', 'nomina', 'offentlig_person', 'referera', 'namngivning', 'identifierare', 'id', 'nominalfras', 'datornamn', 'nomen', 'name', 'utse', 'namnet', 'namntoppen', 'namn', 'identifiera', 'nominell_fras', 'egennamn', 'kalla', 'figur', 'anseende', 'gens', 'omnämna', 'kallar', 'nominella', 'nominala_ordklasser', 'namnge']
narrow	smal	Match	['soapskin', 'trång', 'smal', 'anja_plaschg', 'anja_franziska_plaschg', 'inskränkt', 'smalt', 'smala']
near	utkanten	Incorrect	['nearshoemaker', 'i_princip', 'nästan', 'när', 'nära', 'near_shoemaker', 'närma_sig', 'närapå', 'uppemot']
neck	halsen	Match	['nacken', 'näck', 'halsöppning', 'älfven', 'nack', 'strömkarlen', 'älven', 'hångla', 'halsen', 'halsmuskler', 'halsens_muskler', 'hals', 'collum', 'necken', 'flaskhals', 'näcken', 'strömkarl', 'nacke']
new	nya	Match	['ny', 'nyhet', 'nya', 'nytt', 'new']
night	kvällen	Found close match: ['kväll']	['nyx', 'spöktimmen', 'nótt', 'wiesel_elie', 'nox', 'natten', 'natt', 'mörker', 'midnattsblå', 'night', 'elie_wiesel', 'midnatt', 'skymning', 'nattetid', 'wiesel', 'kväll', 'eliezer_wiesel', 'élie_wiesel']
nose	nosen	Found close match: ['nos', 'noslängd', 'näsan']	['doft', 'längd', 'noslängd', 'aromater', 'arom', 'aromatisk', 'näsor', 'aromatiska', 'näshåla', 'dofter', 'redolence', 'luktorganet', 'näsan', 'mänskliga_näsan', 'dysa', 'munstycken', 'magnetisk_munstycke', 'bukett', 'gore', 'munstycke', 'näsa', 'nos']
not	inte	Match	['alg3', 'notgrind', 'negation', 'logiska_grindar', 'inte', 'inverterare', 'and', 'nr4a2', '¬', 'logisk_negation', 'diskret_logik', 'logisk_grind', 'grind', 'ej', 'logiska_grinden', 'not', 'icke']
old	gammal	Match	['gammalt', 'gamla_vinstockar', 'förra', 'använd', 'förlegad', 'före_detta', 'gamla', 'utsliten', 'forna', 'gammal']
one	tio	Incorrect	['vampire_weekend', 'planetshakers', 'hel', 'buuren_armin_van', 'tupler', 'one', 'ⅰ', 'ess', '1', 'helgrind', 'succeeder', 'tupel', 'ntupel', 'still_not_getting_any', 'tipel', 'tuppel', 'armin_van_buuren', 'achiever', 'sarah_burgess', 'ett', 'en', 'still_not_getting_any…', 'tippel', '█', 'supposed_former_infatuation_junkie', 'multiplikativa_identiteten', 'the_one', 'vertical_man', 'förstadel', 'sextuple', 'personlighetsenneagrammet', 'man', 'ntippel']
other	dessa	Incorrect	['övrig', 'annat', 'den_andre', 'övriga', 'andra', 'annan', 'de_andra', 'övrigt']
play	spela	Match	['svärdkamp', 'kördes', 'play', 'glapp', 'satsa', 'android_market', 'dramatiskt', 'dramatik', 'anna_sundstrand', 'gambling', 'vadslagning', 'lekar', 'stageplay', 'tur', 'spelare', 'scenkonst', 'dramatisk_konst', 'fria_tyglar', 'dramatiken', 'skimmer', 'google_play_store', 'upptåg', 'slå_vad', 'teaterföreställning', 'drama', 'lekkamrat', 'versdrama', 'dramer', 'kasinospel', 'spel', 'agera', 'teaterstycke', 'hasardspel', 'google_play', 'sällskapslek', 'fäktning', 'dramagenre', 'teaterstycken', 'skådespel', 'pjäser', 'skådespelen', 'christopher_martin', 'teaterpjäs', 'spela_under', 'psykologiskt_drama', 'gaming', 'spela', 'period_lek', 'leka', 'dramat', 'pjäs', 'pjäsen', 'pjäsförfattare', 'teaterpjäser', 'play_store', 'glädjesprång', 'spel_och_dobbel', 'lek', 'manöver', 'dramatisk_lek']
pull	dra	Match	['ryck', 'locka', 'benet_blick', 'vadd', 'utvinna', 'bloss', 'batsmen', 'pull', 'attraktion', 'pull_skott', 'dra', 'attrahera', 'dragkraft', 'släpa']
push	dra	Found close match: ['driva']	['push', 'tryckknapp', 'tryck', 'ryck', 'getupandgo', 'confessions_on_a_dance_floor', 'skjuta_på', 'driva', 'dierickx_mike', 'sorry', 'precious_based_on_the_novel_push_by_sapphire', 'mike_dierickx', 'krysta', 'black_and_white_america', 'knappen', 'putta', 'knapp', 'stack', 'dierickx', 'trycka', 'knuffa', 'annonsera', 'precious']
rain	regn	Match	['⛆', 'regnstorm', 'hällregn', 'rain_am_lech', 'simone_battle', 'regndroppe', 'nederbörd', 'regna', 'regnskur', 'regnvatten', 'in_blue', 'jung_jihoon', 'rhain', 'kasta', 'duggregn', 'ösregn', 'regnet', 'rain', 'bonnie_maxon', 'heavy_rain', 'regnskurar', 'heavy_rain_the_origami_killer', 'regn', 'john_colton', 'regn_storm']
red	röda	Match	['after_school', 'bolshie', 'bolsjevikerna', 'rött', 'granatröd', 'sanningen_om_rödluvan', 'raudt', 'red', 'bolshy', 'bolsjevism', 'körsbärsfärgad', 'kardinalröd', 'bolsjeviker', 'ik', 'bolsjevismen', 'dyrk3', 'angry_birds', 'red_river', 'röda', 'bolsjevikpartiet', 'rött_ljus', 'rodnad', 'болшевик', 'bolshevik', 'don_goldstein', 'jim_krebs', 'rött_bläck', 'bolsjevik', 'karmosinröd', 'förlust', 'mörkröd', 'anil_kapoor', 'rødt', 'red_(taylor_swift_album', 'day__age', 'röd', 'boljsevikerna']
right	höger	Match	['moralfilosof', 'högerhänt', 'norska_högern', 'juridiska_rättigheter', 'precis', 'politisk_höger', 'moralisk_filosof', 'vänsterhänt', 'etisk_teori', 'affärsetik', 'rätt_och_fel', 'hoyre', 'högervridna', 'riktig', 'naturliga_rättigheter', 'högre', 'högeranhängare', 'etisk', 'etiken', 'högerkvinna', 'rightwing', 'høyre', 'etiska_normer', 'riktigt', 'morallära', 'rättmätiga', 'höger_sida', 'moralfilosofer', 'young_americans', 'etik', 'höire', 'omistliga', 'oetiskt', 'höyre', 'korrigera', 'moralfilosofi', 'politiska_höger', 'högerparti', 'oförytterliga_rätt', 'etiska', 'handedness', 'högern', 'etiska_system', 'rätta', 'högerman', 'högerpolitiken', 'korrekt', 'proper', 'höger', 'oförytterlig_rättighet', 'felfri', 'korrekta', 'räta_upp_sig', 'etiklära', 'högra', 'rättigheter', 'rättstrygghet', 'ethik', 'laglig_rätt', 'oförytterliga_rättigheter', 'rätt', 'fysiska_och_juridiska_rättigheter', 'lämplig', 'omistliga_rättigheter', 'högervridning', 'just', 'politiska_högern', 'oetisk', 'lag', 'høgre', 'moralfilosofin', 'sedelära', 'rättighet', 'etiska_frågor', 'högerpolitik', 'högerkanten', 'praktisk_filosofi']
river	floden	Match	['lista_över_pokertermer', 'bäck', 'headsup', 'bäckar', 'main_event', 'flodbank', 'river', 'älv', 'å', 'all_in', 'pokeruttryck', 'kanal', 'pokertermer', 'ström', 'utdragning', 'allin', 'floden', 'checka', 'flod', 'watermark', 'bad_beat', 'älvar', 'flodens', 'ruisseau', 'flodbädd', 'check', 'sestao_river_club', 'lista_över_pokeruttryck', 'vattendrag', 'longhanded', 'floder', 'pokerjargong', 'intermittent_ström']
road	landsvägen	Found close match: ['landsväg', 'landsvägar', 'vägen']	['landsvägstrafik', 'the_road', 'vägbyggen', 'tvåfältsväg', 'bortaplan', 'landsvägar', 'vägbeläggning', 'väg', 'vägar', 'landsväg', 'bortamatch', 'vägtrafik', 'vägen', 'road', 'väg_spel', 'new', 'gångbanan', 'bilväg']
root	fältgrenarna	Incorrect	['n_te_roten', 'stammen', 'hårväxt', 'nollställe', 'rotat_träd', 'intervall', 'ursprung', 'förfäder', 'f0', 'etymon', 'hårig', 'lösningsmängd', 'föregångare', 'tonalt_centrum', '∜', 'kroppshår', 'början', 'tandroten', 'rötter', 'skog', 'hårvård', 'hårstrå', 'surdtal', 'musikalisk_intervall', 'rot', '0', 'fjun', 'tonic', 'böka', 'huvudhår', 'lanugohår', 'grundton', 'rotade_träd', 'konohagakure', 'tillfälliga_rötter', 'människohår', 'ordstam', 'träd', 'källa', 'rot_av_ekvation', 'rootaccess', 'rot_av_tal', 'upphov', 'sidecut', 'uppspännande_träd', 'märkt_träd', 'rotsystem', 'noll', 'rothår', 'tonic_ackord', 'lösning', 'huvudet_hår', 'orsak', 'förfader', 'rotordet', 'ordrot', '؇', 'kroppsbehåring', 'roten', 'algoritm_för_beräkning_av_nteroten', 'dubbelrot', 'rot_till_ekvation', 'musikaliska_intervall', 'ascendent', 'hår', 'stam', 'babyloniska_metoden', 'superanvändare', 'föregångare_till', 'rotanvändare', 'ascendenten', 'root', 'nte_roten']
rope	ståltråd	Incorrect	['repslagning', 'r2', 'repet', 'repslagare', 'rope', 'ropemaker', 'roofy', 'märling', 'tågvirke', 'mexikansk_valium', 'hyssing', 'rophy', 'glöm_mig_drog', 'garn', 'rep']
rotten	tomatoes	Incorrect	['ruttna', 'ruttet', 'urusel', 'rutten']
round	omgången	Found close match: ['omgång']	['balans', 'pris_kämpe', 'signifikanta_siffror', 'bareknuckle', 'runda', 'mest_signifikanta_siffran', 'salva', 'ringformad', 'boxare', 'rund', 'enhet_av_ammunition', 'värdesiffror', 'balansen', 'patron', 'frukt', 'ett_skott', 'avrunda', 'avrundad', 'omgång', 'tungviktsboxning', 'signifikant_siffra', 'värdesiffra', 'golfrunda', 'patronhylsa', 'stypsis', 'aritmetiska_precision', 'cirkelformad', 'nakna_knoge_boxning', 'pugilist', 'dagliga_rundan', 'precision', 'pris_kamp', 'cirkulär', 'kropp', 'enhetspatroner', 'varv', 'gällande_siffra', 'proffsboxning', 'bouquet', 'runda_av_drycker', 'round', 'torra', 'minst_signifikanta_siffran', 'runt', 'mineralitet', 'rond', 'hölje', 'tvärslå', 'signifikanta_siffran', 'tomhylsa', 'pugilism', 'boxning', 'enhetspatron', 'boxexercise', 'boxing', 'skal_hölje', 'slagsmål']
rub	slicka	Not found	[]
salt	salt	Match	['salt_2', 'nacl', 'salt_källare', 'salt', 'joniskt_salt', 'salt_i', 'bordssalt', 'cheryl_james', 'salter', 'henry_salt', 'saltet', 'saltkar', 'natriumklorid', 'salta', 'jonförening', 'salt_iiavtalet', 'salt_produktion', 'koksalt', 'salt1', 'natriumsalt', 'natrium_och_klor_förenas_till_natriumklorid', 'jonisk_förening', 'salt_ii', 'strategic_arms_limitation_talks', 'av', 'saltnpepa', 'vanligt_salt', 'metallsalt', 'jonföreningar', 'bordsalt', 'strategiska_rustningsbegränsning_talks', 'kaliumsalt', 'vägsalt', 'flingsalt']
sand	sand	Match	['grovsand', 'sand_basrhin', 'amandine_aurore_lucie_dupin', 'sandpappra', 'baroness_dudevant', 'sand', 'sand_george', 'slipa', 'aurore_dupin', 'sand_am_main', 'mellansand', 'aurore_dudevant', 'moxie', 'schönenbergkübelberg', 'tarmar', 'george_sand', 'sand_umeå_kommun']
say	verkligen	Incorrect	['säga', 'in_blue', 'jeanbaptiste_say', 'berätta_för', 'berätta', 'thomas_say', 'say', 'jean_baptiste_say', 'prata', 'stå', 'osakis', 'tala', 'förege', 'say_jeanbaptiste', 'säger', 'uttala', 'säg']
scratch	mjukvaran	Incorrect	['skrapa', 'golfhandikapp', 'karva', 'hudskador', 'skrubbsår', 'handicapsystemet', 'hudsjukdomar', 'lichenifikation', 'ställa_in', 'klia', 'buckla', 'dinero', 'handicap', 'siklar', 'moolah', 'nötning', 'ärr', 'gelt', 'macules', 'repa', 'repor', 'etsa', 'handikapp', 'gravera', 'kliar', 'exkoriation', 'adventures_of_sonic_the_hedgehog', 'vesikel', 'skav', 'pelf', 'fotskav', 'startlinjen', 'golfhandicap', 'dålig_stil', 'dermatoser', 'pustler', 'musslor', 'klotter', 'induration', 'simdaler', 'kutan_tillstånd', 'stryka', 'scratch_linje', 'hudförändring', 'kurs_betyget', 'skoskav', 'skavsår', 'hudsår', 'märke', 'deg', 'peter_gabriel', 'scratch']
sea	hav	Match	['lunar_sto', 'bentisk', 'månens_hav', 'månens_maria', 'havet', 'sea', 'sjö', 'havsmiljö', 'bentiska_zonen', 'månhav', 'air', 'marina_miljön', 'ocean', 'havsvatten', 'lista_över_airavsnitt', 'världshav', 'hafið', 'mare', 'världshavet', 'paleohav', 'slc25a1', 'hav']
see	tycker	Incorrect	['messnerhaus', 'åskåda', 'träffas', 'upptäcka', 'biskopssäte', 'syn', 'skopolamin', 'see_district', 'seebezirk', 'se', 'skådar', 'scopolamin', 'ser', 'archiepiscopal_se', 'ta_hand_om', 'tycho', 'träffa', 'träffa_på', 'synförmåga', 'stöta_på', 'besöka', 'hyoscin', 'betrakta', 'höra', 'see_im_paznaun', 'visa', 'råka', 'stiftsstad', 'försäkra', 'föreställa_sig', 'see', 'ta_hand', 'lac', 'observera', 'lära_sig', 'stiftsstäder', 'inse', 'skåda', 'district_du_lac', 'hälsa_på', 'anser', 'visuell_perception', 'uppleva', 'undersöka', 'förstå']
seed	seed	Match	['cum', 'sädesceller', 'säd', 'ff8', 'sädesvätska_sperma_sagge', 'fröet', 'frö', 'seeding', 'sublime', 'seedade_spelare', 'final_fantasy_8', 'squall_leonhart', 'sädesvätska', 'enda_eliminering', 'sperma', 'startvärde', 'seedad', 'ejakulera', 'fröer', 'utslagsturnering', 'seedning', 'kärna', 'enda_eliminering_turnering', 'semifinalist', 'semifinalen', 'ejakulat', 'så', 'ffviii', 'utsäde', 'santi', 'kvartsfinal', 'cup', 'seed', 'kvartsfinalen', 'utslagsspel', 'komma', 'final_fantasy_viii', 'semifinal', 'frön', 'källan']
sew	fläta	Incorrect	['sömnad', 'stitchery', 'syr', 'sy']
sharp	påfallande	Incorrect	['iss', 'skarpt', 'skinheads_against_racial_prejudice', 'spen', 'adaven', 'gäll', 'skarpsinnig', 'vassa', 'sharp_corporation', 'sharp', 'vass', 'klyftig', 'skarpa', 'skarp', 'hayakawa']
short	korta	Match	['kortfilmsdagen', 'kortfilmer', 'shortstop', 'plötsligen', 'korta', 'kortsluta', 'kortslutning', 'kortfilm', 'korta_ämnen', 'animerade_kortfilmer', 'short', 'aktielån', 'naken_blankning', 'plötsligt', 'kort_ämne', 'blankning', 'kort_position', 'film_kort', 'tvåreeler', 'med_ens', 'shortstops', 'kort', 'short_mount', 'kort_stopp']
sing	sjunga	Match	['leisure', 'kvinnlig_sång', 'sångare', 'sjung', 'vocalizing', 'harmoni_sång', 'sång', 'popsångerska', 'rena_sång', 'sing', 'sjunga']
sit	sitta	Match	['sitta', 'åka', 'sittande', 'sit1', 'sit', 'rida', 'sätta_sig', 'posera', 'sitt', 'sitta_ner']
skin	huden	Match	['huden', 'day_for_night', 'plugins', 'tryckta_kretskort', 'pied_piper_of_rb', 'skinnable', 'almost_human', 'mentalsjukhus', 'flerlagerkort', 'ray_of_light', 'the_r_in_rb_vol_1', 'psykiatriskt_sjukhus', 'makt_plan', 'public_announcement', 'plugin_program', 'trapped_in_the_closet_the_book', 'deborah_dyer', 'tillägg', 'zomba_records', 'skin', 'por', 'asyl', 'trapped_in_the_closet_the_movie', 'nothing_really_matters', 'the_r_in_rb', 'fuck_yall', 'blender', 'effekt_plan', 'hudcell', 'the_r_in_rb_collection_vol_1', 'skal', 'mental_hem', 'skala', '2_chainz', 'cutis', 'mönsterkortet', 'zest', 'printed_circuit', 'kretskort', 'insticksmodul', 'insticksprogram', 'australiensisk_aboriginal_släktskap', 'epic', 'remix_city_vol_1', 'kelly_r', 'kungen_av_rb', 'breakout_board', 'skinn', 'hud', 'kelly', 'hy', 'honey_love', 'king_of_rb', 'mönsterkort', 'r_kelly', 'the_power_of_goodbye', 'pied_piper', 'pluginprogram', 'kutan', 'trapped_in_the_closet', 'robert_sylvester_kelly', 'plugin', 'tilläggsprogram', 'dårhus', 'inneragnen', 'fjällning']
sky	sky	Match	['sky_airlines', 'jordens_atmosfär', 'british_sky_broadcasting', 'jordatmosfär', 'heterosphere', 'azure', 'azurblå', 'luft', 'himlen', 'heterosfären', 'cerulean', 'sky_deutschland', 'atmosfären_av_jorden', 'homosfären', 'coelinblått', 'credo', 'himmelen', 'sky', 'sky_plc', 'sky_movies', 'stacey_king', 'azur', 'kasta', 'lazuline', 'safirblå', 'himmel', 'team_sky', 'himmelsblå', 'premiere_ag', 'slänga', 'tyro3', 'premiere', 'bskyb', 'luften', 'winx_club', 'thatgamecompany']
sleep	sömnen	Match	['slumra', 'powernap', 'somnologi', 'evig_sömn', 'sov', 'sömnen', 'dead', 'sömn', 'unihemisfärisk_sömn', 'the_black_parade_the_bsides', 'viloläge', 'mikrosömn', 'evig_vila', 'sover', 'sova', 'tupplur', 'the_black_parade_the_bside', 'hypnogram', 'sopor', 'sömn_hos_djur', 'strömsparläge', 'hybridströmsparläge', 'quietus', 'the_black_parade', 'slagga', 'standbyläge', 'sömnforskning', 'dormogram', 'sleep']
small	liten	Match	['small', 'john_kunkel_small', 'litet', 'liten', 'ländrygg', 'småskalig', 'ländryggen', 'små', 'small_mount']
smell	lukt	Match	['doft', 'anda', 'luktar', 'luktsinnet', 'luktsinne', 'känsla', 'uppfatta', 'odör', 'luktsystemet', 'olfaction', 'dofter', 'lukt_egendom', 'lukten', 'obehaglig_lukt', 'lukt_känsla', 'stank', 'lukta', 'märka', 'lukt', 'lukt_uppfattning', 'olfaktorisk', 'tonen', 'stämning', 'lukt_modalitet']
smoke	bläcket	Incorrect	['tobaksplanta', 'tobaksplantan', 'sens', 'ryka', 'röka', 'tobaksvaror', 'cigg', 'fastball', 'elektrisk_cigarett', 'tobaken', 'filtercigarett', 'ciggaret', 'rökning', 'röker', 'cigarretter', 'cigaretter', 'råtobak', 'rök', 'magnetooptiska_kerreffekten', 'sess', 'cigarrett', 'nicotiana', 'yin_yang_yo', 'gräs', 'cigaret', 'sängrökning', 'fimp', 'grön_gudinna', 'inhalerandet_av_rök', 'gaser', 'tobaksrulle', 'cigarettmärken', 'tobak', 'kista_spik', 'tobaksbruk', 'cigarettfimp', 'the_smoke', 'tobakens_historia', 'rökt', 'mary_jane', 'cigarettmärke', 'cigarett', 'stump', 'tobaksspinneri', 'snabb_boll', 'smoke']
smooth	släta	Found close match: ['slät', 'slätt']	['gerald_albright', 'mineralitet', 'polera', 'kropp', 'smooth', 'balans', 'smidigt', 'smidig', 'bouquet', 'jämn', 'slätt', 'stypsis', 'putsa', 'jämna', 'balansen', 'torra', 'slät', 'frukt']
snake	sköldpaddan	Incorrect	['ah1', 'bell_ah1_cobra', 'orm', 'ah1_cobra', 'graykod', 'snake', 'solid_snake', 'långkuse', 'snake_jailbird', 'vattenormen', 'giftorm', 'orm_i_gräset', 'ormen', 'snake_river', 'ormars_huggtänder', 'serpentes', 'ormar', 'ophidian']
snow	snö	Match	['❆', 'slaskar', 'cp_snö', 'charles_percy_snow', 'baron_snow_of_leicester', 'vinterdäck', 'the_warriors', 'off_white', 'isnål', 'krigarna', 'snow_cp', 'elfenben', 'snöslask', 'snow', 'snöa', 'snöstjärna', 'snöby', 'snöflinga', 'myrkrig', 'snön', 'kola', 'benvit', 'c_p_snow', 'snöfall', 'diamantstoft', 'snöoväder', 'cp_snow', 'myrornas_krig', 'snödriva', 'snö', 'kornsnö', 'ffmpeg', '❄', 'the_warriors__krigarna', 'snötäcke', 'koks', 'lappmögel', 'isnålar', '❅', 'offwhite', 'näsa_godis', 'snau']
some	några	Match	['eller_så', 'lite', 'cirka', 'ungefär', 'uppskattningsvis', 'vissa', 'somliga', 'några', 'mer_eller_mindre']
spit	skölja	Incorrect	['saliv', 'spit', 'spotta', '沙嘴', 'shazui', 'upphostningar', 'spottloska', 'spett', '沙嘴街道', 'spott', 'shazui_jiedao']
split	splittrades	Found close match: ['splittra', 'split_kroatien', 'splittalbum']	['split_kroatien', 'spalatum', 'spagat', 'brista', 'gothams_änglar', 'delad', 'splittalbum', 'delad_album', 'hemizygot', 'birds_of_prey', 'splitalbum', 'homozygoter', 'klyva', 'heterozygota', 'split', 'spricka', 'spàlato', 'söndra', 'heterozygoter', 'uppdelningen_lemma', 'aktiesplit', 'skiljas', 'homozygositet', 'spräcka', 'schism', 'brisera', 'dela_upp', 'homozygot', 'spalato', 'grad_split', 'zygosity', 'dela', 'skilja', 'heterozygot', 'splittra', 'omvänd_split', 'flytta_isär', 'delning', 'homozygota', 'heterozygositet', 'сплит', 'avlänka', 'överspagat', 'splitsingel', '12512_split']
squeeze	bubbling	Incorrect	['kläm', 'dra_ihop', 'utpressa', 'kramar', 'pressa', 'vrida', 'kramis', 'platta_till', 'dragtvång', 'klämma', 'squeeze', 'nypa', 'kreditkrisen', 'krossa', 'tvinga', 'zugzwang', 'kram', 'krama', 'likviditetskris', 'mosa']
stab	såra	Incorrect	['stab', 'kniv_dragkraft', 'stick', 'scream_2', 'knivhugga', 'scream2', 'sticka', 'knivskära', 'hugg', 'hugga', 'horn_hugg']
stand	stå	Match	['kaffe_plantage', 'stånd', 'partnerskap', 'ställa', 'stå_ut_med', 'sockerplantager', 'stå_ut', 'jojo_no_kimyou_na_bouken', 'plantager', 'jojo_no_kimyo_na_boken', 'lund', 'fruktträdgårdar', 'bandstand', 'vittnesbås', 'sockel', 'står', 'ta', 'firma', 'plantagejordbruk', 'plantage', 'träddunge', 'grund', 'jojos_bizarre_adventure', 'jojo_no_kimyoo_na_booken', 'fruktodling', 'socker_plantage', 'fruktträdgård', 'woodlet', 'jojo_no_kimyō_na_bōken', 'synvinkel', 'dunge', 'jojo_no_kimyoh_na_bohken', 'stå', 'jojonium', 'företag', 'pestens_tid', 'försäljning_monter', 'ställning', 'the_stand', 'position', 'tolerera', 'susan_ashton', 'gummiplantage', 'kaffeplantage', 'le_bizzarre_avventure_di_giogio', 'sockerplantage', 'bära', 'bås', 'uthärda', 'frukt_fruktträdgård', 'karāhan_jojos_bizarre_adventure', 'ståndpunkt', 'synpunkt', 'utomhusscen', 'bomullsplantage', 'orchardist', 'stand']
star	stjärna	Match	['✶', 'stjärnutveckling', 'estelle', 'känd_person', '✬', 'stjärnan', 'popstjärna', 'blå_eftersläntrar', 'stjärntopologi', 'tarball', 'ilean_almaguer', 'mavin', 'stjärna', 'star_idaho', '✫', 'lyxhotell', '★', 'stjärngraf', '✰', 'headliner', '∗', '✹', 'swift_wind', 'bcgmatrisen', 'ledande_aktör', 'steroidogena_akut_regulatoriskt_protein', 'ledande_skådespelerska', 'adept', 'tjära', 'starring', 'känd', 'gucy2c', 'stjärnorna', '☆', 'superstar', 'superstjärna', 'mästerskapsstjärna', 'tillväxtaktien_matris', 'targz', 'maven', 'wiz', 'celebritet', 'air', 'mulle', 'stjärna_polygon', 'klassificering_av_hotell', 'kändisar', 'stjärnnät', 'star', 'asterisk', 'lista_över_airavsnitt', 'media_personlighet', 'xerox_star', 'stjärnformat_datanät', 'ckändis', 'femstjärnigt_hotell', 'the_rise_and_fall_of_ziggy_stardust_and_the_spiders_from_mars', 'filmstjärna', 'äss', '✴', 'hotshot', 'vina', '✪', '✭', '✵', 'blå_eftersläntrare', '✩', 'kändis', '✷', 'filmstjärnor', 'starbåt', 'bkändis', '✮', '✸', 'tvpersonlighet', 'stjärnor', 'dkändis', '✯', 'stjärnklassificering', 'tar']
stick	slagträ	Incorrect	['pinne', 'joystick', 'polis_batong', 'expanderbar_batong', 'slut_på_överfört_block', 'minnet', 'stav', 'manuell_växellåda', 'reefer', 'blydaggar', 'kvist', 'spak', 'joppe', 'joint', 'billystick', 'end_of_transmission_block', 'styrspak', 'marijuanacigarett', 'billy_club', 'käpp', 'fjäderbatong', 'gemensam', 'gummiklubba', 'expanderbatong', 'synkronisering', 'teleskopbatong', 'american_standard_code_for_information_interchange', 'binära_alfabetet', 'gummiklubban', 'stör', 'ascii', 'spliff', 'clapstick', 'standardväxellåda', 'spetsa', 'jolle', 'binda', 'stanna', 'batong', 'promenadkäppar', 'pinne_skift', 'styrspaken', 'kort_shifter', 'joysticks', 'gren', 'stick_skift', 'blydagg']
stone	stenblock	Match	['henry_stone', 'juvel', 'endokarp', 'ss26_stone', 'if_stone', 'bergarter', 'felsisk', 'isidor_feinstein_sten', 'stone_harlan_fiske', 'juveler', 'oliver_stone', 'stenmeteorit', 'harlan_fisk_sten', 'ädelstenar', 'gångbergart', 'iskandermrobotar', 'kärna_ur', 'grovsten', 'halvädelsten', 'mafisk', 'picul', 'stone_if', 'pikul', 'sten', 'djupbergart', 'bli', 'kärna', 'stenad', 'edward_durell_stone', 'i_f_sten', 'bergart', 'isidor_feinstein_stone', 'ädelsten', 'stone_staffordshire', 'harlan_f_sten', 'stenar', 'old_stone', 'halvädelstenar', 'lucy_stone', 'lucy_sten', 'edward_durell_sten', 'harlan_sten', 'stone', 'berg', 'mellansten', 'harlan_fiske_stone', 'ytbergart', 'endokarpen', 'urkärna', 'rock', 'stenblock', '9k720_iskander', 'klippblock']
straight	raka	Match	['rak_person_som', 'fyrkantig', 'rakt_fram', 'raka', 'heterosexuell', 'heterosexualitet', 'rät', '⚤', 'heterosexuella', 'rak', 'heterosexualism', 'hetero', 'direkt', 'hetrosexuell', 'straight', 'rakt', 'genast', 'stege', 'på_upploppet', 'hetrosexualitet']
suck	svälja	Incorrect	['sugande', 'suck', 'suck_the_movie', 'amma', 'suger', 'sugreflex', 'sug', 'stand_up_comedy_klubben', 'stand_up_comedy_club', 'norra_brunn_comedy', 'sugning', 'suga']
sun	solen	Match	['sun_kwon', 'solstrålning', 'sun', 'herrens_dag', 'fixstjärnor', 'sigrid_raabe', 'utu', 'solfysik', 'solstrålar', 'sol', 'page_3', 'fasta_stjärnor', 'solstråle', 'mars', 'seon', 'jupiter', 'cun', 'solstrålen', 'söndag', 'solens_spektrum', 'soltecken', 'solsken', 'sun_microsystems', 'solen', 'söndagar', 'utug', 'fixstjärnorna', 'sola', 'fixstjärna', 'solljuset', 'söndagen', 'solbada', 'sön', 'sigrid', 'sun_television', 'sigrid_solbakk_raabe', 'venus', 'solljus', 'månen', 'sun_microsystem', 'the_sun', 'dominicus']
swell	sväller	Not found	[]
swim	simma	Match	['simning', 'nothing_really_matters', 'tävlingssimning', 'flyta', 'ray_of_light', 'simtur', 'the_power_of_goodbye', 'simma']
tail	vingspetsar	Incorrect	['rumpa', 'mellersta_ordning', 'rump', 'svansender', 'rompa', 'tailender', 'proximala', 'ända', 'ventrolaterala', 'arslet', 'poop', 'keister', 'bak', 'svans', 'öppning_slagman', 'förfölja', 'dorsolaterala', 'stjärten', 'efter_del', 'stjärt', 'villkor_för_anatomisk_plats', 'tails', 'anatomiska_gäller_läge', 'stuss', 'bakre', 'shadower', 'basala', 'röv', 'svansen_slut', 'skinkorna', 'laterala', 'tail', 'kaudala', 'bakstam', 'bakom', 'bakdel', 'akter', 'akterskepp', 'sätesregion', 'bullar', 'rumpor', 'jaga', 'bakre_ände', 'akterlig', 'kaudalt', 'stjärtar', 'distala', 'röven', 'tooshie', 'akterspegel', 'arsle', 'ändalykten', 'akterstagad', 'arsel', 'prat', 'akterkant', 'dorsoventral', 'rumpan', 'häck', 'ipsilaterala', 'ändalykt', 'bottenaggregatet', 'svansrot', 'akterut', 'gump', 'vadd_ordning', 'apikala', 'glutealregionen', 'svansen', 'svans_slut', 'kontralaterala', 'plantar', 'klave', 'empennage', 'akterpikskott', 'ventrala', 'posteriort', 'tush', 'bakdelen', 'medioklavikularlinjen', 'akterkastell', 'skinkor', 'akterroddare', 'akterlanterna', 'aboral', 'aktern', 'akterspring', 'nater', 'kupera', 'akteröver']
that	faktiskt	Incorrect	['det_där', 'that', 'thaat', 'att', 'så']
there	finnas	Incorrect	['där', 'det', 'dit', 'dit_där', 'makena_technologies', 'there']
they	inte	Incorrect	['atomnummer_54', 'könsneutrala_personliga_pronomen', 'könsspecifika_pronomen', 'xenon', 'könsneutrala_pronomina', 'hn', 'they', 'de', 'könslösa_pronomen', 'könsneutralt_personligt_pronomen', 'xe', 'xenongas', 'könsneutralt_pronomen', 'hen', 'könsneutrala_pronomen', 'hän', 'hin', 'dom']
thick	tjocka	Match	['tjocka', 'grov', 'tjock', 'trög', 'mitt', 'tjockt']
thin	tunn	Match	['tunn', 'spä', 'smal', 'tunt', 'tunna', 'slank']
think	tycker	Match	['think', 'fundera_över', 'minns', 'fundera_på', 'tankeprocess', 'tankeverksamhet', 'tänker', 'pivco', 'tror', 'avse', 'tanke', 'tankar', 'komma_ihåg', 'anse', 'fundera', 'antar_att', 'tänka_över', 'överväga', 'tänka', 'tycka', 'planera', 'hjärnarbete', 'tänk', 'förandet', 'mena', 'dra_sig_till_minnes', 'tycker', 'tänkande', 'think_city', 'tänka_på', 'menar', 'erinra_sig', 'minnas', 'think_nordic', 'ämna']
this	förtydligandet	Incorrect	['mig', 'detta', 'denna', 'this', 'this_ardennes', 'thinis']
three	tre	Match	['prong', 'ⅲ', 'tredje', 'iii', 'santana_iii', 'tercet', 'trine', 'tre', 'seventeen_seconds', 'bob_sinclar', '3', 'deuceace', 'succeeder', 'christophe_lefriant', 'terzetto', 'rock_the_boat', 'three', 'bob_sinclair', 'ternära', 'trea', 'achiever', 'ternion', 'sinclar', 'personlighetsenneagrammet', 'mt_egypt', 'sinclar_bob']
throw	kasta	Match	['ge', 'mässinginstrument', 'throw', 'kast', 'bleckblåsinstrument', 'brassinstrument', 'bläckblåsinstrument', 'mässingsinstrument', 'slaglängd', 'kompressionsslaget', 'kastar', 'mässingblåsinstrument', 'kasta', 'tippa', 'håller', 'kasta_jonglering', 'mässing_instrument', 'slänga', 'mässing', 'bleckblås', 'projicera', 'cam_stroke', 'stroke', 'förvirra', 'har', 'lista_över_tillverkare_av_bleckblåsinstrument', 'välta']
tie	dubbelmötet	Incorrect	['järnvägen_band', 'slipers', 'slipsknutar', 'tippi_airport', 'gifta', 'sliper', 'anknytning', 'linkup', 'ansluta', 'syll', 'koppla', 'spela_oavgjort', 'associera', 'tiein', 'oavgjort_resultat', 'bind', 'slipsknut', 'länk', 'bindebåge', 'slips', 'crosstie', 'oavgjord_match', 'oavgjort', 'windsorknut', 'slips_balk', 'förbinda', 'knyta', 'tie_beam', 'slipsar', 'binda', 'betongplattor_spår', 'relatera', 'viga', 'förena_i_äktenskap', 'oavgjord', 'länka', 'järnväg_sovvagn', 'järnvägen_slips']
tongue	struphuvudet	Incorrect	['tungan', 'plös', 'nötkött_tungan', 'tunga', 'lingua', 'tungomålstalande', 'glossolali', 'glossa', 'mål', 'kläpp', 'naturligt_språk', 'tongue', 'naturliga_språk', 'tungotal', 'tala_i_tungor', 'tungomålstal', 'lengua', 'tungomål', 'tungor']
tooth	skelettet	Incorrect	['tandemalj', 'tooth', 'tand', 'tänder', 'tandsmycke', 'tanden', 'tandkrona', 'retinerad_tand', 'tooth_the', 'ilningar_i_tänderna']
tree	träd	Match	['trädkult', 'rotat_träd', 'sly', 'tree', 'ektyp', 'charlotte_brontë', 'grantyp', 'bronte', 'underträd', 'trädet', 'skog', 'träd_dyrkan', 'överordnad_nod', 'barn_nod', 'trädstam', 'bronte_charlotte', 'inre_nod', 'trä', 'intern_nod', 'rotade_träd', 'träd', 'uppspännande_träd', 'märkt_träd', 'höga_träd', 'tree_herbert_beerbohm', 'förälder_nod', 'träd_datastruktur', 'currer_bell', 'planta', 'palmtyp', 'kruskal_s_träd_teorem', 'rotnoden', 'heliga_träd', 'träddiagram', 'stam', 'trädstruktur', 'sir_herbert_beerbohm_tree', 'herbert_beerbohm_tree', 'charlotte_bronte', 'lövnod', 'kruskal_s_träd_sats']
turn	vända	Match	['lista_över_pokertermer', 'snurra', 'rund_sväng', 'tur', 'main_event', 'headsup', 'runda', 'vänd', 'prydnadston', 'svarva', 'acciaccatura', 'prydnadsnoter', 'rund_vinkel', 'krök', 'all_in', 'pokeruttryck', 'bra_sväng', 'gira', 'nåd_notera', 'konstnärliga_ornament', 'pokertermer', 'allin', 'utdragning', 'checka', 'böja', 'segern_punkt', 'bli', 'sväng', 'bad_beat', 'designutsmyckningar', 'perigon', 'volta', 'vrida', 'svänga', 'spel_mekaniker', 'varv', 'konstnärligt_ornament', 'vända', 'prydnad', 'ornament', 'appoggiatura', 'vändning', 'spelläge', 'spelmekanik', 'check', 'blir', 'vrida_sig', 'piruett', 'rationell_trigonometri', 'lista_över_pokeruttryck', 'vända_sig', 'utsmyckning', 'longhanded', 'prydnadsnot', 'pokerjargong', 'återställa', 'golfrunda']
two	tre	Incorrect	['tvåa', 'succeeder', 'voyeurs', 'stag', 'two', 'personlighetsenneagrammet', '2wo', 'jim_cartwright', 'kvadratroten_ur_4', '2', 'roten_ur_fyra', 'ii', 'kvadratroten_ur_fyra', 'achiever', 'roten_ur_4', 'två', 'ⅱ']
vomit	kräkas	Match	['kräkningar', 'emes', 'kasta_upp', 'lägga_en_pizza', 'uppstötningar', 'kräkning', 'disgorgement', 'vomitive', 'kräkmedel', 'kräkningen', 'kräkreflexer', 'spy', 'emetisk', 'kräk', 'nauseant', 'barf', 'kräkreflex', 'spya', 'vomering', 'vomera', 'kräkas', 'kräks', 'uppkastning']
walk	åka	Incorrect	['grafnod', 'gångväg', 'oriktad_graf', 'graf', 'base_on_balls', 'promenad_i_livet', 'sätt_gå', 'ordning', 'gå_ut_och_gå', 'gångarter', 'båge', 'flygande_pass', 'förflyttningar', 'walk', 'kant', 'passgång', 'gångart', 'promenadhastighet', 'bases_on_balls', 'walk_estland', 'baser_på_bollar', 'gångvägar', 'skritt', 'promenera', 'promenader', 'kalimaru_airport', 'baser_klumpa_ihop', 'häst_gång', 'enkel_graf', 'glosbok_över_grafteori', 'paseo', 'gå_ut_med_hunden', 'gång', 'promenad', 'ordern', 'walk_livland', 'the_walk', 'gånghastighet', 'gå', 'grisepass', 'hästen_gång', 'bas_på_bollar']
warm	varma	Match	['varmt', 'varm', 'värma', 'ilsk', 'ilsken', 'lättretlig', 'tillgiven', 'varma']
wash	tvättas	Found close match: ['tvätta', 'tvättar', 'tvätt']	['washout', 'tvättar', 'buried', 'arroyo', 'tvätta', 'the_wash', 'tvätterska', 'två', 'lavyr', 'lavation', 'washables', 'tvagning', 'löga', 'tvätta_ritning', 'torr_tvätt', 'slipstream', 'wash', 'unearthed', 'scan', 'tvätt', 'kroppstvätt', 'tvaga', 'lavering', 'lost_dogs', 'fukta', 'väta', 'kinesisk_tvätt']
water	vatten	Match	['fencyklidin_hydroklorid', 'kommunalt_vattensystem', 'vatten', 'divätemonoxid', 'fencyklidin', 'voda', 'vattnets', 'urin', 'kvävehaltigt_avfall', 'piss', 'water', 'dihydrogeniummonoxid', 'farvatten', 'h2o', 'flytande_vatten', 'bevattna', 'vattensystem', 'vann', 'piddle', 'lättvatten', 'vattenmassor', 'vattnet', 'offentlig_vattenförsörjning', 'ånga', 'akvatisk', 'weewee', 'vattenångan', 'quoin', 'blood_red_shoes', 'vattna', 'oxidan', 'wasser', 'wet', 'quoins', 'vattenmolekyl', 'ängladamm', 'vattendistribution', 'vätehydroxid', 'konstbevattna', 'nummer_ett', 'vattenånga', 'hörnsten', 'h₂o', 'is', 'diväteoxid', 'vattensamling', 'diures', 'angel_dust', 'dihydrogenmonoxid', 'vattenkälla', 'vattenresurser', 'vattenförekomst', 'drivis', 'vattenförsörjningssystem', 'vattendrag', 'is_skörd', 'vattenförråd', 'vattenförsörjning', 'vattenledningar', 'droppe_staket', 'industriellt_vatten']
we	vi	Not found	[]
wet	våta	Found close match: ['våt', 'vått', 'väta']	['fencyklidin_hydroklorid', 'fencyklidin', 'fuktskadad', 'fuktskador', 'västeuropeisk_sommartid', 'vått', 'blött', 'fuktskada', 'blöta', 'vätande', 'fukt', 'fuktig', 'wet', 'fuktighet', 'west', 'angel_dust', 'västeuropeisk_tid', 'väta', 'våt', 'blöt', 'ängladamm']
what	vad	Match	['så', 'vad', 'sådan']
when	när	Match	['när', 'diamonds_for_breakfast']
where	där	Match	['var', 'där', 'var_qualifier', 'vart', 'vart_qualifier', 'varifrån_qualifier']
white	vita	Match	['white_arkitekter', 'kaukasoid', 'eb_vit', 'edward_d_vit', 'vit_och_svart_i_schack', 'den_vita_rasen', 'latinamerikan', 'vita', 'andrew_d_white', 'europid', 'theodore_harold_vit', 'kaukasiska_rasen', 'patrick_victor_martindale_vit', 'off_white', 'white', 'kaukasoider', 'vit', 'white_airways', 'kaukaisk_ras', 'elfenben', 'tom', 'svart_i_schack', 'edward_vit', 'white_arkitekter_ab', 'kaukasisk_ras', 'vit_i_schack', 'blackface', 'white_eb', 'antikvit', 'den_vita_filmen', 'hudpigmentering', 'white_patrick', 'black_lotus', 'elwyn_brooks_vit', 'kaukasoida', 'trzy_kolory_bialy', 'vita_personer', 'hudfärg', 'rhox', 'andra_races', 'benvit', 'edward_douglas_vit_jr', 'kontorshus_för_white', 'delias', 'äggvitor', 'eb_white', 'pieris', 'den_kaukasoide_rasen', 'stanford_white', 'dominia', 'äggvita', 'europida', 'andrew_dickson_white', 'svart', 'vit_person', 'planeswalker', 'patrick_white', 'kaukasier', 'kaukaser_ras', 'äggvitan', 'magicthe_gathering', 'kaukaser', 'latino', 'th_vit', 'vita_rasen', 'theodore_h_white', 'andrew_dickson_vit', 'vita_människor', 'vit_och_svart', 'white_river', 'asiat', 'vitt', 'magic_the_gathering', 'vitna', 'steven_pelé', 'offwhite', 'caucasoids', 'europider', 'e_b_white', 'ovalbumin']
who	själv	Incorrect	['världshälsoorganisationens', 'jim_neidhart', 'world_health_organisation', 'vho', 'world_health_organization', 'vem', 'who', 'som', 'the_who', 'vilka', 'zayn', 'världshälsoorganisationen', 'vilken', 'zayn_malik']
wide	bred	Match	['wide', 'bred', 'brett', 'breda', 'vid']
wife	hustru	Match	['gift_kvinna', 'frun', 'hustru', 'fruar', 'maka', 'fru']
wind	vind	Match	['wiatr', 'sunnan', 'västan', 'blåsinstrument', 'vindassisted', 'lindning', 'vindar', 'tomgång_ord', 'fjärt', 'tarmgas', 'prospekt', 'akeboshi', 'blåst', 'östan', 'malarky', 'luft', 'nordan', 'farting', 'vind', 'bryta_vind', 'vinden', 'vindkraft', 'prutta', 'elektromagnetisk_spole', 'fiser', 'vind_hjälp', 'slingrande', 'luftström', 'lead', 'skruva_upp', 'malarkey', 'potentiell_kund', 'byvinden', 'klocka', 'wind', 'nordanvind', 'konfidentiell_information', 'tips']
wing	vingen	Match	['flygel', 'vakt_framåt', 'spoiler', 'vänster_flankerande', 'hindwing', 'sida', 'fender', 'bilaga', 'tighthead_prop', 'utanför_scenen', 'flygflottilj', 'flyga', 'flygeln', 'flygplansvinge', 'hjulhuset', 'utanför_centrum', 'flyhalv', 'insekt_flygning', 'vingar', 'stänkskärm', 'flyhalf', 'backstage', 'överflygling', 'vingen', 'dummyhalv', 'air', 'swingman', 'flank', 'prop_framåt', 'flankerande', 'mitten_insida', 'segelflygplan', 'lista_över_airavsnitt', 'gone_again', 'utbyggnad', 'annex', 'tillbyggnad', 'flankerande_manöver', 'guard_framåt', 'wing', 'första_femåttonde', 'alverfolket', 'flygelbyggnad', 'vinge']
wipe	förstöra	Incorrect	['wipe', 'torka', 'förbigå']
with	med	Match	['med']
woman	kvinna	Match	['kvinnan', 'kvinnliga', 'female', 'täcka_könet', 'rengöring_kvinna', 'städerska', 'woman', 'vuxen_hona', 'könet', 'qvinna', 'kvinna', 'klaatu', 'hona', 'kvinno', 'honkön', 'kvinnor', 'hondjur', 'städhjälp', 'kvinnlig', 'gumma', 'nancy_benoit', 'kvinnligt', 'harry_styles', 'honor', 'gumman']
worm	havslevande	Incorrect	['smuts_boll', 'willie_mccarter', 'europeisk_drake', 'internetmask', 'datormask', 'nätmask', 'vermes', 'slingra', 'worm', 'maskvirus', 'maskar', 'mask', 'dator_mask']
year	månad	Incorrect	['året', 'lång_tid', 'jordsnurr', 'naturligt_år', 'ma', 'ålder', 'anomalistiskt_år', 'astronomiska_året', 'genomsnittliga_tropiska_året', 'taxeringsår', 'år', 'gigaannum', 'århistorik', 'tropisk_år', 'era', 'tropiskt_år', 'tropiska_året', 'kalenderår', 'year', 'gigaanni', 'sol_året', 'årsmodell', 'tidsålder', 'gregorianska_året', 'annum']
yellow	gula	Match	['gula', 'mörkgul', 'hwang_ho', 'cendré', 'cendre', 'råttfärgat_hår', 'blond', 'gula_floden', 'húang_hé', 'gul', 'huanghu', '黄河', 'hwangho_river', 'mellanblond', 'askblond', 'räddhågad', 'gulna', 'blont_hår', 'hwang_river', 'blonde', 'huangho', 'gulhet', 'eiko_shimamiya', 'rödblond', 'yellow_river', 'huanghe', 'yellow', 'huang_ho', 'huang_he', 'gulsiktig', 'gult', 'zebrahead', 'blondin', 'hong_jinho', 'feg', 'gulaktig', 'blondering', 'hoangho', 'blont']
you	jag	Incorrect	['din', 'no_control', 'lee', 'nia', 'amy_lee', 'ni', 'you', 'pablo_honey', 'janne_da_arc', 'du', 'monster', 'lee_amy', 'dig', 'fly', 'the_real_testament']
