all	alle	Match	['universelle_kvantifikator', 'alle', 'akut_lymfatisk_leukæmi', 'universel_kvantifikator', 'alt_g', 'all', 'alt', 'universelle_lukning', 'helt', 'akut_lymfocytisk_leukæmi', 'universel_kvantificering', 'akut_lymfoblastisk_leukæmi', 'alkvantor']
and	og	Match	['logikport', 'orgate', 'logisk_sammenhæng', 'logiske_kredsløb', 'logisk_kredsløb', 'and', 'exclusiveorgate', 'logiske_gates', 'diskret_logik', 'armed_and_dangerous', 'norgate', 'logisk_and', 'konjunktion', 'gate', 'logisk_gate', 'xorgate', 'nandgate', 'og', 'andgate']
animal	dyr	Match	['fauna', 'kræ', 'animal_science', 'regnum_animale', 'dyr', 'animal', 'epifauna', 'wasp', 'dyreriget', 'animalia', 'dyrs_reproduktion', 'dyreverdenen', 'epifaunal', 'dyrerige', 'dyreliv', 'væsen', 'dyrs', 'metazoans', 'animere_være', 'dyreart', 'makrofauna', 'road_warrior_animal', 'metazoa', 'plante', 'far_east_movement', 'animalsk', 'infauna', 'faunaliste', 'væsen_type', 'reality_check']
ashes	begraves	Incorrect	['post_mortem', 'aske', 'ashes']
at	ved	Not found	[]
back	tilbage	Match	['rygstreng', 'udenfor_centrum', 'venstre_back', 'rygrad', 'ryg', 'flyhalvdel', 'godkende', 'indersiden_center', 'rygsøjlen', 'tighthead_prop', 'back', '백', 'sweeper', 'midt_bagpå', 'tilbage', 'højre_back', 'vertebral', 'forsvarsspiller', 'flyhalf', 'bogbinding', 'bogindbinding', 'rygraden', 'hvirvelsøjle', 'rygsøjle', 'centerback', 'skaft', 'retur', 'bagsiden', 'støtte', 'ryghvirvler', 'første_fem_ottendedel', 'bagside']
bad	dårlige	Found close match: ['dårlig', 'dårligt']	['rådden', 'skidt', 'dårligt', 'ond', 'big_audio_dynamite', 'ondskab', 'royce_da_59', 'dårlig', 'onde', 'bcl2associerede_dødsfald_promotor', 'fly_away', 'bad', 'bad_world_tour', 'slemt']
bark	træagtig	Incorrect	['tække', 'iljusjin_il2', 'gø', 'bark', 'ilyushin_il2', 'periderm', 'råbe', 'barkskibs_løbende_gods', 'barkskib', 'barque', 'barkskibs_løbende_rig', 'bjæffe', 'barkskibs_stående_rigning', 'gøen', 'træ_bark', 'barkflis']
because	fordi	Match	['på_grund_af', 'because', 'fordi']
belly	bagkroppen	Incorrect	['bug', 'underliv', 'ølmave', 'belly', 'abdomen', 'bughulen', 'mavemuskler', 'bughule', 'maven', 'mave']
big	big	Match	['bjarke_ingels_group', 'mineralitet', 'big', 'balance', 'krop', 'bouquet', 'stort', 'stypsis', 'store', 'frugt', 'tør', 'stor', 'norm_nixon']
bird	fuglen	Match	['fuglen', 'redesnylter', 'pigebarn', 'redeparasit', 'pipfugl', 'mikuni_shimokawa', 'yardbird_parker', 'fugle', 'aves', 'fjerbold', 'avafauna', 'tøs', 'fuckfinger', 'charlie_parker', 'bird_parker', 'fuglefauna', 'bird', 'fugl', 'piphans', 'bronx_cheer', 'digitus_impudicus', 'charles_christopher_parker', 'razzing', 'razz', 'boo', 'fingeren']
bite	knurhår	Incorrect	['brod', 'snack', 'chomp', 'brænde', 'skarphed', 'bid', 'pikant', 'bider', 'krydret', 'bidende', 'bispecifikke_tcelle_engager', 'mellemmåltid', 'tildeling', 'insektbid', 'bide', 'insekt_bid', 'stik', 'skarp', 'steven_hassan']
black	sort	Match	['totalt_mørke', 'sorte', 'sort', 'sensation', 'negerske', 'negroide', 'afrikansk_afstamning', 'komplementærfarver', 'negerinde', 'negroide_race', 'tonehøjde_mørket', 'negrid', 'negrid_race', 'final_fight_3', 'farve_videnskab', 'hvid_og_sort_i_skak', 'farve', 'sort_mand', 'shirley_temple_black', 'negere', 'sort_kvinde', 'neger', 'black', 'negre', 'sorte_kvinder', 'komplementærfarve', 'negerbørn', 'negroid', 'negerkvinde', 'shirley_temple', 'den_negride_race', 'negerpige', 'asiatisk', 'lightlessness', 'negroids', 'negerdreng', 'sorte_mennesker', 'final_fight', 'taio_cruz', 'black_african', 'andre_racer', 'ninjutsu_i_magic_the_gathering', 'hispanic', 'negermand', 'planeswalker', 'farver', 'negro', 'kari_kimmel', 'sortfarvet', 'negride_race', 'latino', 'negroid_race', 'inkiness', 'sorte_samfund', 'ansigtsfarve', 'pang_farver', 'magic_the_gathering', 'hvid', 'morian', 'negerbarn', 'joseph_black', 'sort_person']
blood	blod	Match	['be_free', 'herkomst', 'blood', 'biologisk_arv', 'humant_blod', 'rakehell', 'dancing_in_the_ashes', 'blodet', 'bordeaux', 'arvelig', 'hæmatologiske', 'roue', 'oxygentransport', 'gawm', 'vs', 'iltet_blod', 'take_me', 'persistence_of_time', 'biologiske_arv', 'collective_soul', 'blodledning', 'not_listening', 'the_black_parade', 'afstamning', 'blod', 'harder_than_a_coffin_nail', 'bordeaux_vin', 'arvelighed', 'genetiske_arv', 'blanket_of_fear', 'getting_away_with_murder', 'blodstrøm']
blow	ødelægge	Incorrect	['blæse', 'spilde', 'pust', 'tilbageslag', 'blow', 'vindstød', 'kokain', 'puste', 'prale', 'blæs', 'næse_slik', 'slag']
bone	knogle	Match	['flad_knogle', 'fae_myenne_ng', 'def_jam_recordings', 'menneskeknogler', 'metafyse', 'elfenben', 'knokkel', 'bone', 'knogle', 'ossøse', 'ben', 'knæverpinde', 'bones', 'knæverpind', 'knoglevæv', 'metafysen', 'arnold_boonen', 'knogler', 'def_jam', 'rørknogle', 'offwhite']
breast	brystkræft	Match	['kvindebryst', 'brystparti', 'brystkræft', 'bryst', 'melon', 'babs', 'brystcarcinoma', 'brystet', 'forlygte', 'titty', 'pectus', 'buste', 'pat', 'brystkassen', 'patte', 'junger', 'batteri', 'babser', 'patter', 'hvidt_kød', 'the_breast', 'jader', 'bryster', 'barm', 'nød', 'brystkasse']
breathe	indånder	Found close match: ['ånde']	['træk_vejret', '1159', 'kristof_konrad', 'time', 'breathe_in_the_air', 'respire', 'breathe', 'dark_side_of_the_moon', 'the_dark_side_of_the_moon', 'iempire', 'funeral_for_yesterday', 'a_class', 'ånde']
burn	brænde	Match	['brænd', 'fc_dallas', 'solbrændthed', 'flammende', 'åen', 'burn', 'bål', 'forbrænding', 'tan', 'strøm', 'flamme', 'suntan', 'brande', 'brand', 'tredje_grad_brænde', 'solskoldning', 'tredje_grads_forbrændinger', 'solbrændt', 'lue', 'brænder', 'ruisseau', 'dallas_burn', 'vandløbets_faser', 'brandsår', 'erythema_solare', 'vandløb', 'ild', 'brænde', 'bæk', 'anden_grad_brænde', 'intermitterende_strøm', 'brænde_op', 'brænde_mark']
child	barn	Match	['kid', 'tiddler', 'barn', 'unge', 'døtre', 'lenfant', 'umyndig', 'child', 'myndighedsalder', 'barns', 'pattebarn', 'mindreårig', 'præpubertære', 'børn', 'myndig', 'børns', 'skolebørn', 'barnet', 'mindre', 'datter', 'youngster']
cloud	skyer	Match	['bortgemme', 'kiba', 'skyer', 'offentlig_sky', 'skjule', 'cloud_computing', 'skyen', 'sky', 'cloudinfrastruktur', 'cloud_strife', 'cloud', 'cloudtjenester', 'cloudtjeneste', 'hybridsky', 'sværmer', 'cloud_hosting', 'sværm', 'tordensky', 'skydannelse', 'cloudcomputing', 'cloudbaseret', 'infrastruktur_som_en_service']
cold	kolde	Match	['nicole_kea', 'john_gary', 'kolde', 'fryser', 'kronisk_obstruktiv_lungesygdom', 'kold', 'kulde', 'koldt', 'nicole_scherzinger', 'almindelig_forkølelse', 'lav_temperatur', 'snue', 'cold', 'craig_david', 'kol', 'forkølelse', 'rygerlunger', 'nasopharyngitis']
come	komme	Match	['komme', 'cum', 'ankomme', 'come', 'sæd', 'kom', 'gøre', 'kommet', 'sperm', 'sædvæske', 'nå', 'ejakulere', 'ramte']
correct	forkert	Found close match: ['ret']	['ret', 'rigtig', 'justere', 'sand', 'stille_om', 'indstille', 'korrekt', 'korrigere', 'virkelig', 'korrekte', 'rette', 'stille_ind']
count	greve	Match	['greven_af_monte_cristo', 'greve', 'ordnet_liste', 'veje', 'optælling', 'talsystem', 'positionstalsystemer', 'earldom', 'overveje', 'tælle', 'countship', 'jarl', 'earls', 'tyvetalsystem', 'antal', 'noget', 'earl', 'sql', 'tælling', 'fuld_tælling', 'talnotationssystem', 'comital', 'comtesse', 'liste', 'tæller', 'chaplin_som_greve', 'structured_query_language']
cut	overskåret	Found close match: ['skåret']	['filmredigering', 'centrale_única_dos_trabalhadores', 'snitte', 'kold_skulder', 'klip', 'primal_snit', 'sårede', 'cut', 'såre', 'snit', 'skæring', 'dreje', 'udskære', 'aftagning', 'film_editor', 'skære_ned', 'censur', 'censureret', 'skære', 'fortynde', 'mode', 'pressecensur', 'hug', 'skåret_af_kød', 'reducere', 'udskæring', 'klippet', 'spor', 'forkorte', 'censorer', 'vende', 'flænger', 'spejlvende', 'vunde', 'åbent_sår', 'klippe', 'baseball_swing', 'sår', 'skåret', 'stykke']
day	dagen	Match	['sol_dag', 'dagen', 'tilsyneladende_soltid', '24_timer_periode', 'betyde_sol_dag', 'døgn', 'clarence_day', '24_timer', 'day', 'clarence_shepard_day_jr', 'kampdag', 'soltid', 'dag', '24_timers_interval', 'dage', 'siderisk_døgn', 'daglængde', 'dagtimerne']
die	die	Match	['død', 'datachip', 'microchip', 'smadre', 'dør', 'siliciumbrik', 'elektroniskchip', 'dø', 'dødsfald', 'transistorchip', 'halvlederchip', 'halvledermikrochip', 'bryde_sammen', 'siliciumchip', 'polyhedrale_terninger', 'siliciummikrochip', 'elektronisk_chip', 'halvlederbrik', 'computerchip', 'terning', 'mikrochip', 'ødelægge', 'for_tidlig_død', 'tidlig_død', 'die', 'spilleterning', 'døde', 'manden_med_leen', 'terninger']
dig	udgraver	Found close match: ['graver', 'grave', 'udgravning']	['fatte', 'begribe', 'grave', 'graver', 'jibe', 'gibe', 'udgravning', 'grav', 'andré_dignimont', 'arkæologiske_websted', 'forstå', 'dig']
dirty	beskidte	Match	['data_cache', 'l1cache', 'buffer', 'plantejord', 'svine', 'setassociative', 'dirrty', 'l1_cache', 'cpu_cache', 'snavs', 'cache_linje', 'cached', 'dirty', 'snavset', 'uren', 'jordovn', 'jordbund', 'snavsede', 'underworld', 'memory_cache', 'l2_cache', 'beskidte', 'besudle', 'beskidt', 'cache', 'cachehukommelse', 'grumset', 'skriveback', 'tilsøle', 'cache_miss', 'cachelagring', 'l3_cache', 'skrivethrough', 'instruktion_cache', 'frækt', 'jord']
dog	hund	Match	['wienerwurst', 'antonio_angelo_del_sambro', 'hund', 'vovhund', 'hundedyr', 'firedog', 'hundjern', 'familiaris', 'hunde', 'følge', 'forfølge', 'hotdogs', 'tamhund', 'canis_familiaris', 'blæksort', 'hundekød', 'køter', 'frump', 'tæve', 'weenie', 'hundefamilien', 'pal', 'dyr_af_hundefamilien', 'canidae', 'duck_hunt', 'canis_lupus_familiaris', 'fransk_hotdog', 'andiron', 'hotdog', 'frankfurter', 'medlem_af_hundefamilien', 'vovse', 'jagte', 'canidaefamilien']
drink	drikke	Match	['crapulence', 'drikkevand', 'drikkevare', 'drikkeri', 'sluge', 'spiritus', 'drikkevarer', 'alkohol', 'synke', 'synkning', 'lil_jon', 'drikkelse', 'druk', 'drikkelig', 'deglutition', 'drikke', 'drikker', 'drik', 'drink']
dry	tørt	Match	['forbudspolitik', 'mineralitet', 'balance', 'krop', 'bouquet', 'stypsis', 'tørt', 'frugt', 'tørre', 'dry', 'tør']
dull	håragtig	Incorrect	['kedeligt', 'sløv', 'dum', 'kedelig']
dust	støv	Match	['englestøv', 'murbrokker', 'pcp', 'fannings', 'fencyklidin', 'i_landets_hjerte', 'babylon_5', 'vragrester', 'phencyclidin_hydrochlorid', 'dust', 'orange_pekoe', 'pekoe', 'strø', 'støv', 'phencyclidin']
ear	langefinger	Incorrect	['hørebøf', 'knudepunkt', 'toppunktet', 'spicata', 'spicatum', 'boundzound', 'aks', 'spicatus', 'pinna', 'øre_nedbrydning', 'pinnae', 'ører', 'øret', 'menneskelige_øre', 'mellemøre', 'øre', 'otology', 'ørelæge', 'småaks', 'otologi', 'lyttebøf']
earth	jordens	Match	['terra_firma', 'brontitall', 'verdslige_bekymring', 'klode', 'kloden', 'saiyan', 'tør_jord', 'landjord', 'sonic_the_hedgehogspil', 'jorde', 'jordelektrode', 'golgafrincham', 'land', 'dragon_ball', 'jordforbindelse', 'tellus', 'landmasse', 'super_saiyajin_3', 'verden', '⊕', 'jordkloden', 'earth', 'jordoverflade', 'jordmasse', 'jordisk_bekymring', 'jorden', 'andrómeda', 'lamuella', 'landjorden', 'jordklode', 'magrathea', 'krikkit', 'jordkugle', 'dragon_ball_gt', 'jordoverfladen', 'jordens_opbygning', 'sonic_the_hedgehog_spil', 'jordingselektrode', 'jordforbinde', 'elektrisk_jord', 'milliways', 'terra', 'fast_grund', 'jordart', 'ace_combat', 'tierra__jord_vin_og_kærlighed', 'jord', 'jordens']
eat	spise	Match	['fodring', 'fodre', 'fortære', 'spisning', 'eat', 'æd', 'spiser', 'æde', 'plage', 'spis', 'spise']
egg	æg	Match	['ægproduktion', 'nosse', 'hønseæg', 'setuptools', 'fisk_æg', 'vandrende_pinde', 'osimodel', 'osimodellen', 'æg', 'ovum', 'yumurta', 'elliptisk', 'for_phasmatodea', 'testikler', 'fugleæg', 'ellipse', 'datalinklaget', 'ballock', 'osireferencemodellen', 'egg', 'ægcelle', 'nosser', 'testis', 'ægget', 'ægceller', 'elliptiske', 'teste', 'phasmida', 'testiklerne', 'carausius_morosus', 'phasmatodea', 'oval', 'æggehvide', 'for_phasmida', 'klunker', 'vandrende_pind', 'testikel']
eye	øje	Match	['eye', 'øje', 'optik', 'midte', 'knop', 'entoptisk_fænomen', 'midten', 'knopper', 'oculi', 'the_eye', 'blik', 'sammensatte_øjne', 'eyewall', 'øjet', 'øjne', 'oculus']
fall	falde	Match	['pin', 'nightfall', 'gry', 'fall', 'borgerligt_tusmørke', 'natalia_lesz', 'the_fall', 'falde', 'evenfall', 'daggry', 'dusk', 'falder', 'crepuscle', 'believe', 'declivity', 'astronomiske_tusmørke', 'kapitulation', 'gloam', 'fald', 'mørkets_frembrud', 'skumring', 'efter', 'skumringen', 'syndefaldet', 'syndefald', 'efterår', 'crepuscule', 'astronomisk_tusmørke', 'efteråret', 'nedgang', 'nautisk_tusmørke', 'gloaming', 'høst', 'bagside', 'tusmørke', 'overgivelse', 'forfald']
far	langt	Match	['tidligere_væbnede_styrker', 'far', 'gulvareal_ratio', 'langt_borte', 'langt', 'alir', 'fjern', 'army_til_befrielse_af_rwanda', 'interahamwe']
fat	fedt	Match	['balance', 'fedtstof', 'fedme', 'fedt', 'lipide', 'fede', 'visceralt_fedt', 'fed', 'lipid', 'corpulence', 'stypsis', 'fat', 'tør', 'overvægtige', 'overvægt', 'fedtvævet', 'bouquet', 'kropsfedt', 'frugt', 'lipoid', 'fat32', 'mineralitet', 'adiposis', 'krop', 'file_allocation_table', 'filallokeringstabel', 'glycerolipiddesaturase', 'lipider', 'fedtvæv']
father	far	Match	['begetter', 'kirkefædre', 'iværksætteraktiviteter', 'præstedømmet', 'katolske_præsteskab', 'præst', 'kirkefader', 'katolsk_præst', 'serieiværksætter', 'medstifter', 'biologiske_far', 'far_til_kirkens', 'katolske_præster', 'father', 'kirkefædrene', 'fargud', 'iværksætter', 'gud_fader', 'iværksættertankegang', 'the_gift', 'iværksættere', 'far', 'iværksætteri', 'faderindivid', 'farmand', 'fader', 'gudfader', 'romerskkatolsk_præst']
fear	frygt	Match	['angst', 'angst_frygt', 'marillion', 'frygter', 'bekymring', 'ærefrygt', 'være_bange_for', 'inderst_inde', 'inside_out', 'forskrækkelse', 'fear', 'frygt', 'frygte']
feather	strudsfjer	Found close match: ['trådfjer', 'styrefjer', 'konturfjer']	['barbule', 'eclipsedragt', 'fjerbed', 'tertiærer', 'vinterdragt', 'fuglefjer', 'børstefjer', 'konturfjer', 'håndsvingfjer', 'vingedækfjer', 'lillevinge', 'underhaledækfjer', 'filoplume', 'pragtdragt', 'trådfjer', 'alula', 'sommerdragt', 'armsvingfjer', 'leucisme', 'hånddækfjer', 'udtynding', 'eclipse_fjerdragt', 'eklipsedragt', 'dækfjer', 'svingfjer', 'fjerfane', 'styrefjer', 'armdækfjer', 'fjer', 'fældning', 'halefjer', 'overhaledækfjer', 'fjerdragt']
few	nogle	Incorrect	['kvantitet', 'fåtal', 'mængde', 'antal', 'få']
fight	kæmpe	Match	['kæmp', 'militære_engagement', 'konflikt', 'kæmpe', 'væbnet_kamp', 'brooke_candy', 'konkurrenceevne', 'kæmper', 'slås', 'krigsslag', 'kamptræning', 'træfning', 'træfninger', 'kamp', 'feltslag', 'engagement', 'slag', 'slåskamp', 'slagsmål', 'fight']
fingernail	læberne	Incorrect	['søm', 'neglebidning', 'negl', 'negle', 'bide_negle', 'neglebånd', 'fingernegle', 'fingernegl', 'neglerod']
fire	ild	Match	['glød', 'pejs', 'chris_corchiani', 'kamin', 'affyre', 'flammende', 'afskedige', 'skyde', 'emerson_lake__palmer', 'bål', 'heartbreak_on_hold', 'kelis_was_here', 'flamme', 'fire', 'fyr', 'anarchy', 'brande', 'ildebrand', 'emerson_lake_og_palmer', 'brand', 'angreb', 'storbrand', 'gøre', 'lue', 'opsige', 'inferno', 'inderlighed', 'fremkalde', 'bevirke', 'firejericho', 'ild', 'fervidness', 'leona_lewis', 'tina_barrett', 'fyre', 'udvirke', 'lets_cheers_to_this', 'fritstille']
fish	fisk	Match	['fish', 'spisefisk', 'derek_william_dick', 'fisken', 'konsumfisk', 'go_fish', 'fisk', 'fiskene', 'marine_fisk', 'ichthyologisk', 'fiske', 'fiskene_fiskene', 'blød_stråle', 'ichthyologi', 'ichthyofauna', 'fiskekød', 'yngel', 'pisces', 'pterygiophore', 'fluorescens_in_situ_hybridisering', 'mad_fisk', 'fluorescerende_in_situ_hybridisering', 'saltvandsfisk', 'phish', 'glasål', 'fingerling']
five	seks	Incorrect	['5ive', 'fem', 'sugarcult', 'succeeder', '5', 'lille_phoebe', 'ennagram', 'femmer', 'cinque', 'hollywood_undead', 'five', 'enneagram', 'achiever', 'basketball_team', 'femtal', 'pentade', 'basketballhold']
float	flyde	Match	['flydende', 'free_float', 'offentlig_float', 'flyde', 'eksplosiv_dekompression', 'parade_float', 'cascading_style_sheet', 'css', 'flyder', 'ukontrollerede_dekompression', 'offentlige_float', 'kommatal', 'fiskeblære', 'puste', 'cascading_style_sheets', 'float', 'gas_blære', 'ponton_båd', 'flydende_decimaltal', 'flydende_tal', 'ukontrolleret_dekompression', 'svømmeblære', 'floatingpoint', 'decimaltal', 'ponton', 'swimbladder', 'floatingpoint_aritmetik', 'bobfloat', 'blæse', 'flåd', 'luftblæren', 'floating_point', 'is_float', 'overlappende_typografiark', 'svæve', 'svømme_blære', 'flydende_komma', 'is_sodavand', 'bobber', 'plasterer_s_float']
flow	vandstrømme	Found close match: ['strømme', 'strømmen', 'strøm']	['young_money', 'volumetriske_strømningshastighed', 'netværk', 'strømmen', 'væske_fysik', 'rapmusik', 'rappere', 'menstruation', 'massestrømningshastighed', 'rap', 'rapper', 'amenoré', 'fluid_dynamik', 'flyder', 'hydraulik', 'fluid_mekanik', 'hydrauliske_tryk', 'fluidmekanik', 'menstruationssmerter', 'stadig_strøm', 'strøm', 'hydrodynamiske', 'strømning', 'rap_kunstner', 'fluiddynamik', 'menarchen', 'young_money_entertainment', 'gravity_recovery_and_interior_laboratory', 'flydende_fysik', 'florent_mothe', 'strømningshastigheden', 'flow', 'strømme', 'catamenia', 'væske_dynamicist', 'emceeing', 'volumetriske_strømning', 'protorap', 'strømningslære', 'rappe', 'hydraulisk', 'hydrauliske', 'strømningshastighed', 'menstruere', 'flow_netværk', 'menses']
flower	blomster	Match	['blomsterbetydninger', 'relient_k', 'play', 'blomstring', 'gackt', 'frugtsætning', 'epicuticular_voks', 'vækstsæsonen', 'blomst', 'knopper', 'stampe', 'blomster', 'velmagtsdage', 'blomsterbetydning', 'flower', 'blomsten', 'blomstre', 'bambi']
fly	flyve	Match	['brachycera', 'ciara', 'flyv', 'butterfly', 'wanessa', 'flyve_foran', 'flue', 'flyve_bold', 'tovinger', 'flyver', 'teltfly', 'sommerfugl_slagtilfælde', 'tovingede', 'telt_klap', 'diptera', 'gylp', 'rainfly', 'flyve_ark', 'fly', 'fluen', 'fluer', 'sande_fluer', 'flyve', 'fly_sogn', 'flygte']
fog	tåge	Match	['skjule', 'tåge', 'bortgemme', 'murk', 'the_fog', '10th_avenue_freakout', 'tågen']
foot	fod	Match	['fødder', 'metriske_fødder', 'fundament', 'infanterist', 'vant', 'skødet', 'betale', 'phylum_mollusca', 'skødebarm', 'bygningsfundament', 'mollusca', 'versefod', 'pes', 'versefod_versfod', 'vejr_ark', 'skot', 'fodfolk', 'skøde', 'infanteri_regiment', 'fundamentet', 'versefødder_versfødder', 'pada', 'understructure', 'sokkel', 'feet', 'grundlag', 'romersk_fod', 'infanteriet', 'fods', 'storskøde', 'infanterister', 'hvirvelløse_fod', 'fod', 'infanteri', 'metrisk_enhed', 'mollusk', 'dyr_fod', 'foot', 'ark', 'ft', 'metrisk_fod', 'symaskiner', 'foden', 'symaskine', 'menneskefod', 'bløddyr']
forest	skoven	Match	['lund', 'timberland', 'område', 'nåleskov', 'skovvækst', 'woodland', 'rodfæstet_træ', 'nåleskove', 'nottingham_forest', 'skov', 'skoven', 'forest', 'silva', 'træ', 'wälder', 'nottingham_forest_fc', 'tempereret_skovområde', 'skove']
four	fire	Match	['seks', 'fire_spot', 'hyperkomplekse_tal', 'forth', 'succeeder', 'tetractys', 'kvaternion', 'fire', 'four', 'night_changes', 'tetrade', 'quaternion', 'achiever', 'quaternioner', 'tallet_4', 'kvaternioner', 'quatern', '4', 'little_joe', 'ennagram', 'channel_4', 'enneagram', 'iv', 'quaternity', 'planetary', 'quaternions', 'grænsen']
freeze	fryses	Found close match: ['fryse', 'fryser', 'frys']	['frost', 'todd_smith', 'freeez', 'fastfrysning', 'fryser', 'hænge', 'frys', 'freeze', 'jordin_sparks', 'fryse', 'bloodline', 'frysning']
fruit	frugter	Match	['mineralitet', 'fruit', 'balance', 'frugten', 'krop', 'bouquet', 'stypsis', 'frugt', 'frugter', 'frø_pod', 'tør']
full	fuld	Match	['fyldt_op', 'fuldt', 'full', 'fyldt', 'fuldt_fase_af_månen', 'fuldofthemoon', 'mæt', 'fulde', 'fuldmåne', 'fuld', 'vid']
give	give	Match	['the_giver', 'vie', 'pet_your_friends', 'give', 'betale', 'giver', 'hellige', 'present', 'bryde_sammen', 'give_efter', 'ofre', 'bidrager', 'holde', 'cold', 'tilegne', 'spændstighed', 'gaver', 'gave', 'har', 'forære', 'giv']
good	god	Match	['fælles_ressourcer', 'ret', 'menneskelige_værdier', 'good_music', 'godt_og_ondt', 'råvarer', 'gode', 'komplement', 'giffengode', 'verden', 'råvare', 'værdi', 'grundigt', 'good', 'godt', 'etiske_værdier', 'sund', 'værd', 'handelsvare', 'varer', 'handle_god', 'behændig', 'goder', 'godhed', 'god', 'økonomisk_god', 'normale_goder', 'naturligt_monopol', 'offentligt_gode', 'dygtig']
grass	græs	Match	['familie_græsfamilien', 'graminoid', 'günter_grass', 'nothing_can_stop_us', 'sens', 'grøn_gudinde', 'familien_graminaceae', 'hash', 'marihuana', 'grass_gis', 'eatage', 'supergrass', 'graminaceae', 'sporobolus_caespitosus', 'tjald', 'hasholie', 'græsfamilien', 'cannabis', 'skylarking', 'stener', 'græsarealer', 'sess', 'skunk', 'græsser', 'gynter_grass', 'pot', 'poaceae', 'marijuana', 'græsvækst', 'stoner', 'gramineae', 'gramineaefamilien', 'småaks', 'mary_jane', 'gunter_grass', 'foder', 'græs', 'fjolletobak', 'gunter_wilhelm_grass', 'günther_grass']
green	grønne	Match	['brunswick_grøn', 'miljøbevægelsen', 'jæger_grøn', 'balance', 'miljøproblemer', 'jade', 'miljøbevidsthed', 'super_c', 'gulgrøn', 'grøntsag', 'grøn', 'grønne_politik', 'william_green', 'cat_valium', 'mørk_grøn', 'jade_grøn', 'viridity', 'grøn_grønne_grøntsager', 'økologi', 'super_syre', 'stypsis', 'gul_grøn', 'green', 'chartreuse', 'smaragd', 'commons', 'tør', 'honning_olie', 'grønlig', 'miljøforkæmpere', 'miljøvenlige', 'fælles', 'grønne_grøntsager', 'miljøbeskyttelse', 'bouquet', 'putting_green', 'special_k', 'grøn_ideologi', 'frugt', 'flaske_grøn', 'riffel_grøn', 'feldgrau', 'miljøaktivist', 'bladrige_grøntsager', 'vert', 'green_river', 'økologisme', 'grønt', 'mineralitet', 'grønne', 'umoden', 'miljøvenlig', 'bladgrønsag', 'grønne_bevægelse', 'krop', 'miljøaktivister', 'ært_grøn', 'håbets_farve', 'parken', 'greens', 'bladgrøntsager', 'sætte_overfladen']
guts	gnasty	Incorrect	['tapperhed', 'enterisk', 'tarm', 'mavetarmkanal', 'fordøjelsessystemet_rør', 'intestinal', 'indmad', 'tarmslimhinden', 'fordøjelseskanal', 'fordøjelsesorganerne', 'guts', 'tarmkanalen', 'fordøjelseskanalen', 'tarme', 'tarmsystem', 'enteriske', 'braveness', 'mavetarmkanalen', 'tarmen', 'tarmlumen', 'courageousness', 'gastrointestinalkanalen', 'gikanalen', 'modet', 'mod', 'tarmene', 'moxie', 'øvre_mavetarmkanal', 'intestinale_lumen', 'indvolde']
hair	hår	Match	['hairsbredde', 'mellemblond', 'håret', 'hair', 'hoved_hår', 'menneskehår', 'hårstrå', 'behåret', 'haircloth', 'hår', 'hairsbreadth', 'uldhår', 'dækhår']
hand	hånd	Match	['kortgiveren', 'bridge_player', 'drazi', 'hænderne', 'hænder', 'give', 'bifald', 'stik', 'meldbar', 'klør_fem', 'script', 'brakiri', 'daglejer', 'dilgar', 'håndskrift', 'manus', 'håndfuld', 'hand', 'system_of_a_down', 'hjælpende_hånd', 'cordella', 'kortspil', 'hånden', 'hånd', 'karlen', 'kort']
he	han	Not found	[]
head	spidsen	Found close match: ['psyken']	['bær', 'dyr', 'tryktab', 'skødebarm', 'skolelederen', 'klan_chef', 'lederskikkelse', 'cephalic', 'vejr_ark', 'hovede', 'sind', 'menneskelige_sind', 'pseudanthium', 'karakter', 'styre', 'byld', 'lede', 'nyhedshistorie', 'sindet', 'gensidig_fransk', 'hydraulisk_hoved', 'fransk', 'nous', 'hydrauliske_gradient', 'al_snow', 'http', 'headspring', 'tromle_hoved', 'vant', 'nyhedsartikel', 'bladartikler', 'knold', 'forbrydelse_herre', 'chieftaincy', 'chieftainship', 'artikel', 'tidsskriftsartikel', 'kasse', 'skoleleder', 'forbjerg', 'oralsex', 'avisartikler', 'læse__skrive_hovedet', 'roe', 'skolelærer', 'leder', 'psyken', 'forbrydelse_boss', 'skødet', 'psyke', 'dirty_mind', 'oral_sex', 'skotske_klan_chef', 'overhoved', 'knop', 'http_server', 'mental_indhold', 'skot', 'hovedet', 'brian_welch', 'mental', 'forager', 'høvding', 'bold', 'trommeskind', 'pynt', 'httpanmodning', 'skoleinspektør', 'lede_historie', 'hypertext_transfer_protocol', 'rektor', 'avisartikel', 'head', 'spørgsmål', 'http11', 'top_hund', 'skøde', 'mafiaboss', 'storskøde', 'bøtte', 'hoved', 'direktør', 'ark', 'skalle', 'nød', 'tribal_chef']
hear	høre	Match	['auditive_modalitet', 'hørelse', 'høresans', 'opdage', 'høre', 'auditive_sans', 'lydlig', 'lære', 'lytte', 'høresansen', 'høreværn', 'hører', 'hørbar', 'finde_ud_af', 'hørt', 'følelse_af_at_høre', 'se']
heart	hjerte	Match	['hjertet', 'nittygritty', 'essens', 'hjertemuskulatur', 'midte', 'heart', 'hjertekammeret', 'hjertekammer', 'hjerter', 'hjerte_og_sjæl', 'heart_hampshire', 'koncentrat', 'kærlighed', 'venstre_hjerte', 'philia', 'essenser', 'hjerte', 'essensen', 'alexz_johnson', 'substans', 'hengivenhed', 'hjerteklap', 'midten', 'højre_hjerte', 'hjertemuskel', 'mindless_self_indulgence', 'hovedindhold', 'menneskelige_hjerte', 'fyrighed']
heavy	tungt	Match	['tung', 'balance', 'tf2', 'livvagter', 'tæt_beskyttelse', 'stypsis', 'team_fortress_2', 'bodyguards', 'heavycom', 'bodyguard', 'tør', 'livvagt', 'bouquet', 'frugt', 'the_state_vs_radric_davis', 'heavy', 'tunge', 'kraftig', 'mineralitet', 'tungt', 'krop']
here	jeg	Incorrect	['hid', 'herhen', 'her', 'hera', 'here']
hit	hit	Match	['score', 'angreb', 'kollision', 'forekomst', 'hit', 'hīt', 'kollidere', 'kollisioner', 'slå', 'ramme', 'ramt', 'nå', 'strejke', 'morgenkys', 'basen_hit', 'rammer', 'opnå', 'ramte']
hold	beholde	Found close match: ['holde', 'indeholde', 'tilbageholde']	['kæmper_hold', 'indeholde', 'give', 'bagagerummet', 'lastdæk', 'lastrum', 'håndtag', 'politiets_varetægt', 'låsehus', 'retslig_forvaring', 'understøtte', 'wrestling_hold', 'katamewaza', 'detention', 'bedrift_mønster', 'hold', 'fermat', 'bære', 'indsendelse_besidder', 'håret', 'tilbageholdelse', 'holde', 'bærehåndtag', 'greb', 'kontrollere', 'forskydning', 'palmar_greb', 'tidsforskel', 'koblinger', 'lagerområde', 'støtte', 'reservere', 'have', 'fermata', 'har', 'opretholde', 'være_enig', 'tilbageholde']
horn	horn	Match	['cykel_horn', 'microbølgehorn', 'trompet', 'signalhorn', 'jagt_horn', 'jødeharpe', 'hornet', 'kornet', 'køretøj_horn', 'fransk_horn', 'hornantenne', 'bilhorn', 'trompetist', 'horn', 'jazz_trompetist', 'motor_horn', 'trompetere', 'franske_horn', 'valdhornist', 'mikrobølgehorn', 'valdhorn', 'lommetrompet', 'waldhorn', 'bil_horn', 'gaienhofen', 'sadel_horn', 'cornet']
how	hvordan	Match	['hvor', 'spørgende_stedord', 'how', 'hvorledes', 'hvord', 'spørgende_pronominer', 'spørgende_ord', 'hvordan', 'hands_all_over']
hunt	jagte	Found close match: ['jagten', 'jagt', 'jage']	['overdreven_jagt', 'jagt_klub', 'holman_hunt', 'jage', 'james_henry_leigh_hunt', 'vagtel_jagt', 'søgen', 'jagten', 'leigh_hunt', 'william_holman_hunt', 'gå_på_jagt_efter', 'richard_morris_hunt', 'hunt', 'jægere', 'jagt', 'william_henry_hunt']
husband	kone	Incorrect	['mand', 'partner', 'ægtefælle', 'spare', 'ægtemand', 'hubby', 'gift_person', 'gift_mand', 'bedre_halvdel', 'chawla', 'husband', 'd_brown', 'apollo', 'husbond']
i	jeg	Not found	[]
ice	ice	Match	['emirates_airlines', 'forbrændingsmotorer', 'methamphetamine', 'vandis', 'dextromethamphetamine', 'intercityexpress', 'krystal_metamfetamin', 'ic_motor', 'desoxyn', 'ice_la_fox', 'interne_forbrændingsmotorer', 'metamfetamin_hydrochlorid', 'forbrændingsmotor_køretøj', 'metamfetamin', 'meth', 'kunstig_is', 'skøjtebane', 'in_case_of_emergency', 'emirates', 'forbrændingsmotor', 'ice', 'i_nødstilfælde', 'emirates_airline', 'is', 'c10h15n', 'crystal_meth', 'instituto_costarricense_de_electricidad', 'pervitin', 'methamfetamin', 'methedrine', 'shabu', 'methamfetaminer', 'deoxyephedrine', 'køl', 'frosting', 'glasur', 'is_høst']
if	hvis	Not found	[]
in	i	Not found	[]
kill	dræbe	Match	['sætte_til_døden', 'slå_ihjel', 'ihjelslå', 'død', 'tidlig_død', 'for_tidlig_død', 'dræbe', 'dø', 'drab', 'dræb', 'dødsfald', 'døde', 'manden_med_leen', 'the_kill', 'kill']
knee	knæskade	Match	['knæleddet', 'knæ_strejke', 'knæledet', 'knæskade', 'knæled', 'kvæle', 'knæskal', 'knæ', 'menneskelig_knæ', 'articulatio_genus', 'knæet', 'genu']
know	hvad	Incorrect	['kender', 'erkendelse', 'videnstung', 'lærdom', 'ved', 'noesis', 'kneppe', 'kognitiv_funktion', 'viden', 'kunne', 'bolle', 'vide', 'kognitive_processer', 'erkendelser', 'kognitiv_behandling', 'tænkning', 'opleve', 'kende', 'kundskab', 'kognition', 'kend', 'pule', 'knalde', 'kognitiv', 'kognitive_evner', 'vidensformer', 'genkende', 'kendskab', 'kognitive']
lake	søen	Match	['farvestof', 'lacus', 'intermitterende_sø', 'sø', 'lake', 'søer', 'naturlige_sø', 'flygtig_sø', 'pigment', 'pigmenter', 'pigmentering', 'søen', 'ferskvandssø', 'indsø', 'farvepigment', 'farvestoffer']
laugh	drille	Incorrect	['jape', 'spøgefuld', 'vittighed', 'grine', 'spøg', 'latter', 'grin', 'joke', 'le', 'vittigheder', 'griner', 'vits']
leaf	løvblade	Found close match: ['blade', 'højblad', 'blad']	['verso', 'rodfæstet_træ', 'blad_kappe', 'oktavformat', 'kvartformat', 'recto_og_verso', 'duodez', 'recto', 'planteblad', 'højblad', 'oktavblad', 'crenate', 'kvartside', 'paullinia_pterophylla', 'midterribben', 'hjørnerne', 'folio', 'træ', 'axil', 'blade', 'løv', 'oktavbind', 'kvartblad', 'bladskede', 'adaxial', 'sedesformat', 'småblade', 'sammensatte_blade', 'foliant', 'bladet_axil', 'bladfod', 'nissan_leaf', 'forside', 'kvartbind', 'løvet', 'basal_blad', 'skov', 'oktavside', 'abaxial', 'pubertære', 'blad', 'duodes', 'foliobind']
left	venstre	Match	['venstredrejet', 'relativ_retningsangivelse', 'venstreorienteret', 'esquerra_republicana_de_catalunya', 'venstres_landsorganisation', 'venstreoppositionen', 'retningsangivelse', 'venstreorienterede_politik', 'politiske_venstrefløj', 'venstre_danmarks_liberale_parti', 'venstre__danmarks_liberale_parti', 'venstre', 'venstre_hånd', 'venstrefløjen', 'norske_venstre', 'venstrefløj', 'kollektivistiske', 'venstreopposition', 'venstreorienterede']
leg	knæet	Found close match: ['benet']	['ben', 'pind_ben', 'lår', 'crus', 'menneske_ben', 'forgrening', 'tobenede_match', 'tobenet_slips', 'benet', 'pegleg', 'træben', 'nedre_lemmer', 'katete', 'runde', 'brækket_ben', 'underbenet', 'kølle', 'to_benede', 'etape']
lie	sørme	Incorrect	['ligge', 'absolute_first_album', 'the_lie', 'lie', 'løgnerske', 'ligger', 'trygve_halvdan_lie', 'awake', 'malpresentation', 'falskheden', 'lyver', 'ligger_i', 'trygve_lie', 'lyve', 'løgner', 'løgn', 'trygve_halvden_lie', 'usandhed', 'falskhed']
live	live	Match	['tour', 'vare', 'koncerter', 'overleve', 'liv', 'bo', 'built_to_spill', 'popkoncert', 'livemusik', 'lev', 'levende_musik', 'levende_væsen', 'live_at_the_marquee', 'jennifer_lopez', 'rockkoncert', 'jennifer_lynn_lopez', 'leve', 'live', 'opleve', 'simian_mobile_disco', 'rem_live', 'lever', 'bor', 'musik_koncert', 'levende', 'live_koncert', 'jlo', 'koncerten', 'koncert', 'livet', 'pigmy_love_circus']
liver	blodsygdom	Incorrect	['leveren', 'oksekød_lever', 'lever', 'okselever']
long	lange	Match	['longa', 'længes', 'lange', 'bloody_roar', 'long', 'william_henry_long', 'lang', 'længe']
louse	stinkdyr	Incorrect	['fugl_lus', 'kropslus', 'arthropod', 'plante_lus', 'kroplus', 'phthiraptera', 'leddyr', 'fladlus', 'hovedlus', 'bidende_lus', 'snavs_bold', 'sugende_lus', 'lus', 'morpioner', 'arthropoda']
man	mand	Match	['mand', 'relient_k', 'kammertjener_de_chambre', 'menneske', 'mandsperson', 'manden', 'metropolitan_area_network', 'atanatári', 'homosapiens', 'mansider', 'montør', 'kammertjener', 'menneskebarn', 'menneskevæsen', 'man_pages', 'mennesket', 'wen', 'menneskeheden', 'folk', 'menneskedyr', 'soldat', 'mennesker', 'herre', 'verdenen', 'verden', 'man_page', 'homo_sabiens', 'man_se', 'homo_sapiens', 'mænd', 'mker', 'wman', 'man_ag', 'dunlending', 'herres_herre', 'hankøn', 'militærmand', 'manside', 'person', 'homo_sapiens_sapiens', 'mand_sider', 'homo', 'manchester_lufthavn', 'hr', 'militærperson', 'home_sapiens', 'manchester_airport', 'homoslægten', 'isle_of_man', 'hoved', 'nutidsmenneske', 'individ', 'maskulin', 'journal_of_the_royal_anthropological_institute', 'wan', 'cornelis_de_man', 'menneskelige_race', 'royal_anthropological_institute_journal', 'menneskelige_art', 'voksen_mand', 'man', 'tjener', 'kønsmodning', 'i_verden', 'menneskelig', 'manfred_gnädinger', 'dunlendings', 'menneskehed', 'herrer']
many	mange	Match	['mange', 'many']
meat	kød	Match	['nittygritty', 'essens', 'kød', 'kødvare', 'koncentrat', 'shawn_stasiak', 'kød_videnskab', 'koed', 'forarbejdet_kød', 'animalsk_protein', 'essensen', 'essenser', 'hjerte_og_sjæl', 'hovedindhold', 'substans', 'we_will_rock_you']
moon	månes	Found close match: ['måne', 'månelys', 'måner']	['drabant', 'moon', '문', 'satellit', 'mars', 'synodiske_måned', 'jupiter', 'sun_myung_moon', 'månelys', 'drakonisk_måned', 'solen', 'måne', 'naturlige_satellit', 'måneskin', 'planeter', 'kyôko_fukada', 'sun_tegn', 'moon_type', 'naturlige_satellitter', 'lunation', 'merkur', 'venus', 'måner', 'måneskive', 'månens_måned', 'månen']
mother	mor	Match	['the_mother', 'mødre', 'nonneorden', 'mor_gudinde', 'biologiske_mor', 'moderindivid', 'nonne', 'mor', 'sisters_of_avalon', 'moder', 'søster', 'synchronicity', 'top', 'mother', 'moder_jord', 'tikhon_khrennikov', 'chorus_line', 'a_chorus_line', 'nonner', 'modergudinde']
mountain	bjergene	Found close match: ['bjerge', 'bjerget', 'bjerg']	['muckle', 'god_portion', 'parti', 'sahtu', 'god_deal', 'bjerg', 'bjergrige', 'mickle', 'masse', 'mountain', 'bjerge', 'ganske_lidt', 'del', 'meget', 'bjerget', 'passel', 'dræbte', '482', 'nette_sum']
mouth	munding	Found close match: ['udmunding', 'munden', 'mund']	['oral_fissur', 'mule', 'backtalk', 'knudepunkt', 'kværn', 'mund', 'mundhulen', 'toppunktet', 'gab', 'tale', 'sass', 'udmunding', 'munden', 'æstuarium', 'sassing', 'mundhule', 'flab', 'rima_oris', 'labium', 'tilbage_snakke', 'perioral', 'kæft']
name	navn	Match	['udnævne', 'vælge', 'identifikator', 'nominalfrase', 'proprium', 'navneord_sætning', 'id', 'navneord_sætninger', 'computernavn', 'betegnelse', 'citere', 'nominel', 'egennavne', 'egenavne_i_danmark', 'omtale', 'egennavne_i_danmark', 'navnet', 'navn', 'figur', 'gensen', 'gens', 'nominel_sætning', 'kalder', 'kalde', 'egenavn', 'identifikatorer', 'egennavn', 'offentlig_figur', 'nævne']
narrow	brede	Incorrect	['snæversynet', 'soapskin', 'smalle', 'snæver', 'smal', 'snævert', 'snævre']
near	nærheden	Found close match: ['nærme']	['tæt', 'nærme_sig', 'nærme', 'tilnærme', 'near_shoemaker', 'nær', 'næsten']
neck	hals	Match	['nakke', 'åmand', 'halsen', 'halsåbning', 'nakkestivhed', 'hals', 'nakken', 'nøkke', 'flaskehals', 'nøkken']
new	new	Match	['ny', 'frisk', 'nyt', 'nyfødt', 'nye', 'new']
night	natten	Match	['nyx', 'aften', 'nótt', 'nox', 'nighttime', 'natten', 'mørke', 'dæmring', 'midnat', 'midnat_blå', 'kvæld', 'elie_wiesel', 'skumring', 'night', 'godnat', 'wiesel', 'nat', 'eliezer_wiesel']
nose	næsen	Match	['aroma', 'aromatisk', 'næsebor', 'gore', 'næse', 'magnetisk_dyse', 'dyse', 'næsen', 'aromater', 'bouquet', 'buket', 'lugteorganet', 'redolence', 'fragrancy', 'dyser', 'snotten', 'snabel', 'snude', 'menneskelige_næse', 'strålerør']
not	ikke	Match	['logikport', 'orgate', 'ikke', 'negation', 'not', 'logiske_kredsløb', 'logisk_kredsløb', 'exclusiveorgate', 'logiske_gates', 'logisk_negation', 'diskret_logik', 'norgate', 'gate', 'ej', 'logisk_gate', 'xorgate', 'nandgate', 'og', 'andgate']
old	gamle	Match	['tidligere', 'gamle_vinstokke', 'gamle', 'gammel', 'gammelt', 'old']
one	tre	Incorrect	['et', 'vampire_weekend', 'planetshakers', 'tupler', 'one', '1', 'multiplikative_identitet', 'succeeder', 'tupel', 'es', 'armin_van_buuren', 'sarah_burgess', 'achiever', 'en', 'ntuple', 'supposed_former_infatuation_junkie', 'the_one', 'vertical_man', 'sextuple', 'enhed', 'ennagram', 'man', 'enneagram', 'én']
other	andre	Match	['forskellig', 'andet', 'anderledes', 'andre', 'ulig']
play	spille	Match	['køre', 'boltre_sig', 'play', 'tur', 'børne_spil', 'android_market', 'sceneværk', 'gambling', 'stageplay', 'frie_tøjler', 'google_play_store', 'indsatser', 'kørt', 'glitre', 'teaterstykke', 'spiller_periode', 'teaterstykker', 'vædde', 'optræde', 'drama', 'dramatisk_play', 'periode_af_leg', 'htc_market', 'dramaer', 'google_play', 'satse', 'spilletid', 'dramaet', 'opføre', 'slør', 'christopher_martin', 'manøvre', 'gaming', 'teatralsk_spil', 'løssluppenhed', 'bringe', 'gamble', 'sværdkampe', 'spillere', 'lege', 'hasardspil', 'spille', 'play_store', 'børnespil', 'spil', 'dramatisk', 'legende', 'væddemål', 'leg']
pull	skubbe	Incorrect	['begå', 'pull_skud', 'træk', 'trække', 'gærdespillerne', 'benet_blik', 'pull', 'batting', 'tiltrække']
push	skubbe	Match	['push', 'getupandgo', 'alternativknappen', 'skubbe', 'confessions_on_a_dance_floor', 'tvinge', 'black_and_white_america', 'reklamere', 'stabel', 'kontakt', 'precious_based_on_the_novel_push_by_sapphire', 'stak', 'trykknap', 'precious', 'knap', 'en', 'skub', 'pres', 'radioknappen']
rain	regn	Match	['skybrud', 'regnvand', 'in_blue', 'heavy_rain', 'regnen', 'regnskyl', 'regn', 'john_colton', 'nedbør', 'regne', 'regnvejr', 'støvregn', 'pelsning', 'regn_storm', 'regnfald', 'simone_battle', 'rains', 'bonnie_maxon', 'rain', 'regndråbe']
red	røde	Match	['sandheden_om_rødhætte', 'after_school', 'bolshie', 'red', 'røde', 'bolshy', 'bolsjevikiske_parti', 'rødfarvet', 'bolsjevikker', 'bolsjevismen', 'bolsjevisme', 'angry_birds', 'red_river', 'tab', 'bolsjevikkerne', 'don_goldstein', 'rødt_blæk', 'jim_krebs', 'rød', 'bolsjevik', 'anil_kapoor', 'rødt', 'day__age', 'day_and_age']
right	højre	Match	['højrefløjen', 'højre_hånd', 'umistelig_ret', 'moralfilosof', 'naturlige_ret', 'moral', 'ret', 'etiske_standarder', 'etisk_teori', 'umistelige', 'uetisk', 'højre', 'amoralsk', 'juridisk_ret', 'venstrehåndet', 'etiske_spørgsmål', 'politiske_højrefløj', 'moralsk_filosofi', 'etisk', 'rightfulness', 'rightism', 'højrefløj', 'høyre', 'naturligere_rettigheder', 'korrigere', 'young_americans', 'etik', 'højreorienterede', 'højrehåndet', 'virkelig', 'højreorienterede_politik', 'højreorienteret', 'etiske', 'højre_side', 'moralfilosofi', 'moralsk_filosof', 'højregruppe', 'morale', 'rette', 'juridiske_rettigheder', 'morallære', 'rettighed', 'rigtigt_og_forkert', 'retningsangivelse', 'korrekt', 'moralen', 'moralsk', 'konservativ', 'rettigheder', 'sædelighed', 'etiker', 'højreradikale', 'etiske_system', 'sædelig', 'relativ_retningsangivelse', 'intellektuelle_rettigheder', 'lige', 'håndethed', 'umistelige_ret', 'moralsk_betydning', 'rigtig', 'sand', 'fysiske_og_juridiske_rettigheder', 'rigtigt', 'umistelige_rettigheder', 'umoralsk', 'naturlige_rettigheder', 'kristen_etik']
river	floden	Match	['å', 'vandløbets_faser', 'vandløb', 'bæk', 'sestao_river_club', 'strøm', 'flodbred', 'floden', 'stormfloden', 'revival', 'flod', 'intermitterende_strøm', 'ruisseau', 'river', 'watermark', 'floder', 'åen']
road	landevejen	Found close match: ['landevej', 'vejen']	['the_road', 'vejen', 'borgerbevægelsen_demokratisk_aktion', 'veje', 'landevej', 'road_spil', 'vejbyggeri', 'offentlig_vej', 'vej', 'new', 'udekamp', 'dæmningsveje']
root	smårødder	Found close match: ['rødder', 'birødder']	['tonic_akkord', 'mellemblond', 'rødder', 'forfædre', 'rodfæstet_træ', 'stammen', 'menneskehår', 'kilde', 'tonale_centrum', 'grundposition', 'birødder', 'etymon', 'antecedent', 'musikalske_intervaller', 'grundtone', 'hårstrå', 'musikalsk_interval', 'rode', '0', 'rootadgang', 'tonic', 'ascendant', 'interval', 'træ', 'tonika', 'superbruger', 'konohagakure', 'rod', 'dækhår', 'fædrene', 'hoved_hår', 'slå_sig_ned', 'ordstamme', 'tandroden', 'stamceller', 'oprindelse', 'root_ord', 'roden', 'forfader', 'behåret', 'skov', 'toneinterval', 'hår', 'nte_rod', 'rod_ord', 'root', 'uldhår', 'rodnet', 'nul']
rope	stålwire	Incorrect	['mexicansk_valium', 'r2', 'tov', 'glemme_mig_lægemiddel', 'ropemaker', 'reb', 'tovværk', 'rebet', 'rophy', 'roofy', 'rope']
rotten	tomatoes	Incorrect	['rådden', 'råddent', 'rådne']
round	runde	Match	['prizefighting', 'amatørbokser', 'bareknuckle', 'shell_beklædning', 'balance', 'præcision', 'runde_af_drikkevarer', 'fisticuffs', 'rund', 'præmie_fighter', 'metallisk_patron', 'budrunde', 'præmie_kamp', 'patron', 'enhed_af_ammunition', 'cirkulær', 'stypsis', 'hus', 'runde', 'daglig_runde', 'tør', 'aritmetiske_præcision', 'runde_golf', 'bouquet', 'round', 'betydende_cifre', 'frugt', 'mest_betydende_ciffer', 'betydende_ciffer', 'mineralitet', 'cirkulære', 'boksning', 'mindst_betydende_ciffer', 'pugilism', 'krop', 'omgang', 'rundt', 'one_shot', 'barekno_boksning']
rub	røv	Incorrect	['russiske_rubler', 'gnide', 'russiske_rubel', 'tør']
salt	salt	Match	['salt_2', 'af', 'kogesalt', 'strategiske_våbenbegrænsning_talks', 'natriumchlorid_køkkensalt', 'kogsalt', 'salt_river', 'nacl', 'stensalt', 'halit', 'køkkensalt', 'natriumchlorid', 'almindeligt_salt', 'salt', 'kalium_salt', 'organismers_saltbehov', 'salt_i', 'cheryl_james', 'henry_salt', 'saltkar', 'natriumklorid', 'saltproduktion', 'saltaftale', 'salt_1', 'saltning', 'salte', 'natriumsalt', 'saltbøsse', 'salt_ii', 'saltaftalerne', 'saltnpepa', 'salt_n_pepa', 'vejsalt', 'ionisk_salt', 'bordsalt', 'saltmine', 'husholdningssalt', 'salt_aftalen']
sand	sand	Match	['sandkorn', 'grovsand', 'amandine_aurore_lucie_dupin', 'finsand', 'sand_i_rogaland', 'baroness_dudevant', 'sand', 'sand_am_main', 'moxie', 'schönenbergkübelberg', 'sandet', 'george_sand', 'indvolde']
say	jeg	Incorrect	['in_blue', 'jeanbaptiste_say', 'thomas_say', 'say', 'osakis', 'sig', 'sige', 'fortælle']
scratch	scrap	Found close match: ['scratch']	['golf_handicap', 'kutan_tilstand', 'hudsygdomme', 'ekskoriation', 'slid', 'muslinger', 'kursus_rating', 'ridser', 'skrabe_af', 'simoleons', 'dinero', 'handicap', 'moolah', 'gelt', 'macules', 'sår_på_huden', 'kragetæer', 'startlinien', 'stakes_løb', 'vesikel', 'aflyse', 'pelf', 'skramme', 'dermatoser', 'shekels', 'pustler', 'hjertemuslinger', 'bule', 'induration', 'ridse', 'cacography', 'hudlæsion', 'lichenification', 'klø', 'scratch_linje', 'skrabe', 'kyllingefoder', 'afskrabe', 'peter_gabriel', 'hudlæsioner', 'hønsefoder', 'scratch']
sea	havet	Match	['havmiljø', 'verdenshave', 'månens_maria', 'månemare', 'havet', 'globale_ocean', 'sea', 'marint', 'månehav', 'sø', 'verdenshavet', 'ocean', 'de_syv_verdenshave', 'verdenshav', 'søs', 'havmiljøet', 'det_globale_ocean', 'måne_hoppe', 'hav', 'månens_have', 'marin']
see	se	Match	['træffe', 'biskoppelige_se', 'syn', 'finde_ud_af', 'se', 'finde', 'scopolamin', 'farvesyn', 'ser', 'synssans', 'mødes', 'tage_sig', 'visuel_perception', 'tycho', 'forstå', 'hyoscin', 'indse', 'opdage', 'synssansen', 'ærkebispesædet', 'synlig', 'tage_sig_af', 'sikre', 'see', 'høre', 'lære', 'betragter', 'betragte', 'betragte_det', 'besøge', 'møde']
seed	seed	Match	['enkelt_elimination_turnering', 'kvartfinalerne', 'sæd', 'semifinale', 'cum', 'kilde', 'såsæd', 'seedede_spiller', 'sublime', 'sædvæske', 'kvartfinale', 'singleelimination', 'basistal', 'random_seed', 'singleelimination_turnering', 'sperm', 'enkelt_elimination', 'semifinaler', 'semifinalist', 'plantefrø', 'så', 'ejakulere', 'ffviii', 'komme', 'santi', 'frø', 'seed', 'kvartfinalen', 'final_fantasy_viii', 'semifinalen']
sew	syer	Found close match: ['syr', 'syet', 'sy']	['syr', 'stitchery', 'syet', 'syning', 'sy']
sharp	skarpe	Match	['skarpt', 'kryds', 'skinheads_against_racial_prejudice', 'adaven', 'sharp_electronics', 'skinger', 'brat', 'sharp_corporation', 'sharp', 'skarp', '♯', 'skarpe']
short	korte	Match	['shortstop', 'brat', 'shortselling', 'pludseligt', 'short_selling', 'shorting', 'kortslutning', 'kortfilm', 'shorte', 'short_salg', 'kort_emne', 'kort_stop', 'short', 'korte_emner', 'toreeler', 'kortslutte', 'lav', 'tegnefilm', 'pludselig', 'film_kort', 'korte', 'kort_position', 'shortstops', 'kort', 'korte_film']
sing	synge	Match	['rene_vokal', 'synge', 'leisure', 'vokalister', 'sang', 'vokalist', 'sangere', 'vokal', 'popsanger', 'vocalizing', 'sanger', 'kvindelig_vokal', 'fløjte', 'syng', 'harmoni_vokal', 'sing']
sit	sidde	Match	['køre', 'placere', 'sidde_ned', 'sidde', 'siddende', 'ride']
skin	hud	Match	['huden', 'day_for_night', 'plugins', 'tema', 'skinnable', 'almost_human', 'ray_of_light', 'mental_institution', 'skind', 'australske_aboriginal_slægtskab', 'tegument', 'psykiatrisk_hospital', 'mental_hjem', 'skin', 'hudceller', 'skræl', 'blender', 'skal', 'trykt_kredsløb', 'cutis', 'kredsløbsplade', 'print', 'addin', 'huder', 'hudfarve', 'printplade', 'hud', 'kredsløbskort', 'printkort', 'power_plan', 'skrabe', 'r_kelly', 'kutan', 'plugin', 'galeanstalt']
sky	sky	Match	['himmelhvælvingen', 'sky_airlines', 'british_sky_broadcasting', 'heterosphere', 'himmelblå', 'azurblå', 'luft', 'himlen', 'kaste', 'earth_atmosphere', 'team_sky_procycling', 'cerulean', 'luftlag', 'credo', 'sky', 'skyblå', 'sky_plc', 'stacey_king', 'lazuline', 'himmel', 'team_sky', 'atmosfære', 'jordens_atmosfære', 'bskyb', 'winx_club', 'thatgamecompany']
sleep	søvnparalyse	Incorrect	['sove', 'standbytilstand', 'dvaletilstand', 'hybrid_slumring', 'the_black_parade', 'søvn', 'sopor', 'sleep', 'sov', 'slumre', 'søvn_hos_dyr', 'de_sovende', 'evig_søvn', 'nådestødet', 'sover', 'evig_hvile', 'dvale']
small	lille	Match	['small', 'john_kunkel_small', 'småt', 'lille', 'små']
smell	lugt	Match	['tone', 'følelse', 'lugt', 'olfaktiv_perception', 'olfaktorisk_sensation', 'lugtesansen', 'ubehagelig_lugt', 'olfaktoriske_modalitet', 'olfaktoriske_ejendom', 'lugtfri', 'stank', 'lugte', 'duften', 'tilbehøret_olfaktoriske_system', 'fært', 'ånd', 'duft', 'lugtesans', 'olfaktoriske']
smoke	røg	Match	['sens', 'grøn_gudinde', 'ryg', 'ryge', 'hash', 'dunst', 'fastball', 'skod', 'tobaksvare', 'tjald', 'cigaretter', 'magnetooptisk_kerr_effekt', 'ryger', 'sess', 'nicotiana', 'cigaretskod', 'yin_yang_yo', 'rygning', 'cigaret', 'tobaksrulle', 'tobak', 'the_smoke', 'røg', 'kiste_søm', 'mary_jane', 'græs', 'smøg', 'tobaksplante', 'røget', 'brug_af_tobak', 'smoke', 'ligkistesøm']
smooth	glat	Match	['gerald_albright', 'polere', 'mineralitet', 'smooth', 'balance', 'krop', 'glatte', 'bouquet', 'blanke', 'stypsis', 'frugt', 'glat', 'jævn', 'pudse', 'tør', 'blødgøre']
snake	kvælerslanger	Found close match: ['slanger', 'slange', 'havslangen']	['slangen', 'slange_i_græsset', 'bell_ah1_cobra', 'ah1_cobra', 'havslangen', 'snake', 'gray_kode', 'slange', 'solid_snake', 'snake_jailbird', 'ormespil', 'snake_river', 'slanger', 'søslangen', 'serpentes', 'snog', 'ophidian']
snow	sne	Match	['baron_snow_fra_leicester', 'snedække', 'slud', 'charles_percy_snow', 'the_warriors', 'elfenben', 'snegrænse', 'charles_percy_sne', 'snow', 'sne', 'c_p_sne', 'snefald', 'støj', 'c_p_snow', 'vinterdæk', 'cp_snow', 'forvirre', 'næse_slik', 'ffmpeg', 'kokain', 'offwhite']
some	nogle	Match	['eller_så', 'omtrent', 'cirka', 'omkring', 'mere_eller_mindre', 'groft', 'tilnærmelsesvis', 'nogle']
spit	sandbanke	Incorrect	['expectoration', 'spit', 'spytte', 'odde', 'spid', 'sand_spit', 'spyt', 'rotisserie']
split	splittes	Found close match: ['splittelse', 'split', 'split_rekord']	['flækker', 'spagat', 'zygositet', 'skille_sig', 'dele', 'delt', 'birds_of_prey', 'splitalbum', 'homozygoter', 'split_album', 'split_rekord', 'split', 'opdelt', 'heterozygoter', 'revne', 'hemizygote', 'aktiesplit', 'heterozygote', 'homozygositet', 'heterozygoti', 'kløve', 'homozygot', 'zygosity', 'opdelingen_lemma', 'splittelse', 'fjerne_link', 'heterozygot', 'homozygoti', 'opdele', 'brast', 'flænge', 'homozygote']
squeeze	klemme	Match	['knus', 'kvase', 'kreditkrisen', 'likviditetskrise', 'klemme', 'nappe', 'afpresse', 'zugzwang', 'kram', 'presse', 'tvinge', 'vride', 'knibe', 'træktvang', 'nive', 'kreditklemme', 'kramme', 'klem', 'noget_i_klemme', 'squeeze', 'kniven_på_struben', 'omfavne']
stab	selvmorderisk	Incorrect	['stab', 'kniv_stak', 'scream_2', 'knivstik', 'stik', 'horn_stab']
stand	stå	Match	['sukker_plantage', 'tage', 'virksomheder', 'salgsstand', 'udstå', 'udendørs_scene', 'synspunkt', 'plantager', 'lund', 'sukkerplantager', 'bandstand', 'står', 'klare', 'bomuld_plantage', 'frugthave', 'plantage', 'frugtplantage', 'standpunkt', 'vidneskranke', 'woodlet', 'bære', 'sukkerplantage', 'udholde', 'stå', 'gummi_plantage', 'fra', 'bod', 'fod', 'stå_stille', 'susan_ashton', 'frugtplantager', 'kaffeplantage', 'stille', 'sætte', 'partnerskab', 'stade', 'orchardist', 'stand']
star	stjerne	Match	['førende_aktør', 'estelle', 'mavin', 'tjære', 'ilean_almaguer', 'tvpersonlighed', 'berømt_person', 'headliner', 'stjerne_topologi', 'starbåd', 'filmstjerne', 'stjerneklassifikation', 'femstjernet_hotel', 'stjerne_graf', 'adept', 'ledende_aktør', 'filmstjerner', 'berømthed', 'superstar', 'targz', 'film_stjerne', 'førende_skuespiller', 'maven', 'stikledningsanlæg', 'almindelig', 'stjerne_netværk', 'wiz', 'kendis', 'bostonmatricen', 'suse', 'kendt', 'stjernetopologi', 'vækstshare_matrix', 'stjernespækket', 'berømtheder', 'stjerne_rating', 'star', 'asterisk', 'stjerne', 'xerox_star', 'the_rise_and_fall_of_ziggy_stardust_and_the_spiders_from_mars', 'hotshot', 'stjerner', 'medier_personlighed', 'multe', 'popstjerne', 'stjernen', 'førende_skuespillerinde', 'tar']
stick	modhager	Incorrect	['standard_transmission', 'joystick', 'spadserestokke', 'blive', 'synchromesh', 'stok', 'politistav', 'stik', 'kvist', 'kæp', 'bo', 'styrepinden', 'billystick', 'joint', 'pind', 'gearstang', 'nightstick', 'usascii', 'politi_stafetten', 'pinden', 'fælles', 'stick', 'american_standard_code_for_information_interchange', 'billy_klub', 'marihuana_cigaret', 'køleskibe', 'ascii', 'clapstick', 'spliff', 'bmw_x1', 'knippel', 'stik_hug_og_ta_til_fange', 'manuel_gearkasse', 'stafetten', 'kort_shifter', 'joysticks']
stone	stenmure	Found close match: ['sten', 'stone']	['natursten', 'juvel', 'henry_stone', 'i_f_stone', 'harlan_fisk_stone', 'smæk', 'juveler', 'oliver_stone', 'harlan_stone', 'picul', 'ædelsten', 'endokarpium', 'klippen', 'semiædle_sten', 'sten', 'harlan_f_stone', 'bjergart', 'edward_durell_stone', 'smykkesten', 'isidor_feinstein_stone', 'klipper', 'ædelstene', 'edelstein', 'afskallede_frugt', 'lucy_stone', 'stone', 'halvædelsten', 'harlan_fiske_stone', 'klippe', 'rock']
straight	runderne	Incorrect	['heterofili', 'lige_person', 'opløbsstrækningen', 'heteroseksuel_person', 'kryds', 'lige', 'ret', 'heteroseksualitet', 'heteroseksuelle', 'heterosexualism', 'hetero', 'heteroseksuel', 'straight', 'straks', 'hetrosexsuel', 'direkte']
suck	sluge	Found close match: ['suge', 'sug', 'sugende']	['sugende', 'suck', 'sutte', 'sug', 'amme', 'suge', 'sut', 'sugning']
sun	sol	Match	['sun_kwon', 'herrens_dag', 'sun', 'fiksstjerne', 'sigrid_raabe', 'utu', 'sol', 'solstråle', 'mars', 'seon', 'jupiter', 'cun', 'solmasser', 'solens_spektrum', 'solskive', 'solskin', 'sun_microsystems', 'solen', 'faste_stjerne', 'naturlig_belysning', 'søndag', 'utug', 'faste_stjerner', 'sollys', 'sun_tegn', 'sollyset', 'solmasse', 'sunhwa_kwon', 'solindstråling', 'sigrid', 'sun_television', 'solbade', 'sigrid_solbakk_raabe', 'venus', 'solcyklus', 'merkur', 'månen', 'the_sun', 'dominicus']
swell	afkølende	Not found	[]
swim	svømme	Match	['svømning', 'svømme', 'svøm', 'flyde', 'ray_of_light', 'akvatisk_bevægelse', 'konkurrencesvømning', 'svømmetur']
tail	halefjer	Found close match: ['haleender', 'haleend', 'hale']	['plat', 'shadower', 'suppleanter', 'agterstavn', 'anatomiske_hensyn_til_placering', 'plantar', 'numse', 'laterale', 'apikale', 'bag', 'agterstævn', 'tailender', 'prat', 'ventrolaterale', 'bagtil', 'følge', 'hale', 'balde', 'empennage', 'miles_tails_prower', 'tail', 'dorsoventral', 'forfølge', 'hind_ende', 'dorsolaterale', 'keister', 'posteriort', 'popo', 'bagperron', 'tush', 'vilkår_for_anatomiske_placering', 'bagdel', 'ventrale', 'kontralaterale', 'haleender', 'ipsilaterale', 'røv', 'caudalt', 'derriere', 'batting_rækkefølge', 'proximale', 'glutealregionen', 'distale', 'agterende', 'aboral', 'ende', 'halen', 'agterparti', 'boller', 'haleend', 'efter_en_del', 'bagenden', 'åbning_gærdespiller', 'bageste', 'hæk', 'midclavicular_linje', 'agter', 'haleenhed', 'tooshie', 'jagte', 'balder']
that	ikke	Not found	[]
there	der	Match	['der', 'did', 'derhen', 'there']
they	ikke	Incorrect	['atomnummer_54', 'xenon', 'they', 'de', 'xenonforgiftning', 'kønsneutrale_pronomen', 'xe', 'kønsspecifik_pronomen']
thick	tyk	Match	['tæt', 'fyldig', 'tykke', 'tyk', 'midte', 'tykt']
thin	tynde	Match	['tynde', 'fortynde', 'tyndt', 'tynd']
think	jeg	Incorrect	['tykkes', 'think', 'erindre', 'tror', 'tanke', 'intellection', 'huske', 'har_hensigt', 'tankeproces', 'tænke', 'finde', 'tænk', 'cerebration', 'hensigt', 'mindes', 'formoder', 'synes', 'forestiller_mig', 'mene', 'mener', 'tænkning', 'tanker', 'førelsen', 'forestille_sig', 'kognition', 'reflektere', 'tro', 'tænker']
this	denne	Match	['dette', 'denne', 'mig', 'this', 'thinis']
three	tre	Match	['prong', 'iii', 'santana_iii', 'tredeling', 'tercet', 'trine', 'tre', 'seventeen_seconds', 'bob_sinclar', '3', 'deuceace', 'succeeder', 'the_mighty_bop', 'christophe_lefriant', 'tri', 'terzetto', 'three', 'hi3g_danmark', 'achiever', 'ternion', 'mt_egypt', 'ennagram', 'ternære', 'enneagram']
throw	kaste	Match	['kompressionsslaget', 'smider', 'kaste', 'messinginstrumenter', 'messing_instrument', 'messingsuppe', 'holde', 'cam_slagtilfælde', 'messing', 'give', 'kastet', 'forvirre', 'har', 'smide', 'throw', 'messingblæser', 'kast', 'smid']
tie	kvartfinalepuljerne	Incorrect	['hals_slips', 'slips', 'tilknytte', 'svelle', 'jernbanesvelle', 'forbinde', 'uafgjort', 'jernbane_sovekabine', 'crosstie', 'tiein', 'sammenkæde', 'binde_stråle', 'pladespor', 'jernbanen_bånd', 'kæde', 'linkup', 'danne_par', 'railroad_slips', 'bindebue', 'binde']
tongue	sproglyde	Found close match: ['sprog']	['tunge', 'glossa', 'lengua', 'lingua', 'tungetale', 'naturlige_sprog', 'tunger', 'tongue', 'sprog', 'glossolalia', 'oksekød_tungen', 'naturligt_sprog', 'tungen']
tooth	hugtænder	Found close match: ['tænder', 'hugtand', 'mælketænder']	['mælketand', 'tand', 'bisse', 'hugtand', 'tænder', 'tak', 'pløk', 'mælketænder']
tree	træet	Match	['ungt_træ', 'trædiagram', 'undertræ', 'rodfæstet_træ', 'bladnode', 'træer', 'tree', 'charlotte_brontë', 'træ_datastruktur', 'hellige_træ', 'træet', 'blad_node', 'træ', 'kruskal_s_træ_teorem', 'kruskal_s_træ_sætning', 'forælder_node', 'træstamme', 'træ_tilbedelse', 'overordnet_node', 'roden_node', 'interiør_node', 'trævækst', 'træarter_i_verden', 'skov', 'barneknudepunkt', 'sir_herbert_beerbohm_tree', 'herbert_beerbohm_tree', 'charlotte_bronte', 'helligt_træ']
turn	bevæge	Not found	[]
two	tre	Incorrect	['succeeder', 'two', 'ennagram', '2', 'ii', 'enneagram', 'to', 'skinne', 'achiever']
vomit	indånder	Incorrect	['regurgitation', 'opkastning', 'barf', 'brækmiddel', 'disgorgement', 'vomitive', 'kaster_op', 'bræk', 'puking', 'brække_sig', 'opkast', 'kaste_op', 'nauseant', 'emesis']
walk	overnatte	Incorrect	['netværk', 'gå_af_livet', 'gående', 'pasgang', 'grafnode', 'graf', 'walking', 'baser_på_bolde', 'gå_tur_med', 'hest_gangart', 'gang', 'gangbroer', 'ambulation', 'walk', 'kant', 'gangbro', 'simpel_graf', 'base_på_bolde', 'orienteret_graf', 'skridt', 'gåtur', 'paseo', 'gangart', 'ikkeorienteret_graf', 'the_walk', 'valka', 'gå', 'måde_walking']
warm	varme	Match	['øm', 'varmt', 'varm', 'opvarme', 'varme', 'varmer', 'kærlig']
wash	vaske	Match	['buried', 'arroyo', 'the_wash', 'vaskekonen', 'lavation', 'vask', 'washables', 'vaskes', 'vasketøj', 'kinesisk_vaskeri', 'slipstrøm', 'vask_tegning', 'wash', 'unearthed', 'scan', 'udvaskning', 'vaske', 'vasker', 'vaskeri', 'lavering', 'tørre_vask', 'lost_dogs', 'slipstreame', 'snavsetøj']
water	vand	Match	['englestøv', 'drikkevand', 'urinere', 'vassdrag', 'vandsystem', 'vandis', 'fencyklidin', 'vandmolekyle', 'vandmasse', 'havvand', 'anuri', 'urin', 'water', 'phencyclidin', 'dihydrogenmonooxid', 'h2o', 'tisse', 'pcp', 'piddle', 'vandforsyningsnettet', 'drop_hegn', 'weewee', 'polyuri', 'vande', 'tis', 'vandladning', 'quoin', 'blood_red_shoes', 'offentlig_vandforsyning', 'industriel_vand', 'damp', 'vandkilde', 'quoins', 'smeltevand', 'vandforsyning', 'farvande', 'vanddråbe', 'vand', 'vandfordelingssystem', 'flydende_vand', 'vanddamp', 'vandrensning', 'phencyclidin_hydrochlorid', 'pisse', 'vandledninger', 'h₂o', 'brugsvand', 'is', 'vandområder', 'lade_vandet', 'ajle', 'vandressourcer', 'deioniseret_vand', 'nitrogenholdigt_affald', 'is_høst', 'vandområde']
we	jeg	Not found	[]
wet	fugtige	Found close match: ['fugt']	['vådt', 'englestøv', 'pcp', 'våde', 'wet', 'vesteuropæisk_tid', 'fencyklidin', 'våd', 'phencyclidin_hydrochlorid', 'fugt', 'phencyclidin']
what	hvad	Match	['hvilken', 'hvilke', 'hvilket', 'hvad']
when	da	Match	['hvornår', 'da', 'når', 'diamonds_for_breakfast']
where	hvor	Match	['hvor']
white	hvide	Match	['sort', 'menneskelige_hudfarve', 'hvide', 'hvid_person', 'andrew_d_white', 'patrick_victor_martindale_white', 'blank', 't_h_white', 'europid', 'hvid_og_sort_i_skak', 'white', 'white_airways', 'black', 'elfenben', 'blackface', 'hvide_mennesker', 'edward_white', 'asiatisk', 'edward_d_white', 'æggehvider', 'pieris', 'white_løb', 'andre_racer', 'stanford_white', 'hudfarve', 'kaukasiske_race', 'kaukasiske', 'hispanic', 'caucasoid', 'ninjutsu_i_magic_the_gathering', 'andrew_dickson_white', 'hvide_race', 'planeswalker', 'patrick_white', 'caucasoid_løb', 'white_people', 'latino', 'edward_douglas_white_jr', 'theodore_h_white', 'theodore_harold_white', 'white_river', 'hudens_pigmentering', 'æggehvide', 'europære', 'hvidt', 'magic_the_gathering', 'hvid', 'offwhite', 'steven_pelé', 'elwyn_brooks_white', 'caucasoids', 'e_b_white', 'ovalbumin']
who	eksmand	Incorrect	['jim_neidhart', 'world_health_organisation', 'zayn_malik', 'zain_javadd_malik', 'the_world_health_organization', 'world_health_organization', 'verdensundhedsorganisationen', 'who', 'hvem', 'hvilken', 'the_who', 'verdenssundhedsorganisationen', 'zayn']
wide	bredt	Found close match: ['bred', 'brede']	['brede', 'bred', 'vid']
wife	steddatter	Incorrect	['viv', 'gift_kvinde', 'hustru', 'frue', 'konen', 'kone', 'koner', 'ægtehustru', 'ægteviv']
wind	blæser	Match	['vindenergi', 'wiatr', 'potentielt_emne', 'blæst', 'kundeemne', 'akeboshi', 'bryde_vind', 'luft', 'malarky', 'vind_assistance', 'fortrolige_oplysninger', 'strøm_af_luft', 'farting', 'vind', 'vinden', 'blæseinstrumenter', 'klokke', 'mod_vinden', 'luftstrøm', 'blæser', 'elektromagnetisk_spole', 'blæserinstrument', 'prut', 'luftstrømmen', 'vikling', 'pruttet', 'vindassisteret', 'malarkey', 'emne', 'wind', 'vinde', 'vindstød', 'flatus', 'tomme_ord', 'blæseinstrument']
wing	højrefløjen	Found close match: ['fløjen']	['spoiler', 'gliders', 'flyvinge', 'hindwing', 'udenfor_centrum', 'flyhalvdel', 'fender', 'indersiden_center', 'tighthead_prop', 'prop_fremad', 'flankerende_manøvre', 'annexe', 'venstre_flankerende', 'flyhalf', 'elverfolket', 'fløj', 'insekt_flyvning', 'bilag', 'flankerende', 'backstage', 'vingen', 'dummyhalv', 'vinger', 'swingman', 'bagskærm', 'gone_again', 'fugl_flyvning', 'flanke', 'wing', 'flyve', 'hjulet_godt', 'fløjen', 'første_fem_ottendedel', 'elfquest', 'vagtforward', 'offstage', 'vingefang', 'vinge']
wipe	ødelægge	Incorrect	['tør', 'tørre']
with	med	Match	['med']
woman	kvinde	Match	['kvinden', 'rengøringskone', 'kvinde', 'dame', 'kvindelige', 'charlady', 'damemenneske', 'woman', 'rengøring_kvinde', 'klaatu', 'rengøring_lady', 'voksne_kvindelige', 'hun', 'hunkøn', 'retfærdig_sex', 'nancy_benoit', 'det_svage_køn', 'feminin', 'kvindemenneske', 'harry_styles', 'fruentimmer', 'kvinder']
worm	skrubtudse	Incorrect	['vriste', 'willie_mccarter', 'eventyrdrage', 'orm', 'computer_orm', 'vride_sig', 'worm', 'snavs_bold', 'orme']
year	år	Match	['tropiske_år', 'alder', 'året', 'astronomiske_år', 'solåret', 'tidsalder', 'equinoctial_år', 'ma', 'lang_tid', 'gennemsnitlige_tropiske_år', 'skatteår', 'tolv_måneder', 'år', 'gigaannum', 'aars', 'kiloannum', 'megaannum', 'gregorianske_år', 'tropisk_år', 'anomalistic_år', 'yr', 'solår', 'pa', 'ga', 'annum']
yellow	gul	Match	['hong_jinho', 'gult', 'blondine', 'hwang_ho', 'blond_hår', 'eiko_shimamiya', 'den_gule_flod', 'yellow_river', 'gule', 'yellow', 'huang_ho', 'huang_he', 'blonde_hår', 'gule_flod', 'blond', 'gul', 'gulhed', 'zebrahead']
you	jeg	Incorrect	['no_control', 'amy_lee', 'you', 'amy_lynn_lee', 'pablo_honey', 'janne_da_arc', 'du', 'dig', 'monster', 'amy_hartzler', 'fly', 'the_real_testament']
