all	minden	Match	['univerzális_kvantifikáció', 'minden', 'akut_limfocitás_leukémia', 'mindegyik', 'univerzális_kvantor', 'all', 'teljesen', 'akut_limfoblasztos_leukémia', 'egyetemes_lezárását', 'mindannyian', 'egészen', 'mind', 'valamennyi', 'egyetemes_mennyiségi']
and	és	Match	['nand', 'diszkrét_logikai', 'nor', 'konjunkció', 'and', 'logikai_összefüggésben', 'logikai_áramkör', 'armed_and_dangerous', 'xnor', 'logikai_kapuk', 'logikai_kapu', 'not', 'és']
animal	állati	Match	['fauna', 'lelkesít_hogy', 'animal', 'állati_szaporodás', 'epifauna', 'wasp', 'animalia', 'epifaunal', 'állatvilág', 'állatok', 'növényi', 'állatélet', 'metazoans', 'lény', 'makrofauna', 'lény_típus', 'road_warrior_animal', 'far_east_movement', 'mike_duda', 'infauna', 'doug_blair', 'állati', 'mike_dupke', 'reality_check', 'állat']
ashes	hamvadó	Incorrect	['post_mortem', 'hamu', 'ashes']
at	ahol	Not found	[]
back	visszamenni	Found close match: ['vissza']	['jobb_hátsó', 'hátgerinc', 'háttámla', 'tighthead_prop', 'back', 'hátulsó', '백', 'rachis', 'bal_hátsó', 'hátvéd', 'vertebron', 'flyhalf', 'balback', 'borító', 'védő', 'hátsó', 'első_ötnyolcadik', 'kötés', 'középhátvéd', 'csigolya', 'vissza', 'szár', 'könyvkötészet', 'gerincoszlop', 'hát', 'hát_közepén', 'támogatom', 'gerincoszlopot', 'hátulja', 'fly_felét', 'gerinc', 'csigolyák']
bad	rossz	Match	['rosz', 'big_audio_dynamite', 'gonoszság', 'royce_da_59', 'gonosz', 'rosszaság', 'rossz', 'bad', 'bad_world_tour', 'romlott']
bark	fakéreg	Found close match: ['fa_kéreg', 'kéreg']	['ugatás', 'ckb–55', 'fa_kéreg', 'il2', 'bark', 'periderm', 'ugat', 'barque', 'ckb55', 'il–2', 'bárka', 'kéreg', 'il_2_sturmovik', 'sturmovik', 'bs2', 'bs–2']
because	mert	Match	['mert', 'because']
belly	mellkasa	Incorrect	['könnyű_pénz', 'pocak', 'hasa', 'hasi_izmok', 'belly', 'emberi_has', 'has']
big	óriási	Incorrect	['bjarke_ingels_group', 'gyümölcsés', 'száraz', 'mineralitás', 'gyümölcs', 'big', 'nagyok', 'stypsis', 'nagy', 'test', 'norm_nixon']
bird	madár	Match	['madár', 'ujját', 'madárvilág', 'mikuni_shimokawa', 'yardbird_parker', 'edward_bird', 'szajha', 'aves', 'avafauna', 'hess', 'tollaslabda', 'kakas', 'az_ujját', 'charlie_parker', 'madárvilága', 'madarak', 'bird_parker', 'bird', 'éjszakázó', 'tollaslabdajáték', 'bronx_vidámság', 'bird_–_charlie_parker_élete', 'charles_christopher_parker', 'razzing', 'razz', 'avialae']
bite	harapni	Found close match: ['harap', 'harapás']	['tízórai', 'fűszeres', 'chomp', 'csípés', 'harap', 'csípős', 'pikáns', 'szúrás', 'csípősség', 'uzsonna', 'falatozás', 'bispecifikus_tsejtkapcsolótag', 'harapás', 'lekötés', 'steven_hassan', 'rovarcsípés']
black	fekete	Match	['sensation', 'fekete_ember', 'final_fight_3', 'fekete_bőrű', 'black', 'szerecsen', 'feketebőrű', 'raszter_feketeség', 'negroid', 'négerek', 'shirley_temple', 'fekete_bőrűek', 'színek', 'fekete_nő', 'lightlessness', 'negroids', 'feketebőrűek', 'fekete_közösség', 'feketeafrikai', 'taio_cruz', 'final_fight', 'afrikai_származású', 'néger', 'néger_jellegű', 'colin_vearncombe', 'ázsiai', 'planeswalker', 'spanyol', 'kari_kimmel', 'latino', 'teljes_sötétségben', 'más_fajok', 'szín', 'inkiness', 'fehér', 'fekete_nők', 'shirley_temple_fekete', 'magic_the_gathering', 'fekete', 'joseph_black']
blood	vér	Match	['vérvonalból', 'származású', 'vérrokon', 'blood', 'rakehell', 'emberi_vér', 'öröklődés', 'bordeaux', 'véráramba', 'véres', 'vérlemezke', 'vér', 'vs', 'bordeaux_bor', 'vérerek_sérülése', 'persistence_of_time', 'vérvonal', 'hematológiai', 'bordeauxi_borvidék', 'trombocita', 'collective_soul', 'oxigéndús_vér', 'genetikai_örökség', 'örökletes', 'the_black_parade', 'kicsapongó', 'cj', 'getting_away_with_murder']
blow	gyújtani	Incorrect	['visszaesés', 'fúj', 'a_helyszínelők', 'blow', 'lebeg', 'robbantani', 'betépve', 'széllökés', 'orr_candy']
bone	csontok	Match	['csontok', 'os', 'csontszövettel', 'piszkosfehér', 'def_jam_recordings', 'csont', 'bone', 'elefántcsont', 'csontos']
breast	mellrák	Match	['mellkasi', 'csöcs', 'pectus', 'fehérhúsú', 'emlő', 'melle', 'mell', 'thorax', 'cici', 'emlőrák', 'mellrák', 'the_breast', 'kebel', 'mellkas']
breathe	lélegezni	Not found	[]
burn	elégetni	Found close match: ['eléget', 'égni', 'éget']	['tűzvész', 'fc_dallas', 'ég', 'égési_sérülés', 'vízfolyás', 'égés_és_forrázás', 'burn', 'tan', 'időszakos_patak', 'tűz', 'harmadik_fokú_égési', 'égni', 'patak', 'hamilton', 'éget', 'éget_mark', 'ruisseau', 'lebarnulás', 'láng', 'erythema_solare', 'patakok', 'harmadfokú_égések', 'leégés', 'égés', 'második_fokú_éget', 'harmadik_foka_éget', 'elég', 'napégés', 'eléget', 'lángoló']
child	gyermek	Match	['gyermek', 'gyermekem', 'srác', 'gyerek', 'lenfant', 'kiskorú', 'jelentéktelen', 'gyermekkor', 'lánya', 'ifjú', 'félpennys', 'gyermeke', 'iskolás', 'kisebb', 'gyermekek', 'lány', 'preserdülő', 'siheder', 'a_gyermek', 'fiatalkorú', 'ifjonc']
cloud	felhő	Match	['nyilvános_felhő', 'raj', 'felleg', 'tömeg', 'kiba', 'felhőalapú_számítástechnika', 'felhő_szolgáltatások', 'felhő_alapú_számítástechnika', 'szolgáltatott_infrastruktúra', 'felhőalapú', 'hibrid_felhő', 'felhők', 'cloud_computing', 'daniel_cloud_campos', 'felhő_az_infrastruktúra', 'rajzás', 'felhő_szolgáltatás', 'cloud_strife', 'sereg', 'cloud', 'felhő', 'cloud_hosting', 'infrastruktúra_mint_szolgáltatás', 'felhő_számítástechnika', 'számítási_felhő', 'felhőképződés']
cold	hideg	Match	['heveny_orrgaratgyulladás', 'hidegen', 'hidegvérű', 'heveny_rhinitis', 'rhinopharyngitis', 'mghűlés', 'nasopharyngitis', 'rideg', 'john_gary', 'alacsony_hőmérséklet', 'meghűlés', 'acut_respiratiós_betegség', 'copd', 'krónikus_obstruktív_tüdőbetegség', 'hideg', 'krónikus_obstruktív_légúti_betegség', 'hűléses_hurut', 'felső_légúti_hurut', 'nátha', 'cold', 'craig_david', 'megfázás', 'nicole_scherzinger', 'catarrhus', 'egyszerű_meghűlés']
come	eljönni	Found close match: ['megjön', 'jön']	['elérje', 'gyere', 'cum', 'elélvez', 'elér', 'sperma', 'ondófolyadék', 'jön', 'ondó', 'megjön', 'érkeznek', 'come', 'odajön', 'lövell', 'ejakulátum', 'eszébe_jut']
correct	helytelen	Found close match: ['helyes']	['hibátlan', 'korrekt', 'beállít', 'helyes', 'állítsa_be']
count	őrgróf	Found close match: ['gróf', 'grófok', 'grófság']	['gróf', 'fontolja_meg', 'felsorolás', 'nyom', 'számol', 'helyiértékes_számrendszer', 'számít', 'lista', 'countship', 'jarl', 'earls', 'teljes_szám', 'sql_programozási_nyelv', 'sql', 'számrendszer', 'hetes_számrendszer', 'megszámol', 'számrendszertan', 'monte_cristo_grófja', 'comital', 'comtesse', 'grófság', 'számolás', 'számrendszerek', 'grófok', 'structured_query_language', 'hármas_számrendszer', 'számlál']
cut	vágták	Found close match: ['vágás', 'vágott', 'kivágás']	['csökkenteni', 'cut', 'vágás', 'kútfalva_község', 'cenzúra', 'film_szerkesztő', 'seb', 'lerövidít', 'kútfalva', 'hideg_váll', 'fordít', 'vágott', 'kivágás', 'montázs', 'kikapcsol', 'megsebesített', 'élesvágás', 'nyílt_seb', 'film_szerkesztése', 'a_cenzúra', 'cenzorok', 'film_szerkesztés', 'tükrözés', 'sebek', 'vágott_hús', 'baseball_swing', 'cenzor']
day	napon	Match	['átlagos_szoláris_nap', 'huszonnégy_óra', 'szoláris_nap', 'napot', '24_órán_belül', 'fiktív_egyenlítői_középnap', 'clarence_day', 'day', 'clarence_shepard_day_jr', 'nap', 'csillagászati_nap', '24órás_intervallumban', 'nappal', 'napon', 'nap_hosszúságú', 'szoláris_idő', 'nap_hossza', 'fiktív_ekliptikai_középnap', 'látszólagos_szoláris_idő', 'napközben']
die	letzten	Not found	[]
dig	ásni	Match	['ás', 'az_ősi_prófécia', 'ásás', 'megragadni', 'andré_dignimont', 'felfog', 'régészeti_lelőhely', 'csúfolódás', 'ásni', 'dig', 'ért']
dirty	piszkos	Match	['dirrty', 'beszennyez', 'l1_cache', 'a_talajok_kialakulását_befolyásoló_tényezők', 'gyorsítótárazás', 'földes', 'cpu_cache', 'szennyezett', 'cache_vonal', 'memória_cache', 'tárolt', 'cache_memória', 'bepiszkít', 'koszos', 'dirty', 'mocskos', 'kosz', 'mocsok', 'cpugyorsítótár', 'underworld', 'piszkos', 'gyorstár', 'writeback', 'l2_cache', 'talajosodás', 'föld', 'összepiszkít', 'cache', 'ramgyorsítótár', 'utasításgyorsítótár', 'talaj', 'cache_miss', 'piszok', 'l3_cache', 'gyorsítótár', 'setasszociatív']
dog	kutya	Match	['eb', 'firedog', 'gazember', 'familiaris', 'szuka', 'c_lupus_familiaris', 'kutya_hús', 'zárócsap', 'kutyafélék', 'canis_familiaris', 'hot_dog', 'hajszol', 'kutya', 'virsli', 'canids', 'reteszelődő', 'pecek', 'kutyák', 'csoroszlya', 'űz', 'canidae', 'kutyahús', 'duck_hunt', 'kutyus', 'canis_lupus_familiaris', 'családi_canidae', 'kutyahús_kutyaprém', 'andiron', 'hotdog', 'valódi_kutyaformák', 'hazai_kutya', 'üldöz', 'dogvas', 'bécsi_virsli']
drink	italt	Match	['ivás', 'kicsapongás', 'italok', 'lil_jon', 'nyelés', 'iszik', 'iható', 'igy', 'deglutition', 'inni', 'ital', 'igyál', 'italt']
dry	száraz	Match	['gyümölcsés', 'dry_loiret', 'száraz', 'mineralitás', 'tiltó', 'gyümölcs', 'száradni', 'szárazon', 'stypsis', 'szárít', 'dry', 'test']
dull	élénkpiros	Incorrect	['unalmas', 'tompa', 'buta', 'hülye', 'idióta', 'ostoba']
dust	por	Match	['fannings', 'törmelék', 'fenciklidin', 'fenciklidin_hidroklorid', 'port', 'babylon_5', 'angyalpor', 'dust', 'fencidiklin', 'pekoe', 'orange_pekoe', 'por', 'terméskő']
ear	szemgolyó	Incorrect	['emberi_fül', 'szánt', 'auris', 'csúcspont', 'csúcs', 'ear', 'fül_bomlás', 'fül', 'fülkagyló', 'kalász', 'pinnae', 'füle']
earth	bolygónkat	Incorrect	['terra_firma', 'brontitall', 'saiyan', 'földi_aggodalomra', 'a_galaxis_útikalauz_stopposoknak_helyszínei', 'golgafrincham', 'androméda', 'dragon_ball', 'a_kék_bolygó', 'szilárd_talajon', 'earth', 'lamuella', 'szárazföld', 'magrathea', 'világban', 'föld', 'dragon_ball_af', 'világon', 'milliways', 'krikketi', 'világi_aggodalom', 'ace_combat', 'a_föld']
eat	enni	Match	['eszik', 'étkező', 'táplál', 'étkezési', 'etet', 'egyél', 'táplálkozás', 'eat', 'etetés', 'enni', 'evés']
egg	tojásos	Found close match: ['tojás', 'tojást', 'a_tojás']	['baromság', 'botsáskák', 'osi', 'petesejt', 'heregolyó', 'nyílt_rendszerek_összekapcsolása', 'hal_tojás', 'golyó', 'tök', 'tojástermelés', 'herék', 'madár_tojás', 'elliptikus', 'ballock', 'tojás', 'osi_referencia_modell', 'egg', 'osimodell', 'ellipszis', 'testis', 'augustus_egg', 'teste', 'pete', 'a_tojás', 'petesejtek', 'phasmida', 'rendelés_phasmida', 'mogyoró', 'phasmatodea', 'botsáska', 'csirke_tojás', 'osi_modell', 'tojást', 'here', 'tojás_hal', 'rendelés_phasmatodea', 'ovális']
eye	szem	Match	['eye', 'optikai', 'a_szem', 'rügy', 'szemet', 'szeme', 'oculi', 'the_eye', 'szemlencse', 'eyewall', 'szem', 'közepén', 'oculus', 'szemgolyó', 'rügyek']
fall	őszre	Found close match: ['ősz', 'ősszel', 'őszi']	['virradat', 'pin', 'alkonyatkor', 'az_ember_bukása', 'leszálló', 'lanka', 'esés', 'fall', 'natalia_lesz', 'the_fall', 'fényszóródás', 'őszén', 'hajózási_szürkület', 'bűneset', 'őszi', 'evenfall', 'pirkadás', 'pirkadat', 'crépuscule', 'crepuscle', 'félhomály', 'a_zuhanás', 'gloam', 'fall_of_man', 'ősszel', 'csillagászati_szürkület', 'appoggiatura', 'esik', 'szürkület', 'esthajnal', 'alkony', 'zuhanás', 'előke', 'alkonyat', 'ősz']
far	messze	Match	['távol', 'messzire', 'sokkal', 'far', 'kuba_hadereje', 'hadsereg_a_ruanda_felszabadításáért', 'messze', 'kubai_légierő', 'korábbi_fegyveres_erők', 'alapterület_arány', 'alir', 'interahamwe']
fat	zsírtartalma	Incorrect	['zsír', 'szteatocita', 'túlsúly', 'zsírszövet', 'lipidek', 'what’s_that_noise', 'steatocyta', 'száraz', 'fat_32', 'kövérség', 'lipid', 'zsírsejt', 'stypsis', 'testesség', 'fat', 'fat16', 'gyümölcsés', 'fájlallokációs_tábla', 'zsírok', 'zsigeri_zsír', 'fat_16', 'adipocyta', 'kövér', 'lipoid', 'test', 'fat32', 'adipocita', 'mineralitás', 'adiposis', 'gyümölcs', 'glicerolipid', 'thaiföldi_labdarúgószövetség', 'túlsúlyos', 'file_allocation_table', 'transzzsír', 'testzsír']
father	apja	Not found	[]
fear	félelem	Match	['fear', 'félni', 'marillion', 'félelem', 'inside_out', 'áhitat', 'retteg', 'fél', 'rettegés', 'agymanók', 'ijedtség']
feather	gallér	Incorrect	['jak17', 'tollazat', 'barbule', 'madártoll', 'eclipse_tollazat', 'jak–17', 'jak–15', 'jak15', 'filoplume', 'toll']
few	néhány	Match	['kevesen', 'pár', 'kevés', 'mennyiség', 'kevesek', 'néhány']
fight	harc	Match	['ütközés', 'engedélyezi', 'katonai_szerepvállalás', 'versenyképesség', 'harcolni', 'harcol', 'ütközet', 'harci_képzés', 'verekszik', 'fegyveres_harc', 'harcok', 'harc', 'konfliktus', 'csatározások', 'harci', 'harcoló', 'harcot', 'csata', 'fight']
fingernail	kézfej	Incorrect	['köröm', 'körmök']
fire	tűz	Match	['tűzvész', 'buzgóság', 'tűzeset', 'emerson_lake__palmer', 'tűz_van', 'heartbreak_on_hold', 'kelis_was_here', 'fire', 'emerson_lake_and_palmer', 'tűz', 'anarchy', 'éget', 'firejericho', 'kirúg', 'láng', 'fervidness', 'leona_lewis', 'tina_barrett', 'elp', 'lets_cheers_to_this', 'leona_louise_lewis', 'eléget', 'lángoló']
fish	édesvízi	Incorrect	['tengeri_halak', 'halàszni', 'fish', 'halfauna', 'go_fish', 'halat', 'hal', 'halászik', 'friendly_interactive_shell', 'halak', 'pisces', 'puha_ray', 'pterygiophore', 'fluoreszcens_in_situ_hibridizáció', 'halak_a_halak', 'halszálka', 'megsütjük', 'jasper_fish', 'élelmiszerhal', 'phish', 'úszós_halak', 'fingerling', 'fiatal_angolna']
five	nyolc	Incorrect	['5ive', 'sugarcult', 'succeeder', '5', 'totál_szívás', 'ötnapos_időjárási_időszak', 'enneagramma', 'kis_phoebe', 'cinque', 'tökös_ötös', 'hollywood_undead', 'five', 'tanul', 'öt', 'kosárlabda_csapat', 'öten', 'ötös', 'kosárlabda_csapata']
float	lebegve	Found close match: ['lebeg', 'lebegni']	['vakoló_a_float', 'lebegőpontos_számábrázolás', 'jégkrém_float', 'stíluslap', 'lebegőpontos_szám', 'lebegni', 'gáz_hólyag', 'css', 'közkézhányad', 'lebegőpontos_számok', 'cascading_style_sheets', 'úszó', 'lebegőpontos_aritmetikai', 'lebegőpontos_aritmetika', 'float', 'fúj', 'ellenőrizetlen_dekompressziós', 'állami_float', 'ponton', 'swimbladder', 'úszik', 'lebegőpontos', 'úszók', 'jégkrém_szóda', 'lebeg', 'egymásra_épülő_stíluslapok', 'css3', 'úszóhólyag', 'bobfloat']
flow	vízmennyiség	Incorrect	['áramlástan', 'folyadékok_és_gázok_mechanikája', 'folyadék_dinamika', 'rappelés', 'térfogatáram', 'hidraulika', 'folyadék_mechanika', 'rapping', 'folyadék_fizika', 'hidrodinamika', 'rap', 'rapper', 'áramlástani', 'hidraulikusan', 'flowélmény', 'folyadék_dynamicist', 'áram', 'hidraulikus', 'áramlás', 'egyenletes_áramlás', 'áramlási_sebesség', 'hidraulikus_nyomás', 'folyó', 'grail', 'menstruál', 'young_money_entertainment', 'gravity_recovery_and_interior_laboratory', 'florent_mothe', 'flow', 'catamenia', 'menstruáció', 'emceeing', 'rapperek', 'áramlási_hálózat', 'protorap', 'hidrodinamikai', 'áramlását', 'hatásfokozó_utat', 'térfogati_áramlási_sebesség', 'kopogó', 'rap_művész']
flower	virágok	Match	['relient_k', 'play', 'flos', 'flower', 'epicuticular_viasz', 'rügyek', 'csúcspont', 'virágokat', 'gackt', 'virágzás', 'virágos', 'a', 'virág', 'virágok', 'terméskötődés', 'virágzik', 'bambi']
fly	repülni	Match	['fly_ball', 'kétszárnyúak', 'ciara', 'wanessa', 'a_légy', 'repülés', 'sátorlapot', 'diptera', 'fly_elöl', 'rainfly', 'sátorfly', 'légy', 'fly_lap', 'repül', 'pillangó', 'legyek', 'fly', 'true_legyek', 'menekül', 'repülj', 'repülni', 'repít', 'dipterans', 'pillangóúszás']
fog	felhős	Incorrect	['a_köd', 'talajmenti_köd', '10th_avenue_freakout', 'köd']
foot	láb	Match	['gyalogság', 'láb', 'gyalog', 'mollusca', 'emberi_láb', 'pes', 'metrikus_láb', 'gyalogos', 'állati_láb', 'puhatestű', 'understructure', 'pada', 'lábfej', 'fővitorlát', 'metrikus_mértékegység', 'alapítvány', 'puhatestűek', 'törzs_mollusca', 'lepel', 'gyalogezred', 'foot', 'varrógép', 'gerinctelen_láb', 'ft', 'lábánál', 'versláb', 'időjárás_lap', 'gombolyag']
forest	erdő	Match	['fagráf', 'liget', 'nottingham_forest_football_club', 'tűlevelű_erdők', 'erdők', 'rengeteg', 'erdőség', 'nottingham_forest', 'mérsékeltövi_erdős_terület', 'vorst', 'erdő', 'forest', 'gyökeres_fa', 'erdős', 'fa', 'wälder', 'erdei', 'nottingham_forest_fc', 'erdővidék', 'erdőben']
four	négy	Match	['tetrád', 'négy_helyszínen', 'forth', 'succeeder', 'tetractys', 'enneagramma', 'kvaterniók', 'hat', 'tanul', 'four', 'kis_joe', 'quatern', '4', 'négy', 'iv', 'channel_4', 'quaternity', 'négy_részből_álló', 'planetary', 'quaternions', 'four_isère', 'négyes']
freeze	lehűtik	Incorrect	['lefagy', 'freeez', 'todd_smith', 'fagyasztó', 'fagyasztás', 'fagy', 'freeze', 'jordin_sparks', 'bloodline']
fruit	gyümölcs	Match	['gyümölcsés', 'száraz', 'fruit', 'mineralitás', 'áltermés', 'gyümölcs', 'termés', 'gyümölcsök', 'kaszat', 'gyümölcsöt', 'stypsis', 'vetőmag_pod', 'test']
full	teljes	Match	['tele', 'full', 'fullofthemoon', 'teljesen', 'teljes', 'telihold', 'holdtölte', 'teljes_a_holdfázis']
give	adni	Not found	[]
good	jó	Match	['teljesen', 'good_music', 'cikkek', 'jóság', 'érték', 'becsületes', 'jól', 'emberi_értékek', 'etikai_értékek', 'good', 'áru', 'áruk', 'javak', 'szűkösség', 'jelentőség', 'jószág', 'libellé', 'kereskedelem_jó', 'gazdasági_jó', 'árucikk', 'jó', 'fontosság']
grass	talajú	Incorrect	['graminoid', 'günter_grass', 'marihuánát', 'nothing_can_stop_us', 'sens', 'mariska', 'gyógynövény', 'fű', 'takarmány', 'kalászkák', 'grass_gis', 'eatage', 'graminaceae', 'marihuána', 'sporobolus_caespitosus', 'supergrass', 'család_poaceae', 'skylarking', 'pázsitfüvek', 'sess', 'családi_graminaceae', 'fű_család', 'zöld_istennő', 'perjefélék', 'füvek', 'poaceae', 'kannabisz', 'fűfélék', 'stoner', 'füvet', 'gramineae', 'pázsitfűfélék', 'mary_jane', 'gunter_grass', 'fűféle', 'családi_gramineae', 'gunter_wilhelm_grass', 'gyógyfű']
green	zöld	Match	['környezet_megóvása', 'környezetvédelmi_aktivisták', 'zöld_politika', 'sárga_zöld', 'jade_zöld', 'a_közvagyon', 'jáde', 'zöldessárga', 'hiszékeny', 'sárgászöld', 'super_c', 'környezeti_aktivizmus', 'zöld_leveles_zöldség', 'száraz', 'supersav', 'puska_zöld', 'william_green', 'cat_valium', 'méz_olaj', 'borsó_zöld', 'stypsis', 'környezetbarát', 'park', 'green', 'chartreuse', 'bottle_green', 'környezetvédő_mozgalom', 'commons', 'zöldesség', 'golfpálya_lyuk_körüli_pázsitja', 'speciális_k', 'gyümölcsés', 'vadász_zöld', 'zöld_növényi', 'environmentalizmus', 'közös', 'környezetbarát_jelölés', 'zöld_vált', 'zöldít', 'putting_green', 'sötétzöld', 'zöldség', 'zöldek', 'környezeti_tudatosság', 'ökologizmus', 'zöld', 'vert', 'test', 'feldgrau', 'green_river', 'üzembe_felület', 'környezetvédelem', 'mineralitás', 'gyümölcs', 'leveles_zöldségek', 'brunswick_zöld', 'környezetvédők', 'környezetvédelmi_aktivista', 'zöldes', 'zöldpolitika', 'kelly_zöld', 'smaragd', 'leveles_zöldség', 'zöld_mozgalom']
guts	szörnyeteggé	Not found	[]
hair	szőrzet	Found close match: ['szőr', 'szőrszálakat', 'szőrös']	['szőrszálakat', 'hairsszélesség', 'hair', 'haj', 'szőr', 'szita', 'hairsbreadth', 'haja', 'szőrös', 'emberi_haj', 'fej_haj']
hand	kézzel	Found close match: ['kézfej', 'kéz']	['kezében', 'drazi', 'kézírás', 'dilgarokkal', 'kézfej', 'ad', 'kezét', 'thomas_hand', 'brakiri_krona', 'kártyajáték', 'brakiri', 'script', 'kártyák', 'manus', 'hand', 'system_of_a_down', 'cordella', 'segítő_kéz', 'bérelt_ember', 'híd_játékos', 'béres', 'kéz']
he	ő	Not found	[]
head	feje	Found close match: ['fejet', 'fej', 'feji']	['al_snow', 'head', 'http', 'vezet', 'hír', 'tanárnő', 'törzsfőnök', 'fejét', 'nagykutya', 'vezetni', 'http11', 'dirty_mind', 'ész', 'bűncselekmény_lord', 'folyóiratcikk', 'igazgatója', 'igazgató', 'fellatio', 'újságcikk', 'elme', 'maffia_főnök', 'kérdés', 'hegyfok', 'feji', 'psziché', 'chieftaincy', 'vezet_történet', 'főnök', 'pseudanthium', 'dobbőr', 'bűncselekmény_főnök', 'fővitorlát', 'iskola_igazgatója', 'vezetője', '69es_pozíció', 'chieftainship', 'értelem', 'cikk', 'kalauzol', 'mentális_tartalom', 'brian_welch', 'http_kérés', 'hidraulikus_fej', 'hidraulikus_gradiens', 'terel', 'felláció', 'iskolaigazgató', 'vezető', 'szopás', 'forrás', 'skót_klán_főnöke', 'orális_szex', 'lepel', 'vezér', 'igazgatónő', 'író__olvasó_fej', 'irányít', 'kormányoz', 'tanító', 'emberi_elme', 'fej', 'maffiavezért', 'hypertext_transfer_protocol', 'fejenként', 'fő', 'időjárás_lap', 'gombolyag', 'fejet', 'nous']
hear	megszólalni	Incorrect	['figyelj', 'hallásvédelem', 'hallgat', 'hallásérzék', 'hallási_modalitás', 'hallani', 'hallás', 'figyel', 'hangzásbeli', 'emberi_hallás', 'hallása', 'hall']
heart	szív	Match	['szív', 'emberi_szív', 'raw_like_sushi', 'a_vérfarkas', 'szívem', 'odaát', 'heart', 'tetveskavicsos', 'jobbra_szív', 'szívvel', 'kivonat', 'emberi_szív_anatómiája', 'eszencia', 'cor', 'vérmérséklet', 'philia', 'pericardialis_folyadék', 'alexz_johnson', 'lynz', 'szív_és_lélek', 'szeretet', 'lényeg', 'közepén', 'szív_kamra', 'cordis', 'mindless_self_indulgence']
heavy	nehéztüzérség	Incorrect	['gyümölcsés', 'száraz', 'mineralitás', 'gyümölcs', 'doktor_house_1_évad', 'nehéz', 'testőre', 'test', 'testőrsége', 'súlyos', 'stypsis', 'testőrök', 'doktor_house', 'testőr', 'team_fortress_2', 'heavycom', 'heavy', 'az_állam_vs_radric_davis']
here	gondolom	Incorrect	['itt', 'ide', 'hera', 'here', 'héra']
hit	telitalálat	Found close match: ['találat']	['elérje', 'ütközés', 'ütő', 'hit', 'gólt', 'találat', 'elér', 'ütés', 'hít', 'bázis_hit', 'pontszám', 'sztrájk', 'üt', 'öl', 'ütközések', 'üti']
hold	tartani	Not found	[]
horn	üstdob	Incorrect	['kerékpár_kürt', 'kürt_antenna', 'trombitás', 'francia_horn', 'horni_járás', 'vadászat_kürt', 'trombita', 'autóduda', 'horn', 'szarv', 'trombitások', 'jármű_kürt', 'személygépkocsi_kürt', 'kürt', 'kornett', 'motor_kürt', 'szarva', 'francia_kürt', 'doromb', 'duda', 'gaienhofen', 'jazz_trombitás', 'nyereg_kürt']
how	hogyan	Match	['hogyan', 'julia_beatrice_how', 'how', 'kérdő_névmás', 'milyen', 'kérdő_névmások', 'kérdő_szó', 'hands_all_over']
hunt	vadászata	Found close match: ['vadászat', 'vadászatot', 'a_vadászat']	['a_vadászat', 'vadászat', 'vadászok', 'holman_hunt', 'leigh_hunt', 'vadászik', 'fürj_vadászat', 'vadászatot', 'richard_morris_hunt', 'henry_james_leigh_hunt', 'william_holman_hunt', 'hunt', 'overhunting', 'vadászat_club', 'keresés', 'william_henry_hunt']
husband	felesége	Incorrect	['partner', 'házastárs', 'társ', 'házas_ember', 'férj', 'jobbik_fele', 'husband', 'férjem', 'férje', 'nős_férfi']
i	tudom	Not found	[]
ice	jég	Match	['methamphetamine', 'jég', 'faith_erin_hicks', 'szpíd', 'autó_motorja', 'dextromethamphetamine', 'jegesedés', 'intercityexpress', 'speed', 'belsőégésű_motor', 'fagylalt', 'desoxyn', 'ice_la_fox', 'meth', 'metamfetamin', 'glazúr', 'in_case_of_emergency', 'emirates', 'belső_égésű_motorral_felszerelt', 'jégpálya', 'mesterséges_jég', 'jégcsarnok', 'ice', 'benzinmeghajtású_motor', 'műjégpálya', 'belső_égésű_motor', 'kristály_metamfetamin', 'a_jég', 'belső_égésű_motorok', 'c10h15n', 'crystal_meth', 'robbanómotor', 'pervitin', 'met', 'vészhelyzet_esetén', 'jég_betakarítás', 'methedrine', 'shabu', 'deoxyephedrine', 'instituto_de_costarricense_electricidad', 'metamfetaminhidroklorid']
if	ha	Not found	[]
in	a	Not found	[]
kill	megölni	Match	['ölj', 'gyilkos', 'halál', 'megölni', 'the_kill', 'halálozások', 'gyilkol', 'meghalt', 'üzembe_halálra', 'öl', 'halála', 'megöl', 'halott', 'kill']
knee	térdsérülés	Match	['térd_sztrájk', 'fojtogat', 'térdízület', 'térdizület', 'térde', 'térd', 'térdsérülés', 'articulatio_genus', 'emberi_térd', 'genu']
know	megmondani	Not found	[]
lake	tó	Match	['tó', 'mulandó_tó', 'efemer_tó', 'lake', 'édesvízi_tó', 'időszakos_tó', 'tavak', 'pigment', 'tavi', 'tavon', 'renegátok', 'természetes_tava', 'pigmentek']
laugh	nevetni	Match	['élc', 'tréfás', 'nevess', 'nevetés', 'nevetni', 'vicc', 'tréfát', 'poén', 'hecc', 'viccek', 'tréfa']
leaf	lombja	Found close match: ['lomb', 'lombozat', 'lombkorona']	['verso', 'serdülő', 'lomb', 'bazális_levél', 'recto', 'axils', 'fólió', 'recto_és_verso', 'crenate', 'paullinia_pterophylla', 'folio', 'gyökeres_fa', 'fa', 'középső_erezet', 'lap', 'lombkorona', 'falevél', 'fagráf', 'adaxial', 'levél_hónalj', 'hónalj', 'levél_hüvely', 'levélmódosulás', 'vendéglap', 'nissan_leaf', 'lombozat', 'levelek', 'levél', 'betét', 'erdő', 'összetett_levelek', 'abaxiális']
left	bal	Match	['politikai_baloldal', 'baloldaliak', 'balra', 'baloldali', 'kollektivista', 'szélsőbaloldal', 'esquerra_republicana_de_catalunya', 'bal_oldali', 'baloldali_politika', 'venstre_danmarks_liberale_parti', 'venstre', 'viszonylagos_irány', 'bal_kezét', 'baloldal', 'liberális_párt', 'baloldaliság', 'bal', 'baloldali_politikus']
leg	lábában	Found close match: ['lábát', 'lábat', 'lábak']	['faláb', 'alsó_lábszár', 'lábak', 'befogó', 'alsó_végtag', 'gólyaláb', 'pegleg', 'lábat', 'lábát', 'elágazás', 'két_lábon_járó', 'láb', 'crus', 'emberi_láb']
lie	fekszenek	Found close match: ['fekszik']	['fekszik', 'hazudj', 'the_lie', 'hazugság', 'absolute_first_album', 'lie', 'lefektet', 'malpresentation', 'trygve_lie_halvden', 'awake', 'hamisság', 'trygve_lie', 'valótlanság']
live	élő	Match	['monty_python_live', 'megmarad', 'koncert_turné', 'élőben', 'életben', 'zombie_live', 'lakik', 'életkritériumok', 'built_to_spill', 'túlélni', 'turné', 'élő', 'élő_koncert', 'live_2_cd_collectors_edition', 'él', 'túra', 'live_at_the_marquee', 'megtapasztalják', 'jennifer_lopez', 'jennifer_lynn_lopez', 'live', 'simian_mobile_disco', 'rem_live', 'fennmarad', 'élni', 'hangverseny', 'jlo', 'tovább_él', 'livid', 'koncertek', 'koncert', 'élet', 'pigmy_love_circus']
liver	májbetegség	Incorrect	['marha_máj', 'máj', 'hepar']
long	hosszú	Match	['longa', 'bloody_roar', 'vágyódik', 'hosszú', 'long', 'william_henry_long', 'sóvárog', 'long_somme']
louse	kullancs	Incorrect	['szívó_tetű', 'csípő_tetű', 'ízeltlábú', 'ízeltlábúak', 'szennyeződés_labda', 'levéltetű', 'phthiraptera', 'tetű', 'bird_tetű', 'tetvek', 'arthropoda']
man	fiatalember	Found close match: ['ember']	['relient_k', 'ffi', 'manusz', 'ki_a_faszagyerek', 'atanatári', 'úriember_úriember', 'man_oldalt', 'wen', 'felnőtt_férfi', 'mann', 'hím', 'inas', 'emberiség', 'ember', 'man_se', 'homo_sapiens', 'férfi', 'emberek', 'emberi_lény', 'emberi', 'man_ag', 'man_oldalak', 'dunlending', 'homo_sapiens_sapiens', 'nagyvárosi_hálózat', 'homo', 'ivarérett', 'férfiak', 'man_ivory_coast', 'városi_hálózat', 'isle_of_man', 'emberi_lények', 'manfred_gnadinger', 'man_elefántcsontpart', 'a_világon', 'emberi_faj', 'mansziget', 'városi_hálózatok', 'man_sziget', 'katona', 'wan', 'cornelis_de_man', 'világ', 'man', 'szexuális_érés', 'komornyikja', 'dunlendings']
many	sok	Match	['many_moselle', 'many', 'sokan', 'mány', 'sok']
meat	hús	Match	['hús', 'eszencia', 'hús_tudomány', 'húst', 'szív_és_lélek', 'shawn_stasiak', 'tetveskavicsos', 'lényeg', 'we_will_rock_you_musical', 'feldolgozott_hús', 'húsok', 'kivonat', 'we_will_rock_you']
moon	hold	Match	['hold_hónap', 'természetes_műhold', 'moon', 'holdfázis', '문', 'félhold', 'mars', 'holdhónap', 'műhold', 'jupiter', 'sun_myung_moon', 'vénusz', 'hold', 'holdat', 'hamuszürke_fény', 'holdfényben', 'drákói_hónap', 'kyoko_fukada', 'holdfény', 'telihold', 'alexander_moon', 'szinodikus_hónap', 'természetes_műholdak', 'holdkeringés', 'merkúr', 'holdon', 'holdak', 'nap', 'holdvilág', 'telehold', 'hold_típus']
mother	anyja	Match	['nőivarú_szülő', 'édesanyám', 'apácák', 'föld_anya', 'anyák', 'anya_és_a_szerelem', 'anyám', 'synchronicity', 'anyja', 'sisters_of_avalon', 'tihon_hrennyikov', 'ősanya', 'mother', 'anya_istennő', 'nővér', 'apáca', 'chorus_line', 'a_chorus_line', 'földanya', 'anya']
mountain	hegy	Match	['hegyen', 'sokra_megy', 'passel', 'csavarodás', 'takaros_összeget', 'muckle', 'hegyek', 'david_oreilly', 'jó_üzlet', 'hegyi', 'hegycsúcs', 'hegység', 'csomó', 'hegyvidéki', 'nagy', 'sahtu', '482', 'hegy', 'mountain', 'adag', 'nyáj', 'elég_egy_kis']
mouth	torkolata	Found close match: ['torkolat', 'folyótorkolat', 'tölcsértorkolat']	['sassing', 'cavum_oris', 'os', 'szájkörüli', 'csúcspont', 'labium', 'csúcs', 'backtalk', 'rima_oris', 'száj', 'vissza_beszélni', 'folyótorkolat', 'torkolat', 'beszélni', 'tölcsértorkolat', 'szájüreg', 'szád', 'szóbeli_repedés', 'sass']
name	név	Match	['tulajdonnév', 'megemlít', 'azonosító', 'nominális_mondat', 'fôneves_kifejezés', 'idézni', 'névleges', 'elnevezés', 'id', 'tulajdonnevek', 'közéleti_személyiség', 'hírnév', 'megfelelő_nevet', 'azonosítókat', 'név', 'számítógépnév', 'névszó', 'gens', 'alak', 'említ', 'neve']
narrow	keskeny	Match	['szűk', 'soapskin', 'keskeny']
near	közelében	Found close match: ['közel']	['nate_river', 'majdnem', 'near', 'near_shoemaker', 'szinte', 'near_earth_asteroid_rendezvous', 'közel']
neck	nyakán	Found close match: ['nyakát', 'nyak', 'nyaki']	['nyak', 'nyaka', 'nyakát', 'nyaki', 'nyak_megnyitása', 'cervix']
new	új	Match	['új', 'újonnan', 'újdonság', 'new']
night	éjszaka	Match	['nyx', 'éjfél', 'nox', 'nüx', 'éj', 'éjjel', 'este', 'night', 'elie_wiesel', 'éjszaka', 'wiesel', 'eliezer_wiesel', 'sötétség']
nose	orr	Match	['aromás', 'aroma', 'fúvókák', 'buké', 'orr', 'csokor', 'fúvóka', 'gore', 'nasus', 'szagló_szerv', 'édes_illat', 'hossz', 'orrát', 'parfüm', 'orrot', 'aromák', 'mágneses_fúvóka', 'orrhossz', 'emberi_orr']
not	nem	Match	['nand', 'negáció', 'diszkrét_logikai', 'nor', 'and', 'logikai_tagadás', 'logikai_áramkör', 'tagadás', 'xnor', 'nem', 'logikai_kapuk', 'logikai_kapu', 'not']
old	régi	Match	['előző', 'régit', 'korábbi', 'előbbi', 'idős', 'öreg', 'régi_szőlő', 'hajdani', 'tooryeay', 'régi', 'éves', 'old', 'régiek', 'egykori']
one	két	Incorrect	['multiplikatív_identitás', 'vampire_weekend', 'planetshakers', 'az_egyetlen', 'one', 'rendezett_nes', 'ász', 'egység', 'the_beatles_1', '1', 'hatszoros', 'succeeder', 'enneagramma', 'tanul', 'nest', 'tuple', 'gps', 'armin_van_buuren', 'supposed_former_infatuation_junkie', 'the_one', 'rendezett_szám_nes', 'vertical_man', 'hármas', 'egy']
other	más	Match	['egyéb', 'más']
play	játszani	Match	['színdarab', 'play', 'android_market', 'stageplay', 'játszani', 'szabad_kezet', 'ugrándozás', 'drámák', 'hazárdőr', 'holtjáték', 'google_play_store', 'play_–_gyerekjáték', 'drámai_játék', 'játszik', 'játszik_időszak', 'filmdráma', 'darab', 'játssz', 'dráma', 'google_play', 'hadművelet', 'játék', 'szerencsejátékosok', 'egyenes_játék', 'szerencsejáték', 'swordplay', 'lejátszás', 'színházi_játék', 'drámai_művészet', 'játszanak', 'vidámság', 'időszakra_játék', 'játékosok', 'fogadási', 'manőver', 'play_store', 'fut', 'színpadon_játszik', 'google_store', 'csillámlik', 'egy']
pull	csavarni	Incorrect	['vonz', 'vontatás', 'húzza', 'húzd', 'batsmen', 'pull', 'lábát_pillantást', 'batting', 'elkövet', 'visszirányú_sweep']
push	fékezni	Incorrect	['push', 'precious_–_a_boldogság_ára', 'gomb', 'lök', 'getupandgo', 'confessions_on_a_dance_floor', 'lökést', 'álljon', 'nyomja', 'black_and_white_america', 'verem', 'tol', 'das_leben_ist_kostbar', 'gombot', 'stack', 'nyomd', 'nyomógomb', 'az_energia', 'népszerűsít', 'precious', 'halom', 'megtol', 'toló']
rain	esőzés	Found close match: ['esővíz', 'eső']	['csapadék', 'heavy_rain', 'csi_new_yorki_helyszínelők', 'in_blue', 'esővíz', 'eső_vihar', 'john_colton', 'zuhogó', 'búzamező_esőben', 'rains', 'eső', 'rain', 'felhőszakadás']
red	vörös	Match	['angry_birds', 'bolsevik', 'red_river', 'bolsevizmus', 'piros', 'bolsevikok', 'smallville', 'after_school', 'anil_kapoor', 'vörös', 'veszteség', 'piroska', 'day__age', 'bolsevik_párt', 'karmazsinvörös', 'piros_tintával', 'karmazsin', 'red', 'bolshy']
right	bal	Incorrect	['jobb_oldali', 'jobbkezes', 'elidegeníthetetlen_jogok', 'etikai_normák', 'jobboldali_politika', 'természetes_jogok', 'most', 'etikátlan', 'jobboldali', 'jogok', 'erkölcsfilozófia', 'erkölcsi_filozófus', 'helyes_és_helytelen', 'etikai', 'etikai_rendszer', 'erkölcstan', 'jobboldal', 'rightism', 'jobbra', 'konzervatív_párt', 'young_americans', 'moral_philosophy', 'elidegeníthetetlen', 'helyes', 'etika', 'törvényes_jogait', 'törvényes_jog', 'etikai_kérdések', 'handedness', 'hibátlan', 'jobb_kéz', 'right_wing', 'megfelelően', 'erkölcsi_filozófia', 'etikai_elmélet', 'jó_és_rossz', 'jog', 'természetes_jog', 'etikai_kérdésekben', 'balkezes', 'jogosságát', 'jobb_oldal', 'viszonylagos_irány', 'elidegeníthetetlen_joga', 'természetes_és_jogi_jogokat', 'jobb']
river	folyócska	Found close match: ['folyók', 'folyó', 'folyam']	['sestao_rc', 'folyami', 'patak', 'folyam', 'sestao_river_club', 'patakok', 'vízfolyás', 'időszakos_patak', 'folyó', 'folyók', 'river', 'ruisseau', 'ellsworthtó', 'watermark']
road	út	Match	['the_road', 'gátak', 'műút', 'idegenben_játék', 'uton', 'road_játék', 'az_út', 'út', 'közúti', 'főút', 'new']
root	q^	Incorrect	['ősei', 'haj', 'ősök', 'hangközök', 'szőr', 'előzménye', 'gyökér', 'ősi', 'superuser', 'zenei_intervallum', 'szó_szár', 'eredetű', '0', 'gyökeres_fa', 'fa', 'gyök', 'köbgyök', 'interval', 'haja', 'kezdet', 'szótő', 'tonika', 'root_felhasználó', 'konohagakure', 'fagráf', 'törtkitevős_hatványozás', 'gyökér_szó', 'őse', 'ered', 'alaphangot', 'tónusos', 'növekvő', 'nulla', 'szár', 'ok', 'forrás', 'gyökvonás', 'gyökér_szintű_felhasználó', 'szőrös', 'járulékos_gyökerek', 'gyökeresedési', 'szőrszálakat', 'zéró', 'intervallum', 'ős', 'android_rootolás', 'erdő', 'foggyökér', 'gyökér_helyzetben', 'root', 'hangköz', 'tonális_központ', 'emberi_haj', 'fej_haj']
rope	kötélen	Found close match: ['kötél', 'kötelet', 'kötelek']	['kötelek', 'r2', 'nefelejcs_kábítószer', 'kötél', 'ropemaker', 'rophy', 'a_kötél', 'roofy', 'mexikói_valium', 'kötelet', 'rope']
rotten	rotten	Loanword	['romlott', 'rohadt']
round	fordulóban	Found close match: ['forduló', 'napi_forduló']	['prizefighting', 'kerek', 'bareknuckle', 'egység_lőszer', 'töltényhüvely', 'számjeggyel', 'patron', 'kerekít', 'száraz', 'ökölvívás', 'box', 'pontosság', 'díjat_harcos', 'forduló', 'amatőr_ökölvívás', 'stypsis', 'bokszolás', 'gyümölcsés', 'helyiértékű', 'egy_lövés', 'körbe', 'ökölvívó', 'számtani_pontosságot', 'round', 'jelentős_alakja', 'ökölvivás', 'test', 'legjelentősebb_számjegy', 'napi_forduló', 'legkisebb_helyiértékű', 'mineralitás', 'gyümölcs', 'kör_italt', 'kör_golf', 'bokszol', 'kör', 'töltény', 'boksz']
rub	mosni	Not found	[]
salt	szénsavas	Incorrect	['stratégiai_arms_korlátozása_talks', 'közönséges_só', 'nacl', 'asztali_só', 'só_termelés', 'sót', 'közúti_só', 'salt', 'natrium_muriaticum', 'cheryl_james', 'salt_girona', 'henry_salt', 'konyhasó', 'sók', 'sós', 'ionos_káliumsójának', 'klórnátron', 'káliumsó', 'nátrium_klorid', 'saltcellar', 'só', 'nátriumklorid', 'ionos_só', 'sótartó', 'saltnpepa', 'sóz', 'salt_ügynök']
sand	iszapos	Incorrect	['homok', 'amandine_aurore_lucie_dupin', 'baroness_dudevant', 'sand', 'amandine_aurore_lucile_dupin', 'sand_am_main', 'amandine_aurore_lucile_dupin_baronne_dudevant', 'moxie', 'schönenbergkübelberg', 'george_sand', 'belek']
say	mondani	Found close match: ['mond', 'mondd', 'kimond']	['in_blue', 'jeanbaptiste_say', 'thomas_say', 'kimond', 'kiejt', 'say', 'osakis', 'tegyük_fel', 'mondjuk', 'mond', 'mondd']
scratch	inkscape	Incorrect	['golf_handicap', 'karcolás', 'bőrfekély', 'startvonal', 'beszűrődés', 'foltok', 'simoleons', 'dinero', 'handicap', 'horpadás', 'gelt', 'scratch_vonal', 'pustules', 'bőrelváltozás', 'bőrelváltozások', 'kopás', 'hátrány', 'gazdagság', 'cacography', 'mullah', 'lichenification', 'vagyon', 'dohány', 'bőrbetegségek', 'excoriatio', 'firkálás', 'peter_gabriel', 'kagyló', 'scratch']
sea	tenger	Match	['holdi_mare', 'tengeri_környezet', 'óceánok', 'világóceán', 'tenger', 'a_tenger', 'tengeri', 'óceán', 'óceánok_világnapja', 'hold_maria', 'sea', 'tengeren', 'tengeri_környezetre', 'globális_óceán']
see	megnézed	Incorrect	['látás', 'megvizsgál', 'püspökséget', 'hallani', 'szkopolamin', 'látni', 'vizuális_észlelés', 'megpillant', 'úgy', 'górcső_alá_vesz', 'világos', 'szemlélve', 'tycho', 'szkopolaminhidrobromid', 'ért', 'érseki_látni', 'scopolamine', 'észre', 'szentszék_város', 'látogassa_meg', 'lát', 'találkozik', 'meglátogat', 'hogy', 'vizuális_érzékelés', 'see', 'észrevesz', 'nézni', 'szkopolaminbutilbromid', 'meglát', 'többet', 'lásd', 'hioszcin']
seed	seed	Match	['cum', 'elődöntőben', 'forrása', 'negyeddöntőben', 'kezdőérték', 'final_fantasy_viii', 'középdöntő', 'sublime', 'ejakulátum', 'kiemelt_játékos', 'sperma', 'elődöntős', 'ondó', 'egyeliminációs_torna', 'negyeddöntőbe', 'egy_eliminációs', 'egyenes_kieséses_rendszer', 'mag', 'kiemelés', 'lövell', 'ondófolyadék', 'santi', 'vetőmag', 'jön', 'seed', 'elődöntő', 'egyszerű_kieséses_versenyen_ahol']
sew	varrni	Match	['stitchery', 'varrott', 'varrás', 'varrni']
sharp	éles	Match	['kereszt', 'skinheads_against_racial_prejudice', 'adaven', 'sunyi', 'ravasz', 'sharp_corporation', 'sharp', 'éles', '♯']
short	rövid	Match	['rövidrezárás', 'rövid_film', 'elektromos_zárlat', 'rövidfilm', 'shortstop', 'alacsony', 'rövid_eladás', 'rövidre_zárás', 'hirtelen', 'rövid_tantárgyi', 'short', 'rövid_pozíciót', 'rövid', 'rövid_megálló', 'kisjátékfilm', 'két_reeler', 'film_rövid', 'röviden', 'rövidzárlat', 'shortolás', 'rövidre_eladás', 'rövidzár', 'shortstops']
sing	énekelni	Match	['vokális_műfaj', 'tiszta_ének', 'énekel', 'vokál', 'leisure', 'énekes', 'énekelni', 'női_ének', 'vocalizing', 'énekelj', 'éneklés', 'ének', 'énekesek', 'harmónia_ének', 'pop_énekes', 'sing']
sit	ülni	Not found	[]
skin	bőr	Match	['day_for_night', 'bőre', 'felület', 'skinnable', 'áramkör', 'odaát', 'burok', 'almost_human', 'a_bőr', 'ray_of_light', 'áramköri', 'barát_a_bajban', 'nyomtatott_áramkör', 'skin', 'lehorzsol', 'elmegyógyintézet', 'nyomtatott_áramköri_lapok', 'australian_aboriginal_rokonság', 'blender', 'áramköri_kártya', 'cutis', 'nyomtatott_áramköri_lapka', 'addin', 'áramköröket', 'beépülő_modul', 'elmegyógyintézetben', 'héj', 'kéreg', 'teljesítmény_sík', 'mentális_otthon', 'pszichiátriai_kórház', 'maghéj', 'bőr', 'r_kelly', 'plugin']
sky	sky	Match	['sky_airlines', 'sky_professional_cycling_team', 'sky', 'credo', 'ég', 'égbolt', 'cerulean', 'stacey_king', 'a_föld_légköre', 'lazuline', 'kék', 'heterosphere', 'eldob', 'égszínkék', 'sky_procycling', 'team_sky', 'ég_kék', 'winx_club', 'thatgamecompany', 'levegő']
sleep	alvás	Match	['agyhullám', 'örök_alvás', 'alszik', 'készenléti_állapotban', 'the_black_parade', 'alvás', 'örök_nyugalomra', 'sopor', 'aludni', 'búcsú', 'hibrid_alvás', 'alvászavar', 'aludj', 'kábulat', 'alvó_állapot', 'hibernálás', 'sleep']
small	kis	Match	['small', 'john_kunkel_small', 'ágyéki', 'kicsik', 'kis', 'kicsi']
smell	szagok	Found close match: ['szag', 'szaga', 'szagló']	['szagtalan', 'tartozék_szaglórendszer', 'szaglási_modalitás', 'szagló', 'szagló_érzés', 'olfaction', 'érzés', 'hang', 'szaglás', 'illat', 'szaglási_érzékelés', 'kellemetlen_szag', 'szag', 'szellem', 'szaga', 'bűz', 'szagló_ingatlan']
smoke	füstöt	Found close match: ['füstölt', 'füstöl', 'füst']	['sens', 'mariska', 'koporsó_köröm', 'füstöl', 'sodrós_cigaretta', 'a_dohányzás', 'fastball', 'fű', 'dohányzás', 'dohány_növény', 'cigi', 'cigaretta', 'marihuána', 'magnetooptikai_kerreffektus', 'cigarettadohány', 'cigarettát', 'sess', 'nicotiana', 'yin_yang_yo', 'zöld_istennő', 'tubák', 'füstölt', 'tabak', 'kézzel_sodort_cigeretta', 'nicotiana_tabacum', 'füst', 'dohány', 'dohányzik', 'mary_jane', 'tekercs_dohány', 'kézzel_sodort_cigaretta', 'dohánynövény', 'smoke']
smooth	görbülő	Incorrect	['gerald_albright', 'políroz', 'gyümölcsés', 'száraz', 'smooth', 'kifényesít', 'mineralitás', 'gyümölcs', 'sima_szám', 'hatványsima_szám', 'hatványsima_számok', 'stypsis', 'sima', 'sima_számok', 'test']
snake	háromfejű	Incorrect	['gray_kód', 'graykódolás', 'ah1', 'graykód', 'hydra_csillagkép', 'hydra', 'ah1_cobra', 'snake', 'solid_snake', 'északi_vízikígyó', 'kígyó_a_fűben', 'ah–1', 'északi_vízikígyó_csillagkép', 'snake_jailbird', 'ah–1_cobra', 'kígyó', 'snake_river', 'hidra_csillagkép', 'serpentes', 'kígyók']
snow	havas	Found close match: ['havazás', 'havazik']	['c_p_snow', 'hóesés', 'charles_percy_snow', 'havazik', 'hótakaró', 'snow', 'piszkosfehér', 'esik_a_hó', 'hó', 'baron_snow_leicester', 'hófehérke', 'havazás', 'orr_candy', 'elefántcsont', 'ffmpeg']
some	sok	Incorrect	['durván', 'körülbelül', 'nagyjából', 'többékevésbé', 'megközelítőleg', 'kb', 'néhány']
spit	morzsa	Not found	[]
split	szétváltak	Found close match: ['szétválik', 'szétvág']	['homozigóta', 'spalatum', 'hasít', 'szétvág', 'split_lemez', 'birds_of_prey', 'split_album', 'hemizigóta', 'stock_split', 'split', 'heterozigozitás', 'hasítás_lemma', 'homozigozitás', 'zigóta', 'szakít', 'osztott', 'szétpukkan', 'heterozigóták', 'leválasztás', 'spalato', 'szétválik', 'heterozigóta', 'tört', 'homozigóták', 'stock_osztott', '12512_split']
squeeze	minimalizálni	Not found	[]
stab	sebet	Incorrect	['scream_2', 'sikoly_2', 'kés_tolóerő', 'kürt_stab', 'döf', 'szúrt', 'szúr', 'szúrás']
stand	felállni	Found close match: ['állni', 'felállít']	['gyümölcsös', 'gyümölcsösök', 'álláspont', 'kiáll', 'állj', 'ültetvény', 'cukor_ültetvény', 'partnerség', 'elvisel', 'gumi_ültetvény', 'hain', 'állni', 'woodlet', 'cég', 'felállít', 'állít', 'szempontból', 'alap', 'gyapotültetvény', 'áll', 'cukor_ültetvényeket', 'gyümölcs_ültetvény', 'susan_ashton', 'szabadtéri_színpad', 'kibír', 'vállalat', 'kávé_ültetvény', 'gyümölcsöskert', 'nézőpont', 'ültetvények', 'értékesítési_standján', 'zenekari_pavilon', 'szempontjából', 'bódé', 'orchardist', 'stand']
star	csillagpor	Found close match: ['csillagos', 'csillagok', 'csillag']	['ügyes', 'márna', 'nagyágyú', 'estelle', 'csillaggráf', 'mavin', 'aszteriszk', 'csillag_hálózat', 'vezető_színész', 'ilean_almaguer', 'ász', 'popsztár', 'sztár', 'híresség', 'csillaghajó', 'mozicsillag', 'filmsztár', 'csillagjel', 'targz', 'zúgás', 'kategória', 'maven', 'wiz', 'szupersztár', 'főszereplője', 'celeb', 'csillag_topológia', 'vezető_színésznő', 'csillagsokszög', 'főszerepben', 'mozisztár', 'star', 'filmcsillag', 'hírességek', 'szteroidogén_akut_szabályozó_fehérje', 'filmsztárok', 'xerox_star', 'csillag_gráf', 'média_személyiség', 'csillagok', 'the_rise_and_fall_of_ziggy_stardust_and_the_spiders_from_mars', 'csillag_sokszög', 'a_csillag', 'nagy_szenzáció', 'televíziós_személyiség', 'csillag', 'csillagos', 'híres_ember', 'tar']
stick	csavarni	Incorrect	['gumibot', 'joystick', 'marihuána_cigaretta', 'sétabot', 'kormányoszlop', 'straßburg', 'rövid_váltó', 'sétapálcák', 'bottal_műszak', 'billystick', 'botkormány', 'rendőrségi_gumibot', 'billy_club', 'manuális_sebességváltó', 'stafétabotot', 'közös', 'szabványos_sebességváltó', 'american_standard_code_for_information_interchange', 'billy_klub', 'karakterkészlet', 'asciikód', 'kibír_műszak', 'pálca', 'kétsoros_posztózubbony', 'clapstick', 'ascii', 'spliff', 'bot', 'botot', 'szabványos_átviteli', 'szinkronizált']
stone	faragott	Incorrect	['kőzet', 'kőzetek', 'féldrágakő', 'kő', 'ékszerek', 'robert_stone', 'harlan_fisk_kő', '9m72_iszkander', 'oliver_stone', 'drágakövek', 'kövek', 'harlan_f_kő', 'belő', 'isidor_feinstein_kő', 'picul', 'drágakő', 'kavics', 'endokarpiumból', 'szikla', 'endocarpiumból', 'iszkander', 'edward_durell_stone', 'sziklák', '9k720_iszkander', 'lucy_stone', 'lucy_kő', 'iskander', 'stone', 'féldrágakövek', 'ss–26_stone', 'harlan_fiske_stone', 'i_f_kő', 'harlan_kő']
straight	egyenesben	Found close match: ['egyenesen', 'célegyenesben', 'egyenes']	['egyenes_ember', 'heteroszexuális_személy', 'kereszt', 'egyenesen', 'közvetlenül', 'egyenes', 'heteroszexuális', 'heteroszexuálisok', 'heteroszexualitás', 'hetero', 'heterosexualism', 'heteró', 'azonnal', 'sor', 'célegyenesben', 'kockafejű']
suck	szívni	Found close match: ['szívó', 'szívás']	['szívás', 'szívó', 'szoptat', 'szopás']
sun	merkúr	Match	['napciklus', 'sun_kwon', 'sun', 'napfény', 'úr_napja', 'utu', 'kvon_szonhva', 'mars', 'napkorona', 'állócsillagok', 'seon', 'jupiter', 'cun', 'nap_színképében', 'napozik', 'vénusz', 'sun_microsystems', 'hold', 'vasárnap', 'napsütésben', 'naplégkör', 'utug', 'sunw', 'jouhdtv', 'rögzített_csillagok', 'napsugárzás', 'konvekciós_zóna', 'jouhtv', 'sunhwa_kwon', 'napsütés', 'suntv', 'merkúr', 'sun_television', 'sun_tv', 'állócsillag', 'nap', 'fix_csillag', 'the_sun', 'kromoszféra', 'dominicus']
swell	megduzzad	Not found	[]
swim	úszni	Match	['vízi_mozgásszervi', 'ray_of_light', 'lebeg', 'úszni', 'versenyúszás', 'úszás', 'úszik', 'versenyképes_úszás']
tail	farok	Match	['sereghajtó', 'batting_sorrendben', 'caudalis', 'zsemle', 'tailender', 'disztális', 'caudally', 'farka', 'tail', 'dorsoventral', 'mögött', 'fenék', 'bazális', 'irányfelület', 'hátsó_vége', 'farok', 'keister', 'csíny', 'hajótat', 'ugyan', 'hajszol', 'követő_hajó', 'dorzolaterális', 'midclavicular_vonal', 'farokfelület', 'ellenoldali', 'utáni_rész', 'oldalsó', 'hátsó', 'batting_rendelés', 'középső_rend', 'farok_végén', 'tat', 'ventrális', 'apikális', 'űz', 'derriere', 'feltételek_az_anatómiai_elhelyezkedés', 'ülep', 'ipsilateralis', 'gluteális', 'aboral', 'utólag', 'tailend', 'talpi', 'nyitó_batsman', 'üldöz', 'ventrolaterális', 'tooshie']
that	hogy	Incorrect	['thaat', 'ez']
there	ilyen	Incorrect	['oda', 'ott']
they	ők	Match	['nemek_szempontjából_semleges_névmás', 'xenon', 'they', 'atomszám_54', 'ők', 'xe', 'nemspecifikus_névmás', 'ő']
thick	vastag	Match	['sűrű', 'középen', 'vastag']
thin	vékony	Match	['vékony', 'sovány']
think	gondolom	Not found	[]
this	ez	Match	['this', 'ez', 'ezt', 'thinis']
three	három	Match	['ternion', '3', 'three', 'három', 'prong', 'succeeder', 'enneagramma', 'iii', 'santana_iii', 'tercett', 'tanul', 'bob_sinclar', 'kettesász', 'háromsoros_versszak', 'seventeen_seconds', 'hármas']
throw	lökni	Found close match: ['löket']	['dobás', 'van', 'vetít', 'throw', 'vet', 'tölcséres_fúvókájú_hangszerek', 'sűrítési_ütem', 'tölcséres_fúvókájú_hangszer', 'tölcséres_fúvókájú', 'dobd', 'kompressziós_löket', 'dobja', 'cam_löket', 'rézfúvós_hangszer', 'kipufogó_stroke', 'sárgaréz', 'leadott', 'dob', 'rézfúvós_hangszerek', 'rézfúvós', 'löket', 'rézfúvósok']
tie	idegenbeli	Incorrect	['nyakkendő_gerenda', 'köt', 'nyakkendők', 'linkup', 'döntetlen', 'csatolás', 'árukapcsolás', 'vasút_nyakkendő', 'talpfa', 'párosít', 'vasúti_nyakkendő', 'betonlemezhez', 'csatol', 'faalj', 'crosstie', 'csatlakozás', 'összead', 'nyakkendőjét', 'társít', 'vasúti_talpfa', 'nyakkendő', 'összekapcsol']
tongue	szájpad	Incorrect	['glosszolália', 'glossa', 'nyelvét', 'a_nyelveken_szólás', 'harangnyelv', 'nyelv', 'nyelveken_szólás', 'lingua', 'marhanyelv', 'mnek', 'tongue', 'természetes_nyelv', 'lengua', 'nyelve', 'természetes_nyelvek']
tooth	redő	Incorrect	['fogat', 'fog', 'emberi_fog', 'fogak', 'őrlőfog', 'dentes', 'foga', 'előzápfog', 'dens', 'metszőfog', 'zápfog']
tree	fák	Match	['gyökér_csomópont', 'levél_csomópont', 'szülőcsomópont', 'fák', 'fa_diagram', 'szent_fa', 'tree', 'fán', 'charlotte_brontë', 'charlotte_bronte', 'kruskal_fája_tétel', 'fa_adatszerkezet', 'belső_csomópont', 'fa_istentisztelet', 'fája', 'gyökeres_fa', 'fa', 'szülő_csomópont', 'részfa', 'fagráf', 'sir_herbert_beerbohm_fa', 'gyermek_csomópont', 'currer_bell', 'fa_imádás', 'levélcsomópont', 'charlotte_nicholls', 'erdő', 'herbert_beerbohm_tree', 'csemete']
turn	aztán	Incorrect	['fordul', 'viszont', 'forog', 'díszítőelemek', 'fordulat', 'kegyelem_jegyzet', 'dísz', 'kegyelem_megjegyzés', 'acciaccatura', 'fordít', 'sor', 'jótett', 'racionális_trigonometria', 'volta', 'perigon', 'játék_mechanika', 'fordulj', 'játék_mód', 'appoggiatura', 'fordulattal', 'tükrözés', 'piruett', 'játék_szerelő', 'díszítés', 'kerek_szög', 'teljesszög', 'győzelmi_pontot', 'visszaállítás']
two	két	Match	['succeeder', 'two', 'enneagramma', 'tanul', '2', 'ii', 'merevítő', 'kettő', 'két']
vomit	belélegzése	Incorrect	['hánytató', 'hánytatószer', 'hányadék', 'hányás', 'hány', 'hányt', 'rókázik', 'vagyoni_előny_elvonását', 'hányik', 'okádik', 'nauseant', 'regurgitáció']
walk	sétálni	Found close match: ['sétány']	['gráfelméleti_fogalomtár', 'járás', 'gyalog', 'séta', 'kötéltánc', 'a_ló_mozgásformái', 'walk', 'gyalogló', 'irányított_út', 'sétány', 'járni', 'részgráf', 'él', 'csúcs', 'irányítatlan_gráf', 'súlyozott_gráf', 'gráfcsúcspont', 'hurokél', 'ló_járása', 'paseo', 'gráf', 'rend', 'alapja_a_golyók', 'séta_az_élet', 'egyszerű_gráf', 'megy']
warm	hideg	Incorrect	['meleg', 'lobbanékony', 'szerető', 'gyengéd', 'melegen', 'hirtelen']
wash	tisztítani	Incorrect	['mossa', 'buried', 'mosni', 'arroyo', 'kínai_mosodát', 'the_wash', 'eltemetve', 'lavation', 'washables', 'száraz_mosás', 'mos', 'légcsavarszél', 'mosónő', 'wash', 'slipstream', 'unearthed', 'scan', 'mosás', 'mosoda', 'lost_dogs', 'mossa_rajz', 'kimos']
water	víz	Match	['nitrogéntartalmú_hulladék', 'jég', 'para', 'víztestek', 'vízrendszer', 'víz_forrása', 'water', 'csepp_kerítés', 'dihidrogénmonoxid', 'víz', 'h2o', 'vizet', 'vízellátó_hálózat', 'szöglet', 'weewee', 'angyalpor', 'húgy', 'vízellátás', 'fencidiklin', 'blood_red_shoes', 'gőz', 'víz_molekula', 'itat', 'quoins', 'folyékony_víz', 'h₂o', 'vízelosztórendszer', 'vízgőztartalom', 'víztömeg', 'víztest', 'ipari_víz', 'vízvezeték', 'fenciklidin', 'fenciklidin_hidroklorid', 'vízellátó_rendszer', 'jég_betakarítás', 'vizelet', 'hugy', 'vízkészlet', 'urina', 'vízgőz', 'pisil', 'pisi']
we	szerintünk	Not found	[]
wet	nedves	Match	['nyugateurópai_idő', 'nedvesség', 'wet', 'fenciklidin', 'fenciklidin_hidroklorid', 'angyalpor', 'vizes', 'fencidiklin', 'nedves']
what	miért	Not found	[]
when	amikor	Match	['mikor', 'amikor', 'diamonds_for_breakfast']
where	ahol	Match	['hol', 'ahol']
white	fehér	Match	['fehér_ember', 'white_motor_company', 'bőrszín', 'tojásfehérje', 'andrew_d_white', 'piszkosfehér', 'patrick_victor_martindale_white', 'europid', 't_h_white', 'fehérlepke', 'white', 'kaukázusi_faj', 'white_airways', 'három_szín_fehér', 'europid_rassz', 'europid_nagyrassz', 'tojásfehérjét', 'edward_d_white', 'pieris', 'fehér_emberek', 'e_b_fehér', 'stanford_white', 'andrew_dickson_white', 'ázsiai', 'feketearcú', 'planeswalker', 'patrick_white', 'white_people', 'kaukázusi', 'spanyol', 'elefántcsont', 'latino', 'edward_douglas_white_jr', 'theodore_harold_white', 'más_fajok', 'white_river', 'fehér', 'fehérek', 'fehér_faj', 'magic_the_gathering', 'europoid', 'elwyn_brooks_white', 'edward_white', 'bőr_pigmentáció', 'fekete', 'caucasoids', 'e_b_white', 'ovalbumin', 'kaukázusi_rassz']
who	aki	Match	['the_high_numbers', 'ki', 'jim_neidhart', 'az_egészségügyi_világszervezet', 'aki', 'world_health_organization', 'who', 'egészségügyi_világszervezet', 'the_who', 'zayn']
wide	széles	Match	['széles']
wife	felesége	Match	['férjes_asszony', 'felesége', 'feleség', 'feleségem']
wind	szél	Match	['fúvós_hangszerek', 'szelet', 'fúvós_hangszer', 'wiatr', 'halandzsa', 'akeboshi', 'malarky', 'szél_támogatott', 'szelek_szárnyán', 'üres_szavak', 'kanyargó', 'fing', 'tekercselés', 'levegő', 'fúvós', 'légárammal', 'bizalmas_információk', 'törés_szél', 'érdeklődő', 'széllökés', 'potenciális_vevő', 'wind', 'fúvóshangszer', 'elektromágneses_tekercs', 'légáram', 'szél', 'harang']
wing	szárnya	Match	['törővég', 'spoiler', 'hindwing', 'szárny', 'melléklet', 'orrsegédszárny', 'repülőgépszárny', 'tighthead_prop', 'háttérben', 'madár_repülés', 'sárvédő', 'flyhalf', 'nem_színpadi', 'kilépőél', 'prop_előre', 'vitorlázó', 'deltaszárny', 'szárnyat', 'őrforward', 'első_ötnyolcadik', 'repül', 'a_bal_kísérő', 'szegélyező', 'hátranyilazott_szárny', 'swingman', 'wing_a_kínai_pacsirta', 'gone_again', 'kerék_is', 'szárnya', 'repülni', 'wing', 'kacsaszárny', 'fly_felét', 'repít', 'belépőél', 'kísérő_manőver', 'félszárny']
wipe	pusztítani	Incorrect	['törlés', 'törölje', 'töröld']
with	szal	Incorrect	['with']
woman	asszony	Match	['nőnem', 'gyengébb_nem', 'woman', 'felnőtt_női', 'nö', 'nők', 'asszony', 'nancy_benoit', 'nőnemű', 'női', 'klaatu', 'tojó', 'nőnemű_állat', 'nő', 'takarítónő', 'harry_styles', 'nőstény', 'bejárónõ', 'bejárónő']
worm	giliszta	Match	['giliszta', 'kukac', 'giliszták', 'szennyeződés_labda', 'számítógépes_féreg', 'európai_sárkány', 'féreg', 'worm', 'geleszta']
year	év	Match	['éve', 'átlagos_trópusi_év', 'évjárat', 'ma', 'földi_év', 'hosszú_idő', 'év', 'évente', 'kiloannum', 'ka', 'tropikus_év', 'napéjegyenlőségi_év', 'csillagászati_év', 'szoláris_év', 'naptári_év', 'anomalisztikus_év', 'hosszú_ideig', 'évi', 'trópusi_év', 'esztendő', 'annum', 'esztendeig', 'kor']
yellow	sárga	Match	['hong_jinho', 'gyáva', 'sárga', 'szőke_haj', 'hwang_ho', 'huangho', 'eiko_shimamiya', 'shimamiya_eiko', 'yellow', 'simamija_eiko', 'huang_he', 'sárgaság', 'szőke', 'sárgák', 'sárgafolyó', 'sárga_folyó', 'zebrahead']
you	szeretnétek	Incorrect	['no_control', 'amy_lee', 'te', 'you', 'amy_lynn_lee', 'monster', 'pablo_honey', 'janne_da_arc', 'amy_lynn_hartzler', 'ti', 'fly', 'the_real_testament']
