all	svi	Match	['limfocitna_leukemija', 'univerzalni_kvantifikator', 'potpuno', 'limfatička_leukemija', 'akutne_limfocitne_leukemije', 'sve', 'all', 'univerzalna_zatvaranje', 'akutne_limfoblastične_leukemije', 'uopce', 'akutna_limfatična_leukemija', 'svi', 'akutna_limfocitna_leukemija']
and	i	Not found	[]
animal	životinja	Match	['faune', 'animirati_bića', 'far_east_movement', 'stvorenje', 'fauna', 'životinjski', 'animalia', 'životinje', 'životinja', 'infauna', 'metazoans', 'epifaunal', 'životinjski_svijet', 'animal', 'biljaka', 'reality_check', 'epifauna', 'makrofaune', 'wasp']
ashes	pepeo	Match	['post_mortem', 'pepeo', 'ashes']
at	na	Not found	[]
back	natrag	Match	['vertebra', 'dorsum', 'unutar_centra', 'kičmene_moždine', 'natrag', 'voziti_unatrag', 'back', 'lijevo_natrag', 'lijevonatrag', '백', 'rachis', 'poduprijeti', 'leđa', 'podrzavaju', 'knjiga_obvezujuća', 'flyhalf', 'poleđina', 'branič', 'flypola', 'podrži', 'kralježnica', 'kralježnice', 'voziti_u_rikverc', 'izvan_centra', 'kralješnica', 'biti_straga', 'prvih_petosmi', 'biti_u_pozadini', 'naslon', 'sekundirati', 'tighthead_rekvizit', 'pozadina', 'naličje', 'obrana', 'naslon_za_leđa', 'ići_unatrag', 'podupirati', 'stražnji_dio', 'kralježaka', 'columna_vertebralis']
bad	loše	Match	['zlo', 'loša', 'pokvaren', 'royce_da_59', 'zloća', 'negativan', 'bad', 'bcl2povezane_smrti_promotor', 'truo', 'zloću', 'neprikladan', 'lose', 'pokvarenost', 'slab', 'loš', 'loše', 'bad_world_tour', 'big_audio_dynamite', 'iskvarenost', 'zloba', 'zla', 'zao', 'neispravnost']
bark	stabljikama	Incorrect	['brod_sa_tri_jarbola', 'izderati_se', 'otresati_se', 'izvikivati_se', 'izvikati_se', 'bark', 'kora', 'derati_se', 'zalajati', 'lajati', 'kore', 'kore_drveta', 'otresti_se', 'periderm', 'iljušin_il2']
because	jer	Match	['jer', 'because']
belly	trbuh	Match	['stomak', 'trbuh', 'abdominals', 'belly', 'trbušne_mišiće', 'abdomen', 'ljudskog_trbuha', 'burag', 'izbočiti_se', 'trbuha']
big	veliki	Match	['zreo', 'samohvalisav', 'velikodušan', 'velika', 'čuven', 'obiman', 'velik', 'velike', 'bjarke_ingels_group', 'voća', 'stypsis', 'jak', 'plemenit', 'istaknut', 'krupan', 'sazreo', 'znamenit', 'veliko', 'snažan', 'bouquet', 'širokogrudan', 'big', 'glasovit', 'ugledan', 'mineralnost', 'tijelo', 'veliki', 'buke', 'odrastao', 'norm_nixon']
bird	ptica	Match	['meso_peradi', 'ptica', 'yardbird_parker', 'charlie_parker', 'charles_christopher_parker', 'razzing', 'ptice', 'avifauna', 'razz', 'bird_parker', 'zviždati', 'bird', 'djevojka', 'avafauna', 'prst', 'aves', 'loptica', 'bronx_razveseliti', 'roosting', 'mikuni_shimokawa']
bite	ugrize	Found close match: ['ugriz', 'ugrizi', 'ugriza']	['pregristi', 'zagrizati', 'ugrizati', 'nagristi', 'ugriza', 'dvospecifične_tstanica_engager', 'odgristi', 'ugriz', 'opor', 'ugristi', 'zagristi', 'duhovit', 'zalogaj', 'chomp', 'pregrizati', 'ugrizi', 'užina', 'opeći', 'ubod', 'izujedati', 'steven_hassan', 'griz', 'ubosti', 'zajedljivost', 'ujesti', 'ubod_kukca', 'ujedati', 'gristi', 'zakuska']
black	bijele	Found close match: ['bijeli', 'boje']	['boja', 'crna_žena', 'crne_žene', 'boje', 'crni_čovjek', 'crno_afrička', 'final_fight_3', 'ukupna_mrak', 'crna_boja', 'black', 'negroid', 'ostalih_utrka', 'negroidi', 'shirley_temple', 'crnina', 'crna_kava', 'crnca', 'afričkog_podrijetla', 'negroids', 'lightlessness', 'sličan_crncu', 'ocrniti', 'parcele_crnilo', 'crno', 'crna', 'negroidne', 'final_fight', 'taio_cruz', 'mrak', 'shirley_temple_crna', 'crnac', 'tama', 'planeswalker', 'negro', 'kari_kimmel', 'crnci', 'latino', 'tmina', 'bijeli', 'crn', 'azijski', 'inkiness', 'magic_the_gathering', 'crne', 'pocrniti', 'boji_znanosti', 'joseph_black', 'crno_osoba', 'crni']
blood	krvi	Match	['obitelj', 'blood', 'soj', 'ljudskom_krvlju', 'rakehell', 'loza', 'genetskog_nasljeđivanja', 'bordeaux_vino', 'potomstvo', 'kisikom_krvi', 'krv_linija', 'bordeaux', 'kainah', 'porod', 'hematoloških', 'krvi', 'vs', 'rod', 'nasljeđe', 'nasljedstvo', 'persistence_of_time', 'biološkog_nasljeđivanja', 'naslijeđe', 'bordeaux_vina', 'loze', 'ljudske_krvi', 'raskalašnik', 'collective_soul', 'sanguis', 'the_black_parade', 'krv', 'getting_away_with_murder']
blow	udariti	Found close match: ['kvariti', 'pokvariti', 'udarac']	['otplutati', 'zbrljati', 'proćerdati', 'fućkati', 'dolebdjeti', 'zbunjivati_se', 'hvalisati_se', 'kiksati', 'pokvariti', 'udarac', 'pištati', 'protratiti', 'traćiti', 'hvastati_se', 'odlebdjeti', 'zabuniti_se', 'producirati_se', 'stratiti', 'prtljati', 'lebdjeti', 'prepreka', 'nalet', 'pogriješiti', 'straćiti', 'pušiti', 'puhati', 'napuhavati', 'kvariti', 'razmetati_se', 'uništiti', 'ploviti', 'prčkati', 'uprskati', 'rasipati', 'šok', 'protepsti', 'rasuti', 'vijoriti', 'tratiti', 'napuhati', 'preturati', 'nos_bombona', 'zafrknuti', 'brljati', 'upropastiti', 'fušati', 'petljati', 'upropaštavati', 'sfušati', 'smetnja', 'fićukati', 'packati', 'trubiti', 'letjeti', 'spiskavati', 'pregorjeti', 'duhati', 'rastepsti', 'spetljati', 'ćerdati', 'uprskavati', 'buniti_se', 'zviždati', 'uništavati', 'spiskati', 'griješiti', 'blow', 'doplutati', 'razbacivati_se', 'sprtljati', 'protraćiti', 'potratiti', 'šepiriti_se', 'spackati', 'plutati', 'sprčkati']
bone	kostiju	Found close match: ['kosti', 'kost', 'sustav_kostiju']	['koštane', 'def_jam_recordings', 'bjelokosti', 'nije_čisto_bijele_boje', 'štrebati', 'slonovače', 'sustav_kostiju', 'bone', 'kost', 'koštano_tkivo', 'kosti']
breast	dojke	Match	['mamma', 'bijelo_meso', 'pectus', 'titty', 'dojka', 'karcinoma_dojke', 'raka_dojke', 'prsnog_koša', 'cica', 'rak_dojke', 'grudi', 'the_breast', 'prsa', 'sise', 'sisa', 'toraks', 'prsni_koš', 'dojke']
breathe	disanje	Found close match: ['disati']	['do_posljednjeg_daha', 'predahnuti', 'pisnuti', '1159', 'kristof_konrad', 'time', 'a_class', 'zračiti', 'disati', 'pokazivati', 'breathe', 'odisati', 'the_dark_side_of_the_moon', 'odmoriti_se', 'iempire', 'funeral_for_yesterday', 'emitirati', 'zucnuti']
burn	zapaljenje	Incorrect	['eritem_solare', 'fc_dallas', 'ispaliti', 'zapaliti', 'spaljivati', 'izgori', 'vodotok', 'plamtjeti', 'vodeni_tok', 'potoci', 'plamen', 'potpaljivati', 'užeći', 'spali_trag', 'spržiti', 'drugi_stupanj_spali', 'spaliti', 'potok', 'tok', 'burn', 'upaliti', 'ispaljivati', 'izgarati', 'požar', 'tan', 'žeći', 'sažeći', 'ugristi', 'goreći', 'sažigati', 'sagorijevati', 'izgorjeti', 'opeći_se', 'treći_stupanj_spali', 'potpaliti', 'opeklina', 'žgati', 'zapaljivati', 'opekotina', 'opržiti', 'spali', 'užgati', 'opeći', 'gori', 'vatra', 'sažgati', 'opekline_trećeg_stupnja', 'ruisseau', 'gorjeti', 'potocima', 'ubosti', 'preplanulost', 'opekline', 'sagorjeti', 'pržiti', 'kiptjeti', 'kauterizirati', 'paliti', 'potočić', 'zapaliti_se', 'upaljivati']
child	dijete	Match	['maloljetnik', 'djetinjstvo', 'tiddler', 'djete', 'kćerka', 'klinac', 'kćeri', 'kći', 'djece', 'dječje', 'kćer', 'djeca', 'lenfant', 'dete', 'dijete', 'predlakavi', 'mališan', 'dječak']
cloud	oblake	Found close match: ['oblak', 'oblakbased', 'oblak_usluge']	['kiba', 'cloud_infrastrukture', 'oblaci', 'oblak_usluge', 'roj', 'oblak_hosting', 'infrastrukture_kao_usluge', 'zamagliti', 'zamagljivati', 'pomračiti', 'cloud_computing', 'javni_oblak', 'pomutiti', 'pomračivati', 'oblak', 'cloud_strife', 'cloud', 'zamućivati', 'išarati', 'rojenje', 'jato', 'zamračiti', 'zamutiti', 'zamračivati', 'pomućivati', 'cloud_usluge', 'oblakbased']
cold	hladni	Found close match: ['hladno', 'hladna', 'hladan']	['hladan', 'kopb', 'nicole_prescovia_elikolani_valiente_scherzinger', 'ravnodušan', 'kronična_opstruktivna_plućna_bolest', 'nazeb', 'obična_prehlada', 'nazofaringitis', 'hunjavica', 'cold', 'craig_david', 'hladno', 'studen', 'hladna', 'prehlade', 'niska_temperatura', 'nicole_scherzinger', 'kronične_opstruktivne_plućne_bolesti', 'prehlada', 'hladnoća', 'nahlada']
come	dolaziš	Found close match: ['dolaziti', 'dolaze']	['prilaziti', 'dopirati', 'doseći', 'postizati', 'stizati', 'dođi', 'sperma', 'sjemena_tekućina', 'iznositi', 'dokučiti', 'ejakulirati', 'doprijeti', 'vrijediti', 'učiniti', 'približavati_se', 'dostizati', 'comé', 'postići', 'stići', 'dokučivati', 'potjecati', 'pristići', 'dostići', 'pristignuti', 'dolaziti', 'come', 'dolaze', 'ejakulat', 'doputovati', 'dohvatiti', 'doći', 'sjemene_tekućine', 'prispjeti', 'sjeme', 'približiti_se', 'svratiti', 'stignuti', 'hvatati', 'dosizati', 'pristizati', 'dosegnuti', 'prići']
correct	ispravno	Found close match: ['ispravi', 'ispraviti', 'prav']	['popraviti', 'ispravljati', 'ispravi', 'namjestiti', 'iskupljivati_se', 'podešavati', 'ispraviti', 'kompenzirati', 'urediti', 'namještati', 'pravu', 'popravljati', 'uređivati', 'podesiti', 'korigirati', 'prilagođavati', 'nadoknaditi', 'usklađivati', 'prav', 'nadoknađivati', 'točan', 'prilagoditi', 'iskupiti_se', 'uskladiti']
count	grof	Match	['brojiti', 'zbroj', 'grofovska', 'važiti', 'nabrojati', 'nabrajati', 'pobrajati', 'važno', 'prebrojati', 'pobrojati', 'računati_se', 'grofovija', 'suma', 'broj', 'countship', 'jarl', 'earls', 'vrijediti', 'izbrojati', 'popis', 'pobrojavati', 'earl', 'prebrojavati', 'grofovi', 'računajući', 'značiti', 'grof_monte_cristo', 'brojati', 'sql', 'punom_računati', 'pobrojiti', 'nabrojiti', 'zbir', 'broji', 'comtesse', 'grof', 'popisivanja', 'brojati_se', 'structured_query_language', 'računati', 'brojevni_sustav', 'izbrojiti']
cut	odreže	Not found	[]
day	dan	Match	['sunčev_dan', '24satni_interval', 'prilika', 'danje_svjetlo', 'znači_sunčev_dan', 'dnevnih', 'srednji_sunčani_dan', 'dvadeset_četir_sata', 'day', 'dana', 'doba', 'era', 'siderični_dan', 'dvadeset_četiri_sata', 'clarence_day', 'sinodički_dan', 'siderički_dan', 'solarni_dan', 'ddan', 'sideralni_dan', 'clarence_shepard_dan_jr', 'zvjezdani_dan', 'duljine_dana', 'šansa', 'dan']
die	zeit	Incorrect	['izdahnuti', 'pokvariti_se', 'skončati', 'kockica', 'kvariti_se', 'smrti', 'preminuti', 'prerane_smrti', 'čip', 'umirati', 'umri', 'izblijedjeti', 'umro', 'crknuti', 'skončavati', 'umrijeti', 'smrt', 'kocke', 'kockice', 'kocka', 'krepati', 'die', 'poliedarskih_kocke']
dig	iskopati	Match	['piknuti', 'razumijevati', 'uviđati', 'arheološki_lokalitet', 'kopati', 'robijati', 'skužiti', 'kulučiti', 'čeprkati', 'izdubiti', 'upiknuti', 'nabosti', 'dig', 'podbadati', 'iskopina', 'kužiti', 'zabosti', 'bocnuti', 'shvati', 'dokučiti', 'shvaćati', 'uvidjeti', 'kopanje', 'dirinčiti', 'pikati', 'dubiti', 'razumjeti', 'izdubljivati', 'dokučivati', 'podsmijeh', 'iskop', 'zarinuti', 'zarivati', 'zabiti', 'bosti', 'ruganje', 'crnčiti', 'iskapati', 'bockati', 'zariti', 'rintati', 'zabadati', 'iskopavati', 'pojmiti', 'poimati', 'arheološko_nalazište', 'štihati', 'raditi', 'ubadati', 'ubosti', 'mučiti_se', 'iskopati', 'prokužiti', 'nabadati', 'podbosti', 'prekopati', 'shvatiti', 'probosti', 'probadati', 'prekopavati', 'rinuti', 'zabijati']
dirty	prljavi	Match	['blatiti', 'ukaljati', 'okaljati', 'zemlja', 'prljavo', 'predmemoriranje', 'uprljan', 'umrljati', 'dirrty', 'kaljati', 'mazati', 'zamazati', 'prljavi', 'umrljan', 'spremljeno', 'l1_cache', 'onečišćavati', 'onečišćivati', 'predmemorija', 'tlo', 'zamazan', 'zaprljan', 'l1_priručna_memorija', 'nepristojan', 'cpu_cache_memorije', 'keš', 'tla', 'dirty', 'predmemorija_radne_memorije', 'priručna_memorija', 'mrljati', 'ublatiti', 'zablatiti', 'onečistiti', 'prljav', 'upute_cache', 'underworld', 'l3_cache_memorije', 'l2_cache', 'memorija', 'prljavštine', 'zaprljati', 'setasocijativne', 'cache', 'zamrljan', 'nečist', 'priručnu_liniji', 'cache_memorije', 'uprljati', 'l1_predmemorija', 'prljava', 'prljati']
dog	pasa	Found close match: ['psa', 'pas']	['zaponska', 'psa', 'obiteljski_canidae', 'pasželjezo', 'proganjati', 'psu', 'firedog', 'familiaris', 'porodica_canidae', 'kanida', 'natjeravati', 'zapinjač', 'pas', 'canis_familiaris', 'pratiti', 'staromodno_obučena_žena', 'hot_dog', 'naganjati', 'goniti', 'weenie', 'hrenovka', 'pas_meso', 'hulja', 'progoniti', 'domaćeg_psa', 'ganjati', 'canidae', 'domaći_pas', 'duck_hunt', 'slijediti', 'canis_lupus_familiaris', 'andiron', 'dog', 'hotdog', 'domaći_psi', 'lupus_familiaris', 'juriti', 'psi', 'loviti', 'hrenovke', 'porodica_pasa', 'hvatati']
drink	piće	Match	['pića', 'boozing', 'napijati_se', 'nazdraviti', 'popiti', 'napijanje', 'mamurluk', 'gutanja', 'lil_jon', 'napitak', 'piti', 'opijati_se', 'pitak', 'deglutition', 'opiti_se', 'opijanje', 'cugati', 'napiti_se', 'piće']
dry	vlažne	Incorrect	['isušiti', 'suh', 'sušiti_se', 'posušiti', 'buke', 'posušen', 'prohibicionist', 'osušiti', 'voća', 'stypsis', 'isušivati_se', 'osuši', 'isušen', 'osušen', 'suha', 'suho', 'bouquet', 'isušivati', 'sušiti_seposušiti_se', 'dry', 'posušiti_se', 'isušiti_se', 'mineralnost', 'suhi', 'tijelo', 'osušiti_se', 'sasušen', 'sušiti']
dull	tamnosmeđim	Not found	[]
dust	prašine	Match	['isprašiti', 'narančasta_pekoe', 'babylon_5', 'rasipavati', 'orange_pekoe', 'prašina', 'sipati', 'babilon_5', 'zaprašiti', 'prašinu', 'krhotine', 'razbacati', 'prašine', 'rasipati', 'rasuti', 'raspršiti', 'prah', 'fannings', 'razbacivati', 'raspršivati', 'pekoe', 'anđeo_prašine', 'oprašivati', 'disperzirati', 'phencyclidine', 'posipati', 'posuti', 'krš', 'dust', 'phencyclidine_hidroklorid']
ear	noktiju	Incorrect	['vrh', 'ušna_školjka', 'klas', 'uha_raspadu', 'pinna', 'klip', 'uha', 'tjeme', 'spica', 'ljudsko_uho', 'uho', 'uši', 'uhu', 'uška', 'pinnae']
earth	planeta	Incorrect	['terra_firma', 'brontitall', 'kopnene_mase', 'zemlja', 'saiyan', 'zemlje', 'golgafrincham', 'svjetovnost', 'svijetu', 'tlo', 'dragon_ball', 'majka_zemlja', 'kopno', 'čvrsto_tlo', 'svjetovna_briga', 'geja', 'earth', 'uzemljenje', 'andrómeda', 'lamuella', 'magrathea', 'suha_zemlja', 'krikkit', 'zemaljska_briga', 'zemaljska_kugla', 'terra', 'milliways', 'svijeta', 'svijet', 'ace_combat', 'zemlji']
eat	pojesti	Match	['crpiti', 'crpsti', 'jesti', 'hranjenja', 'potrošiti', 'izjedati', 'hraniti_se', 'blagovaona', 'jedi', 'izgristi', 'iscrpljivati', 'eat', 'iscrpiti', 'trošiti', 'jelo', 'pojesti', 'prazniti', 'nagrizati', 'korodirati', 'isprazniti', 'upotrebljavati', 'iscrpsti']
egg	jaja	Match	['kako_phasmida', 'nakaznici', 'osi', 'cheleutoptera', 'osi_model', 'open_systems_interconnection', 'sjemenik', 'jajna_stanica', 'ballock', 'jajašce', 'egg', 'sjemenici', 'testis', 'jajne_stanice', 'riba_jaja', 'jaja', 'elipsa', 'ptica_jaje', 'testisa', 'teste', 'testisi', 'velika_poluos', 'phasmida', 'proizvodnje_jaja', 'osi_modela', 'jajnih_stanica', 'phasmatodea', 'oval', 'jaje', 'mala_poluos', 'ovalan', 'mudo', 'kako_phasmatodea']
eye	oka	Match	['eye', 'oči', 'pupoljci', 'sredina', 'pupoljak', 'optički', 'složene_oči', 'sredini', 'oka', 'ušica', 'oko', 'oculi', 'the_eye', 'centar', 'eyewall', 'središte', 'oculus', 'optičkih', 'pup']
fall	pada	Match	['pripasti', 'pin', 'suton', 'padanje', 'sumrak', 'slijevati_se', 'snižavati_se', 'posrnuće', 'predaju', 'padaju', 'sniziti_se', 'poginuti', 'spuštati_se', 'jesen', 'smanjiti_se', 'umanjivati_se', 'krivina', 'fall', 'kosina', 'natalia_lesz', 'padati', 'the_fall', 'stradavati', 'evenfall', 'smanjiti', 'pada', 'stradati', 'nagib', 'crepuscle', 'declivity', 'padanja', 'gloam', 'predaja', 'kapitulacija', 'umanjiti_se', 'nautičkog_sumraka', 'pripadati', 'padina', 'nizbrdica', 'uginuti', 'crepuscule', 'jȅsēn', 'opasti', 'astronomski_sumrak', 'ugibati', 'spustiti_se', 'smanjivati_se', 'potpadati', 'pasti', 'pad', 'ginuti', 'pogibati', 'opadati']
far	daleko	Not found	[]
fat	masni	Found close match: ['masti', 'masno', 'mastan']	['ugojiti', 'lipidi', 'zakon_i_red_odjel_za_žrtve', 'masno', 'pretežak', 'pretilost', 'visceralnog_masnog_tkiva', 'masti', 'gojiti', 'masnoće', 'glycerolipid', 'lipide', 'masnoća', 'mastan', 'debeo', 'debela', 'lipid', 'lipida', 'voća', 'udebljati', 'stypsis', 'fat', 'toviti', 'debeli', 'salo', 'bouquet', 'masnog_tkiva', 'lipoid', 'masna_ulja', 'mast', 'masno_ulje', 'fat32', 'debljina', 'masno_tkivo', 'ugojenost', 'adiposis', 'utoviti', 'debljati', 'file_allocation_table', 'mineralnost', 'tijelo', 'buke', 'debelo']
father	otac	Match	['crkva_otac', 'muški_roditelj', 'suosnivač', 'katolički_svećenik', 'biološki_otac', 'svećenika', 'tata', 'oce', 'crkveni_otac', 'bog_otac', 'father', 'poduzetništvo', 'poduzetničke', 'rimokatolički_svećenik', 'osnivač', 'svećenik', 'uzrokovanje', 'otac', 'otac_crkve', 'poduzetničkog_načina_razmišljanja', 'the_gift', 'crkveni_oci', 'otacbog', 'poduzetničko_razmišljanje', 'poduzetnik', 'poduzetništva', 'serijski_poduzetnik', 'katoličkih_svećenika', 'entrepreneurialism', 'poduzetnici']
fear	straha	Found close match: ['strah', 'strava', 'strahovima']	['strah', 'inside_out', 'štovati', 'zastrašiti_se', 'plašiti_se', 'strepiti', 'bojati_se', 'ustrašiti_se', 'zabrinutost', 'preplašiti_se', 'prestrašiti_se', 'pribojavati_se', 'strašiti_se', 'strahovati', 'strahovima', 'strahopoštovanje', 'briga', 'bojazan', 'marillion', 'izvrnuto_obrnuto', 'fear', 'bojati', 'uplašiti_se', 'strava']
feather	perje	Match	['jak17', 'barbule', 'pèro', 'eclipse_perje', 'pero', 'jakovljev_jak15', 'jak15', 'perje', 'pera', 'filoplume', 'jakovljev_jak17', 'opernatiti']
few	nekoliko	Not found	[]
fight	borbe	Match	['protiviti_se', 'meč', 'sukobiti_se', 'sukobljavati_se', 'tuča', 'odupirati_se', 'oponirati', 'tući_se', 'angažman', 'suprotstavljati_se', 'konkurentnosti', 'suprotstaviti_se', 'naprezati_se', 'boriti_se', 'borba', 'borbenu_obuku', 'boj', 'usprotiviti_se', 'boriti', 'sukob', 'tučnjava', 'vojni_angažman', 'okršaja', 'bitka', 'borbe', 'oružane_borbe', 'oduprijeti_se', 'fight']
fingernail	noktiju	Match	['noktiju', 'nokat_na_prstu', 'nokti', 'nehet', 'nokat']
fire	vatra	Match	['ispucati', 'potaći', 'žar', 'ispaliti', 'nogirati', 'paljba', 'spaljivati', 'napad', 'kamin', 'rasplamsati', 'podjariti', 'pucnjava', 'lets_cheers_to_this', 'plamen', 'emerson_lake__palmer', 'vatru', 'pucati', 'razbuktati', 'zapucati', 'ispaljivati', 'spaliti', 'opaljivati', 'otpuštati', 'raspiriti', 'heartbreak_on_hold', 'požar', 'žeći', 'sažeći', 'odapeti', 'goreći', 'kelis_was_here', 'sažigati', 'fire', 'probuditi', 'anarchy', 'ognjište', 'poticati', 'žgati', 'raspaljivati', 'izazivati', 'raspaliti', 'potaknuti', 'otpustiti', 'pobuditi', 'vatra', 'sažgati', 'buditi', 'razbuktavati', 'ložiti', 'firejericho', 'puknuti', 'rasplamsavati', 'izazvati', 'zanos', 'fervidness', 'leona_lewis', 'tankirati', 'odapinjati', 'pobuđivati', 'tina_barrett', 'elp', 'najuriti', 'opaliti', 'paliti', 'vatrenost']
fish	riba	Match	['pecati', 'fish', 'finfish', 'ihtiofaune', 'go_fish', 'ribe_su_ribe', 'lažeš', 'mlada_jegulja', 'morske_ribe', 'riba', 'ribica', 'ribati', 'pisces', 'pterygiophore', 'meke_ray', 'ribice', 'fingerling', 'ribe', 'fluorescentne_in_situ_hibridizacije', 'pržiti', 'fluorescentna_in_situ_hibridizacija', 'phish', 'jestiva_riba', 'hrana_riba']
five	pet	Match	['košarkaška_reprezentacija', 'sugarcult', 'pet', 'succeeder', '5', 'hollywood_undead', 'petina', 'five', 'malo_phoebe', 'achiever', 'eneagram', 'cinque']
float	plutati	Match	['otplutati', 'plutaju', 'dolebdjeti', 'sladoled_plovak', 'free_float', 'riblji_mjehur', 'eksplozivnu_dekompresiju', 'kliziti', 'odlebdjeti', 'zračni_mjehur', 'splav', 'plivati_mjehur', 'puštati', 'lebdjeti', 'plovak', 'css', 'floatingpoint_broj', 'lebdi', 'ploviti', 'pomičnim_zarezom', 'zidar_je_plovak', 'pomičnim_zarezom_broj', 'nekontrolirano_dekompresije', 'porinuti', 'pustiti', 'vijoriti', 'pontonski_čamac', 'float', 'ponton', 'letjeti', 'swimbladder', 'plivati_mjehura', 'kaskadni_listovi_stilova', 'sladoled_soda', 'doplutati', 'plutati', 'bobfloat']
flow	protok	Match	['hidrauličkog_tlaka', 'protjecati', 'tečan', 'slijevati_se', 'rap_umjetnik', 'hidraulika', 'menstruacija', 'volumni_protok', 'mjesečnica', 'rap', 'sliti_se', 'uliti_se', 'curiti', 'menstruacije', 'tok', 'stalan_protok', 'tekućina_dinamičaru', 'volumetrijske_toka', 'repati', 'protok', 'tekućine_dinamičaru', 'proteći', 'young_money_entertainment', 'gravity_recovery_and_interior_laboratory', 'fluida_fizike', 'toka', 'florent_mothe', 'poteći', 'dinamike_fluida', 'catamenia', 'flow', 'dotjecati', 'proticanje', 'repera', 'emceeing', 'ulijevati_se', 'proticati', 'tečenje', 'protjecanje', 'protorap', 'tijek', 'teći', 'hidraulike', 'mehanika_fluida', 'utjecati', 'povećavajući_put', 'doteći', 'stopa_protoka', 'mehanici_fluida', 'reper', 'hidraulički', 'hidromehanika', 'menzes']
flower	cvijete	Found close match: ['cvijet', 'cvijeće', 'cvijeta']	['cvijeta', 'relient_k', 'play', 'cvjetovi', 'cvjetanje', 'cvat', 'gackt', 'epikutikularni_vosak', 'cvjetati', 'flower', 'cvjetni', 'cvet', 'rascvasti_se', 'behar', 'cvasti', 'cvatnje', 'rascvjetati_se', 'cvijeće', 'rascvjetavati_se', 'procvjetati', 'bambi', 'zenit', 'pupoljci', 'plodova', 'vegetacije', 'procvasti', 'cvijet']
fly	letjeti	Match	['preletjeti', 'poleti', 'transportirati_avionom', 'ciara', 'otperjašiti', 'muha', 'umaći', 'lete_ispred', 'voziti_avionom', 'zbrisati', 'šator_lepršati', 'diptera', 'pilotirati', 'dvokrilci', 'kidati', 'šatorfly', 'nestajati', 'otperjati', 'rainfly', 'bježati', 'leptir_moždani_udar', 'kidnuti', 'klisnuti', 'leti', 'izgubiti_se', 'umaknuti', 'letjeti_loptu', 'trčkarati', 'letjeti', 'uteći', 'odmagliti', 'fly', 'nestati', 'brisati', 'prevesti_avionom', 'juriti', 'pobjeći', 'gubiti_se', 'leptir', 'letak', 'odjuriti', 'lepršati', 'prevoziti_avionom', 'dipterans', 'skakutati']
fog	magle	Match	['maglovitost', 'zamračiti', 'pomračivati', 'zamutiti', 'zamračivati', 'zamagljenost', 'mrak', 'nejasnost', 'zamućivati', 'zamagliti', 'zamagljivati', '10th_avenue_freakout', 'magle', 'pomućivati', 'pomračiti', 'magla', 'pomutiti', 'neodređenost']
foot	stopalu	Found close match: ['stopalo', 'stopala', 'stopa']	['pješaka', 'podmiriti', 'pleme_mollusca', 'vrijeme_list', 'klupko', 'životinjsko_stopalo', 'kupiti', 'dno', 'koljeno_mekušaca', 'mollusca', 'platno', 'ljudska_noga', 'šivaći_stroj', 'pes', 'koljeno_mollusca', 'namirivati', 'metričkim_noge', 'platiti', 'šivaćih_strojeva', 'mainsheet', 'noga', 'podnožje', 'temelj', 'osnovica', 'podnožju', 'pada', 'baza', 'podmirivati', 'pokrivati', 'mekušac', 'beskičmenjak_nogu', 'mekušci', 'namiriti', 'pokriti', 'stopalo', 'list', 'ljudsko_stopalo', 'osnova', 'pješačke_pukovnije', 'plaćati', 'podloga', 'foot', 'stopala', 'metriàka_stopala', 'ft', 'pješaštvo', 'životinja_stopala', 'substrukcijama', 'metrički_jedinica', 'stopa']
forest	šuma	Match	['nottingham_forest', 'pošumiti', 'vorst', 'šumovita_zemlja', 'forest', 'šuma', 'šumovit_kraj', 'šumama', 'wälder', 'šume', 'nottingham_forest_fc', 'stablo', 'šumi', 'crnogoričnom_šumom', 'crnogoričnim_šumama']
four	šest	Match	['četiri', 'mali_joe', 'četiri_točka', 'succeeder', 'četverovalentan', 'tetractys', '4', 'four', 'kvaternion', 'šest', 'channel_4', 'achiever', 'eneagram', 'quaternity', 'planetary', 'forth', 'quaternions', 'quatern']
freeze	zamrzavanje	Match	['zamrzavati', 'smrzavica', 'stanka', 'smrzavanje', 'slediti_se', 'zamrznuti', 'zastoj', 'ledište', 'zamrzavati_se', 'zamrznuti_se', 'todd_smith', 'zaleđivati_se', 'smrzavati_se', 'lediti_se', 'freeze', 'jordin_sparks', 'zaleđivati', 'zamrzavanje', 'zalediti_se', 'bloodline', 'mraz', 'suspendirati', 'smrznuti_se', 'zalediti', 'mrznuti_se', 'smrznuti', 'promrznuti', 'freeez', 'objesiti', 'lediti', 'sleđivati_se', 'smrzavati', 'mrznuti']
fruit	sjemenki	Found close match: ['sjemena_kapsuli']	['fruit', 'dobit', 'voća', 'voće', 'voce', 'plod', 'bouquet', 'urod', 'mineralnost', 'stypsis', 'voćni', 'sjemena_kapsuli', 'buke', 'tijelo', 'prinos']
full	puni	Match	['pun', 'full', 'potpuno', 'dobar', 'ukupan', 'fullofthemoon', 'puna', 'puni', 'pun_mjesec', 'puna_faze_mjeseca', 'punog_mjeseca']
give	dati	Match	['proslijediti', 'kazati', 'ulagati', 'hraniti', 'doprinijeti', 'darivati', 'uložiti', 'dodijeliti', 'organizirati', 'obdariti', 'donijeti', 'pružiti', 'posvećivati_se', 'predvidjeti', 'predavati', 'slomiti_se', 'urušiti_se', 'iskazati', 'elastičnost', 'donositi', 'nahraniti', 'dati', 'propuštati', 'dodjeljivati', 'popuštati', 'pridonijeti', 'priložiti', 'prilagati', 'srušiti_se', 'predati', 'pet_your_friends', 'ostavljati', 'prepuštati', 'doprinositi', 'žrtvuje', 'urušavati_se', 'dodavati', 'iskazivati', 'imati', 'daj', 'proizvesti', 'darove', 'rušiti_se', 'prepustiti', 'popustiti', 'otkrivati', 'pridonositi', 'cold', 'uručivati', 'izručivati', 'odati', 'izraziti', 'micati_se', 'slamati_se', 'pripremiti', 'govoriti', 'pružati', 'prouzrokovati', 'držati', 'priređivati', 'podariti', 'pomaknuti_se', 'pomicati_se', 'pucati', 'propustiti', 'prenijeti', 'primijeniti', 'izručiti', 'prirediti', 'dodati', 'udijeliti', 'odavati', 'žrtvovati', 'prosljeđivati', 'pokloni', 'poklon', 'predviđati', 'poklanjati', 'darovati', 'prenositi', 'posvećivati', 'udjeljivati', 'otkriti', 'the_giver', 'maknuti_se', 'prouzročiti', 'uzrokovati', 'rezultirati', 'ostaviti', 'lomiti_se', 'sudjelovati', 'voditi', 'reći', 'pokloniti', 'uručiti', 'dar', 'izražavati', 'priopćavati', 'priopćiti', 'kontribuirati', 'proizvoditi', 'nadariti', 'posvetiti', 'davati', 'puknuti', 'posvetiti_se']
good	dobro	Match	['zdrav', 'vrijednosni_sustav', 'proizvod', 'vrednota', 'vrijednosti', 'good_music', 'dobra_i_zla', 'čestitost', 'ekonomsko_dobro', 'krasan', 'roba', 'artikl', 'valjanost', 'ljudskih_vrijednosti', 'good', 'dobro', 'ljekovit', 'dobar', 'čestit', 'divan', 'dobrota', 'libellé', 'prikladan', 'pošten', 'pravedan', 'trgovinu_dobar', 'sustav_vrijednosti', 'dobrotu', 'temeljito', 'vrijednost', 'etičkih_vrijednosti', 'dobra']
grass	trava	Match	['graminoid', 'günter_grass', 'nothing_can_stop_us', 'vutra', 'porodica_poaceae', 'sens', 'klasića', 'marihuana', 'porodica_graminaceae', 'ganja', 'travu', 'cinkati', 'kanabis', 'grass_gis', 'pašnjak', 'eatage', 'trave_obitelj', 'potkazati', 'supergrass', 'graminaceae', 'sporobolus_caespitosus', 'skylarking', 'marihuane', 'marica', 'obiteljski_gramineae', 'gras', 'poaceae', 'obiteljski_graminaceae', 'gunter_wilhelm_trava', 'stoner', 'travi', 'porodica_trava', 'gramineae', 'pašnjaci', 'ov', 'zelena_božica', 'mary_jane', 'denuncirati', 'trava', 'obitelj_poaceae', 'trave']
green	zelena	Match	['zelenost', 'ekološki', 'med_ulje', 'nedozreo', 'zelen', 'zelena', 'tamno_zelena', 'jade', 'eko_friendly', 'super_c', 'grašak_zelena', 'posebna_k', 'stavljajući_zelen', 'zeleno_povrće', 'william_green', 'voća', 'lisnato_povrće', 'stypsis', 'očuvanje_okoliša', 'nezreo', 'park', 'green', 'chartreuse', 'lisnato_zeleno_povrće', 'commons', 'ekološke_probleme', 'zelenom_lisnatom_povrću', 'žad_zelena', 'kelly_zeleno', 'zelenkasto_žuta', 'artičoka', 'zeleni', 'bouquet', 'putting_green', 'ekolozi', 'zelene', 'stavljajući_površinu', 'zeleno_lisnato_povrće', 'ekološke_svijesti', 'tamnozelene_boje', 'žuto_zelena', 'ekofriendly', 'vert', 'feldgrau', 'green_river', 'ide_zelena', 'zelena_politika', 'zelenjava', 'gemajda', 'ekološki_prijateljski', 'zelena_boja', 'mineralnost', 'zelje', 'sredine_pokreta', 'zeleno', 'žućkasto_zelena', 'smaragdno', 'zajednički', 'buke', 'tijelo', 'lisnatim_povrćem', 'mačka_valium', 'brunswick_zeleno', 'super_kiselina']
guts	gaara	Incorrect	['gastrointestinalni', 'probavnih_organa', 'iznutrice', 'utroba', 'probavnog', 'guts', 'junaštvo', 'braveness', 'probavni_trakt', 'crijevo', 'probavni_cijev', 'gi_trakta', 'crijeva', 'probavnog_trakta', 'ljudskog_probavnog_trakta', 'neustrašivost', 'probavni_sustav', 'hrabrost', 'gi_trakt', 'courageousness', 'probavnog_sustava', 'digestivnom_traktu', 'gastrointestinalni_trakt', 'probavni_sistem', 'probavnom_lumen', 'crijevnu_sluznicu', 'iznutrica', 'crijevima', 'moxie', 'probavni_kanal', 'alimentarni_trakt', 'ljudska_probava', 'hrabrosti']
hair	kosu	Found close match: ['kosi', 'kose', 'kosa']	['kose', 'vlasi', 'hair', 'hairsširina', 'kosa', 'dlakave', 'frizura', 'kosi', 'dlake', 'ljudske_kose', 'hairsbreadth', 'dlaka', 'sukno_od_konjske_dlake']
hand	ruka	Match	['kartaške_igre', 'proslijediti', 'kartice', 'ruka', 'predati', 'drazi', 'nadničar', 'najmljenik', 'unajmio_čovjek', 'zaposlili_ruke', 'radnik', 'izručiti', 'uručiti', 'dodavati', 'brakiri', 'rukama', 'kartaška_igra', 'predavati', 'pljesak', 'vještina', 'karte', 'dodati', 'dilgar', 'ispomoć', 'najamnik', 'ruke', 'hand', 'uručivati', 'system_of_a_down', 'davati', 'izručivati', 'most_igrač', 'prosljeđivati', 'cordella', 'dati', 'dijeljenje', 'sposobnost', 'rukopis', 'ruku', 'šapa', 'šaka', 'manuš', 'ruku_pomoći']
he	navršio	Not found	[]
head	čelo	Incorrect	['šef', 'plemenskom_poglavaru', 'http', 'vrijeme_list', 'klupko', 'vijest', 'ljudskog_uma', 'http_zahtjev', 'head', 'zločin_gospodar', 'glavni_izvor', 'ravnatelj_škole', 'ravnati', 'rukovoditi', 'navoditi', 'novinski_članak', 'članak', 'zločin_šef', 'upravljati', 'http11', 'um', 'glave', 'škotski_klan_šef', 'vođa', 'manevrirati', 'upravnik', 'dirty_mind', 'navesti', 'voditi', 'mentalnog_sadržaja', 'plemenski_poglavica', 'vršak', 'voditelj', 'platno', 'dovesti_priču', 'predvoditi', 'naslov', 'hidraulički_gradijent', 'ravnateljica', 'mainsheet', 'chieftaincy', 'psiha', 'šef_mafije', 'headteacher', 'pitanje', 'pseudanthium', 'usmjeriti', 'nadglavlje', 'vrh', 'chieftainship', 'glavi', 'cefaličan', 'kormilariti', 'usmjeravati', 'brian_welch', 'učitelj', 'klana', 'rt', 'intelekt', 'ravnatelj', 'list', 'krenuti', 'glavu', 'direktor', 'poglavica', 'prednjačiti', 'upraviti', 'oralni_seks', 'glava', 'najviši_autoritet', 'čitanje__pisanje_glavu', 'uma', 'bubanj_glave', 'hypertext_transfer_protocol', 'bubnju', 'razum', 'oralni_snošaj', 'glavić', 'predvodnik', 'nous']
hear	čuti	Match	['saslušavati', 'čuti', 'slušni_modalitet', 'preslušavati', 'sluha', 'slušni_osjećaj', 'saznati', 'načuti', 'sluh', 'čujni', 'slušati', 'otkriti', 'naučiti', 'saznavati', 'preslušati', 'vidjeti', 'osjećaj_sluha']
heart	srce	Match	['gnjidamaistrajan', 'dragost', 'narav', 'lijevu_srce', 'ljudskom_srcu', 'središte', 'duša', 'heart', 'esencija', 'srca', 'srž', 'blagost', 'esencije', 'ljubav', 'srce', 'suština', 'cor', 'sredini', 'nježnost', 'duh', 'naklonost', 'philia', 'naklonjenost', 'čovječje_srce', 'alexz_johnson', 'bit', 'jezgra', 'herc', 'sredina', 'srce_i_duša', 'centar', 'mindless_self_indulgence', 'sklonost', 'privrženost']
heavy	teški	Match	['teška', 'voća', 'teški', 'bouquet', 'teške', 'mineralnost', 'stypsis', 'team_fortress_2', 'težak', 'tjelohranitelja', 'tijelo', 'dnr', 'masivan', 'tjelohranitelj', 'buke', 'heavycom', 'heavy']
here	♫	Incorrect	['evo', 'ovdje', 'hera', 'here', 'tu']
hit	hit	Match	['postignuti', 'dopirati', 'udar', 'udarac', 'doseći', 'postizati', 'zviznuti', 'sudarati_se', 'hīt', 'upucati', 'napad', 'stizati', 'nastrijeliti', 'udri', 'udariti', 'dobiti', 'zadesiti', 'pogoditi', 'pucati', 'dobivati', 'udarati', 'smicati', 'sudar', 'ubijati', 'pogađati', 'ukloniti', 'umoriti', 'pogubljivati', 'pretjerati', 'napadati', 'sudara', 'sraz', 'učitavanje', 'strijeljati', 'dokučiti', 'ucmekati', 'doprijeti', 'sudariti_se', 'dostizati', 'rezultat', 'stići', 'dokučivati', 'postići', 'ubiti', 'dostići', 'obuzimati', 'zabiti', 'pogubiti', 'smaknuti', 'pogodio', 'lupati', 'gađati', 'snaći', 'napasti', 'osvojiti', 'uspješnica', 'udaranje', 'dohvatiti', 'baza_hit', 'lupiti', 'usmrtiti', 'ustrijeliti', 'kolizija', 'obuzeti', 'pretjerivati', 'usmrćivati', 'hit', 'prispjeti', 'pogodak', 'štrajk', 'likvidirati', 'osvajati', 'stignuti', 'opaliti', 'hvatati', 'dosizati', 'sudaranje', 'pristizati', 'dosegnuti', 'zabijati']
hold	održati	Not found	[]
horn	gudača	Incorrect	['kornet', 'sirena', 'brunda', 'bicikl_rog', 'trubač', 'drombulja', 'truba', 'motor_rog', 'jazz_trubač', 'rog', 'francuski_rog', 'sedlo_rog', 'lovački_rog', 'gaienhofen', 'trubači', 'trublja', 'automobilska_truba', 'auto_rog', 'horn', 'vozila_rog']
how	kako	Match	['upitno_riječ', 'upitno_zamjenice', 'kako', 'upitne_zamjenice', 'upitnoj_zamjenici', 'hands_all_over', 'how']
hunt	lov	Match	['lovljenje', 'james_henry_leigh_hunt', 'leigh_hunt', 'prepelice_lov', 'potraga', 'potjera', 'lovi', 'william_henry_hunt', 'traganje', 'lov_klub', 'lovci', 'lovstvo', 'lovaca', 'richard_morris_hunt', 'hunt', 'overhunting', 'lov', 'holman_hunt', 'loviti', 'traženje', 'william_holman_hunt']
husband	suprugove	Found close match: ['suprug']	['bračni_drug', 'partner', 'muža', 'uščuvati', 'suprug', 'husband', 'uštedjeti', 'štedjeti', 'sačuvati', 'ekonomizirati', 'organizirati', 'oženjen_muškarac', 'supružnikpartner', 'mužić', 'bolja_polovica', 'raspoređivati', 'oženio_osoba', 'muž', 'čuvati', 'rasporediti', 'mužu', 'partnera', 'supružnika']
i	misliš	Not found	[]
ice	ledu	Found close match: ['led', 'leda', 'led_berbu']	['motor_s_unutarnjim_izgaranjem', 'metamfetamina', 'dextromethamphetamine', 'motor_s_unutrašnjim_izgaranjem', 'intercityexpress', 'leda', 'ic_motor', 'motor_automobila', 'motora_s_unutarnjim_izgaranjem', 'desoxyn', 'ice_la_fox', 'klizalište', 'umjetnoj_leda', 'metamfetamin', 'in_case_of_emergency', 'u_slučaju_nužde', 'unutarnjim_izgaranjem', 'emirates', 'u_hitnom_slučaju', 'ice', 'izgaranjem', 'led', 'kristalno_metamfetamina', 'led_berbu', 'c10h15n', 'metamfetamin_hidroklorid', 'met', 'pervitin', 'glazura', 'methedrine', 'shabu', 'deoxyephedrine', 'instituto_de_costarricense_electricidad', 'motor_sui', 'methamphetamines', 'motora_s_unutarnjim_izgaranjem_vozila']
if	ako	Not found	[]
in	u	Not found	[]
kill	ubiti	Match	['maknuti', 'iskorijeniti', 'odstraniti', 'ubijati', 'smrti', 'ukloniti', 'umoriti', 'ubij', 'prerane_smrti', 'ubijanje', 'pocugati', 'ubiti', 'iskapiti', 'umro', 'stavljanjem_na_smrt', 'odstranjivati', 'izgibati', 'usmrtiti', 'umrijeti', 'usmrćivanje', 'izbrisati', 'usmrćivati', 'smrt', 'brisati', 'precrtavati', 'likvidirati', 'izginuti', 'uklanjati', 'micati', 'the_kill', 'kill']
knee	ozljeda	Found close match: ['koljena', 'ozljede_koljena']	['koljena', 'zglob_koljena', 'ozljede_koljena', 'koljena_zgloba', 'gušiti', 'ljudsko_koljeno', 'kòljeno', 'koljena_štrajka', 'koljenični_zglob', 'koljeno', 'articulatio_genus', 'genu']
know	shvaćaš	Incorrect	['spoznavati', 'karati_se', 'upoznati', 'upoznavati_se', 'znati', 'kognitivne_sposobnosti', 'seksati_se', 'noesis', 'spoznaja', 'voditi_ljubav', 'kognitivne', 'općiti', 'prepoznati', 'spoznaje', 'noeza', 'spoznati', 'upoznavati', 'umjeti', 'doživjeti', 'znanja', 'kognitivnih_sposobnosti', 'upoznati_se', 'poznavati_se', 'poševiti', 'kognitivnih_funkcija', 'jebati', 'znaj', 'spavati', 'ševiti', 'saznati', 'ševiti_se', 'poznavati', 'jebati_se', 'poznati', 'kognitivne_obrade', 'kognicija', 'saznavati', 'znanje']
lake	jezera	Match	['prirodno_jezero', 'pigmenta', 'lake', 'pigmenata', 'jezera', 'vrste_jezera', 'slatkovodno_jezero', 'pigment', 'prolaznim_jezera', 'jezero', 'prekidima_jezero']
laugh	nasmijati	Not found	[]
leaf	stabljikama	Incorrect	['verso', 'prolistati', 'srednje_rebro', 'šuma', 'recto', 'crenate', 'listovi', 'list_papira', 'paullinia_pterophylla', 'dlakavi', 'lišće', 'folio', 'listati', 'bazalna_list', 'izvanosni', 'adaxial', 'recto_i_verso', 'pazuho', 'list', 'stablo', 'list_pazuho', 'nissan_leaf', 'folijarne', 'arak', 'pazušcu']
left	lijevoga	Found close match: ['lijevo', 'lijeva', 'slijeva']	['politička_ljevica', 'nalijevo', 'ljevica', 'slijeva', 'lijevi', 'lijeva', 'lijevo', 'esquerra_republicana_de_catalunya', 'ljevičarskih', 'ljevičara', 'venstre', 'lijevo_krilo', 'leftwing', 'lijevom_krilu_politike', 'kolektivistička', 'ljevičar', 'ljevičarstvo']
leg	gležanj	Incorrect	['etapa', 'drvena_noga', 'potkoljenice', 'nogu', 'nogavica', 'pegleg', 'batak', 'donjih_ekstremiteta', 'dosege', 'dvije_noge', 'dvije_nogu', 'noga', 'but', 'nozi', 'crus', 'ljudsku_nogu', 'donjeg_ekstremiteta', 'noge']
lie	presijecaju	Incorrect	['biti', 'lagati', 'absolute_first_album', 'neistina', 'ležati', 'malpresentation', 'awake', 'stajati', 'trygve_lie_halvden', 'laže', 'ostati', 'leći', 'budalaština', 'smještaj', 'leže', 'laž', 'lijegati', 'slagati', 'lie', 'trygve_lie', 'leže_u', 'the_lie', 'laži', 'počivati', 'razmještaj', 'ostajati', 'nalaziti_se', 'izmišljotina']
live	uživo	Match	['preživljavati', 'naseljavati', 'stanovati', 'izdržavati', 'turneju', 'živjeti', 'uživo', 'built_to_spill', 'prebivati', 'doživjeti', 'opstati', 'j_lo', 'nastaniti', 'glazbeni_koncert', 'život', 'nesnimljen', 'live_at_the_marquee', 'izdržati', 'nadživjeti', 'nastanjivati', 'naseliti_se', 'jennifer_lopez', 'trajati', 'preživjeti', 'live', 'rem_live', 'simian_mobile_disco', 'uzdržavati_se', 'nastaniti_se', 'naseljavati_se', 'živ', 'živu_glazbu', 'durati', 'live_koncert', 'imati_prebivalište', 'jlo', 'izdurati', 'potrajati', 'naseliti', 'koncert', 'živim', 'boraviti', 'pigmy_love_circus']
liver	jetre	Match	['jetre', 'hepar', 'govedine_jetre', 'jetra']
long	dugi	Found close match: ['dug', 'dugo', 'duga']	['longa', 'žudjeti', 'duga', 'bloody_roar', 'long', 'william_henry_long', 'dugo', 'dug', 'čeznuti', 'dugačko']
louse	gmazove	Incorrect	['sisa_uš', 'zglavkari', 'biljna_vaš', 'phthiraptera', 'grizu_uši', 'arthropoda', 'prljavštine_lopta', 'uši', 'člankonožaca', 'uš', 'ptica_uš', 'člankonošci', 'arthropod']
man	čovjek	Match	['relient_k', 'vojni_službenik', 'atani', 'gospodin_je_gospodin', 'mreža_gradskog_područja', 'metropolitan_area_network', 'gradska_mreža', 'metropolitan_area_networks', 'atanatári', 'spolno_zrele', 'apanónar', 'čovjeka', 'u_svijetu', 'wen', 'sobar', 'ljudskom_biću', 'ljudski_rod', 'ljudskih_bića', 'ljude', 'ljudsko_biće', 'vojni_čovjek', 'man_se', 'homo_sapiens', 'ljudski', 'man_ag', 'man_stranice', 'čovječanstvo', 'dunlending', 'ljudi', 'vojno_lice', 'muškaraca', 'homo_sapiens_sapiens', 'ljudske_rase', 'homo', 'čovjek', 'dunlanđana', 'ljudska_vrsta', 'figura', 'ljudska_bića', 'isle_of_man', 'otok_man', 'man_nutzfahrzeuge', 'manfred_gnadinger', 'covjek', 'čovek', 'sobar_de_chambre', 'seksualno_sazrijevanje', 'wan', 'cornelis_de_man', 'ljudske_vrste', 'mana_ostrvo', 'edaini', 'man', 'svijet', 'svijeta', 'ljudska_rasa', 'muško', 'muškarac', 'odrasli_muškarac', 'figurica', 'muškarci']
many	mnoge	Match	['mnoge', 'mnogi', 'many']
meat	mesa	Match	['gnjidamaistrajan', 'bit', 'suština', 'jezgra', 'srce_i_duša', 'meso', 'shawn_stasiak', 'govedina', 'srž', 'mesa', 'centar', 'mesa_znanosti', 'središte', 'esencija', 'svinjetina', 'esencije', 'obrađeno_meso', 'we_will_rock_you']
moon	sunca	Match	['sunce', 'mjesečini', 'mjeseca', 'venera', 'lunarni_mjesec', 'moon', 'pluton', '문', 'mars', 'jupiter', 'mjesečeva_mijena', 'sun_myung_moon', 'saturn', 'sunca', 'satelit', 'sinodički_mjesec', 'mjesečeva_svjetlost', 'mjesec', 'air', 'prirodnih_satelita', 'prirodni_satelit', 'kyôko_fukada', 'mesec', 'mijena', 'sunce_znak', 'maštati', 'merkur', 'mjesec_tipa', 'lunarnog_mjeseca', 'drakonski_mjesec', 'mjesečina']
mother	majka	Match	['maziti', 'mater', 'tetošiti', 'synchronicity', 'majka', 'sisters_of_avalon', 'redovnica', 'mama', 'majka_božica', 'majke', 'mati', 'mother', 'majko', 'chorus_line', 'a_chorus_line', 'zemlja_je_majka', 'ženski_roditelj', 'majku_zemlju']
mountain	planina	Match	['gomila', 'planine', 'velik_posao', 'passel', 'gora', 'muckle', 'masa', 'hrpetina', 'mnoštvo', 'mickle', 'planina', 'puno', 'vrlo_malo', 'uredan_zbroj', 'mnogo', 'sahtu', '482', 'dobar_posao', 'planinu', 'mountain', 'hrpa']
mouth	ušću	Found close match: ['ušće']	['backtalk', 'kazati', 'perioralnim', 'usta', 'ispričati', 'kazivati', 'natrag_razgovarati', 'prozboriti', 'reći', 'verbalizirati', 'mouth', 'ždrijelo', 'ulaz', 'pričati', 'sass', 'vrh', 'ušće', 'izreći', 'izgovarati', 'zboriti', 'usna_šupljina', 'sassing', 'usmeni_fisura', 'izgovoriti', 'razgovarati', 'izricati', 'grotlo', 'rima_oris', 'labium', 'tjeme', 'govoriti', 'usne_šupljine', 'usni_otvor']
name	ime	Match	['identificirati', 'determinirati', 'identifikator', 'nazivni', 'prozvati', 'imenskih', 'navode', 'zvati', 'popisati', 'raspoznavati', 'javna_ličnost', 'nazvati', 'id', 'nazivati', 'ime', 'nominalna_fraza', 'vlastita_imena', 'lik', 'imenovati', 'vlastita_imenica', 'vlastito_ime', 'u_ime', 'spomenuti', 'naziv', 'identifikatori', 'otkrivati', 'dijagnosticirati', 'imenica_fraza', 'odrediti', 'određivati', 'gens', 'opisati', 'naimenovati', 'naziv_računala', 'spominjati', 'otkriti', 'nabrajati', 'prozivati']
narrow	široka	Incorrect	['usko', 'uski', 'uska', 'uskogrudan', 'specificirati', 'sužavati', 'specijalizirati', 'zatucan', 'uzak', 'sužavati_se', 'uske', 'precizirati']
near	nedaleko	Found close match: ['nedaleki']	['prilaziti', 'obližnji', 'primaći_se', 'blizu', 'near_shoemaker', 'bližiti_se', 'približiti_se', 'gotovo', 'pristupiti', 'primaknuti_se', 'pristupati', 'primicati_se', 'nedaleki', 'blizini', 'približavati_se', 'blizak', 'prići']
neck	vratu	Found close match: ['vrat', 'ovratnik']	['maziti_se', 'prolaz', 'nt', 'tjesnac', 'drpati_se', 'ovratnik', 'vrat', 'ljubakati_se', 'okovratnik', 'šija', 'ljubiti_se', 'vrat_otvaranje']
new	nova	Match	['novo', 'nova', 'mlad', 'novi', 'nedavno', 'nov', 'new']
night	noći	Match	['nyx', 'nox', 'noć', 'večer', 'noc', 'eliezer_wiesel', 'noći', 'mračno_doba', 'night', 'noću', 'elie_wiesel', 'tama', 'mračni_vijek', 'nikta', 'wiesel', 'not']
nose	nosni	Found close match: ['nos', 'nosa']	['aromatičnost', 'čeprkati', 'mirisni_orgulje', 'nasus', 'aromata', 'njušiti', 'pomirisati', 'aroma', 'sapnica', 'nosna_šupljina', 'ponjušiti', 'olfaktorni_organ', 'nanjušiti', 'onjušiti', 'nosa', 'mlaznice', 'mirisati', 'namirisati', 'arome', 'pedalj', 'miomiris', 'buket', 'mlaznica', 'miris', 'magnetska_mlaznica', 'omirisati', 'nos', 'organ_njuha']
not	ne	Not found	[]
old	stari	Match	['oldince', 'staro', 'olnica', 'stara', 'stari', 'bivši', 'dug', 'star', 'old']
one	jedan	Match	['torke', 'vampire_weekend', 'multiplikativne_identiteta', 'planetshakers', 'one', 'jedinstvo', '1', 'succeeder', 'torka', 'asa', 'ntorka', 'šestostruk', 'armin_van_buuren', 'achiever', 'eneagram', 'jedna', 'supposed_former_infatuation_junkie', 'the_one', 'vertical_man', 'jedan', 'prvi']
other	i	Incorrect	['različit', 'drugi', 'druga', 'drugo', 'drukčiji', 'ran', 'drugačiji']
play	igrati	Match	['postaviti', 'play', 'nastupiti', 'pretvarati_se', 'skakutanje', 'predstava', 'android_market', 'svjetlucanje', 'praviti_se', 'igraju', 'runda', 'igrati', 'ulagati', 'stageplay', 'akcija', 'igrati_se', 'uprizorivati', 'pokrenuti', 'klađenja', 'klađenje', 'nastupati', 'odriješene_ruke', 'sviraj', 'ride', 'okladiti_se', 'igraj', 'red', 'odigrati', 'uložiti', 'dramatična_igra', 'google_play_store', 'prijenos_razdoblje', 'izvoditi_se', 'igrokaz', 'vrijeme_igre', 'odglumiti', 'nastojanje', 'pokušaj', 'sastati_se', 'drama', 'donijeti', 'ponašati_se', 'prikazivati_se', 'dramske_umjetnosti', 'igranje', 'reproducirati', 'google_play', 'razdoblje_igre', 'zazor', 'postavljati', 'susresti_se', 'stavljati', 'susretati_se', 'veselje', 'davati_se', 'kockanje', 'mačevanje', 'odrediti', 'glumiti', 'odsvirati', 'određivati', 'uprizoriti', 'kladiti_se', 'slobodne_ruke', 'potpuna_sloboda', 'igra', 'odigravati', 'kocka', 'play_store', 'izigravati', 'predstaviti', 'staviti', 'trajanje', 'predstavljati', 'rukovanje', 'potez', 'svirati']
pull	uskočiti	Not found	[]
push	pritišće	Not found	[]
rain	kiše	Match	['jadan', 'kiše', 'in_blue', 'heavy_rain', 'kiše_oluje', 'john_colton', 'padavine', 'kiša', 'kišiti', 'kišnice', 'kišnica', 'pljusak', 'rain', 'dažd', 'oborina']
red	crveni	Match	['crvena', 'crvena_boja', 'crveni', 'boljševičke_partije', 'after_school', 'bolshie', 'boljševici', 'boljševizam', 'crven', 'red', 'bolshy', 'boljševik', 'crveno', 'deficit', 'angry_birds', 'red_river', 'crvena_rijeka', 'crvena_tinta', 'boljševizma', 'anil_kapoor', 'boljševika', 'day__age', 'gubitak', 'manjak']
right	desno	Match	['popraviti', 'ispravljati', 'statut', 'pravo_i_krivo', 'moralni_filozof', 'iskupljivati_se', 'etičke_teorije', 'right', 'ispraviti', 'politička_desnica', 'kompenzirati', 'pravednome', 'pravo', 'neotuđivo', 'desno_krilo', 'ispravnost', 'etičkim_pitanjima', 'pravu', 'popravljati', 'rightism', 'korigirati', 'nadesno', 'pravom', 'young_americans', 'zakonsko_pravo', 'moralna_filozofija', 'neotuđivo_pravo', 'desna_ruka', 'desna', 'etički_sustav', 'pravičnost', 'nadoknaditi', 'etika', 'desnom_rukom', 'desnoj_strani', 'prav', 'pravda', 'zakonitost', 'etičke_standarde', 'prava', 'upravo', 'nadoknađivati', 'političke_desnice', 'desničar', 'neotuđivih_prava', 'moralne_filozofije', 'prirodnih_prava', 'točan', 'desno', 'ispravno', 'pravica', 'iskupiti_se', 'desni', 'pravilno', 'pravednost', 'prirodnih_i_zakonskih_prava', 'right_field', 'nespretnost', 'desnica']
river	rijeke	Match	['tok', 'potok', 'rijeka', 'sestao_river_club', 'vodotok', 'ruisseau', 'rijeci', 'rijeke', 'potoci', 'potočić', 'vodeni_tok', 'river', 'watermark', 'potocima']
road	cesta	Match	['the_road', 'causeways', 'put', 'cesta', 'daleko_igra', 'road', 'gostovanju', 'prometnica', 'cesta_igra', 'cestom', 'ceste', 'new']
root	korijenu	Found close match: ['korijen', 'korijena', 'korijen_zuba']	['potkopavati', 'glazbeni_interval', 'dlaka', 'korijen_riječi', 'preci', 'rovati', 'predaka', 'šuma', 'nula', 'predak', 'korijena', 'korijen', 'superuser', 'ishodište', 'kosa', 'uklopiti_se', 'tonski_centar', 'nultočka', '0', 'interval', 'nti_korijen', 'izvor', 'korijen_biljaka', 'root_pristup', 'glazbenim_intervalima', 'smiriti_se', 'tonik_akord', 'pretka', 'korijen_zuba', 'usputni_korijene', 'podrijetla', 'dlake', 'riječi_stabljike', 'navijali', 'stablo', 'snaći_se', 'izrovati', 'ukorijeniti_se', 'preteča', 'vlasi', 'početak', 'dlakave', 'praotac', 'ascendent', 'ljudske_kose', 'korijen_bilješku', 'stabljike', 'smjestiti_se', 'root', 'etimon', 'selo_konohagakure', 'tonik']
rope	užad	Match	['r2', 'konop', 'konopac', 'uže', 'ropemaker', 'rophy', 'zaboravi_me_lijek', 'roofy', 'užeta', 'meksički_valium', 'rope', 'užad']
rotten	rotten	Loanword	['trulo', 'loš', 'truo', 'pokvaren']
round	doigravanja	Incorrect	['jedan_metak', 'bareknuckle', 'runda', 'borba_pesnicama', 'gole_kutni_boks', 'oboriti_se', 'ljuska_kućište', 'napad', 'boksanje', 'jedinica_streljiva', 'okomiti_se', 'brusiti', 'kritizirati', 'svakodnevno_kolo', 'preciznost', 'čaura', 'metak', 'okomljivati_se', 'srednjaš', 'značajnih_znamenki', 'kotač', 'voća', 'napadati', 'stypsis', 'runda_golfa', 'okrugla', 'okruglo', 'značajna_znamenka', 'zaokružiti_se', 'nasrnuti', 'okrugli', 'pesničenje', 'usavršavati', 'boksač', 'bouquet', 'boks', 'round', 'dotjerivati', 'obarati_se', 'izbrusiti', 'napasti', 'kućište', 'profesionalni_boks', 'dotjerati', 'nasrtati', 'zaokružiti', 'krug', 'usavršiti', 'mineralnost', 'značajna_figura', 'kružan', 'prečka', 'tijelo', 'kolo', 'buke', 'runda_pića']
rub	ošit	Incorrect	['protrljati', 'brisanje', 'ruski_rubalj', 'grepsti', 'iskrzati', 'strugati', 'utrljavati', 'utrljati', 'ruska_rublja', 'trljati', 'trti', 'grebati', 'žuljati', 'češati']
salt	natrijevog	Found close match: ['natrijeva_sol', 'natrijev_klorid']	['saltnpepa', 'slanik', 'kalijeve_soli', 'kuhinjska_sol', 'usoliti', 'sol_podrum', 'ionskih_soli', 'cheryl_james', 'soliti', 'henry_salt', 'soli', 'nacl', 'natrijev_klorid', 'strateški_ograničenje_naoružanja_razgovori', 'posoliti', 'sol', 'salt', 'natrijeva_sol', 'proizvodnji_soli']
sand	pješčanim	Found close match: ['pješčana']	['pješčana', 'pijesak', 'sand', 'barunica_dudevant', 'amandine_aurore_dupin_lucie', 'sand_am_main', 'pijeska', 'moxie', 'schönenbergkübelberg', 'crijeva', 'george_sand']
say	misliti	Found close match: ['iznositi']	['glasiti', 'naložiti', 'jean_baptiste_say', 'nalagati', 'kazati', 'navoditi', 'naređivati', 'kazivati', 'navesti', 'jeanbaptiste_say', 'reći', 'say', 'artikulirati', 'reci', 'iznositi', 'izjavljivati', 'narediti', 'zapovjediti', 'iskazivati', 'in_blue', 'thomas_say', 'pretpostavljam', 'izjašnjavati_se', 'izreći', 'izjasniti_se', 'iznijeti', 'glasi', 'iskazati', 'izgovarati', 'zapovijedati', 'propisati', 'izjaviti', 'izgovoriti', 'izricati', 'osakis', 'govoriti']
scratch	doraditi	Found close match: ['odjaviti']	['izgrepsti', 'križati', 'stanje_kože', 'startlinija', 'grepsti', 'para', 'kože_čira', 'ogrebotine_linija', 'šoldi', 'simoleons', 'dinero', 'češati', 'penezi', 'handicap', 'moolah', 'dermatoza', 'kože_lezije', 'gelt', 'macules', 'blago', 'oguljotina', 'školjke', 'odjavljivati', 'induracija', 'keš', 'hendikep', 'otkazati', 'žuljati', 'oštećenja_kože', 'vezikule', 'kunjke', 'iskrzati', 'trljati', 'grebati', 'odustati', 'klesati', 'cutaneous_stanje', 'abrazija_kože', 'lova', 'odustajati', 'stornirati', 'precrtati', 'strugati', 'dinar', 'trti', 'ožiljak', 'zelembać', 'cacography', 'pare', 'lichenification', 'otkazivati', 'grebanje', 'prekrižiti', 'kvrge', 'osuda', 'gravirati', 'golf_hendikep', 'abrazije', 'kožnih_bolesti', 'peter_gabriel', 'istrugati', 'škrabati', 'ogrebotina', 'scratch', 'odjaviti']
sea	morem	Match	['moru', 'air', 'ocean', 'more', 'mjesečeva_mora', 'oceana', 'morem', 'lunarnog_maria', 'morskog_okoliša', 'sea', 'mjesečevo_more']
see	vidjet	Found close match: ['vidjeti', 'uvidjeti', 'vidjeli']	['proučavati', 'ustanovljavati', 'zamisliti', 'smatraju', 'skopolamin', 'skrbiti', 'uočiti', 'doživjeti', 'shvaćati', 'uvidjeti', 'voditi_brigu', 'zamijetiti', 'vidjeti', 'ugledati', 'interpretirati', 'vidjeli', 'rastumačiti', 'zapažati', 'saznati', 'see', 'smatrati', 'posjećivati', 'predstaviti', 'načuti', 'viđati_se', 'kontrolirati', 'prekontrolirati', 'uočavati', 'sresti', 'ispratiti', 'doživljavati', 'zabavljati_se', 'opaziti', 'osiguravati', 'vizualnu_percepciju', 'sastajati_se', 'svjedočiti', 'susretati', 'okusiti', 'izlaziti', 'zamjećivati', 'nadbiskupsko_vidjeti', 'pratiti', 'gledati', 'sastati_se', 'tycho', 'naletjeti', 'nabasati', 'viđati', 'pronaći', 'zapaziti', 'primijetiti', 'pojmiti', 'provjeravati', 'posjetiti', 'zamišljati', 'proći', 'hioscin', 'hodati', 'promotriti', 'sanjariti', 'vizualizirati', 'motriti', 'razumijevati', 'misliti', 'promatrati', 'osigurati', 'utvrditi', 'pregledati', 'pogledati', 'utvrđivati', 'vizualna_percepcija', 'opažati', 'sretati', 'razumjeti', 'poimati', 'proučiti', 'naučiti', 'ustanoviti', 'predočavati', 'maštati', 'uvjeravati_se', 'shvatiti', 'otkriti', 'saznavati', 'paziti', 'brinuti', 'iskusiti', 'uviđati', 'pregledavati', 'motre', 'susresti', 'prolaziti', 'čuti', 'vidi', 'predočiti', 'ustanovljivati', 'protumačiti', 'objašnjavati', 'tumačiti', 'primjećivati', 'provjeriti', 'objasniti', 'vid', 'uvjeriti_se', 'predstavljati']
seed	sjemenja	Found close match: ['sjemenka', 'sjeme', 'sjemenke']	['jednom_eliminacija', 'četvrtfinale', 'sjemenka', 'polufinalist', 'zasijati', 'sublime', 'sjemenke', 'sperma', 'sjemena_tekućina', 'posijati', 'ejakulirati', 'izvor', 'sijati', 'jedan_eliminacija_turnir', 'najbolji_igrač', 'polufinalu', 'ejakulat', 'jednom_eliminacija_turnir', 'polufinale', 'singleeliminacija', 'doći', 'sjemene_tekućine', 'santi', 'sjeme', 'polufinala', 'seed', 'četvrtfinalu', 'seeded_player', 'početna_vrijednost', 'final_fantasy_viii', 'seme']
sew	skuhati	Not found	[]
sharp	zaobljenu	Incorrect	['oštra', 'skinheads_against_racial_prejudice', 'adaven', 'sharp_corporation', 'oštri', 'oštar', 'sharp', 'oštro']
short	kratke	Found close match: ['kratko', 'kratki', 'kratka']	['shortstop', 'iznenada', 'kratak', 'kratki_spoj', 'kratka_prodaja', 'kratkih_igranih', 'kurcšlus', 'ukratko', 'naglo', 'kratka', 'short', 'kratkih_filmova', 'dvareeler', 'kratkog_spoja', 'kratki_film', 'kratko', 'kratki_prodaju', 'kratak_spoj', 'ukratko_predmet', 'kuršlus', 'kratku_poziciju', 'shortstops', 'film_short', 'kratki', 'kratko_zaustavljanje']
sing	otpjevati	Found close match: ['opjevati', 'pjevati', 'pjevajte']	['pjevač', 'pjevajte', 'fućkati', 'leisure', 'pop_pjevačica', 'vokal', 'pištati', 'ženski_vokal', 'opjevati', 'pjevanje', 'pjevačica', 'vocalizing', 'pjevati', 'zviždukati', 'zviždati', 'vokaliziranje', 'fićukati', 'pjevača', 'pjevaj', 'sing']
sit	sjesti	Not found	[]
skin	kože	Match	['presvlaka', 'day_for_night', 'puti', 'ludnica', 'dodatiu', 'skinnable', 'sanatorij', 'almost_human', 'oguliti', 'dodataka', 'ray_of_light', 'plugin', 'kore', 'skin', 'krzno', 'krug_kartica', 'žuta_kuća', 'naprezati', 'blender', 'programski_priključak', 'derati', 'mentalna_ustanova', 'pločica', 'kožni', 'koža_s_krznom', 'priključak', 'kože', 'cutis', 'mentalni_dom', 'izguliti', 'oljuštiti', 'kora', 'psihijatrijska_ustanova', 'rkelly', 'stanica_kože', 'tiskana_pločica', 'psihijatrijska_bolnica', 'koža', 'sjemena_opna', 'oderati', 'mentalna_bolnica', 'ljuštiti', 'tiskanih_pločica', 'r_kelly', 'zguliti', 'guliti', 'tiskana_ploča', 'pcb']
sky	neba	Match	['sky_airlines', 'nebo', 'neba', 'azuran', 'heterosphere', 'zrak', 'baciti', 'atmosfere_zemlje', 'cerulean', 'plavetnilo', 'credo', 'sky', 'nebeski_svod', 'stacey_king', 'lazuline', 'zemljina_atmosfera', 'nebeski_plavetan', 'team_sky', 'winx', 'nebu', 'zemljine_atmosfere', 'winx_club', 'thatgamecompany']
sleep	spavanje	Match	['stanje_mirovanja', 'stanju_mirovanja', 'drijemanje', 'prenoćiti', 'vječni_počinak', 'spavanje', 'drijem', 'the_black_parade', 'spavaj', 'hibridno_stanje_mirovanja', 'sopor', 'spavati', 'san', 'smirenje', 'hibernacije', 'spava', 'vječni_san', 'drijemež', 'sleep']
small	mali	Match	['small', 'john_kunkel_small', 'male', 'tanak', 'maleno', 'sitan', 'omanji', 'malo', 'omalen', 'slabašan', 'slab', 'majušan', 'malen', 'mal', 'mali']
smell	mirisa	Found close match: ['miris', 'mirisati', 'omirisati']	['njuha', 'omirisati', 'vonjati', 'njušiti', 'pomirisati', 'smrdjeti', 'osjećaj', 'mirisni_modalitet', 'mirisni', 'njušenje', 'olfaction', 'mirisni_senzacije', 'ponjušiti', 'duh', 'mirisni_percepcija', 'mirisni_nekretnina', 'nanjušiti', 'onjušiti', 'raspoloženje', 'mirisati', 'ton', 'zaudarati', 'namirisati', 'bez_mirisa', 'neugodan_miris', 'pribor_mirisni_sustav', 'olfaktivno_svojstvo', 'njuh', 'miris', 'atmosfera', 'mirisanje']
smoke	dima	Match	['cigaretu', 'pljuga', 'sens', 'vutra', 'smotka', 'bijes', 'rola_duhana', 'marihuana', 'fastball', 'pušenje', 'lijes_noktiju', 'magnetskooptički_kerr_učinak', 'pušiti', 'duhan', 'duhana_postrojenja', 'magnetskooptički_kerr_učinkom', 'popušiti', 'uporabe_duhana', 'nicotiana', 'cigarete', 'yin_yang_yo', 'cigareta', 'marica', 'dim', 'gras', 'duhan_biljka', 'zelena_božica', 'ov', 'cigara', 'mary_jane', 'dima', 'trava', 'smoke']
smooth	glatku	Found close match: ['glatko', 'glatke', 'glatka']	['svjetlati', 'izglancati', 'ravnati', 'gladak', 'izglađivati', 'glatko', 'smooth', 'voća', 'glatke', 'ulaštiti', 'stypsis', 'zaglađivati', 'uglancati', 'izgladiti', 'poravnati', 'glatka', 'zagladiti', 'bouquet', 'glačati', 'polirati', 'gerald_albright', 'ispolirati', 'glancati', 'mineralnost', 'laštiti', 'gladiti', 'tijelo', 'uglačati', 'buke']
snake	zmijoliko	Incorrect	['ah1', 'ah1_hueycobra', 'zmije', 'ah1_cobra', 'zmija_u_travi', 'snake', 'zmija', 'solid_snake', 'zmijski_indijanci', 'snake_jailbird', 'vodena_zmija', 'bell_209', 'snake_river', 'zmija_rijeka', 'snake_indijanci', 'serpentes', 'gray_koda', 'guja']
snow	snijegom	Found close match: ['snijeg', 'snijega', 'c_p_snijeg']	['nos_bombona', 'sniježiti', 'snježni_pokrivač', 'charles_percy_snow', 'snijeg', 'snow', 'snijega', 'bjelokosti', 'nije_čisto_bijele_boje', 'slonovače', 'padanje_snijega', 'c_p_snijeg', 'barun_snijeg_leicester', 'snježnog_pokrivača', 'ffmpeg']
some	neki	Match	['otprilike', 'ili_tako', 'više_ili_manje', 'oko', 'neki', 'neke']
spit	fliš	Incorrect	['ražanj', 'hračnuti', 'slȉna', 'sline', 'pljuvačka', 'spit', 'dobovati', 'frktati', 'hraknuti', 'ražnjić', 'prevlaka', 'pljuvanje', 'ražnju', 'ispljuvati', 'iskašljavanje', 'rat', 'rt', 'rotisserie', 'hrid', 'pljunuti', 'hračkati', 'ispljunuti', 'pljuni', 'slina', 'šilo', 'hrakati', 'pijesak_ražnju', 'pljuvati']
split	podijeljena	Found close match: ['podjeljivati', 'podijeliti_se', 'podijeliti']	['heterozigot', 'separirati_se', 'poderotina', 'heterozigotnost', 'prekidati', 'rastavljati', 'prekinuti', 'birds_of_prey', 'rastaviti_se', 'dijeljenje_dionica', 'odjeljivati_se', 'dioba_dionica', 'poništiti_vezu', 'r11_split', 'split', 'split_rekord', 'podvojiti', 'rupa', 'heterozigota', 'rascjepkavati', 'razdvojiti_se', 'praska', 'hemizygous', 'odcjepljivati_se', 'udaljiti_se', 'razdvajati_se', 'razdvajati', 'raskoliti', 'dijeliti_se', 'razdvojiti', 'homozygosity', 'odcijepiti_se', 'rastaviti', 'razdjeljivati', 'rascjep', 'raskol', 'razderotina', 'podijeliti_se', 'heterozigotnosti', 'raspoloviti', 'podijeliti', 'odijeliti_se', 'dijeliti', 'odvajati_se', 'podjeljivati', 'raspuknuti_se', 'raskoliti_se', 'rascijepiti', 'cijepati', 'puknuti', 'udaljiti', 'zygosity', 'dioničko_split', 'prsnuti', 'rasprsnuti_se', 'rascijepati', 'homozigoti', 'rastati_se', 'cjepkati', 'razilaziti_se', 'raspući_se', 'razilaženje', 'razdijeliti', 'razlaz', 'razići_se', 'rascjepkati', 'razdor', 'rastavljati_se', 'pukotina', 'rascjepljivati', 'cijepanje_leme', 'splitu', 'homozygote', 'odvojiti_se']
squeeze	stisnuti	Not found	[]
stab	ubojite	Not found	[]
stand	dosuditi	Not found	[]
star	zvijezda	Match	['fijuk', 'estelle', 'genij', 'glumac', 'mavin', 'filmska_zvijezda', 'ilean_almaguer', 'slavne_osobe', 'glavni_glumac', 'glumi', 'vunderkind', 'zvijezda_topologije', 'tv_ličnosti', 'superzvijezda', 'adept', 'zvezda', 'zvjezdice', 'superstar', 'targz', 'zvjezdasta_topologija', 'maven', 'vješt', 'glavna_glumica', 'air', 'zvijezda_graf', 'zvijezda', 'zvijezde', 'mediji_osobnost', 'virtuoz', 'star', 'xerox_star_8010', 'popstar', 'asterisk', 'xerox_star', 'talentovana_osoba', 'the_rise_and_fall_of_ziggy_stardust_and_the_spiders_from_mars', 'zvijezda_poligona', 'hotshot', 'hotel_s_pet_zvjezdica', 'majstor', 'filmske_zvijezde', 'zvjezdica', 'poznata_osoba', 'cipal', 'kategorizacija_hotela', 'tar']
stick	udarati	Found close match: ['ubadati', 'frapirati', 'držati_se']	['preneraziti', 'smetati', 'američki_standardni_znakovnik_za_razmjenu_informacija', 'preneražavati', 'zabosti', 'marihuana_cigareta', 'kolac', 'igraća_palica', 'billystick', 'okrnjak', 'američki_standardni_znakovnik_za_razmjenu_obavijesti', 'prilijepiti_se', 'smesti', 'frula', 'zaprepastiti', 'privezati_se', 'clapstick', 'slijepiti_se', 'lijepiti_se', 'ubosti', 'ručni_mjenjač', 'zadiviti', 'zapanjiti', 'začuditi', 'joystick', 'zaglavljivati', 'smijulja', 'ukliještiti', 'zbunjivati', 'policijskom_palicom', 'nasađivati', 'cigareta_marihuane', 'pričvršćivati_se', 'vezati_se', 'štap', 'marica', 'uklješćivati', 'držati_pomak', 'zgranuti', 'ascii', 'pričvrstiti_se', 'zaglibiti', 'ubadati', 'mjenjač', 'ukliniti', 'priljubiti_se', 'standardni_prijenos', 'zgranjivati', 'uglavljivati', 'pljuga', 'american_standard_code_za_informiranje_razmjenu', 'priljubljivati_se', 'pripiti_se', 'nabosti', 'držati_se', 'ostati', 'kontrola_štap', 'zapanjivati', 'joint', 'zaprepašćivati', 'prionuti', 'štap_pomak', 'hvatanjem', 'štapovi_za_hodanje', 'zabiti', 'zbuniti', 'pilotska_palica', 'uglaviti', 'palicom', 'pričvrstiti', 'nabadati', 'pripijati_se', 'nasaditi', 'kratki_mjenjača', 'joysticka', 'palica', 'proburaziti', 'domaćica', 'zabezeknuti', 'pendrek', 'pričvršćivati', 'frapirati', 'stick', 'truba', 'prut', 'policijska_palica', 'billy_klub', 'zabadati', 'spliff', 'zaglaviti', 'prianjati', 'standardni_mjenjač']
stone	kamena	Match	['harlan_fisk_stone', 'i_f_stone', 'gemstones', 'špica', 'poludragi_kamen', 'endokarpa', 'oliver_stone', 'harlan_stone', 'poludragog_kamena', 'picul', 'drago_kamenje', 'koštica', 'kamen', 'stijena', 'poludragog', 'harlan_f_stone', 'kamena', 'stijene', 'edward_durell_stone', 'isidor_feinstein_stone', 'dragulj', 'lucy_stone', 'kristal', 'stone', 'harlan_fiske_stone', 'košpica', 'dragulji', 'dragi_kamen', 'rock', 'kamenovati', 'dragog_kamenja']
straight	produžecima	Incorrect	['pravilan', 'častan', 'pošten', 'izravno', 'heteroseksualni', 'kući_ravno', 'heteroseksualnosti', 'čestit', 'neposredan', 'hetero', 'heterosexualism', 'pravocrtan', 'heteroseksualna_osoba', 'ravno', 'križ', 'heteroseksualan', 'ravan', 'heteroseksualci', 'ravno_osoba', 'heteroseksualnost']
suck	pljuvati	Incorrect	['sisati', 'nahraniti', 'pušiti', 'usisati', 'nadojiti', 'usisavati', 'dojiti', 'sisanje', 'apsorbirati', 'hraniti', 'sisa']
sun	sunce	Match	['sunce', 'sun', 'venera', 'utu', 'sunčana_svjetlost', 'mars', 'jupiter', 'dan_gospodnji', 'sunčeve_zrake', 'fiksna_zvijezda', 'cun', 'solarno_zračenje', 'sun_microsystems', 'sunca', 'sunčevo_zračenje', 'sunčeva_radijacija', 'utug', 'mjesec', 'nedjelju', 'nedjelja', 'sunčeva_svjetlost', 'sunčevog_spektra', 'sunce_znak', 'sun_television', 'merkur', 'luka', 'sunčati_se', 'fiksne_zvijezde', 'the_sun', 'dominicus', 'suncu']
swell	kapke	Not found	[]
swim	plivati	Match	['ploviti', 'plivati', 'ray_of_light', 'plutati', 'plivanje']
tail	rep	Match	['stražnjice', 'dorzolateralnom', 'podmornica', 'zadnjica', 'repne', 'otvaranje_batsman', 'trbušni', 'proganjati', 'prat', 'tailender', 'rep_zbor', 'caudally', 'krmi', 'tail', 'dorsoventral', 'udaranje_reda', 'pih', 'natjeravati', 'krma', 'ipsilateral', 'stražnjica', 'iza', 'debelo_meso', 'repend', 'midclavicular_liniji', 'keister', 'pratiti', 'ventrolateral', 'repa', 'glutealne_regiji', 'naganjati', 'tabani', 'goniti', 'stabilizator', 'stražnjicu', 'peciva', 'rep', 'dupe', 'guzica', 'repne_površine_zrakoplova', 'pismo', 'progoniti', 'stražnji', 'nakon_dijelu', 'ganjati', 'proksimalni', 'repender', 'uvjeti_za_anatomskom_položaju', 'slijediti', 'aboral', 'juriti', 'loviti', 'rep_kometa', 'rit', 'hvatati', 'udaranje_bi', 'pozadi', 'tooshie']
that	da	Incorrect	['thaat', 'to', 'that']
there	postojidu	Incorrect	['tu', 'tamo', 'onamo']
they	oni	Match	['xenon', 'they', 'xe', 'oni', 'atomski_broj_54', 'ksenon']
thick	duguljasto	Found close match: ['gusto']	['debeo', 'usred', 'gust', 'gusta', 'gusto']
thin	bjelkasto	Incorrect	['mršava', 'razrijediti', 'tanjiti', 'stanjiti', 'prorijediti', 'mršavjeti', 'razrjeđivati', 'tanka', 'stanjivati', 'razblažiti', 'smršaviti', 'stanjiti_se', 'mršav', 'omršavjeti', 'stanjivati_se', 'razrjeđivati_se', 'prorjeđivati', 'tanak', 'razrijediti_se', 'tanko', 'smršavjeti']
think	mislim	Match	['rasuditi', 'rasuđivati', 'think', 'željeti', 'držati', 'pretpostaviti', 'misliti', 'zamisliti', 'razmišljanje', 'prosuđivati', 'poimanje', 'prisjećati_se', 'promišljati', 'sjetiti', 'misli', 'razmišljanja', 'promozgati', 'prisjetiti_se', 'mozgati', 'pamtiti', 'razmišljati', 'promisliti', 'misaoni_proces', 'pretpostavljam', 'htjeti', 'sjetiti_se', 'zamišljati', 'namjeravati', 'pomisliti', 'premišljati_se', 'suditi', 'vjerovati', 'vedbenoj', 'smatrati', 'razmisliti', 'nagađati', 'cerebracija', 'naumiti', 'pretpostavljati', 'mislim', 'da', 'razmislite', 'pomišljati', 'misao', 'prosuditi', 'vjerujem', 'mišljenje', 'sjećati_se']
this	ovo	Match	['this', 'ovo', 'thinis', 'to']
three	pet	Incorrect	['prong', 'ternion', 'three', 'succeeder', 'trostruk', '3', 'trojni', 'iii', 'santana_iii', 'bob_sinclair', 'tri', 'dvojkaasa', 'tercet', 'achiever', 'eneagram', 'bob_sinclar', 'seventeen_seconds']
throw	bacanje	Found close match: ['bacati']	['oslobađati_se', 'limena_glazba', 'držati', 'odbaciti', 'priređivati', 'riješiti_se', 'izbacivati', 'smetati', 'limeno_glazbalo', 'uključivati', 'zbunjivati', 'prikopčavati', 'osloboditi_se', 'baciti', 'mesing_instrumenta', 'zbrkati', 'voditi', 'hititi', 'ukopčavati', 'upaliti', 'paliti', 'limena_puhačka_glazbala', 'organizirati', 'limeno_puhačko_glazbalo', 'smesti', 'smutiti', 'imati', 'smućivati', 'prirediti', 'brkati', 'pomutiti', 'zbuniti', 'odbacivati', 'bacanje_žongliranje', 'prikopčati', 'limeni_puhački_instrumenti', 'zbaciti', 'takt_motora', 'dati', 'ukopčati', 'buniti', 'uključiti', 'cam_moždani_udar', 'limeni_instrument', 'izbaciti', 'pripremiti', 'pomućivati', 'rješavati_se', 'bacati', 'baci', 'hitati', 'kompresije']
tie	utakmica	Incorrect	['povezati_se', 'svezati', 'asocirati', 'vjenčati_se', 'družiti_se', 'neodlučen_ishod', 'priključivati', 'pridružiti', 'linkup', 'prikopčavati', 'stropa_stazi', 'privezati', 'zbližavati_se', 'željezničkih_veza', 'tieu', 'privezivati', 'kravàta', 'kravate', 'remizirati', 'ukopčavati', 'povezivati', 'vezati', 'odnos', 'vezati_se', 'kopča', 'željeznički_prag', 'spona', 'povezivati_se', 'crosstie', 'oženiti_se', 'veza', 'railroad_tie', 'zavezati', 'upariti', 'priključiti', 'povezati', 'oženiti', 'kravatu', 'prikopčati', 'svezivati', 'udruženje', 'kravata', 'spojnična_greda', 'ženiti', 'vrat_kravata', 'remi', 'ukopčati', 'referirati', 'spajati', 'neriješeno', 'vezivati', 'spojiti', 'zavezivati', 'udati_se', 'zbližiti_se', 'vjenčati', 'izjednačenje']
tongue	noktima	Not found	[]
tooth	zubi	Match	['zubi', 'zub', 'zuba']
tree	stablo	Match	['stabala', 'tree', 'kruskala_stabla_teorem', 'herbert_beerbohm_tree', 'šuma', 'charlotte_brontë', 'stabla_obožavanja', 'drvo', 'lisni_čvor', 'sveto_stablo', 'drveće', 'mladica', 'stablo', 'roditelj_čvor', 'nadređeni_čvor', 'stablo_dijagram', 'interijera_čvor', 'sir_herbert_beerbohm_tree', 'podstablo', 'unutarnji_čvor', 'charlotte_bronte']
turn	tako	Not found	[]
two	šest	Incorrect	['succeeder', 'two', '2', 'ii', 'achiever', 'eneagram', 'braće', 'dva']
vomit	nasmijati	Incorrect	['porigati', 'ispovraćati', 'pobljuvati', 'izbljuvati_se', 'izbljuvati', 'povraćati', 'emetik', 'disgorgement', 'ispovraćati_se', 'povraća', 'porigati_se', 'vomitus', 'nauseant', 'pobljuvati_se', 'rigati', 'povraćanja', 'barf', 'izrigati_se', 'izrigati', 'povratiti', 'puking', 'bljuvati', 'izazivajući_povraćanje', 'povraćanje', 'izbljuvak']
walk	šetati	Match	['čvor_grafikona', 'promenada', 'otpratiti', 'hod', 'bazu_na_lopti', 'jednostavan_graf', 'graf', 'šetnja', 'pješačenje', 'bi', 'hodaj', 'nagrađivanje_prvom_bazom', 'ambulation', 'hoda_od_života', 'walk', 'pratiti', 'baza_na_kugli', 'prepješačiti', 'konj_hod', 'šetalište', 'staza', 'šetati', 'dopratiti', 'hodanje', 'prehodati', 'koračanje', 'nogostup', 'propješačiti', 'šetališta', 'koračati', 'paseo', 'aleja', 'prolaz_na_prvu_bazu', 'rub', 'prošetati', 'hodati', 'način_hodanja', 'prošetati_se', 'pješačiti', 'šetati_se']
warm	topliji	Found close match: ['toplo', 'tople', 'topla']	['topla', 'toplo', 'zgrijati_se', 'grijati', 'ugrijati', 'naklonjen', 'ugrijavati', 'zgrijati', 'zagrijavati_se', 'zgrijavati', 'ljubazan', 'ugrijati_se', 'ugrijavati_se', 'topao', 'zagrijati_se', 'zgrijavati_se', 'srdačan', 'prijazan', 'ugodan', 'zagrijavati', 'zagrijati', 'grijati_se', 'tople']
wash	čistimo	Found close match: ['čistiti', 'očistiti']	['oprati', 'umiti', 'buried', 'pročistiti', 'prevući', 'arroyo', 'pralja', 'the_wash', 'oblagati', 'rublje', 'biti_periv', 'navlaživati', 'prekrivati', 'operi', 'umivati', 'lavation', 'washables', 'isprati', 'premazati', 'navlažiti', 'pokvasiti', 'ispirati', 'fijasko', 'pročišćavati', 'peri', 'pročišćivati', 'očistiti', 'isplaknuti', 'pokrivati', 'slipstream', 'unearthed', 'scan', 'premazivati', 'crtanje_tušem', 'prekriti', 'pokriti', 'ovlažiti', 'vlažiti', 'ovlaživati', 'lizati', 'suho_pranje', 'čistiti', 'lost_dogs', 'obložiti', 'prati', 'prati_se', 'prevlačiti', 'pranje']
water	voda	Match	['traćiti', 'voda', 'navodnjavati', 'leda', 'urin', 'vodena_para', 'water', 'h2o', 'akvedukt', 'vodoopskrba', 'općinski_vodovod', 'ugao', 'vodnih_tijela', 'vodovoda', 'weewee', 'molekule_vode', 'akvadukt', 'navodniti', 'vodoopskrbnog_sustava', 'quoin', 'blood_red_shoes', 'industrijske_vode', 'izvor_vode', 'zalihe_vode', 'tijela_vode', 'kut', 'quoins', 'vodovodna_mreža', 'mokraća', 'h₂o', 'drop_ogradu', 'vodena_masa', 'anđeo_prašine', 'vodovod', 'led', 'phencyclidine', 'vodena', 'led_berbu', 'dušičnih_otpada', 'vode', 'vodoopskrbni_sustav', 'vodene_pare', 'javnu_vodoopskrbu', 'phencyclidine_hidroklorid', 'vodena_površina', 'pojiti', 'tekuće_vode', 'vodovodnu_mrežu']
we	slažemo	Not found	[]
wet	vlažne	Found close match: ['vlažno', 'vlažan', 'vlage']	['vlaga', 'nakvasiti', 'wet', 'močiti', 'mokro', 'mokra', 'vlažno', 'mokri', 'mokar', 'vlage', 'navlažen', 'phencyclidine', 'phencyclidine_hidroklorid', 'vlažan', 'zapadnoevropsko_vrijeme', 'anđeo_prašine', 'smočiti', 'namočiti', 'zapadnoeuropsko_vrijeme']
what	»što	Found close match: ['što']	['što', 'sta', 'šta']
when	kada	Match	['kada', 'kad', 'diamonds_for_breakfast']
where	gdje	Match	['gdje']
white	bijele	Match	['bijel', 'patrick_victor_martindale_bijela', 'pigmentacije_kože', 'andrew_d_white', 'caucasoids', 'bijeli_ljudi', 'kavkaski_utrka', 'nije_čisto_bijele_boje', 'fender', 'white', 'theodore_harold_bijela', 'white_airways', 'edward_douglas_bijela_jr', 'bijelo', 'ostalih_utrka', 'blackface', 'bjelokosti', 'bijelci', 'bio', 'caucasoid_utrka', 'edward_d_white', 'kože', 'bijela', 'crna', 'pieris', 'bjelance', 'bijela_boja', 'stanford_white', 'čist', 'andrew_dickson_white', 'caucasoid', 'planeswalker', 'patrick_white', 'boje_kože', 'bijeli', 'latino', 'boja_kože', 'bijela_osoba', 'white_river', 'bijelac', 'bijele', 'azijski', 't_h_bijela', 'e_b_bijela', 'fender_pojačala', 'europeidi', 'magic_the_gathering', 'bijele_rase', 'slonovače', 'elwyn_brooks_white', 'edward_white', 'prazan', 'bijela_rasa', 'bjelanjaka', 'e_b_white', 'ovalbumin']
who	koji	Match	['jim_neidhart', 'svjetske_zdravstvene_organizacije', 'koji', 'who', 'koja', 'the_who', 'tko', 'svjetska_zdravstvena_organizacija', 'ko', 'szo']
wide	širok	Match	['širok', 'široko', 'širom', 'široka', 'široki']
wife	supruga	Match	['supruga', 'udana_žena', 'žena', 'zena']
wind	vjetra	Match	['navijati', 'krivudati', 'vjetar_pomoć', 'prdenje', 'vjetar', 'prdac', 'zavijati', 'wiatr', 'miruje_riječi', 'vjetrovi', 'puhačka_glazbala', 'mogući_donator_ili_volonter', 'njušiti', 'puhačko_glazbalo', 'zrak', 'pomirisati', 'akeboshi', 'vjetrova', 'malarky', 'viti', 'nego_vjetar', 'povjerljive_informacije', 'struja_zraka', 'puhaći_instrument', 'farting', 'frkati', 'naviti', 'prdnuti', 'ponjušiti', 'dići', 'puhački_instrument', 'podizati', 'vetar', 'prdež', 'nanjušiti', 'onjušiti', 'mirisati', 'namota', 'zvono', 'puhački_instrumenti', 'podići', 'namirisati', 'oplesti', 'zračna_struja', 'savjet', 'malarkey', 'tip', 'wind', 'potencijalni_klijent', 'vjetra', 'dizati', 'vijugati', 'mig', 'flatus', 'instrument_za_vjetar', 'duhački_instrumenti', 'omirisati', 'strujanje_zraka', 'navijanje']
wing	krila	Match	['krila_kukaca', 'dogradnja', 'nadogradnja', 'lijevu_bočnog', 'unutar_centra', 'kotača', 'hindwing', 'ptica_let', 'zakulisni', 'lepršati', 'rekvizit_naprijed', 'flyhalf', 'flypola', 'krilu', 'backstage', 'air', 'krila', 'izvan_centra', 'prigradnja', 'swingman', 'iza_pozornice', 'letjeti', 'prvih_petosmi', 'spojler', 'dummypola', 'blatobran', 'bočni', 'gone_again', 'bočnog_manevar', 'tighthead_rekvizit', 'zakulisni_prostor', 'aneks', 'krilo', 'wing', 'zmajevima', 'depandansa']
wipe	uništiti	Not found	[]
with	s	Found close match: ['sa']	['sa']
woman	žena	Match	['čistačica', 'woman', 'charlady', 'žena', 'žensko', 'zena', 'ženke', 'ženski_rod', 'nancy_benoit', 'lijepši_spol', 'zeno', 'klaatu', 'ženo', 'ženka', 'harry_styles', 'odrasla_ženka', 'žene', 'dvorkinja']
worm	virusa	Incorrect	['crva', 'koprcati_se', 'izvući_se', 'crvi', 'migoljiti_se', 'crv', 'europska_zmaj', 'izmigoljiti_se', 'frkati', 'crve', 'worm', 'izvijati_se', 'iskoprcati_se', 'iskobeljati_se', 'prljavštine_lopta', 'računalni_crv', 'izviti_se', 'izvlačiti_se', 'računalni_crvi', 'kobeljati_se']
year	godinu	Found close match: ['godine', 'godina', 'godišnje']	['gregorijanskom_godine', 'godinama', 'godine', 'klasa', 'tropske_godine', 'god', 'dugo', 'astronomska_godina', 'dvanaest_mjeseci', 'srednje_tropske_godine', 'godina', 'ma', 'generacija', 'solarne_godine', 'anomalistički_godine', 'tropska_godina', 'ravnodnevnični_godine', 'godišnje', 'dugo_vremena']
yellow	žute	Found close match: ['žut', 'žuto', 'žuti']	['hong_jinho', 'žuto', 'kukavički', 'žutilo', 'eiko_shimamiya', 'požutjeti', 'žuta_rijeka', 'žuti', 'yellow', 'huang_ho', 'plavu_kosu', 'huang_he', 'žut', 'plavuše', 'žuta_boja', 'žuta', 'plavuša', 'žućkast', 'zebrahead']
you	misliš	Incorrect	['no_control', 'amy_lee', 'you', 'monster', 'janne_da_arc', 'pablo_honey', 'ti', 'fly', 'the_real_testament']
